shot_distance,shot_angle,defender_distance,shot_clock,seconds_remaining,made,LOC_X,LOC_Y,SHOT_ZONE_BASIC,SHOT_TYPE,PLAYER_NAME
21.5,1.8621886898148508,0.3,12.9,682.0,1,-7.0,215.3,Mid-Range,2PT Field Goal,S. Whitfield
24.4,64.54673760784324,4.74,2.4,262.0,0,220.6,105.0,Above the Break 3,3PT Field Goal,B. Osei
28.1,14.184729087941374,4.93,0.3,467.0,1,-68.8,272.2,Above the Break 3,3PT Field Goal,J. Carter
0.2,5.710593137499643,2.51,23.0,689.0,1,-0.2,2.0,Restricted Area,2PT Field Goal,L. Fitzgerald
4.0,39.62210780794204,1.63,6.8,284.0,0,25.5,30.8,In The Paint (Non-RA),2PT Field Goal,D. Reyes
27.2,12.096230847609124,0.9,10.7,94.0,1,-56.9,265.5,Above the Break 3,3PT Field Goal,J. Carter
2.3,38.39153566168314,4.22,8.3,257.0,1,14.5,18.3,Restricted Area,2PT Field Goal,S. Whitfield
26.4,5.322079961938636,4.23,4.3,434.0,1,24.5,263.0,Above the Break 3,3PT Field Goal,A. Kowalski
25.4,52.022335850380784,3.66,13.0,681.0,1,-200.6,156.6,Above the Break 3,3PT Field Goal,T. Nwosu
6.5,54.972057687331095,8.83,2.6,149.0,1,53.5,37.5,In The Paint (Non-RA),2PT Field Goal,S. Whitfield
3.9,54.30825564908428,4.1,10.9,248.0,0,31.6,22.7,Restricted Area,2PT Field Goal,K. Albrecht
2.3,50.86960044301471,4.52,23.3,437.0,0,-17.7,14.4,Restricted Area,2PT Field Goal,D. Reyes
3.7,23.138258019787507,0.49,2.5,190.0,1,-14.7,34.4,Restricted Area,2PT Field Goal,A. Kowalski
11.8,9.111357044783997,4.86,9.9,78.0,1,18.7,116.6,In The Paint (Non-RA),2PT Field Goal,A. Kowalski
6.3,53.71660296362324,6.3,15.2,249.0,1,-50.4,37.0,In The Paint (Non-RA),2PT Field Goal,M. Okafor
15.0,13.091893064346847,2.09,4.7,713.0,1,-34.0,146.2,Mid-Range,2PT Field Goal,A. Kowalski
26.6,59.010336199064135,8.99,18.9,316.0,0,-227.6,136.7,Above the Break 3,3PT Field Goal,T. Nwosu
24.4,4.281536235070609,2.85,19.9,314.0,0,18.2,243.1,Above the Break 3,3PT Field Goal,K. Albrecht
17.9,2.337958742957893,4.49,0.1,485.0,1,-7.3,178.8,Mid-Range,2PT Field Goal,T. Nwosu
29.0,58.25011934202352,3.29,0.9,630.0,0,246.6,152.6,Above the Break 3,3PT Field Goal,D. Reyes
1.3,41.52221348020184,3.25,2.7,290.0,0,8.5,9.6,Restricted Area,2PT Field Goal,M. Okafor
2.6,31.2298929435793,0.3,13.6,264.0,1,-13.4,22.1,Restricted Area,2PT Field Goal,A. Kowalski
16.8,24.6080283524558,6.13,3.3,145.0,1,69.8,152.4,Mid-Range,2PT Field Goal,M. Okafor
3.8,62.16488872715836,0.3,13.0,125.0,0,33.9,17.9,Restricted Area,2PT Field Goal,R. Delgado
3.2,50.55994726330954,7.02,17.1,719.0,1,-24.8,20.4,Restricted Area,2PT Field Goal,B. Osei
9.1,4.369591648399039,1.58,11.7,447.0,0,6.9,90.3,In The Paint (Non-RA),2PT Field Goal,A. Kowalski
8.0,48.41431180963877,2.93,14.2,399.0,1,-59.5,52.8,In The Paint (Non-RA),2PT Field Goal,A. Kowalski
23.5,33.51404417957704,9.95,5.0,198.0,0,-129.6,195.7,Above the Break 3,3PT Field Goal,J. Carter
16.8,0.8208982784885174,1.9,4.4,268.0,0,-2.4,167.5,Mid-Range,2PT Field Goal,B. Osei
6.1,66.65418296795553,3.63,7.2,85.0,1,-56.3,24.3,In The Paint (Non-RA),2PT Field Goal,A. Kowalski
6.6,2.5273968923961685,1.25,9.2,468.0,0,-2.9,65.7,In The Paint (Non-RA),2PT Field Goal,J. Carter
1.5,27.795139624835336,3.71,15.4,545.0,1,-6.8,12.9,Restricted Area,2PT Field Goal,J. Carter
3.1,59.48687513838555,5.09,2.8,507.0,1,-26.3,15.5,Restricted Area,2PT Field Goal,R. Delgado
1.2,4.253836436119193,7.77,10.5,175.0,0,0.9,12.1,Restricted Area,2PT Field Goal,M. Okafor
15.6,40.73674540806605,0.3,13.0,481.0,1,-101.8,118.2,Mid-Range,2PT Field Goal,K. Albrecht
0.3,39.8055710922652,3.97,6.8,460.0,1,-2.0,2.4,Restricted Area,2PT Field Goal,M. Okafor
2.6,60.01107757799133,5.52,21.4,476.0,1,22.7,13.1,Restricted Area,2PT Field Goal,A. Kowalski
3.7,8.63908970953691,6.21,19.5,502.0,1,-5.5,36.2,Restricted Area,2PT Field Goal,D. Reyes
22.5,6.354253439907535,2.36,4.6,339.0,0,24.9,223.6,Above the Break 3,3PT Field Goal,M. Okafor
3.0,54.08494360802817,4.34,11.3,452.0,0,-24.3,17.6,Restricted Area,2PT Field Goal,M. Okafor
0.5,61.92751306414704,8.46,14.5,223.0,1,4.5,2.4,Restricted Area,2PT Field Goal,T. Nwosu
25.7,11.79918006003257,5.0,5.6,125.0,1,52.6,251.8,Above the Break 3,3PT Field Goal,T. Nwosu
12.8,27.941321514347322,9.04,14.4,207.0,1,-60.2,113.5,In The Paint (Non-RA),2PT Field Goal,S. Whitfield
28.0,22.170563502266706,1.36,2.7,233.0,0,105.5,258.9,Above the Break 3,3PT Field Goal,D. Reyes
18.3,19.592781553379723,2.5,10.6,415.0,1,61.4,172.5,Mid-Range,2PT Field Goal,D. Reyes
24.6,1.9556813975228868,4.23,20.2,275.0,0,-8.4,246.0,Above the Break 3,3PT Field Goal,T. Nwosu
3.0,10.084739651516102,1.78,20.0,687.0,0,-5.3,29.8,Restricted Area,2PT Field Goal,T. Nwosu
20.4,55.15047773579603,5.65,9.5,260.0,1,-167.6,116.7,Mid-Range,2PT Field Goal,A. Kowalski
4.6,35.37880409413105,1.56,6.8,380.0,1,26.7,37.6,In The Paint (Non-RA),2PT Field Goal,D. Reyes
25.4,62.7179052891346,4.93,15.4,307.0,1,-225.5,116.3,Above the Break 3,3PT Field Goal,R. Delgado
2.8,59.31675911893323,0.67,18.0,199.0,0,-24.1,14.3,Restricted Area,2PT Field Goal,M. Okafor
15.9,16.975499467929744,2.18,10.7,659.0,0,46.4,152.0,Mid-Range,2PT Field Goal,L. Fitzgerald
1.5,50.84892164592897,4.74,2.2,334.0,0,11.3,9.2,Restricted Area,2PT Field Goal,M. Okafor
8.9,54.31288128578439,5.53,8.3,705.0,1,72.4,52.0,In The Paint (Non-RA),2PT Field Goal,B. Osei
0.2,36.86989764584402,1.93,17.6,246.0,0,-1.2,1.6,Restricted Area,2PT Field Goal,K. Albrecht
3.2,42.850835784137125,0.66,23.2,256.0,1,21.8,23.5,Restricted Area,2PT Field Goal,D. Reyes
23.7,43.153492021073376,5.44,18.2,191.0,0,-162.1,172.9,Above the Break 3,3PT Field Goal,B. Osei
3.1,41.945350024323005,1.83,7.7,527.0,0,-20.4,22.7,Restricted Area,2PT Field Goal,M. Okafor
25.3,5.161679108778966,5.07,16.7,592.0,0,-22.8,252.4,Above the Break 3,3PT Field Goal,K. Albrecht
20.3,10.173370571617632,7.16,20.0,240.0,0,35.8,199.5,Mid-Range,2PT Field Goal,R. Delgado
20.0,4.218392244402726,5.65,8.4,331.0,0,14.7,199.3,Mid-Range,2PT Field Goal,L. Fitzgerald
19.0,56.410026906209175,0.64,7.3,125.0,0,158.7,105.4,Mid-Range,2PT Field Goal,S. Whitfield
21.1,0.32584926139161274,7.02,16.1,343.0,0,-1.2,211.0,Mid-Range,2PT Field Goal,D. Reyes
2.6,18.71512155072999,6.74,7.0,634.0,1,-8.3,24.5,Restricted Area,2PT Field Goal,R. Delgado
8.8,5.0709848215496,2.79,21.9,483.0,0,-7.8,87.9,In The Paint (Non-RA),2PT Field Goal,D. Reyes
0.2,43.02506598911802,3.18,16.5,10.0,1,-1.4,1.5,Restricted Area,2PT Field Goal,T. Nwosu
5.1,30.07880143768296,7.46,5.2,295.0,1,25.6,44.2,In The Paint (Non-RA),2PT Field Goal,J. Carter
0.2,43.264295411071615,4.9,5.1,560.0,1,-1.6,1.7,Restricted Area,2PT Field Goal,K. Albrecht
23.7,2.368842014326804,5.16,6.0,607.0,1,-9.8,236.9,Above the Break 3,3PT Field Goal,D. Reyes
3.2,55.56522857837318,6.7,18.4,486.0,1,-26.4,18.1,Restricted Area,2PT Field Goal,D. Reyes
18.8,30.107412369271692,5.42,0.3,640.0,0,94.4,162.8,Mid-Range,2PT Field Goal,R. Delgado
3.0,18.55763767076109,10.7,8.7,532.0,1,-9.4,28.0,Restricted Area,2PT Field Goal,M. Okafor
23.7,38.82569673564674,7.39,13.8,315.0,0,148.8,184.9,Above the Break 3,3PT Field Goal,D. Reyes
20.4,45.21845771942413,4.54,17.7,430.0,1,-144.8,143.7,Mid-Range,2PT Field Goal,K. Albrecht
2.6,1.5481576989779677,4.47,7.7,110.0,0,-0.7,25.9,Restricted Area,2PT Field Goal,S. Whitfield
22.9,50.824906674648744,3.51,12.6,613.0,0,177.7,144.8,Above the Break 3,3PT Field Goal,S. Whitfield
24.5,31.232334794866404,7.01,21.0,393.0,0,127.1,209.6,Above the Break 3,3PT Field Goal,L. Fitzgerald
28.7,39.87974531116791,1.44,1.7,564.0,0,-183.9,220.1,Above the Break 3,3PT Field Goal,J. Carter
21.6,54.686986249939814,6.26,0.5,45.0,1,-176.6,125.1,Mid-Range,2PT Field Goal,B. Osei
1.7,13.221280231721943,2.84,12.9,398.0,0,3.9,16.6,Restricted Area,2PT Field Goal,T. Nwosu
2.5,65.09523119190482,0.3,12.7,440.0,0,22.4,10.4,Restricted Area,2PT Field Goal,S. Whitfield
25.4,12.91841888554036,6.48,23.4,32.0,1,-56.7,247.2,Above the Break 3,3PT Field Goal,J. Carter
20.8,27.561292144956944,5.21,16.2,68.0,1,96.4,184.7,Mid-Range,2PT Field Goal,A. Kowalski
1.4,24.863696571751866,4.87,17.4,390.0,0,5.7,12.3,Restricted Area,2PT Field Goal,B. Osei
25.8,64.96432717825482,3.49,9.7,460.0,0,233.8,109.2,Above the Break 3,3PT Field Goal,M. Okafor
18.6,12.662364062857437,4.16,14.3,313.0,1,-40.8,181.6,Mid-Range,2PT Field Goal,D. Reyes
16.3,55.7842978675626,2.75,13.5,519.0,0,-135.0,91.8,Mid-Range,2PT Field Goal,S. Whitfield
1.6,54.74859424168536,7.32,17.6,117.0,1,-13.3,9.4,Restricted Area,2PT Field Goal,M. Okafor
4.8,55.7842978675626,7.39,15.1,85.0,0,40.0,27.2,In The Paint (Non-RA),2PT Field Goal,K. Albrecht
1.0,39.12260739335686,4.12,4.9,624.0,1,-6.1,7.5,Restricted Area,2PT Field Goal,M. Okafor
2.3,11.504815326258814,4.25,5.2,63.0,1,4.6,22.6,Restricted Area,2PT Field Goal,K. Albrecht
29.0,18.666155316005604,4.89,16.1,414.0,1,92.8,274.7,Above the Break 3,3PT Field Goal,J. Carter
8.4,54.48620539943645,6.33,3.6,411.0,0,68.1,48.6,In The Paint (Non-RA),2PT Field Goal,D. Reyes
18.8,10.182419775785926,4.76,13.8,61.0,0,-33.3,185.4,Mid-Range,2PT Field Goal,D. Reyes
1.5,33.901100750357664,3.18,19.9,38.0,0,-8.4,12.5,Restricted Area,2PT Field Goal,A. Kowalski
24.4,55.377686976345394,3.7,2.1,280.0,1,200.6,138.5,Above the Break 3,3PT Field Goal,T. Nwosu
3.1,15.543679226701448,4.89,21.3,130.0,0,8.4,30.2,Restricted Area,2PT Field Goal,D. Reyes
2.9,66.93300268517626,3.91,4.9,61.0,1,26.3,11.2,Restricted Area,2PT Field Goal,K. Albrecht
1.0,37.874983651098205,3.34,3.8,647.0,1,6.3,8.1,Restricted Area,2PT Field Goal,A. Kowalski
4.0,22.33338843776335,7.1,1.0,405.0,0,15.2,37.0,In The Paint (Non-RA),2PT Field Goal,R. Delgado
23.7,3.647097750845507,5.22,21.8,307.0,0,-15.1,236.9,Above the Break 3,3PT Field Goal,B. Osei
19.8,67.83266020155428,6.37,6.5,359.0,0,-183.1,74.6,Mid-Range,2PT Field Goal,K. Albrecht
7.6,43.824318813375456,2.2,8.6,582.0,0,52.5,54.7,In The Paint (Non-RA),2PT Field Goal,J. Carter
19.8,19.42555522789989,6.19,11.5,467.0,1,-65.7,186.3,Mid-Range,2PT Field Goal,S. Whitfield
26.4,60.20659951860569,4.32,7.6,335.0,0,-228.8,131.0,Above the Break 3,3PT Field Goal,A. Kowalski
0.7,32.7352262721076,3.67,15.2,550.0,1,3.6,5.6,Restricted Area,2PT Field Goal,B. Osei
17.2,66.03073927512678,2.68,23.4,644.0,1,157.0,69.8,Mid-Range,2PT Field Goal,T. Nwosu
20.0,32.10863515034582,2.79,10.9,539.0,0,106.3,169.4,Mid-Range,2PT Field Goal,T. Nwosu
2.5,44.20206023330163,3.17,5.1,683.0,1,-17.7,18.2,Restricted Area,2PT Field Goal,M. Okafor
6.6,21.26851596768363,4.53,12.5,135.0,0,-23.9,61.4,In The Paint (Non-RA),2PT Field Goal,J. Carter
23.3,21.55059384293228,4.07,4.5,507.0,0,-85.7,217.0,Above the Break 3,3PT Field Goal,B. Osei
26.0,26.643754121414464,8.91,8.7,308.0,1,-116.8,232.8,Above the Break 3,3PT Field Goal,L. Fitzgerald
3.3,24.775140568831922,5.38,10.7,23.0,0,13.8,29.9,Restricted Area,2PT Field Goal,T. Nwosu
27.5,30.21588707732833,4.83,1.0,644.0,0,138.2,237.3,Above the Break 3,3PT Field Goal,J. Carter
3.5,30.127787946244137,4.06,18.7,643.0,1,-17.7,30.5,Restricted Area,2PT Field Goal,B. Osei
23.6,14.85478304351269,2.43,12.6,476.0,0,-60.5,228.1,Above the Break 3,3PT Field Goal,S. Whitfield
24.6,24.331981231625146,2.4,18.7,347.0,0,-101.2,223.8,Above the Break 3,3PT Field Goal,D. Reyes
0.2,32.9052429229879,5.1,9.8,236.0,0,-1.1,1.7,Restricted Area,2PT Field Goal,L. Fitzgerald
6.6,21.282175628401813,0.75,23.5,649.0,0,23.8,61.1,In The Paint (Non-RA),2PT Field Goal,J. Carter
28.4,40.960113333549224,8.02,10.9,36.0,0,186.2,214.5,Above the Break 3,3PT Field Goal,S. Whitfield
3.2,29.21129225772813,7.9,11.2,31.0,0,15.6,27.9,Restricted Area,2PT Field Goal,R. Delgado
16.7,62.850318302216834,0.85,1.4,569.0,0,148.2,76.0,Mid-Range,2PT Field Goal,R. Delgado
23.6,60.05066359864368,7.08,12.8,571.0,0,204.8,118.0,Above the Break 3,3PT Field Goal,B. Osei
6.3,62.945949775734285,6.83,9.9,370.0,0,56.0,28.6,In The Paint (Non-RA),2PT Field Goal,K. Albrecht
24.3,38.44610151446893,6.89,10.5,173.0,1,151.0,190.2,Above the Break 3,3PT Field Goal,L. Fitzgerald
3.5,17.85834104842061,5.85,6.0,563.0,0,-10.6,32.9,Restricted Area,2PT Field Goal,J. Carter
3.7,33.47627829610267,8.08,4.2,406.0,0,20.5,31.0,Restricted Area,2PT Field Goal,D. Reyes
0.2,63.43494882292201,2.42,8.5,182.0,1,1.8,0.9,Restricted Area,2PT Field Goal,D. Reyes
1.2,30.88107869694361,3.22,5.7,682.0,1,-6.1,10.2,Restricted Area,2PT Field Goal,R. Delgado
1.9,20.164832444735097,5.69,10.0,422.0,0,-6.5,17.7,Restricted Area,2PT Field Goal,L. Fitzgerald
25.9,64.79180469313121,4.41,3.7,539.0,0,-234.1,110.2,Above the Break 3,3PT Field Goal,A. Kowalski
15.0,55.3579115015554,0.98,21.3,574.0,0,123.6,85.4,Mid-Range,2PT Field Goal,B. Osei
1.5,40.30508572074898,6.18,4.0,450.0,1,9.5,11.2,Restricted Area,2PT Field Goal,D. Reyes
3.6,51.414601807339714,6.66,13.9,373.0,0,-28.2,22.5,Restricted Area,2PT Field Goal,J. Carter
24.9,7.518658346678926,3.79,15.9,439.0,0,-32.6,247.0,Above the Break 3,3PT Field Goal,L. Fitzgerald
10.4,28.49147921502085,5.17,4.0,565.0,0,-49.5,91.2,In The Paint (Non-RA),2PT Field Goal,T. Nwosu
24.0,20.701408907238076,6.5,3.7,647.0,0,-84.8,224.4,Above the Break 3,3PT Field Goal,L. Fitzgerald
13.8,8.436116343979682,0.3,21.8,328.0,1,-20.2,136.2,In The Paint (Non-RA),2PT Field Goal,S. Whitfield
21.7,60.13376426537325,3.0,12.0,676.0,1,187.9,107.9,Mid-Range,2PT Field Goal,L. Fitzgerald
28.2,25.53051782902645,2.27,1.2,574.0,0,-121.7,254.8,Above the Break 3,3PT Field Goal,J. Carter
24.5,10.432626402805912,3.95,4.0,474.0,0,44.3,240.6,Above the Break 3,3PT Field Goal,D. Reyes
21.3,33.26577238072549,1.42,21.7,550.0,1,117.1,178.5,Mid-Range,2PT Field Goal,B. Osei
7.1,28.234797491789646,1.35,5.3,318.0,1,33.4,62.2,In The Paint (Non-RA),2PT Field Goal,M. Okafor
26.0,62.9331439041868,4.79,11.7,274.0,0,-231.9,118.5,Above the Break 3,3PT Field Goal,A. Kowalski
8.0,20.883158544531202,8.51,21.7,52.0,1,-28.5,74.7,In The Paint (Non-RA),2PT Field Goal,R. Delgado
24.8,44.574382038270386,1.43,4.0,75.0,1,173.7,176.3,Above the Break 3,3PT Field Goal,J. Carter
1.2,44.31793960682735,8.0,1.8,689.0,0,-8.3,8.5,Restricted Area,2PT Field Goal,S. Whitfield
11.0,6.749481528578768,6.51,15.8,533.0,1,-12.9,109.0,In The Paint (Non-RA),2PT Field Goal,T. Nwosu
7.1,39.20389934537328,6.61,12.1,542.0,0,44.7,54.8,In The Paint (Non-RA),2PT Field Goal,D. Reyes
25.1,40.03095947817258,7.34,18.3,379.0,1,-161.2,191.9,Above the Break 3,3PT Field Goal,M. Okafor
3.5,1.4857245891005706,3.32,0.4,474.0,1,-0.9,34.7,Restricted Area,2PT Field Goal,T. Nwosu
23.1,61.43706896644534,6.89,8.8,551.0,0,202.8,110.4,Above the Break 3,3PT Field Goal,R. Delgado
17.4,54.810911604542966,0.81,19.3,631.0,0,-142.1,100.2,Mid-Range,2PT Field Goal,D. Reyes
27.1,29.11216711617817,2.45,15.0,401.0,0,-131.7,236.5,Above the Break 3,3PT Field Goal,B. Osei
18.4,64.47910623124099,5.06,23.1,629.0,1,-166.1,79.3,Mid-Range,2PT Field Goal,L. Fitzgerald
24.7,60.10561929148423,6.08,22.8,520.0,0,-214.3,123.2,Above the Break 3,3PT Field Goal,M. Okafor
2.7,41.50882857064522,1.12,21.7,151.0,1,17.7,20.0,Restricted Area,2PT Field Goal,S. Whitfield
5.3,4.139903506636346,0.3,15.2,501.0,1,3.8,52.5,In The Paint (Non-RA),2PT Field Goal,A. Kowalski
0.3,15.642246457208728,5.25,2.1,410.0,0,0.7,2.5,Restricted Area,2PT Field Goal,T. Nwosu
0.8,32.524890287791045,4.97,5.1,431.0,1,-4.4,6.9,Restricted Area,2PT Field Goal,T. Nwosu
1.4,27.814293855775237,5.91,20.2,521.0,1,6.7,12.7,Restricted Area,2PT Field Goal,S. Whitfield
27.7,48.29596292096036,4.12,12.8,379.0,0,-206.6,184.1,Above the Break 3,3PT Field Goal,D. Reyes
23.4,40.72850649095115,1.28,18.2,670.0,0,-153.0,177.7,Above the Break 3,3PT Field Goal,T. Nwosu
2.1,59.54821487362648,6.91,12.1,290.0,1,-18.2,10.7,Restricted Area,2PT Field Goal,T. Nwosu
14.1,60.657717466576266,6.09,10.4,180.0,0,123.1,69.2,Mid-Range,2PT Field Goal,T. Nwosu
10.5,23.291777611972144,4.69,12.3,694.0,1,-41.5,96.4,In The Paint (Non-RA),2PT Field Goal,L. Fitzgerald
21.6,28.604114149949396,9.33,7.7,223.0,1,-103.5,189.8,Mid-Range,2PT Field Goal,M. Okafor
16.8,10.575753676771603,4.85,16.7,441.0,1,-30.9,165.5,Mid-Range,2PT Field Goal,D. Reyes
3.2,36.33108174796126,7.8,2.1,414.0,0,-18.9,25.7,Restricted Area,2PT Field Goal,B. Osei
24.6,55.8904979497347,3.99,18.2,445.0,1,203.9,138.1,Above the Break 3,3PT Field Goal,J. Carter
7.5,29.857797779784992,0.3,14.8,0.0,0,-37.6,65.5,In The Paint (Non-RA),2PT Field Goal,J. Carter
18.9,61.820454960382364,1.62,16.1,267.0,0,-166.5,89.2,Mid-Range,2PT Field Goal,T. Nwosu
15.1,46.42470690753996,0.3,23.0,428.0,0,109.2,103.9,Mid-Range,2PT Field Goal,T. Nwosu
1.8,30.742964640349935,3.76,17.4,638.0,1,9.1,15.3,Restricted Area,2PT Field Goal,M. Okafor
3.1,43.16085917659163,7.02,0.5,549.0,1,-21.1,22.5,Restricted Area,2PT Field Goal,B. Osei
4.0,16.862518395248657,0.36,15.0,585.0,1,-11.7,38.6,In The Paint (Non-RA),2PT Field Goal,J. Carter
26.3,46.355859976106665,5.98,9.0,115.0,0,-190.3,181.5,Above the Break 3,3PT Field Goal,T. Nwosu
25.7,54.358478589036544,3.66,19.9,690.0,0,208.5,149.5,Above the Break 3,3PT Field Goal,M. Okafor
24.3,56.15972161004712,6.4,14.4,485.0,0,202.1,135.5,Above the Break 3,3PT Field Goal,R. Delgado
0.2,59.53445508054013,5.17,17.3,277.0,1,-1.7,1.0,Restricted Area,2PT Field Goal,M. Okafor
25.2,38.400874097598134,2.0,18.2,564.0,1,-156.7,197.7,Above the Break 3,3PT Field Goal,B. Osei
23.2,12.084414256344662,5.64,5.2,589.0,0,-48.6,227.0,Above the Break 3,3PT Field Goal,M. Okafor
25.6,16.265583920242676,4.22,10.9,183.0,0,71.6,245.4,Above the Break 3,3PT Field Goal,B. Osei
15.1,44.91956610873972,6.39,22.8,173.0,0,106.7,107.0,Mid-Range,2PT Field Goal,B. Osei
22.5,54.14858670186913,8.8,16.5,667.0,0,182.4,131.8,Above the Break 3,3PT Field Goal,J. Carter
0.2,59.53445508054013,3.86,16.4,104.0,0,1.7,1.0,Restricted Area,2PT Field Goal,A. Kowalski
1.6,10.112040310912619,8.1,0.2,105.0,1,2.8,15.7,Restricted Area,2PT Field Goal,T. Nwosu
2.6,33.00504193481711,4.09,5.0,208.0,1,13.9,21.4,Restricted Area,2PT Field Goal,M. Okafor
1.6,53.569141879837645,5.73,9.8,34.0,1,12.6,9.3,Restricted Area,2PT Field Goal,S. Whitfield
0.8,33.08485292873498,4.75,23.2,78.0,0,4.3,6.6,Restricted Area,2PT Field Goal,M. Okafor
2.5,4.801573349873759,2.77,1.0,387.0,0,-2.1,25.0,Restricted Area,2PT Field Goal,T. Nwosu
18.7,44.56660600033146,4.62,12.4,617.0,0,131.2,133.2,Mid-Range,2PT Field Goal,L. Fitzgerald
4.0,17.439387772613845,3.29,9.4,437.0,1,12.0,38.2,In The Paint (Non-RA),2PT Field Goal,J. Carter
19.4,29.037380919381558,5.63,9.5,20.0,0,-94.1,169.5,Mid-Range,2PT Field Goal,A. Kowalski
1.9,64.11700921609467,1.88,10.1,139.0,0,-16.9,8.2,Restricted Area,2PT Field Goal,B. Osei
21.8,35.867205748039275,2.09,7.5,225.0,1,127.9,176.9,Mid-Range,2PT Field Goal,A. Kowalski
1.1,65.47227951974192,6.34,14.2,362.0,0,-10.3,4.7,Restricted Area,2PT Field Goal,K. Albrecht
1.0,39.20720350496784,5.57,15.1,272.0,1,6.2,7.6,Restricted Area,2PT Field Goal,K. Albrecht
25.8,38.11100823509373,5.64,2.7,16.0,0,159.0,202.7,Above the Break 3,3PT Field Goal,S. Whitfield
19.6,41.85685678372647,5.64,1.8,443.0,0,-130.8,146.0,Mid-Range,2PT Field Goal,L. Fitzgerald
27.8,48.4246167918725,6.74,5.2,10.0,0,208.1,184.6,Above the Break 3,3PT Field Goal,T. Nwosu
18.9,7.756970955974877,5.43,13.9,109.0,1,25.5,187.2,Mid-Range,2PT Field Goal,T. Nwosu
18.8,61.598302577520194,6.46,18.0,398.0,0,165.7,89.6,Mid-Range,2PT Field Goal,B. Osei
4.0,59.0116846269474,2.54,11.9,587.0,1,34.3,20.6,In The Paint (Non-RA),2PT Field Goal,T. Nwosu
16.2,64.82711571258186,5.52,3.9,184.0,0,-146.6,68.9,Mid-Range,2PT Field Goal,L. Fitzgerald
2.0,36.04892935832023,2.63,9.6,391.0,1,-11.5,15.8,Restricted Area,2PT Field Goal,A. Kowalski
27.0,42.76454313800776,1.47,0.3,111.0,0,183.4,198.3,Above the Break 3,3PT Field Goal,A. Kowalski
26.9,3.703711193384296,3.81,3.7,397.0,0,17.4,268.8,Above the Break 3,3PT Field Goal,M. Okafor
24.7,48.162568798129996,5.83,16.6,204.0,0,-184.3,165.0,Above the Break 3,3PT Field Goal,B. Osei
2.7,1.6785168497271001,4.38,15.4,220.0,0,0.8,27.3,Restricted Area,2PT Field Goal,A. Kowalski
3.5,20.633524252158228,8.46,17.7,399.0,1,-12.2,32.4,Restricted Area,2PT Field Goal,R. Delgado
3.3,15.514788546541523,5.91,17.6,678.0,1,-8.8,31.7,Restricted Area,2PT Field Goal,D. Reyes
0.9,52.744710546422915,5.33,7.0,390.0,1,-7.1,5.4,Restricted Area,2PT Field Goal,B. Osei
17.0,14.55262921541022,4.6,5.2,49.0,1,42.6,164.1,Mid-Range,2PT Field Goal,B. Osei
26.3,44.70744145397198,1.24,7.2,416.0,0,185.1,187.0,Above the Break 3,3PT Field Goal,M. Okafor
3.1,15.49484859913863,4.46,5.0,603.0,1,-8.4,30.3,Restricted Area,2PT Field Goal,K. Albrecht
24.8,25.0029202612487,4.4,18.3,199.0,1,-104.7,224.5,Above the Break 3,3PT Field Goal,J. Carter
25.3,55.009834814213484,8.38,2.7,695.0,0,207.3,145.1,Above the Break 3,3PT Field Goal,J. Carter
3.0,17.77364180563102,2.52,8.4,107.0,0,9.2,28.7,Restricted Area,2PT Field Goal,S. Whitfield
25.3,64.69154487879767,4.06,0.2,557.0,0,228.6,108.1,Above the Break 3,3PT Field Goal,L. Fitzgerald
22.5,46.67462750524034,2.67,6.1,257.0,1,163.7,154.4,Above the Break 3,3PT Field Goal,R. Delgado
2.6,39.351752626264734,4.69,0.7,156.0,0,-16.4,20.0,Restricted Area,2PT Field Goal,J. Carter
19.0,27.252891190057344,0.35,15.0,310.0,1,87.0,168.9,Mid-Range,2PT Field Goal,D. Reyes
15.1,46.74546342941308,5.03,16.9,619.0,1,-109.9,103.4,Mid-Range,2PT Field Goal,A. Kowalski
16.4,45.641527999035965,4.38,18.3,19.0,1,-117.4,114.8,Mid-Range,2PT Field Goal,B. Osei
3.2,18.717191759192872,4.76,23.7,604.0,1,10.3,30.4,Restricted Area,2PT Field Goal,T. Nwosu
15.3,63.9860133588328,10.42,23.4,90.0,1,-137.9,67.3,Mid-Range,2PT Field Goal,J. Carter
14.3,36.66134610050049,4.15,23.4,258.0,0,-85.3,114.6,Mid-Range,2PT Field Goal,A. Kowalski
27.1,63.82310001639958,5.46,11.0,408.0,0,242.9,119.4,Above the Break 3,3PT Field Goal,J. Carter
26.3,27.863233938211156,4.3,7.2,157.0,0,-122.7,232.1,Above the Break 3,3PT Field Goal,A. Kowalski
1.3,29.475889003245747,6.86,4.1,82.0,1,6.5,11.5,Restricted Area,2PT Field Goal,R. Delgado
26.9,28.31661160033064,9.52,12.4,104.0,0,127.7,237.0,Above the Break 3,3PT Field Goal,D. Reyes
23.8,5.540668809238299,8.27,11.9,227.0,1,23.0,237.1,Above the Break 3,3PT Field Goal,L. Fitzgerald
26.7,46.306785836668396,5.12,23.5,467.0,1,192.8,184.2,Above the Break 3,3PT Field Goal,A. Kowalski
1.9,40.53614881803163,1.41,16.8,363.0,0,-12.4,14.5,Restricted Area,2PT Field Goal,B. Osei
1.4,49.12759170251173,5.35,7.2,496.0,0,-10.4,9.0,Restricted Area,2PT Field Goal,S. Whitfield
17.6,39.909699684211304,0.52,21.2,31.0,1,113.0,135.1,Mid-Range,2PT Field Goal,M. Okafor
2.9,21.179051694792708,2.31,12.1,77.0,0,-10.5,27.1,Restricted Area,2PT Field Goal,J. Carter
17.0,40.72571525184753,2.98,1.7,618.0,0,-110.8,128.7,Mid-Range,2PT Field Goal,K. Albrecht
26.3,2.3750618134899106,1.77,18.0,649.0,1,10.9,262.8,Above the Break 3,3PT Field Goal,A. Kowalski
1.2,25.72561264336567,4.34,21.3,103.0,0,5.3,11.0,Restricted Area,2PT Field Goal,T. Nwosu
2.5,3.4752327767300955,3.5,9.8,94.0,0,1.5,24.7,Restricted Area,2PT Field Goal,R. Delgado
7.3,42.0515109359379,2.62,8.9,614.0,1,48.8,54.1,In The Paint (Non-RA),2PT Field Goal,B. Osei
18.5,20.75925949526184,5.2,10.7,256.0,0,-65.5,172.8,Mid-Range,2PT Field Goal,L. Fitzgerald
0.7,40.87240829748828,2.64,0.3,338.0,0,4.5,5.2,Restricted Area,2PT Field Goal,J. Carter
12.8,56.9310679352973,7.31,16.6,186.0,1,107.2,69.8,In The Paint (Non-RA),2PT Field Goal,K. Albrecht
1.9,11.188799928251804,5.8,23.9,400.0,0,3.6,18.2,Restricted Area,2PT Field Goal,L. Fitzgerald
17.2,23.596927432563252,3.33,15.2,27.0,1,68.8,157.5,Mid-Range,2PT Field Goal,T. Nwosu
22.5,9.646538913296341,5.35,13.4,674.0,0,37.7,221.8,Above the Break 3,3PT Field Goal,R. Delgado
1.6,27.383506638766605,2.75,18.6,642.0,0,-7.2,13.9,Restricted Area,2PT Field Goal,T. Nwosu
1.9,34.28687697720896,2.87,5.6,121.0,1,-10.5,15.4,Restricted Area,2PT Field Goal,L. Fitzgerald
14.6,30.134808272423395,6.7,15.7,709.0,1,73.2,126.1,Mid-Range,2PT Field Goal,T. Nwosu
2.2,48.19023429253236,0.62,5.3,397.0,1,-16.1,14.4,Restricted Area,2PT Field Goal,K. Albrecht
1.8,13.018802429784808,5.4,8.4,249.0,0,-4.0,17.3,Restricted Area,2PT Field Goal,M. Okafor
1.7,17.393322146912038,8.78,7.5,500.0,0,-5.2,16.6,Restricted Area,2PT Field Goal,M. Okafor
4.5,53.155365041898555,0.3,20.9,654.0,0,36.3,27.2,In The Paint (Non-RA),2PT Field Goal,J. Carter
0.2,5.710593137499643,9.89,6.6,450.0,1,0.2,2.0,Restricted Area,2PT Field Goal,S. Whitfield
22.5,31.77597460507052,0.3,21.9,662.0,0,-118.5,191.3,Above the Break 3,3PT Field Goal,T. Nwosu
20.9,8.533477836195248,0.3,1.4,92.0,0,-31.0,206.6,Mid-Range,2PT Field Goal,L. Fitzgerald
3.3,59.80566532625569,0.3,14.6,138.0,0,-28.7,16.7,Restricted Area,2PT Field Goal,B. Osei
1.3,30.256437163529263,1.6,19.9,143.0,1,-6.3,10.8,Restricted Area,2PT Field Goal,J. Carter
25.6,24.850301013725574,2.93,0.5,513.0,0,107.4,231.9,Above the Break 3,3PT Field Goal,K. Albrecht
1.7,34.716429348864715,0.3,18.1,81.0,1,-9.7,14.0,Restricted Area,2PT Field Goal,S. Whitfield
1.0,27.07208023799276,3.83,4.2,137.0,1,-4.6,9.0,Restricted Area,2PT Field Goal,L. Fitzgerald
3.2,56.21063312887668,6.19,12.8,128.0,1,26.6,17.8,Restricted Area,2PT Field Goal,T. Nwosu
0.9,31.071658060846314,2.49,3.4,689.0,1,-4.7,7.8,Restricted Area,2PT Field Goal,K. Albrecht
24.3,10.233192535347028,4.57,7.4,453.0,0,43.2,239.3,Above the Break 3,3PT Field Goal,S. Whitfield
2.6,66.97450799147197,5.73,6.4,160.0,1,24.0,10.2,Restricted Area,2PT Field Goal,A. Kowalski
3.4,55.84525669693085,8.33,11.4,662.0,1,-28.3,19.2,Restricted Area,2PT Field Goal,B. Osei
25.4,12.370026377474057,4.09,20.1,317.0,1,-54.5,248.5,Above the Break 3,3PT Field Goal,B. Osei
14.3,40.94866912010823,5.97,3.2,611.0,0,93.8,108.1,Mid-Range,2PT Field Goal,J. Carter
4.0,36.207381710182034,5.49,12.1,405.0,1,23.5,32.1,Restricted Area,2PT Field Goal,T. Nwosu
12.9,16.512239905922005,4.41,13.4,358.0,1,36.7,123.8,In The Paint (Non-RA),2PT Field Goal,T. Nwosu
24.4,28.71184808070735,3.49,2.8,595.0,0,117.0,213.6,Above the Break 3,3PT Field Goal,J. Carter
3.4,48.31094151461145,5.14,14.3,307.0,1,-25.6,22.8,Restricted Area,2PT Field Goal,J. Carter
28.1,59.76120180443902,5.91,20.7,672.0,1,-242.4,141.3,Above the Break 3,3PT Field Goal,T. Nwosu
2.7,51.07871824100934,1.21,12.9,546.0,1,-21.3,17.2,Restricted Area,2PT Field Goal,B. Osei
22.5,54.29653969802069,3.42,1.7,383.0,0,182.7,131.3,Above the Break 3,3PT Field Goal,L. Fitzgerald
23.1,43.737101032648056,5.08,13.3,64.0,1,-159.7,166.9,Above the Break 3,3PT Field Goal,D. Reyes
23.8,25.993836785421053,4.99,10.6,307.0,0,104.2,213.7,Above the Break 3,3PT Field Goal,D. Reyes
14.2,57.42026373708505,5.06,16.8,515.0,1,-119.4,76.3,Mid-Range,2PT Field Goal,K. Albrecht
0.6,52.9269266826896,8.11,16.4,559.0,0,4.5,3.4,Restricted Area,2PT Field Goal,B. Osei
3.5,36.740562020121196,6.74,9.3,420.0,1,21.2,28.4,Restricted Area,2PT Field Goal,A. Kowalski
10.1,46.75747809696347,1.35,22.7,95.0,1,73.9,69.5,In The Paint (Non-RA),2PT Field Goal,L. Fitzgerald
23.1,65.01007488012063,7.99,7.4,666.0,0,209.4,97.6,Above the Break 3,3PT Field Goal,K. Albrecht
3.4,20.34057492778934,2.64,17.8,123.0,1,11.9,32.1,Restricted Area,2PT Field Goal,A. Kowalski
3.0,52.292058964582694,2.34,12.0,553.0,1,23.8,18.4,Restricted Area,2PT Field Goal,T. Nwosu
14.2,67.57591636456554,6.81,13.8,115.0,1,131.1,54.1,Mid-Range,2PT Field Goal,S. Whitfield
24.5,55.51078030006032,3.51,4.4,293.0,1,-201.6,138.5,Above the Break 3,3PT Field Goal,R. Delgado
25.4,61.63968364556394,0.32,11.2,546.0,0,-223.6,120.7,Above the Break 3,3PT Field Goal,M. Okafor
3.0,33.04812486997523,5.73,7.4,422.0,1,16.2,24.9,Restricted Area,2PT Field Goal,D. Reyes
2.1,11.578420572117409,5.33,14.0,160.0,1,4.2,20.5,Restricted Area,2PT Field Goal,T. Nwosu
23.1,34.7202090798776,5.54,15.1,539.0,0,-131.8,190.2,Above the Break 3,3PT Field Goal,L. Fitzgerald
20.3,24.054130069242994,0.98,7.1,523.0,0,82.8,185.5,Mid-Range,2PT Field Goal,D. Reyes
26.1,21.67909604621246,6.16,18.2,693.0,1,96.4,242.5,Above the Break 3,3PT Field Goal,K. Albrecht
27.7,21.5713071912546,2.82,23.9,419.0,0,-102.0,258.0,Above the Break 3,3PT Field Goal,J. Carter
27.4,61.018601712253975,6.39,2.5,104.0,0,-239.4,132.6,Above the Break 3,3PT Field Goal,M. Okafor
28.9,66.10987952467079,1.35,21.4,87.0,0,264.6,117.2,Above the Break 3,3PT Field Goal,T. Nwosu
27.4,5.752149452615672,2.01,13.2,597.0,0,27.5,273.0,Above the Break 3,3PT Field Goal,J. Carter
12.3,54.878480819438174,0.3,14.5,177.0,0,-100.8,70.9,In The Paint (Non-RA),2PT Field Goal,J. Carter
16.9,40.52427437583091,2.44,14.0,158.0,1,110.1,128.8,Mid-Range,2PT Field Goal,J. Carter
1.4,51.14662565964668,6.77,23.5,594.0,0,10.8,8.7,Restricted Area,2PT Field Goal,S. Whitfield
25.4,17.208795314650548,4.82,4.1,442.0,1,-75.2,242.8,Above the Break 3,3PT Field Goal,R. Delgado
28.6,40.113830920192484,2.93,13.7,129.0,0,184.0,218.4,Above the Break 3,3PT Field Goal,K. Albrecht
26.7,58.793279012691286,7.48,23.0,238.0,1,-228.3,138.3,Above the Break 3,3PT Field Goal,B. Osei
9.6,27.311533751767186,4.75,23.4,275.0,1,44.1,85.4,In The Paint (Non-RA),2PT Field Goal,R. Delgado
3.3,64.678623845646,6.07,10.0,9.0,0,29.8,14.1,Restricted Area,2PT Field Goal,D. Reyes
11.1,33.80451587216609,5.06,17.8,515.0,0,61.8,92.3,In The Paint (Non-RA),2PT Field Goal,D. Reyes
3.5,31.437264590808443,4.02,20.9,659.0,1,-18.4,30.1,Restricted Area,2PT Field Goal,R. Delgado
28.7,14.331355487097094,4.58,19.5,280.0,1,-71.1,278.3,Above the Break 3,3PT Field Goal,S. Whitfield
21.6,23.20207756735413,5.29,18.2,144.0,0,85.0,198.3,Mid-Range,2PT Field Goal,K. Albrecht
12.9,8.583621480113948,6.92,9.7,215.0,1,-19.2,127.2,In The Paint (Non-RA),2PT Field Goal,R. Delgado
16.5,67.18819904052958,5.68,4.7,71.0,0,152.4,64.1,Mid-Range,2PT Field Goal,J. Carter
25.1,38.506735084946165,6.34,10.3,150.0,1,156.5,196.7,Above the Break 3,3PT Field Goal,S. Whitfield
5.7,9.149593394399108,1.65,21.4,626.0,1,-9.1,56.5,In The Paint (Non-RA),2PT Field Goal,J. Carter
22.5,27.624486492708932,0.3,17.4,370.0,0,104.3,199.3,Above the Break 3,3PT Field Goal,R. Delgado
23.4,58.4997661121565,5.0,22.2,377.0,0,-199.9,122.5,Above the Break 3,3PT Field Goal,T. Nwosu
5.1,22.697559945712058,4.62,13.6,528.0,0,-19.7,47.1,In The Paint (Non-RA),2PT Field Goal,T. Nwosu
0.8,62.76485330069748,5.29,20.8,191.0,1,-6.8,3.5,Restricted Area,2PT Field Goal,A. Kowalski
25.8,21.640501476959027,1.89,16.1,633.0,0,-95.1,239.7,Above the Break 3,3PT Field Goal,T. Nwosu
26.4,43.957258338108275,4.58,15.6,83.0,0,-183.4,190.2,Above the Break 3,3PT Field Goal,R. Delgado
3.1,1.8476102659945959,1.75,17.8,621.0,1,-1.0,31.0,Restricted Area,2PT Field Goal,T. Nwosu
25.1,23.084789721340147,4.45,6.1,471.0,0,-98.5,231.1,Above the Break 3,3PT Field Goal,M. Okafor
27.2,59.93909012054213,4.07,18.9,446.0,0,-235.5,136.3,Above the Break 3,3PT Field Goal,B. Osei
23.5,46.29372271641297,3.83,18.3,678.0,0,-169.8,162.3,Above the Break 3,3PT Field Goal,D. Reyes
2.3,12.285916080996664,4.97,19.5,364.0,1,-4.9,22.5,Restricted Area,2PT Field Goal,K. Albrecht
3.1,13.764486867795462,3.07,6.3,232.0,0,7.3,29.8,Restricted Area,2PT Field Goal,K. Albrecht
24.3,31.90772857836305,4.19,2.9,409.0,0,-128.2,205.9,Above the Break 3,3PT Field Goal,S. Whitfield
2.3,13.381122772857646,5.89,15.5,334.0,1,-5.4,22.7,Restricted Area,2PT Field Goal,K. Albrecht
3.3,60.59552779542218,7.79,16.6,152.0,0,29.1,16.4,Restricted Area,2PT Field Goal,R. Delgado
17.3,12.305657990677966,5.2,5.4,632.0,1,-36.8,168.7,Mid-Range,2PT Field Goal,M. Okafor
9.7,2.4203396745217582,6.16,23.5,405.0,0,-4.1,97.0,In The Paint (Non-RA),2PT Field Goal,J. Carter
27.2,0.3792971554043393,5.61,3.3,588.0,0,-1.8,271.9,Above the Break 3,3PT Field Goal,K. Albrecht
3.2,57.88197778988521,8.16,9.1,424.0,0,27.4,17.2,Restricted Area,2PT Field Goal,K. Albrecht
25.6,45.253519493772025,9.17,8.8,566.0,1,-181.6,180.0,Above the Break 3,3PT Field Goal,K. Albrecht
3.1,4.484606009544625,2.75,3.6,672.0,1,-2.4,30.6,Restricted Area,2PT Field Goal,D. Reyes
25.6,42.17151206668245,5.87,10.6,699.0,0,172.2,190.1,Above the Break 3,3PT Field Goal,A. Kowalski
0.4,4.763641690726177,4.95,19.2,717.0,1,0.3,3.6,Restricted Area,2PT Field Goal,K. Albrecht
8.8,22.539653917038322,7.97,19.8,80.0,1,-33.7,81.2,In The Paint (Non-RA),2PT Field Goal,T. Nwosu
3.0,16.68092716955592,0.3,3.4,434.0,1,-8.6,28.7,Restricted Area,2PT Field Goal,A. Kowalski
2.1,41.28976878469873,2.73,23.0,161.0,0,-13.7,15.6,Restricted Area,2PT Field Goal,D. Reyes
0.7,23.08513367280828,0.3,22.5,281.0,0,2.6,6.1,Restricted Area,2PT Field Goal,R. Delgado
27.9,46.81392943411917,7.49,6.8,587.0,1,203.6,191.1,Above the Break 3,3PT Field Goal,K. Albrecht
9.2,30.995783236123685,4.9,8.5,69.0,1,47.4,78.9,In The Paint (Non-RA),2PT Field Goal,A. Kowalski
2.9,61.197969759484316,5.81,21.9,467.0,1,-25.1,13.8,Restricted Area,2PT Field Goal,M. Okafor
27.4,38.83300548586908,5.22,20.6,652.0,0,171.7,213.3,Above the Break 3,3PT Field Goal,A. Kowalski
24.1,33.63073467230465,4.91,17.1,24.0,1,133.5,200.7,Above the Break 3,3PT Field Goal,J. Carter
25.8,16.52719811010329,5.22,3.4,347.0,0,-73.5,247.7,Above the Break 3,3PT Field Goal,R. Delgado
0.4,29.931511840507792,3.27,19.6,70.0,1,-1.9,3.3,Restricted Area,2PT Field Goal,A. Kowalski
7.6,62.726379900815196,0.3,18.5,594.0,0,67.5,34.8,In The Paint (Non-RA),2PT Field Goal,A. Kowalski
3.1,49.07625625407987,5.02,1.8,300.0,1,-23.3,20.2,Restricted Area,2PT Field Goal,B. Osei
4.0,39.420426006807794,4.11,11.1,374.0,1,25.4,30.9,In The Paint (Non-RA),2PT Field Goal,L. Fitzgerald
1.4,31.448715273053647,2.92,14.2,360.0,1,-7.4,12.1,Restricted Area,2PT Field Goal,R. Delgado
13.8,5.904717368535271,2.82,9.4,11.0,1,14.2,137.3,In The Paint (Non-RA),2PT Field Goal,L. Fitzgerald
3.1,27.552811576717797,7.32,19.3,440.0,0,14.4,27.6,Restricted Area,2PT Field Goal,B. Osei
2.6,56.496563017585785,2.51,23.9,55.0,1,21.3,14.1,Restricted Area,2PT Field Goal,A. Kowalski
22.5,37.119052376008476,1.76,5.0,318.0,0,136.0,179.7,Above the Break 3,3PT Field Goal,L. Fitzgerald
10.0,57.069401224037,5.8,4.1,256.0,0,-84.3,54.6,In The Paint (Non-RA),2PT Field Goal,B. Osei
2.8,49.93208742826486,7.69,10.8,229.0,1,21.4,18.0,Restricted Area,2PT Field Goal,R. Delgado
19.6,64.2197734259139,1.2,21.7,479.0,1,176.4,85.2,Mid-Range,2PT Field Goal,T. Nwosu
0.4,62.17590361574674,1.92,18.7,506.0,0,-3.6,1.9,Restricted Area,2PT Field Goal,K. Albrecht
21.6,27.72886007903731,1.77,13.5,0.0,0,-100.4,191.0,Mid-Range,2PT Field Goal,T. Nwosu
2.7,52.08847567814601,5.14,13.5,588.0,0,21.7,16.9,Restricted Area,2PT Field Goal,T. Nwosu
10.1,4.255237961999226,5.55,21.3,592.0,1,7.5,100.8,In The Paint (Non-RA),2PT Field Goal,T. Nwosu
21.3,66.7802228315133,7.55,21.0,425.0,1,-195.8,84.0,Mid-Range,2PT Field Goal,T. Nwosu
17.0,36.48572984310404,4.11,19.0,264.0,1,101.1,136.7,Mid-Range,2PT Field Goal,S. Whitfield
4.3,66.18685987547411,3.65,20.9,335.0,1,39.2,17.3,In The Paint (Non-RA),2PT Field Goal,B. Osei
25.5,47.753555055549604,2.82,7.2,177.0,0,-188.5,171.2,Above the Break 3,3PT Field Goal,J. Carter
26.2,49.883224710040274,6.89,13.1,506.0,0,200.1,168.6,Above the Break 3,3PT Field Goal,A. Kowalski
2.2,16.523027541548483,2.83,11.9,365.0,1,6.2,20.9,Restricted Area,2PT Field Goal,A. Kowalski
2.9,14.9441072730603,2.29,18.6,592.0,1,7.5,28.1,Restricted Area,2PT Field Goal,T. Nwosu
2.0,61.546760816181084,3.69,8.1,494.0,1,-17.9,9.7,Restricted Area,2PT Field Goal,T. Nwosu
22.5,64.2891963477986,4.17,19.2,545.0,0,202.7,97.6,Above the Break 3,3PT Field Goal,K. Albrecht
28.2,67.73815084393162,5.17,8.3,716.0,0,260.9,106.8,Above the Break 3,3PT Field Goal,R. Delgado
3.3,50.48068522451359,2.75,8.4,664.0,1,-25.7,21.2,Restricted Area,2PT Field Goal,A. Kowalski
29.0,43.18036486471309,8.33,5.5,603.0,0,198.1,211.1,Above the Break 3,3PT Field Goal,K. Albrecht
2.4,20.35690478185344,8.73,17.2,459.0,1,-8.2,22.1,Restricted Area,2PT Field Goal,S. Whitfield
6.8,64.04123073843935,1.59,3.2,355.0,0,-60.8,29.6,In The Paint (Non-RA),2PT Field Goal,D. Reyes
6.8,2.937821930727691,4.56,8.5,263.0,0,3.5,68.2,In The Paint (Non-RA),2PT Field Goal,A. Kowalski
26.3,46.614621271878605,1.86,16.6,443.0,0,191.5,181.0,Above the Break 3,3PT Field Goal,T. Nwosu
2.8,11.190979469467774,3.57,9.7,117.0,1,5.5,27.8,Restricted Area,2PT Field Goal,B. Osei
3.7,60.35223010076613,1.33,14.3,70.0,0,-31.8,18.1,Restricted Area,2PT Field Goal,B. Osei
19.4,49.42107528283381,3.56,18.8,407.0,1,147.7,126.5,Mid-Range,2PT Field Goal,B. Osei
2.2,9.504358722503015,4.86,12.9,584.0,1,-3.7,22.1,Restricted Area,2PT Field Goal,M. Okafor
3.2,8.054414446381752,4.62,13.3,366.0,0,4.5,31.8,Restricted Area,2PT Field Goal,J. Carter
13.9,12.689412136483993,1.07,10.5,340.0,1,-30.6,135.9,In The Paint (Non-RA),2PT Field Goal,R. Delgado
27.1,63.33091236171633,0.3,19.5,70.0,1,242.1,121.6,Above the Break 3,3PT Field Goal,D. Reyes
28.1,5.495448283492639,0.3,10.6,603.0,0,26.9,279.6,Above the Break 3,3PT Field Goal,R. Delgado
25.2,43.1503157912516,7.09,14.8,169.0,1,172.3,183.8,Above the Break 3,3PT Field Goal,J. Carter
27.3,60.91889744560377,3.8,5.9,234.0,0,238.6,132.7,Above the Break 3,3PT Field Goal,S. Whitfield
26.2,12.766400290941068,4.39,2.7,111.0,1,57.8,255.1,Above the Break 3,3PT Field Goal,L. Fitzgerald
22.8,47.554252113178386,7.63,18.6,115.0,1,168.6,154.2,Above the Break 3,3PT Field Goal,L. Fitzgerald
14.5,39.370101171046734,1.87,7.6,263.0,0,-91.9,112.0,Mid-Range,2PT Field Goal,B. Osei
23.9,41.83237865461817,5.2,16.4,647.0,0,-159.6,178.3,Above the Break 3,3PT Field Goal,L. Fitzgerald
2.3,32.585707353914415,2.64,8.5,702.0,1,12.4,19.4,Restricted Area,2PT Field Goal,A. Kowalski
2.7,24.050298529605158,4.66,19.2,34.0,0,10.8,24.2,Restricted Area,2PT Field Goal,J. Carter
24.5,61.75149394244703,0.3,20.8,714.0,0,215.9,116.0,Above the Break 3,3PT Field Goal,J. Carter
1.4,19.078694537097387,3.27,11.1,258.0,0,-4.6,13.3,Restricted Area,2PT Field Goal,M. Okafor
27.4,43.474251287410894,4.05,18.7,415.0,0,-188.2,198.5,Above the Break 3,3PT Field Goal,B. Osei
18.6,11.140597752107269,4.47,17.8,416.0,0,-35.9,182.3,Mid-Range,2PT Field Goal,R. Delgado
3.0,53.24632081446853,0.85,22.4,558.0,0,23.7,17.7,Restricted Area,2PT Field Goal,S. Whitfield
25.7,6.3968836150750805,3.64,17.2,44.0,0,28.6,255.1,Above the Break 3,3PT Field Goal,K. Albrecht
3.5,25.314892418157736,6.3,10.8,81.0,1,-14.9,31.5,Restricted Area,2PT Field Goal,S. Whitfield
5.4,0.0,4.0,1.6,72.0,0,0.0,53.8,In The Paint (Non-RA),2PT Field Goal,S. Whitfield
1.9,31.471684533627307,6.23,2.4,565.0,1,10.1,16.5,Restricted Area,2PT Field Goal,J. Carter
27.2,53.698619545089365,5.77,20.8,75.0,0,-219.3,161.1,Above the Break 3,3PT Field Goal,D. Reyes
19.2,27.393817060785622,4.79,9.3,412.0,1,88.2,170.2,Mid-Range,2PT Field Goal,M. Okafor
24.7,8.645556752240415,3.35,12.9,348.0,0,-37.1,244.0,Above the Break 3,3PT Field Goal,D. Reyes
3.0,51.28000712569978,4.39,0.5,265.0,0,23.2,18.6,Restricted Area,2PT Field Goal,K. Albrecht
23.3,41.343343476962644,2.02,4.5,576.0,0,153.8,174.8,Above the Break 3,3PT Field Goal,L. Fitzgerald
29.0,36.43123663992553,5.78,23.2,296.0,1,172.2,233.3,Above the Break 3,3PT Field Goal,A. Kowalski
16.2,61.49105349433857,4.98,22.4,382.0,1,-142.5,77.4,Mid-Range,2PT Field Goal,R. Delgado
29.0,4.76692314197044,7.01,3.3,233.0,1,24.1,289.0,Above the Break 3,3PT Field Goal,M. Okafor
9.1,60.631904258853,9.51,19.6,336.0,0,-78.9,44.4,In The Paint (Non-RA),2PT Field Goal,A. Kowalski
11.3,19.79696948264115,6.21,10.4,286.0,1,-38.3,106.4,In The Paint (Non-RA),2PT Field Goal,J. Carter
19.2,44.66321751860952,5.55,6.7,386.0,1,-135.3,136.9,Mid-Range,2PT Field Goal,K. Albrecht
26.2,1.2701111839686376,4.67,1.2,605.0,0,-5.8,261.6,Above the Break 3,3PT Field Goal,L. Fitzgerald
2.5,38.76551990445877,6.22,8.9,536.0,1,-15.9,19.8,Restricted Area,2PT Field Goal,L. Fitzgerald
16.4,24.991643778884164,7.46,16.9,36.0,0,-69.5,149.1,Mid-Range,2PT Field Goal,K. Albrecht
0.7,34.34609740006151,3.56,11.4,95.0,1,4.1,6.0,Restricted Area,2PT Field Goal,A. Kowalski
20.1,37.291015180235426,1.24,6.3,158.0,0,122.0,160.2,Mid-Range,2PT Field Goal,L. Fitzgerald
25.2,34.63754090156814,1.02,10.3,38.0,0,143.0,207.0,Above the Break 3,3PT Field Goal,M. Okafor
2.5,31.484977376588855,6.56,3.3,485.0,0,12.8,20.9,Restricted Area,2PT Field Goal,L. Fitzgerald
27.6,19.677598239059456,5.32,17.2,638.0,0,-92.8,259.5,Above the Break 3,3PT Field Goal,R. Delgado
3.6,62.72323661688632,5.48,4.7,414.0,1,-32.0,16.5,Restricted Area,2PT Field Goal,M. Okafor
23.6,59.69459508615744,0.3,8.0,434.0,1,-203.6,119.0,Above the Break 3,3PT Field Goal,J. Carter
10.2,10.83678814605081,2.89,13.8,550.0,1,19.2,100.3,In The Paint (Non-RA),2PT Field Goal,L. Fitzgerald
11.6,63.236388964903284,0.56,10.7,551.0,0,103.7,52.3,In The Paint (Non-RA),2PT Field Goal,M. Okafor
25.1,1.5727878014965202,1.53,21.1,221.0,0,6.9,251.3,Above the Break 3,3PT Field Goal,J. Carter
14.6,4.763641690726178,2.88,10.4,428.0,1,-12.1,145.2,Mid-Range,2PT Field Goal,B. Osei
23.0,49.10442653817279,2.6,6.6,6.0,0,174.0,150.7,Above the Break 3,3PT Field Goal,R. Delgado
1.5,17.073966029945943,7.94,23.8,98.0,1,-4.3,14.0,Restricted Area,2PT Field Goal,J. Carter
18.2,37.532064844877375,1.23,12.0,272.0,0,-110.7,144.1,Mid-Range,2PT Field Goal,S. Whitfield
21.6,61.311218299028226,2.75,2.3,454.0,1,189.5,103.7,Mid-Range,2PT Field Goal,D. Reyes
26.3,67.70979257736875,2.45,2.1,236.0,0,-243.7,99.9,Above the Break 3,3PT Field Goal,B. Osei
0.2,5.710593137499643,4.39,15.8,183.0,1,0.2,2.0,Restricted Area,2PT Field Goal,J. Carter
7.6,44.04160981123111,5.93,20.9,262.0,1,-52.9,54.7,In The Paint (Non-RA),2PT Field Goal,R. Delgado
19.0,34.24956252798522,2.32,2.8,712.0,0,-107.1,157.3,Mid-Range,2PT Field Goal,S. Whitfield
21.5,59.848959816929835,0.3,16.2,16.0,1,186.1,108.1,Mid-Range,2PT Field Goal,R. Delgado
2.3,23.5286316760854,3.21,6.9,400.0,0,9.1,20.9,Restricted Area,2PT Field Goal,M. Okafor
21.6,6.653985425201623,5.15,15.6,533.0,0,25.0,214.3,Mid-Range,2PT Field Goal,S. Whitfield
1.3,53.577716525016534,1.65,7.4,612.0,1,-10.3,7.6,Restricted Area,2PT Field Goal,J. Carter
4.0,57.97942703100168,6.5,21.5,381.0,1,33.9,21.2,In The Paint (Non-RA),2PT Field Goal,R. Delgado
25.9,8.717602574208854,1.81,10.7,431.0,0,-39.3,256.3,Above the Break 3,3PT Field Goal,L. Fitzgerald
2.0,54.39546601956689,2.69,0.2,11.0,0,-16.2,11.6,Restricted Area,2PT Field Goal,T. Nwosu
5.6,6.430173265200896,3.15,13.8,330.0,1,6.3,55.9,In The Paint (Non-RA),2PT Field Goal,S. Whitfield
24.8,56.5597671384816,8.71,12.2,563.0,1,-207.0,136.7,Above the Break 3,3PT Field Goal,M. Okafor
24.4,47.90971251502467,6.05,9.0,42.0,0,180.9,163.4,Above the Break 3,3PT Field Goal,A. Kowalski
20.1,12.757532160876679,5.04,0.9,609.0,0,-44.4,196.1,Mid-Range,2PT Field Goal,L. Fitzgerald
22.9,28.43650337557031,1.83,20.6,553.0,0,-108.9,201.1,Above the Break 3,3PT Field Goal,S. Whitfield
6.3,33.6394752393378,1.58,19.1,443.0,0,-34.8,52.3,In The Paint (Non-RA),2PT Field Goal,A. Kowalski
20.4,39.697852137560595,2.56,7.0,308.0,0,-130.5,157.2,Mid-Range,2PT Field Goal,K. Albrecht
24.1,41.750154705805414,7.98,17.8,585.0,0,-160.3,179.6,Above the Break 3,3PT Field Goal,S. Whitfield
19.9,13.973327190674972,7.28,5.8,67.0,0,48.0,192.9,Mid-Range,2PT Field Goal,J. Carter
18.1,45.067222236867735,4.55,16.4,157.0,0,-128.0,127.7,Mid-Range,2PT Field Goal,B. Osei
9.5,6.286893361736462,2.55,21.7,109.0,1,10.4,94.4,In The Paint (Non-RA),2PT Field Goal,S. Whitfield
20.3,51.155168343274,0.3,1.4,221.0,0,158.2,127.4,Mid-Range,2PT Field Goal,R. Delgado
9.2,32.394785228939845,3.14,13.0,620.0,1,49.3,77.7,In The Paint (Non-RA),2PT Field Goal,T. Nwosu
27.6,5.419691279667883,5.44,6.2,511.0,1,26.1,275.1,Above the Break 3,3PT Field Goal,B. Osei
8.1,9.567473398214513,5.52,18.2,562.0,0,-13.4,79.5,In The Paint (Non-RA),2PT Field Goal,S. Whitfield
13.2,20.922114967745937,5.13,14.7,81.0,0,-47.1,123.2,In The Paint (Non-RA),2PT Field Goal,D. Reyes
24.9,33.69645145681834,2.55,19.2,710.0,1,-138.1,207.1,Above the Break 3,3PT Field Goal,M. Okafor
8.0,11.155648006133822,5.41,6.8,380.0,0,-15.5,78.6,In The Paint (Non-RA),2PT Field Goal,J. Carter
2.0,66.2092261342228,3.83,2.9,514.0,0,18.6,8.2,Restricted Area,2PT Field Goal,D. Reyes
27.7,6.783592070166206,6.28,13.2,306.0,1,32.7,274.9,Above the Break 3,3PT Field Goal,T. Nwosu
6.1,28.36410799528928,4.81,21.2,590.0,1,-29.1,53.9,In The Paint (Non-RA),2PT Field Goal,B. Osei
24.0,31.053831286313848,6.03,16.7,569.0,1,-123.8,205.6,Above the Break 3,3PT Field Goal,T. Nwosu
25.4,7.497625573270459,4.99,15.4,76.0,0,-33.1,251.5,Above the Break 3,3PT Field Goal,S. Whitfield
10.0,6.536041591224671,3.1,16.2,381.0,1,-11.4,99.5,In The Paint (Non-RA),2PT Field Goal,L. Fitzgerald
24.7,20.819366146510763,6.98,9.7,257.0,0,-87.8,230.9,Above the Break 3,3PT Field Goal,S. Whitfield
1.3,6.632514615138462,1.77,0.0,106.0,0,1.5,12.9,Restricted Area,2PT Field Goal,R. Delgado
9.8,32.81588498543024,5.79,0.4,716.0,0,53.2,82.5,In The Paint (Non-RA),2PT Field Goal,R. Delgado
25.1,27.321859656190018,3.17,23.4,256.0,0,115.0,222.6,Above the Break 3,3PT Field Goal,L. Fitzgerald
20.3,30.833132250502192,3.35,7.5,693.0,0,104.1,174.4,Mid-Range,2PT Field Goal,J. Carter
20.9,3.210254000988932,4.85,17.0,317.0,0,11.7,208.6,Mid-Range,2PT Field Goal,M. Okafor
14.1,45.0,2.99,4.2,333.0,0,99.4,99.4,Mid-Range,2PT Field Goal,K. Albrecht
14.3,56.732443662839884,1.81,8.8,508.0,0,-119.5,78.4,Mid-Range,2PT Field Goal,D. Reyes
17.7,10.802454340868362,2.03,8.9,628.0,1,33.2,174.0,Mid-Range,2PT Field Goal,R. Delgado
11.8,45.205115279521294,1.57,10.0,96.0,1,84.1,83.5,In The Paint (Non-RA),2PT Field Goal,M. Okafor
2.3,31.84905131905529,4.28,2.4,170.0,1,12.3,19.8,Restricted Area,2PT Field Goal,T. Nwosu
1.4,62.124489613472505,4.95,8.0,427.0,0,12.1,6.4,Restricted Area,2PT Field Goal,D. Reyes
1.0,48.758555685472,4.01,11.3,546.0,1,-7.3,6.4,Restricted Area,2PT Field Goal,S. Whitfield
9.6,21.646196841033618,0.56,10.2,604.0,0,35.4,89.2,In The Paint (Non-RA),2PT Field Goal,K. Albrecht
26.8,39.16323799289912,4.53,11.4,483.0,0,169.5,208.1,Above the Break 3,3PT Field Goal,B. Osei
2.0,13.541107082051463,6.43,11.0,92.0,1,-4.6,19.1,Restricted Area,2PT Field Goal,S. Whitfield
4.1,33.8069180359942,1.54,6.9,147.0,1,-22.7,33.9,In The Paint (Non-RA),2PT Field Goal,R. Delgado
1.1,7.454298812748468,2.1,20.1,616.0,0,-1.4,10.7,Restricted Area,2PT Field Goal,T. Nwosu
19.7,44.076285670236025,6.36,11.8,325.0,0,137.3,141.8,Mid-Range,2PT Field Goal,L. Fitzgerald
22.5,37.45057823173673,3.82,3.7,584.0,0,-136.8,178.6,Above the Break 3,3PT Field Goal,S. Whitfield
26.8,38.833481900828176,6.75,17.7,220.0,0,168.0,208.7,Above the Break 3,3PT Field Goal,D. Reyes
3.6,33.5576430017319,3.43,20.9,543.0,0,19.9,30.0,Restricted Area,2PT Field Goal,S. Whitfield
0.7,6.911227119024682,0.85,15.9,116.0,1,0.8,6.6,Restricted Area,2PT Field Goal,J. Carter
26.7,2.252887254454907,4.12,4.4,502.0,0,10.5,266.9,Above the Break 3,3PT Field Goal,K. Albrecht
8.8,60.50447402399453,4.09,0.5,538.0,0,76.9,43.5,In The Paint (Non-RA),2PT Field Goal,L. Fitzgerald
17.4,50.02535295582795,4.91,6.0,615.0,0,-133.0,111.5,Mid-Range,2PT Field Goal,D. Reyes
2.0,59.23728046576109,2.22,6.5,196.0,1,-16.8,10.0,Restricted Area,2PT Field Goal,R. Delgado
25.5,2.831001677865267,3.13,6.6,559.0,0,12.6,254.8,Above the Break 3,3PT Field Goal,D. Reyes
1.2,56.567439861599105,8.98,6.9,452.0,0,-10.3,6.8,Restricted Area,2PT Field Goal,R. Delgado
5.8,33.200604335206044,2.91,16.3,514.0,1,-32.0,48.9,In The Paint (Non-RA),2PT Field Goal,L. Fitzgerald
0.4,49.84400037508068,7.93,5.6,312.0,1,-3.2,2.7,Restricted Area,2PT Field Goal,L. Fitzgerald
6.3,60.69137255295823,1.58,11.1,663.0,0,55.4,31.1,In The Paint (Non-RA),2PT Field Goal,S. Whitfield
25.6,0.8717764187092708,4.75,20.1,294.0,1,3.9,256.3,Above the Break 3,3PT Field Goal,S. Whitfield
25.1,32.77908066806957,5.09,7.6,279.0,0,-136.0,211.2,Above the Break 3,3PT Field Goal,J. Carter
11.7,23.674223258736536,6.26,0.7,520.0,1,-47.0,107.2,In The Paint (Non-RA),2PT Field Goal,K. Albrecht
26.7,42.87553451852032,4.21,12.3,482.0,0,-181.7,195.7,Above the Break 3,3PT Field Goal,D. Reyes
13.6,17.86320671507881,2.7,15.4,179.0,0,-41.8,129.7,In The Paint (Non-RA),2PT Field Goal,K. Albrecht
4.0,43.276576148106365,4.46,10.8,336.0,1,-27.4,29.1,In The Paint (Non-RA),2PT Field Goal,T. Nwosu
17.1,46.30681103768861,0.75,1.7,448.0,1,123.3,117.8,Mid-Range,2PT Field Goal,K. Albrecht
0.2,8.530765609948133,0.3,22.9,226.0,1,0.3,2.0,Restricted Area,2PT Field Goal,T. Nwosu
3.8,53.43486426457706,0.6,3.3,596.0,1,-30.2,22.4,Restricted Area,2PT Field Goal,T. Nwosu
25.6,47.70674276395908,7.89,11.2,543.0,0,189.4,172.3,Above the Break 3,3PT Field Goal,B. Osei
24.0,6.642978994012495,6.17,5.2,705.0,0,-27.8,238.7,Above the Break 3,3PT Field Goal,A. Kowalski
0.4,63.43494882292201,8.54,13.8,171.0,1,-3.4,1.7,Restricted Area,2PT Field Goal,T. Nwosu
25.8,35.059426966886974,5.37,7.0,32.0,1,148.0,210.9,Above the Break 3,3PT Field Goal,J. Carter
27.2,21.946362602189364,0.79,22.3,91.0,1,101.5,251.9,Above the Break 3,3PT Field Goal,A. Kowalski
12.7,0.2702611064941363,1.9,7.4,367.0,0,0.6,127.2,In The Paint (Non-RA),2PT Field Goal,T. Nwosu
2.1,11.572033937188328,4.95,7.9,563.0,1,-4.3,21.0,Restricted Area,2PT Field Goal,S. Whitfield
14.2,31.220499859289465,2.27,12.3,311.0,1,73.4,121.1,Mid-Range,2PT Field Goal,K. Albrecht
4.0,64.52433459007334,2.0,6.9,603.0,1,36.1,17.2,In The Paint (Non-RA),2PT Field Goal,K. Albrecht
18.9,0.06079125518629915,1.68,4.6,489.0,0,0.2,188.5,Mid-Range,2PT Field Goal,S. Whitfield
0.2,53.13010235415599,2.43,8.3,449.0,1,1.6,1.2,Restricted Area,2PT Field Goal,D. Reyes
21.6,6.553620972762712,0.3,14.1,245.0,0,24.7,215.0,Mid-Range,2PT Field Goal,S. Whitfield
0.4,35.53767779197438,5.2,24.0,259.0,1,-2.5,3.5,Restricted Area,2PT Field Goal,R. Delgado
6.4,29.10716901966264,2.53,18.2,286.0,0,30.9,55.5,In The Paint (Non-RA),2PT Field Goal,D. Reyes
18.9,38.952902919427686,7.16,21.5,590.0,1,119.0,147.2,Mid-Range,2PT Field Goal,J. Carter
16.0,50.87479292907411,8.08,23.7,77.0,0,-123.8,100.7,Mid-Range,2PT Field Goal,S. Whitfield
3.6,38.784364100297346,4.05,1.3,165.0,0,-22.5,28.0,Restricted Area,2PT Field Goal,K. Albrecht
26.1,52.17884045661323,6.65,14.0,235.0,1,-206.5,160.3,Above the Break 3,3PT Field Goal,R. Delgado
2.2,62.97841840882297,6.78,13.8,557.0,1,-20.0,10.2,Restricted Area,2PT Field Goal,S. Whitfield
1.4,22.180344302017236,4.7,16.4,19.0,0,-5.3,13.0,Restricted Area,2PT Field Goal,K. Albrecht
2.0,1.1457628381751035,3.8,22.0,244.0,0,-0.4,20.0,Restricted Area,2PT Field Goal,K. Albrecht
0.9,10.813877513624963,7.2,8.6,208.0,1,1.7,8.9,Restricted Area,2PT Field Goal,D. Reyes
8.3,0.6242634510383693,5.76,22.0,535.0,0,-0.9,82.6,In The Paint (Non-RA),2PT Field Goal,K. Albrecht
25.6,44.42928061891138,3.79,3.5,273.0,0,178.9,182.5,Above the Break 3,3PT Field Goal,S. Whitfield
25.9,43.981724485321756,3.04,16.3,682.0,0,-179.6,186.1,Above the Break 3,3PT Field Goal,S. Whitfield
2.2,61.91210683179097,4.22,0.1,304.0,1,19.3,10.3,Restricted Area,2PT Field Goal,J. Carter
3.8,35.029096841040676,6.4,18.3,383.0,1,21.8,31.1,Restricted Area,2PT Field Goal,B. Osei
1.6,61.01543960626568,5.82,19.9,185.0,1,-13.9,7.7,Restricted Area,2PT Field Goal,A. Kowalski
24.6,60.22051458254041,2.84,16.2,457.0,0,-213.9,122.4,Above the Break 3,3PT Field Goal,K. Albrecht
12.6,53.15736874463242,3.86,20.2,10.0,0,-100.9,75.6,In The Paint (Non-RA),2PT Field Goal,A. Kowalski
24.7,15.515422860075153,4.6,1.6,388.0,0,66.1,238.1,Above the Break 3,3PT Field Goal,M. Okafor
19.1,8.771271965116764,3.26,22.7,59.0,0,29.1,188.6,Mid-Range,2PT Field Goal,M. Okafor
17.0,33.21222337119909,4.01,7.8,198.0,1,-92.9,141.9,Mid-Range,2PT Field Goal,B. Osei
22.5,23.77373601760885,1.94,7.4,714.0,0,90.7,205.9,Above the Break 3,3PT Field Goal,B. Osei
25.2,21.818308403281964,2.34,0.1,196.0,0,-93.6,233.8,Above the Break 3,3PT Field Goal,J. Carter
2.2,39.106470767934916,4.88,20.3,173.0,0,13.9,17.1,Restricted Area,2PT Field Goal,S. Whitfield
3.5,31.531585111688923,4.77,3.7,98.0,0,18.1,29.5,Restricted Area,2PT Field Goal,J. Carter
12.4,36.149582469976124,3.51,9.1,259.0,0,-73.2,100.2,In The Paint (Non-RA),2PT Field Goal,R. Delgado
4.6,58.56450743995524,9.25,9.8,15.0,0,-39.1,23.9,In The Paint (Non-RA),2PT Field Goal,A. Kowalski
4.0,15.355549414421832,3.82,3.9,224.0,0,10.6,38.6,In The Paint (Non-RA),2PT Field Goal,D. Reyes
6.8,56.47376799831139,5.84,18.5,333.0,1,-56.6,37.5,In The Paint (Non-RA),2PT Field Goal,T. Nwosu
16.9,9.35101437425338,4.87,14.6,495.0,1,27.5,167.0,Mid-Range,2PT Field Goal,J. Carter
1.4,23.142801067294236,3.12,15.6,198.0,1,5.3,12.4,Restricted Area,2PT Field Goal,S. Whitfield
2.4,47.71020310017458,5.81,9.0,162.0,1,-17.7,16.1,Restricted Area,2PT Field Goal,K. Albrecht
1.4,36.454718104699154,6.77,12.4,94.0,0,8.2,11.1,Restricted Area,2PT Field Goal,B. Osei
1.3,13.495733280795811,4.25,6.0,506.0,0,-3.0,12.5,Restricted Area,2PT Field Goal,B. Osei
27.2,17.62914477474423,5.38,16.3,315.0,1,82.4,259.3,Above the Break 3,3PT Field Goal,B. Osei
1.6,2.188582560403218,10.81,10.4,685.0,1,0.6,15.7,Restricted Area,2PT Field Goal,M. Okafor
1.3,28.926425835253607,2.18,12.1,665.0,1,6.3,11.4,Restricted Area,2PT Field Goal,B. Osei
0.2,0.0,3.75,13.3,496.0,1,-0.0,2.0,Restricted Area,2PT Field Goal,T. Nwosu
9.9,3.003683784195376,5.55,7.1,229.0,1,5.2,99.1,In The Paint (Non-RA),2PT Field Goal,R. Delgado
0.2,2.862405226111748,4.23,21.2,587.0,1,-0.1,2.0,Restricted Area,2PT Field Goal,R. Delgado
6.0,46.49669883975897,2.34,10.6,72.0,0,-43.2,41.0,In The Paint (Non-RA),2PT Field Goal,S. Whitfield
1.2,17.671050361992016,3.11,12.0,710.0,1,3.6,11.3,Restricted Area,2PT Field Goal,K. Albrecht
2.2,64.7157386433258,3.69,20.3,200.0,1,-19.9,9.4,Restricted Area,2PT Field Goal,R. Delgado
24.8,11.214914684653571,3.6,4.8,429.0,1,-48.3,243.6,Above the Break 3,3PT Field Goal,R. Delgado
3.5,37.8605040508219,4.35,23.4,188.0,0,21.3,27.4,Restricted Area,2PT Field Goal,K. Albrecht
14.4,48.422436063799786,7.9,19.5,464.0,0,108.1,95.9,Mid-Range,2PT Field Goal,S. Whitfield
4.2,46.82899162079431,4.76,2.0,384.0,0,30.7,28.8,In The Paint (Non-RA),2PT Field Goal,T. Nwosu
6.2,32.84603897508428,3.37,11.6,331.0,0,33.7,52.2,In The Paint (Non-RA),2PT Field Goal,S. Whitfield
23.9,63.7988625736331,5.83,21.0,523.0,0,214.8,105.7,Above the Break 3,3PT Field Goal,S. Whitfield
1.4,66.32439736649363,5.73,13.9,99.0,1,13.0,5.7,Restricted Area,2PT Field Goal,S. Whitfield
27.1,13.224757331810585,1.77,16.4,109.0,1,-61.9,263.4,Above the Break 3,3PT Field Goal,T. Nwosu
25.8,23.761697373494084,2.83,15.4,708.0,1,103.9,236.0,Above the Break 3,3PT Field Goal,S. Whitfield
19.7,46.6858930131161,1.71,13.9,694.0,0,-143.4,135.2,Mid-Range,2PT Field Goal,K. Albrecht
1.8,17.65012421993012,5.01,12.8,23.0,1,5.6,17.6,Restricted Area,2PT Field Goal,T. Nwosu
14.0,23.21470746948557,6.23,8.8,400.0,1,-55.2,128.7,Mid-Range,2PT Field Goal,B. Osei
20.7,50.89541131600496,3.73,10.0,268.0,0,160.8,130.7,Mid-Range,2PT Field Goal,J. Carter
25.7,49.67870103751609,7.09,1.2,429.0,0,-196.3,166.6,Above the Break 3,3PT Field Goal,K. Albrecht
2.8,46.005086005254185,2.92,17.0,640.0,1,-20.3,19.6,Restricted Area,2PT Field Goal,K. Albrecht
26.3,19.743158713322202,3.51,9.9,462.0,1,88.9,247.7,Above the Break 3,3PT Field Goal,R. Delgado
26.7,8.048203630387807,4.09,21.0,392.0,0,37.4,264.5,Above the Break 3,3PT Field Goal,J. Carter
2.9,16.567269983487844,4.67,22.1,405.0,1,8.3,27.9,Restricted Area,2PT Field Goal,J. Carter
1.9,12.724355685422369,8.07,10.4,185.0,1,4.2,18.6,Restricted Area,2PT Field Goal,L. Fitzgerald
2.0,61.62075691389205,1.68,7.4,346.0,1,-17.4,9.4,Restricted Area,2PT Field Goal,T. Nwosu
25.4,13.391454095769955,5.54,4.1,54.0,1,58.9,247.4,Above the Break 3,3PT Field Goal,K. Albrecht
24.1,8.3153069911091,4.43,18.0,371.0,1,-34.8,238.1,Above the Break 3,3PT Field Goal,L. Fitzgerald
28.5,41.288026238828216,6.96,11.4,572.0,0,-188.1,214.2,Above the Break 3,3PT Field Goal,K. Albrecht
14.1,44.336817273403305,1.17,10.7,133.0,0,98.2,100.5,Mid-Range,2PT Field Goal,D. Reyes
20.2,31.86727794957788,1.58,17.3,4.0,0,106.8,171.8,Mid-Range,2PT Field Goal,T. Nwosu
16.8,21.035062383194447,8.18,1.1,608.0,0,60.3,156.8,Mid-Range,2PT Field Goal,L. Fitzgerald
16.8,11.677851278416117,7.15,23.6,357.0,0,-34.0,164.5,Mid-Range,2PT Field Goal,T. Nwosu
25.6,46.377113264893886,6.73,21.4,645.0,0,-185.3,176.6,Above the Break 3,3PT Field Goal,T. Nwosu
17.9,67.97294761122183,3.97,21.5,649.0,0,-166.1,67.2,Mid-Range,2PT Field Goal,A. Kowalski
4.0,50.37789219205797,6.69,22.1,80.0,1,30.8,25.5,In The Paint (Non-RA),2PT Field Goal,T. Nwosu
9.4,4.081280461243045,4.28,15.9,660.0,1,-6.7,93.9,In The Paint (Non-RA),2PT Field Goal,J. Carter
1.6,2.0825652797308845,1.75,4.2,450.0,0,-0.6,16.5,Restricted Area,2PT Field Goal,J. Carter
24.2,27.868930575855515,3.93,18.5,249.0,0,-113.0,213.7,Above the Break 3,3PT Field Goal,T. Nwosu
15.5,11.215540830399027,3.64,11.9,348.0,1,-30.1,151.8,Mid-Range,2PT Field Goal,K. Albrecht
11.1,17.11784958083121,1.86,23.2,26.0,0,32.8,106.5,In The Paint (Non-RA),2PT Field Goal,J. Carter
25.8,7.90105851075319,2.93,19.4,105.0,0,-35.5,255.8,Above the Break 3,3PT Field Goal,D. Reyes
27.6,43.515376301747544,2.65,17.2,86.0,0,189.8,199.9,Above the Break 3,3PT Field Goal,D. Reyes
1.5,41.95815784338163,5.45,6.0,605.0,1,-9.8,10.9,Restricted Area,2PT Field Goal,K. Albrecht
0.2,50.9061411137705,6.49,8.1,648.0,0,-1.6,1.3,Restricted Area,2PT Field Goal,K. Albrecht
2.6,48.01278750418334,6.82,2.2,588.0,0,19.0,17.1,Restricted Area,2PT Field Goal,A. Kowalski
1.7,41.030736543280504,6.77,19.8,47.0,1,-11.4,13.1,Restricted Area,2PT Field Goal,M. Okafor
4.0,26.11643567311409,1.79,20.8,546.0,1,-17.6,35.9,In The Paint (Non-RA),2PT Field Goal,D. Reyes
11.4,32.47505397309061,5.57,14.3,608.0,1,61.1,96.0,In The Paint (Non-RA),2PT Field Goal,A. Kowalski
23.1,64.07944359618779,6.12,23.9,509.0,0,-207.4,100.8,Above the Break 3,3PT Field Goal,T. Nwosu
1.6,2.7758034487831305,5.2,17.7,713.0,0,0.8,16.5,Restricted Area,2PT Field Goal,D. Reyes
27.8,24.155283379343896,2.08,1.4,498.0,0,-113.6,253.3,Above the Break 3,3PT Field Goal,S. Whitfield
15.7,59.51960824913905,0.3,21.6,172.0,1,134.9,79.4,Mid-Range,2PT Field Goal,D. Reyes
25.3,3.630077438360363,4.61,2.4,375.0,0,16.0,252.2,Above the Break 3,3PT Field Goal,L. Fitzgerald
9.7,1.958574305562249,2.33,10.8,552.0,1,3.3,96.5,In The Paint (Non-RA),2PT Field Goal,B. Osei
3.0,19.705291171552176,6.31,9.0,445.0,1,10.1,28.2,Restricted Area,2PT Field Goal,J. Carter
28.9,40.867515109325254,0.85,10.0,328.0,0,189.4,218.9,Above the Break 3,3PT Field Goal,R. Delgado
3.1,28.36261687294838,5.5,5.4,594.0,1,-14.9,27.6,Restricted Area,2PT Field Goal,B. Osei
4.0,64.72227776444704,3.24,9.9,444.0,1,-36.0,17.0,Restricted Area,2PT Field Goal,M. Okafor
26.7,12.148799769672758,1.19,3.2,175.0,0,56.1,260.6,Above the Break 3,3PT Field Goal,M. Okafor
19.7,7.197109144467698,3.2,9.6,120.0,0,-24.7,195.6,Mid-Range,2PT Field Goal,B. Osei
0.5,39.369317242364744,3.89,11.4,334.0,0,-3.2,3.9,Restricted Area,2PT Field Goal,J. Carter
3.9,29.799779823271727,6.15,17.0,592.0,1,19.3,33.7,Restricted Area,2PT Field Goal,R. Delgado
25.3,31.87584723059773,6.08,20.7,647.0,1,133.7,215.0,Above the Break 3,3PT Field Goal,B. Osei
2.1,65.30262766235619,7.09,6.1,289.0,1,18.7,8.6,Restricted Area,2PT Field Goal,K. Albrecht
27.7,60.74828278429541,5.98,17.1,349.0,1,241.4,135.2,Above the Break 3,3PT Field Goal,B. Osei
1.9,36.09325581622025,3.19,21.2,487.0,1,-11.3,15.5,Restricted Area,2PT Field Goal,R. Delgado
27.7,15.666946003243126,3.23,20.9,623.0,0,-74.8,266.7,Above the Break 3,3PT Field Goal,D. Reyes
1.7,33.59552012085298,4.6,4.4,714.0,0,9.3,14.0,Restricted Area,2PT Field Goal,T. Nwosu
10.0,65.51331906828398,3.44,0.6,198.0,1,-90.9,41.4,In The Paint (Non-RA),2PT Field Goal,B. Osei
1.6,43.71555647819922,0.44,5.9,204.0,0,10.9,11.4,Restricted Area,2PT Field Goal,M. Okafor
21.3,21.196106823451736,0.3,8.5,626.0,0,76.9,198.3,Mid-Range,2PT Field Goal,R. Delgado
24.9,26.1329489833352,5.98,0.6,351.0,0,-109.7,223.6,Above the Break 3,3PT Field Goal,J. Carter
1.6,51.44953470384228,4.5,18.4,436.0,1,12.8,10.2,Restricted Area,2PT Field Goal,D. Reyes
0.2,5.710593137499643,8.77,8.2,108.0,0,-0.2,2.0,Restricted Area,2PT Field Goal,J. Carter
25.9,35.68424029742771,3.06,8.0,446.0,0,-151.1,210.4,Above the Break 3,3PT Field Goal,T. Nwosu
15.1,42.40108635809766,6.63,23.1,531.0,1,102.0,111.7,Mid-Range,2PT Field Goal,M. Okafor
2.6,56.430301581627546,4.57,4.1,131.0,1,22.0,14.6,Restricted Area,2PT Field Goal,K. Albrecht
16.2,48.152090698399,5.35,3.6,621.0,1,-120.7,108.1,Mid-Range,2PT Field Goal,B. Osei
9.2,60.62531107714119,4.39,15.5,709.0,1,80.3,45.2,In The Paint (Non-RA),2PT Field Goal,A. Kowalski
24.6,45.131638549566254,6.77,4.0,286.0,1,-174.5,173.7,Above the Break 3,3PT Field Goal,T. Nwosu
2.1,25.47498817886499,5.42,16.1,138.0,1,9.1,19.1,Restricted Area,2PT Field Goal,M. Okafor
27.1,1.1635283149934628,3.14,5.1,430.0,0,-5.5,270.8,Above the Break 3,3PT Field Goal,L. Fitzgerald
21.9,50.49658362195282,3.99,9.1,258.0,0,168.6,139.0,Mid-Range,2PT Field Goal,B. Osei
23.1,66.78837586976292,3.7,20.6,211.0,0,212.2,91.0,Above the Break 3,3PT Field Goal,K. Albrecht
0.9,54.24611274556325,4.41,1.6,119.0,1,-7.5,5.4,Restricted Area,2PT Field Goal,D. Reyes
25.2,6.0815954872845674,4.75,8.5,64.0,0,-26.7,250.6,Above the Break 3,3PT Field Goal,L. Fitzgerald
19.5,49.618668041467934,3.24,5.8,244.0,0,148.5,126.3,Mid-Range,2PT Field Goal,K. Albrecht
11.9,12.919099897857254,2.9,10.9,124.0,0,-26.7,116.4,In The Paint (Non-RA),2PT Field Goal,S. Whitfield
2.0,44.587807258597685,4.21,22.7,666.0,1,-13.8,14.0,Restricted Area,2PT Field Goal,T. Nwosu
22.5,2.2417506631973514,0.3,4.1,193.0,0,-8.8,224.8,Above the Break 3,3PT Field Goal,D. Reyes
26.5,62.02410316924196,5.16,14.1,570.0,1,-234.2,124.4,Above the Break 3,3PT Field Goal,S. Whitfield
4.0,43.884647855430615,5.08,21.1,563.0,1,-27.7,28.8,In The Paint (Non-RA),2PT Field Goal,K. Albrecht
22.5,48.009001230968096,0.3,8.0,111.0,0,167.2,150.5,Above the Break 3,3PT Field Goal,J. Carter
2.5,45.65106038022949,1.71,13.8,250.0,1,17.8,17.4,Restricted Area,2PT Field Goal,J. Carter
10.5,41.56559970891073,4.18,23.7,691.0,0,69.7,78.6,In The Paint (Non-RA),2PT Field Goal,K. Albrecht
23.7,59.861989155160316,0.3,18.6,266.0,0,-204.8,118.9,Above the Break 3,3PT Field Goal,D. Reyes
10.8,20.710848094587572,5.23,10.2,597.0,1,38.3,101.3,In The Paint (Non-RA),2PT Field Goal,B. Osei
1.6,6.141110616876804,6.49,12.6,620.0,1,-1.7,15.8,Restricted Area,2PT Field Goal,L. Fitzgerald
4.0,22.78504548074534,5.31,13.3,273.0,0,15.5,36.9,In The Paint (Non-RA),2PT Field Goal,T. Nwosu
1.1,21.705436746105576,6.39,14.9,46.0,1,-4.1,10.3,Restricted Area,2PT Field Goal,D. Reyes
1.9,27.80145877993413,3.98,20.6,448.0,1,-8.7,16.5,Restricted Area,2PT Field Goal,K. Albrecht
1.4,57.90740867126584,6.19,18.3,588.0,1,11.8,7.4,Restricted Area,2PT Field Goal,B. Osei
1.8,25.839826878018737,5.83,14.1,367.0,0,7.7,15.9,Restricted Area,2PT Field Goal,L. Fitzgerald
2.9,17.87263098295768,3.93,8.5,40.0,1,8.9,27.6,Restricted Area,2PT Field Goal,B. Osei
13.0,1.494715698141048,4.42,22.5,633.0,0,3.4,130.3,In The Paint (Non-RA),2PT Field Goal,A. Kowalski
2.7,27.78792807301526,0.39,20.9,560.0,0,-12.7,24.1,Restricted Area,2PT Field Goal,R. Delgado
26.0,8.170673464193586,1.11,11.5,14.0,1,-36.9,257.0,Above the Break 3,3PT Field Goal,M. Okafor
24.9,53.162314257965775,6.54,2.9,545.0,0,199.3,149.3,Above the Break 3,3PT Field Goal,A. Kowalski
1.2,47.40021446085664,6.61,23.6,623.0,0,8.7,8.0,Restricted Area,2PT Field Goal,J. Carter
21.3,54.44047384297949,2.33,17.9,54.0,1,-173.6,124.1,Mid-Range,2PT Field Goal,R. Delgado
5.2,39.040160889286945,0.69,21.7,305.0,1,32.6,40.2,In The Paint (Non-RA),2PT Field Goal,R. Delgado
1.9,23.039435979903537,0.3,13.1,327.0,0,7.4,17.4,Restricted Area,2PT Field Goal,T. Nwosu
2.1,21.056705590704777,6.87,15.1,223.0,1,7.7,20.0,Restricted Area,2PT Field Goal,A. Kowalski
24.7,24.42095828174649,5.0,10.6,73.0,1,-102.3,225.3,Above the Break 3,3PT Field Goal,J. Carter
4.4,59.865909091658,8.61,2.6,608.0,1,37.9,22.0,In The Paint (Non-RA),2PT Field Goal,L. Fitzgerald
23.8,8.87769168732044,7.14,1.1,452.0,0,36.8,235.6,Above the Break 3,3PT Field Goal,A. Kowalski
1.6,46.81419190902996,8.89,1.2,327.0,1,11.4,10.7,Restricted Area,2PT Field Goal,D. Reyes
17.1,56.72861779152178,6.13,12.6,307.0,1,-142.8,93.7,Mid-Range,2PT Field Goal,D. Reyes
24.7,0.6494789926782358,2.92,17.5,587.0,0,2.8,247.0,Above the Break 3,3PT Field Goal,S. Whitfield
22.5,35.30082184682415,3.43,22.2,158.0,0,-130.0,183.6,Above the Break 3,3PT Field Goal,S. Whitfield
2.0,12.15494169722223,6.77,15.7,0.0,1,-4.2,19.5,Restricted Area,2PT Field Goal,B. Osei
20.1,22.899866528465576,0.92,8.4,617.0,0,-78.4,185.6,Mid-Range,2PT Field Goal,R. Delgado
1.2,7.721825800130975,5.52,3.4,157.0,1,1.6,11.8,Restricted Area,2PT Field Goal,J. Carter
26.1,49.9663732010184,3.25,5.1,229.0,0,-199.5,167.6,Above the Break 3,3PT Field Goal,J. Carter
1.2,7.305759533310827,7.17,0.5,396.0,1,-1.5,11.7,Restricted Area,2PT Field Goal,A. Kowalski
2.1,23.99031596584003,2.92,17.7,199.0,1,-8.5,19.1,Restricted Area,2PT Field Goal,D. Reyes
26.9,24.944803922073955,2.51,10.9,100.0,1,113.4,243.8,Above the Break 3,3PT Field Goal,K. Albrecht
9.3,34.28687697720896,6.41,5.4,626.0,1,-52.5,77.0,In The Paint (Non-RA),2PT Field Goal,R. Delgado
8.5,21.26101785112507,0.3,23.4,334.0,1,-30.7,78.9,In The Paint (Non-RA),2PT Field Goal,M. Okafor
26.8,32.73009155154841,6.66,6.4,678.0,1,-145.0,225.6,Above the Break 3,3PT Field Goal,A. Kowalski
0.8,59.743562836470744,4.88,14.0,164.0,0,7.2,4.2,Restricted Area,2PT Field Goal,S. Whitfield
2.5,54.98940742623669,2.82,4.0,231.0,1,-20.7,14.5,Restricted Area,2PT Field Goal,L. Fitzgerald
13.1,42.45932137838963,5.73,21.1,89.0,0,-88.3,96.5,In The Paint (Non-RA),2PT Field Goal,L. Fitzgerald
1.8,51.04409216224111,3.08,21.4,152.0,0,14.1,11.4,Restricted Area,2PT Field Goal,B. Osei
1.0,16.927513064147043,5.64,15.5,70.0,0,-2.8,9.2,Restricted Area,2PT Field Goal,D. Reyes
19.7,34.00487633336889,4.41,7.6,161.0,0,110.1,163.2,Mid-Range,2PT Field Goal,M. Okafor
25.4,57.20930177582733,5.95,10.5,578.0,1,-213.9,137.8,Above the Break 3,3PT Field Goal,S. Whitfield
20.0,48.778962165623746,2.0,17.7,239.0,0,-150.1,131.5,Mid-Range,2PT Field Goal,L. Fitzgerald
17.8,14.036243467926479,2.64,5.6,253.0,0,43.2,172.8,Mid-Range,2PT Field Goal,D. Reyes
1.3,45.30639162227071,8.45,20.6,639.0,1,-9.4,9.3,Restricted Area,2PT Field Goal,T. Nwosu
16.3,35.109770757595946,4.91,23.8,233.0,0,-94.0,133.7,Mid-Range,2PT Field Goal,K. Albrecht
27.6,18.389012461605194,3.78,8.8,369.0,1,-87.1,262.0,Above the Break 3,3PT Field Goal,L. Fitzgerald
16.9,16.806326893702725,2.11,13.0,11.0,0,48.9,161.9,Mid-Range,2PT Field Goal,L. Fitzgerald
26.3,45.508392337290104,2.99,18.5,223.0,0,-187.6,184.3,Above the Break 3,3PT Field Goal,L. Fitzgerald
15.1,59.133563801543715,4.74,4.8,515.0,0,-130.0,77.7,Mid-Range,2PT Field Goal,A. Kowalski
1.5,14.881529703140547,1.4,15.9,452.0,1,-3.8,14.3,Restricted Area,2PT Field Goal,M. Okafor
14.6,23.74375831833388,4.09,20.9,635.0,1,58.9,133.9,Mid-Range,2PT Field Goal,M. Okafor
7.1,41.7947840689865,3.6,21.6,143.0,1,47.2,52.8,In The Paint (Non-RA),2PT Field Goal,A. Kowalski
1.9,9.004779125277297,0.3,22.4,221.0,0,2.9,18.3,Restricted Area,2PT Field Goal,D. Reyes
17.0,24.143426007268282,4.21,21.5,40.0,1,-69.7,155.5,Mid-Range,2PT Field Goal,K. Albrecht
27.2,57.89619743532691,7.01,0.2,488.0,0,230.0,144.3,Above the Break 3,3PT Field Goal,M. Okafor
2.2,25.38386226375135,3.19,20.5,316.0,1,-9.3,19.6,Restricted Area,2PT Field Goal,K. Albrecht
20.9,36.40297209979047,3.7,20.0,575.0,0,123.8,167.9,Mid-Range,2PT Field Goal,B. Osei
26.2,35.54785466211835,4.79,4.7,168.0,0,152.2,213.0,Above the Break 3,3PT Field Goal,R. Delgado
10.8,21.87059531723971,2.8,17.4,422.0,0,40.1,99.9,In The Paint (Non-RA),2PT Field Goal,K. Albrecht
1.8,4.15385308695119,0.3,4.4,593.0,1,1.3,17.9,Restricted Area,2PT Field Goal,B. Osei
1.0,39.447028966963195,4.26,14.8,99.0,1,-6.5,7.9,Restricted Area,2PT Field Goal,L. Fitzgerald
16.6,9.196332254312903,3.16,4.2,143.0,0,26.6,164.3,Mid-Range,2PT Field Goal,K. Albrecht
18.5,66.74851983768984,2.7,9.5,608.0,1,-169.9,73.0,Mid-Range,2PT Field Goal,T. Nwosu
20.6,61.23187241119994,7.39,21.3,392.0,0,180.5,99.1,Mid-Range,2PT Field Goal,J. Carter
3.7,3.4027697710617564,4.44,19.2,668.0,1,2.2,37.0,Restricted Area,2PT Field Goal,S. Whitfield
25.6,2.870240469803462,2.47,14.3,554.0,0,-12.8,255.3,Above the Break 3,3PT Field Goal,D. Reyes
24.2,61.14772365530247,2.6,13.3,336.0,1,212.0,116.8,Above the Break 3,3PT Field Goal,B. Osei
3.1,48.27422176348542,7.86,24.0,121.0,1,23.1,20.6,Restricted Area,2PT Field Goal,T. Nwosu
2.2,27.746240090404626,6.06,0.6,461.0,1,-10.1,19.2,Restricted Area,2PT Field Goal,B. Osei
3.1,59.03624346792648,0.3,11.4,453.0,1,27.0,16.2,Restricted Area,2PT Field Goal,B. Osei
22.5,56.126292783900446,5.58,19.6,245.0,1,186.8,125.4,Above the Break 3,3PT Field Goal,T. Nwosu
26.6,45.076130408974564,3.04,1.2,297.0,0,-188.4,187.9,Above the Break 3,3PT Field Goal,K. Albrecht
2.4,9.501193151528149,2.84,1.1,369.0,1,-4.0,23.9,Restricted Area,2PT Field Goal,J. Carter
1.7,15.400170999529397,6.78,22.8,362.0,1,-4.6,16.7,Restricted Area,2PT Field Goal,J. Carter
2.1,7.789285477961687,5.84,23.6,654.0,1,2.9,21.2,Restricted Area,2PT Field Goal,M. Okafor
11.0,20.68457949491151,2.23,23.1,129.0,0,38.7,102.5,In The Paint (Non-RA),2PT Field Goal,L. Fitzgerald
25.3,12.965778060029951,4.15,2.7,25.0,0,-56.8,246.7,Above the Break 3,3PT Field Goal,B. Osei
4.0,22.200769511751464,5.66,8.4,456.0,1,15.1,37.0,In The Paint (Non-RA),2PT Field Goal,D. Reyes
3.2,16.561720874897166,3.91,8.3,462.0,1,9.1,30.6,Restricted Area,2PT Field Goal,M. Okafor
6.4,0.0,5.14,11.7,167.0,1,0.0,63.9,In The Paint (Non-RA),2PT Field Goal,L. Fitzgerald
14.8,64.28102752266112,2.58,23.6,688.0,1,-133.7,64.4,Mid-Range,2PT Field Goal,T. Nwosu
28.9,32.17338090729742,7.17,5.8,314.0,0,-154.0,244.8,Above the Break 3,3PT Field Goal,K. Albrecht
4.1,16.658904569563273,7.54,8.3,502.0,0,-11.7,39.1,In The Paint (Non-RA),2PT Field Goal,J. Carter
3.3,29.242682675889302,2.67,15.2,75.0,1,15.9,28.4,Restricted Area,2PT Field Goal,A. Kowalski
1.6,18.895145990900705,0.91,19.5,50.0,1,-5.1,14.9,Restricted Area,2PT Field Goal,K. Albrecht
22.5,33.471139814799315,3.1,4.7,474.0,0,-124.1,187.7,Above the Break 3,3PT Field Goal,R. Delgado
27.0,62.37016479720463,6.19,22.7,428.0,0,-238.8,125.0,Above the Break 3,3PT Field Goal,S. Whitfield
2.7,28.343270558732645,4.67,22.4,372.0,0,13.0,24.1,Restricted Area,2PT Field Goal,M. Okafor
23.9,17.721823139438623,4.06,15.3,438.0,0,-72.7,227.5,Above the Break 3,3PT Field Goal,A. Kowalski
4.0,3.442215285897377,4.61,5.8,65.0,1,2.4,39.9,In The Paint (Non-RA),2PT Field Goal,D. Reyes
25.5,51.480562089220456,0.78,15.9,1.0,0,199.5,158.8,Above the Break 3,3PT Field Goal,L. Fitzgerald
2.5,21.507802644518858,4.09,19.9,2.0,1,9.3,23.6,Restricted Area,2PT Field Goal,K. Albrecht
24.0,34.657384400572134,3.95,8.2,152.0,1,-136.4,197.3,Above the Break 3,3PT Field Goal,K. Albrecht
3.3,29.917783916599948,2.73,3.5,636.0,1,-16.4,28.5,Restricted Area,2PT Field Goal,D. Reyes
8.2,16.752866847736975,6.02,3.7,678.0,0,23.6,78.4,In The Paint (Non-RA),2PT Field Goal,T. Nwosu
17.0,44.78505227325681,2.68,14.3,264.0,1,119.5,120.4,Mid-Range,2PT Field Goal,D. Reyes
6.0,43.382666518992764,2.71,17.6,374.0,1,-41.3,43.7,In The Paint (Non-RA),2PT Field Goal,A. Kowalski
3.5,11.213529122177707,5.81,1.2,160.0,0,-6.8,34.3,Restricted Area,2PT Field Goal,A. Kowalski
2.8,39.91074909163108,5.65,4.7,533.0,0,-17.9,21.4,Restricted Area,2PT Field Goal,B. Osei
3.9,51.82612975891954,4.36,4.5,517.0,1,-30.4,23.9,Restricted Area,2PT Field Goal,K. Albrecht
2.3,26.23193993315662,4.73,5.3,266.0,0,10.2,20.7,Restricted Area,2PT Field Goal,T. Nwosu
2.6,13.027432240512269,5.09,15.2,256.0,0,-5.9,25.5,Restricted Area,2PT Field Goal,R. Delgado
1.3,11.911215431971595,4.97,8.8,293.0,1,-2.7,12.8,Restricted Area,2PT Field Goal,M. Okafor
5.9,46.57780814177422,1.93,0.8,234.0,1,42.9,40.6,In The Paint (Non-RA),2PT Field Goal,S. Whitfield
4.0,66.1247191460725,6.12,0.8,632.0,1,-36.6,16.2,In The Paint (Non-RA),2PT Field Goal,M. Okafor
17.0,36.92394387861791,8.84,13.6,566.0,0,-101.9,135.6,Mid-Range,2PT Field Goal,A. Kowalski
2.4,60.642246457208735,5.08,16.1,451.0,1,-20.8,11.7,Restricted Area,2PT Field Goal,S. Whitfield
2.2,65.44657691657048,3.59,19.8,195.0,0,-19.7,9.0,Restricted Area,2PT Field Goal,J. Carter
3.7,4.0856167799748775,6.91,3.2,380.0,1,2.6,36.4,Restricted Area,2PT Field Goal,K. Albrecht
26.1,24.031579075092104,5.65,20.9,363.0,1,-106.3,238.4,Above the Break 3,3PT Field Goal,L. Fitzgerald
1.5,24.476161510870988,2.46,23.8,210.0,1,6.1,13.4,Restricted Area,2PT Field Goal,R. Delgado
8.6,41.8436763754034,3.97,10.7,604.0,0,-57.4,64.1,In The Paint (Non-RA),2PT Field Goal,L. Fitzgerald
25.5,50.38751792210402,2.87,6.3,460.0,0,-196.1,162.3,Above the Break 3,3PT Field Goal,T. Nwosu
5.8,31.879596847022743,6.57,10.1,133.0,0,30.6,49.2,In The Paint (Non-RA),2PT Field Goal,D. Reyes
27.0,61.06282622918672,1.17,2.1,565.0,0,-236.4,130.7,Above the Break 3,3PT Field Goal,B. Osei
25.8,6.9346472903679865,7.09,19.4,126.0,0,31.1,255.7,Above the Break 3,3PT Field Goal,B. Osei
2.0,60.78075330951538,2.63,1.7,174.0,1,-17.7,9.9,Restricted Area,2PT Field Goal,K. Albrecht
26.3,59.0325120593018,4.89,16.5,323.0,0,225.8,135.5,Above the Break 3,3PT Field Goal,J. Carter
1.1,53.334364517357834,3.19,13.7,443.0,0,9.0,6.7,Restricted Area,2PT Field Goal,S. Whitfield
2.1,60.324108169431234,5.08,21.4,650.0,0,-17.9,10.2,Restricted Area,2PT Field Goal,D. Reyes
9.6,60.20329413305976,6.88,12.1,364.0,1,83.3,47.7,In The Paint (Non-RA),2PT Field Goal,K. Albrecht
19.7,7.496616534278259,5.65,10.6,23.0,0,25.7,195.3,Mid-Range,2PT Field Goal,J. Carter
27.7,32.571151595412594,1.39,23.7,147.0,1,149.1,233.4,Above the Break 3,3PT Field Goal,S. Whitfield
1.6,46.53434149970077,3.6,12.3,64.0,1,11.5,10.9,Restricted Area,2PT Field Goal,A. Kowalski
26.4,6.39532761980755,4.51,5.5,627.0,0,-29.4,262.3,Above the Break 3,3PT Field Goal,A. Kowalski
10.2,5.704981955506703,8.54,20.3,623.0,1,-10.1,101.1,In The Paint (Non-RA),2PT Field Goal,S. Whitfield
2.7,22.520565602896884,3.01,8.7,392.0,1,-10.2,24.6,Restricted Area,2PT Field Goal,B. Osei
25.3,15.487711929474434,3.27,9.7,389.0,1,67.5,243.6,Above the Break 3,3PT Field Goal,J. Carter
21.2,63.72456276499494,2.41,12.8,26.0,0,-190.4,94.0,Mid-Range,2PT Field Goal,A. Kowalski
1.9,25.071897409535378,4.08,6.4,96.0,0,8.0,17.1,Restricted Area,2PT Field Goal,M. Okafor
27.6,31.62516055473109,5.72,16.3,690.0,0,144.9,235.3,Above the Break 3,3PT Field Goal,L. Fitzgerald
1.3,26.18180753144324,1.91,17.5,637.0,0,5.9,12.0,Restricted Area,2PT Field Goal,J. Carter
1.7,16.178683616279667,7.44,8.5,629.0,0,4.7,16.2,Restricted Area,2PT Field Goal,J. Carter
1.9,24.26904452717341,7.11,11.1,522.0,1,-7.8,17.3,Restricted Area,2PT Field Goal,D. Reyes
25.3,24.783045615624072,6.06,19.1,411.0,1,106.1,229.8,Above the Break 3,3PT Field Goal,A. Kowalski
1.4,15.672820509543197,5.64,2.1,587.0,0,-3.9,13.9,Restricted Area,2PT Field Goal,J. Carter
26.2,19.45822588889835,9.85,20.9,200.0,1,87.3,247.1,Above the Break 3,3PT Field Goal,D. Reyes
14.1,33.7804571642843,1.75,2.1,50.0,0,-78.2,116.9,Mid-Range,2PT Field Goal,J. Carter
3.1,31.90810693565316,2.93,22.7,108.0,1,-16.5,26.5,Restricted Area,2PT Field Goal,R. Delgado
18.4,20.53777954195911,9.18,9.6,572.0,1,64.4,171.9,Mid-Range,2PT Field Goal,L. Fitzgerald
8.7,44.581110618939405,1.37,22.3,519.0,0,-61.1,62.0,In The Paint (Non-RA),2PT Field Goal,R. Delgado
14.0,45.433393999668546,4.93,20.2,113.0,1,99.9,98.4,Mid-Range,2PT Field Goal,K. Albrecht
25.0,43.555329078057476,3.8,6.5,481.0,1,172.0,180.9,Above the Break 3,3PT Field Goal,S. Whitfield
16.4,7.107689433420899,2.04,6.3,249.0,0,20.3,162.8,Mid-Range,2PT Field Goal,R. Delgado
24.4,32.70556641896839,2.01,20.7,682.0,1,-131.7,205.1,Above the Break 3,3PT Field Goal,L. Fitzgerald
2.8,21.271608924047463,3.7,8.5,174.0,1,-10.2,26.2,Restricted Area,2PT Field Goal,K. Albrecht
22.5,47.81024949923194,4.83,10.5,671.0,0,-166.7,151.1,Above the Break 3,3PT Field Goal,M. Okafor
9.6,33.40993508696424,5.34,6.7,682.0,1,53.1,80.5,In The Paint (Non-RA),2PT Field Goal,A. Kowalski
26.7,62.03355545571625,5.57,22.9,334.0,1,235.8,125.2,Above the Break 3,3PT Field Goal,B. Osei
23.5,52.005463513512225,4.36,15.3,117.0,0,-185.5,144.9,Above the Break 3,3PT Field Goal,B. Osei
26.8,58.21018405412417,4.27,2.0,563.0,0,-227.5,141.0,Above the Break 3,3PT Field Goal,B. Osei
2.2,8.864623388410795,5.61,3.1,667.0,0,-3.4,21.8,Restricted Area,2PT Field Goal,J. Carter
6.0,64.12057987290952,2.73,0.5,715.0,0,53.8,26.1,In The Paint (Non-RA),2PT Field Goal,J. Carter
28.6,39.80813615379874,1.13,5.5,646.0,0,-183.1,219.7,Above the Break 3,3PT Field Goal,K. Albrecht
23.3,40.1336389196542,6.14,23.4,225.0,0,-149.9,177.8,Above the Break 3,3PT Field Goal,L. Fitzgerald
0.7,13.392497753751098,0.3,7.2,115.0,1,-1.5,6.3,Restricted Area,2PT Field Goal,D. Reyes
27.0,22.415902363709368,5.49,9.0,360.0,1,-103.0,249.7,Above the Break 3,3PT Field Goal,A. Kowalski
9.8,31.84980691097276,7.15,3.5,159.0,1,-51.5,82.9,In The Paint (Non-RA),2PT Field Goal,K. Albrecht
2.6,10.071066958849883,1.31,13.9,683.0,1,4.6,25.9,Restricted Area,2PT Field Goal,R. Delgado
25.3,53.29286117324575,0.3,12.0,353.0,0,-203.2,151.5,Above the Break 3,3PT Field Goal,T. Nwosu
12.5,55.790343320403586,2.22,11.2,198.0,0,-103.7,70.5,In The Paint (Non-RA),2PT Field Goal,K. Albrecht
12.5,1.0558123106577484,4.91,16.6,464.0,0,-2.3,124.8,In The Paint (Non-RA),2PT Field Goal,A. Kowalski
5.1,60.92358555575893,1.96,3.7,71.0,0,44.6,24.8,In The Paint (Non-RA),2PT Field Goal,L. Fitzgerald
7.2,41.305012091159995,6.58,21.6,668.0,1,-47.8,54.4,In The Paint (Non-RA),2PT Field Goal,L. Fitzgerald
0.5,36.86989764584402,5.68,11.3,216.0,1,-3.3,4.4,Restricted Area,2PT Field Goal,M. Okafor
2.2,37.22671728244876,1.91,20.7,585.0,0,-13.6,17.9,Restricted Area,2PT Field Goal,L. Fitzgerald
26.3,56.52753329113979,5.97,21.8,3.0,0,-219.3,145.0,Above the Break 3,3PT Field Goal,D. Reyes
17.2,54.702376103420605,0.86,18.1,120.0,0,-140.4,99.4,Mid-Range,2PT Field Goal,M. Okafor
16.2,24.624900507797904,3.14,0.5,192.0,1,-67.7,147.7,Mid-Range,2PT Field Goal,S. Whitfield
23.5,29.121006462823296,4.72,21.5,700.0,0,-114.2,205.0,Above the Break 3,3PT Field Goal,B. Osei
2.1,11.902812135069567,7.27,19.6,269.0,1,4.3,20.4,Restricted Area,2PT Field Goal,D. Reyes
1.3,45.8998597149044,6.03,19.9,282.0,1,-9.7,9.4,Restricted Area,2PT Field Goal,D. Reyes
1.1,55.71312302279104,7.67,4.7,27.0,1,8.8,6.0,Restricted Area,2PT Field Goal,A. Kowalski
1.2,9.385518260043069,0.83,21.5,675.0,1,2.0,12.1,Restricted Area,2PT Field Goal,T. Nwosu
25.6,41.289229068051895,11.64,9.6,572.0,1,168.7,192.1,Above the Break 3,3PT Field Goal,L. Fitzgerald
4.0,50.78111718428059,2.15,3.0,173.0,1,-31.0,25.3,In The Paint (Non-RA),2PT Field Goal,D. Reyes
1.7,43.12212255271464,4.84,6.4,531.0,1,11.8,12.6,Restricted Area,2PT Field Goal,A. Kowalski
17.3,12.55035692628114,7.82,8.8,712.0,0,-37.6,168.9,Mid-Range,2PT Field Goal,T. Nwosu
1.8,22.98871680208064,5.39,20.1,381.0,1,-7.0,16.5,Restricted Area,2PT Field Goal,S. Whitfield
3.1,51.453986590353374,6.99,0.4,682.0,1,24.6,19.6,Restricted Area,2PT Field Goal,B. Osei
16.9,8.134899790259068,1.35,6.6,192.0,1,-23.9,167.2,Mid-Range,2PT Field Goal,S. Whitfield
25.8,28.096021324361804,1.58,6.1,116.0,1,-121.4,227.4,Above the Break 3,3PT Field Goal,M. Okafor
2.5,13.539949801970968,3.16,22.9,459.0,0,-5.9,24.5,Restricted Area,2PT Field Goal,L. Fitzgerald
18.0,12.290479641555203,2.88,6.2,583.0,0,38.3,175.8,Mid-Range,2PT Field Goal,B. Osei
3.3,35.00641974073177,4.45,14.4,38.0,1,-18.7,26.7,Restricted Area,2PT Field Goal,S. Whitfield
11.2,0.35905569055904807,3.44,15.2,66.0,1,0.7,111.7,In The Paint (Non-RA),2PT Field Goal,L. Fitzgerald
16.0,23.37722790835581,1.49,10.8,547.0,0,-63.5,146.9,Mid-Range,2PT Field Goal,S. Whitfield
0.6,50.314545669944756,4.71,23.6,80.0,0,-4.7,3.9,Restricted Area,2PT Field Goal,K. Albrecht
0.8,63.76806006684338,0.93,16.5,264.0,0,-6.9,3.4,Restricted Area,2PT Field Goal,K. Albrecht
17.1,43.98246199997379,2.57,2.8,419.0,0,118.9,123.2,Mid-Range,2PT Field Goal,L. Fitzgerald
15.8,54.09027692082232,4.93,18.6,57.0,1,127.6,92.4,Mid-Range,2PT Field Goal,K. Albrecht
4.0,29.318766219254247,2.1,17.4,443.0,0,-19.6,34.9,In The Paint (Non-RA),2PT Field Goal,M. Okafor
28.0,35.861648479233125,4.14,4.7,241.0,0,163.8,226.6,Above the Break 3,3PT Field Goal,T. Nwosu
2.0,12.497532723440495,5.71,8.4,105.0,1,-4.3,19.4,Restricted Area,2PT Field Goal,D. Reyes
29.0,20.315589786542372,7.64,23.4,508.0,1,-100.7,272.0,Above the Break 3,3PT Field Goal,L. Fitzgerald
1.7,28.988822521191544,6.98,2.8,141.0,1,-8.2,14.8,Restricted Area,2PT Field Goal,J. Carter
2.2,23.096821918160842,6.25,12.3,90.0,1,-8.7,20.4,Restricted Area,2PT Field Goal,B. Osei
3.2,19.859923095437438,5.34,6.8,331.0,0,-10.8,29.9,Restricted Area,2PT Field Goal,A. Kowalski
26.1,51.92058229561117,1.27,23.8,596.0,1,-205.1,160.7,Above the Break 3,3PT Field Goal,A. Kowalski
0.7,43.75463573323166,2.2,18.5,100.0,0,4.5,4.7,Restricted Area,2PT Field Goal,B. Osei
17.4,10.319605814012233,2.16,4.5,258.0,0,-31.1,170.8,Mid-Range,2PT Field Goal,T. Nwosu
24.9,41.77501955101578,2.92,12.8,659.0,0,-165.8,185.6,Above the Break 3,3PT Field Goal,L. Fitzgerald
29.0,11.960904797391958,3.87,22.4,35.0,0,-60.1,283.7,Above the Break 3,3PT Field Goal,M. Okafor
2.4,3.1529370077753134,1.96,11.5,217.0,1,-1.3,23.6,Restricted Area,2PT Field Goal,J. Carter
19.7,33.97286769493929,3.17,4.4,43.0,0,109.9,163.1,Mid-Range,2PT Field Goal,L. Fitzgerald
14.2,45.96716557708781,6.77,19.9,387.0,1,-102.4,99.0,Mid-Range,2PT Field Goal,S. Whitfield
25.3,0.06785916232497737,3.16,15.5,502.0,0,-0.3,253.3,Above the Break 3,3PT Field Goal,L. Fitzgerald
2.0,35.83765295427829,0.3,3.2,429.0,1,11.7,16.2,Restricted Area,2PT Field Goal,R. Delgado
2.8,42.69789170756338,3.52,10.3,543.0,1,19.1,20.7,Restricted Area,2PT Field Goal,K. Albrecht
2.2,47.53676173815999,3.84,20.0,334.0,0,-16.5,15.1,Restricted Area,2PT Field Goal,T. Nwosu
1.4,18.563127086745546,3.34,12.7,236.0,0,-4.5,13.4,Restricted Area,2PT Field Goal,D. Reyes
22.0,27.520669212283135,9.15,23.2,113.0,0,101.6,195.0,Mid-Range,2PT Field Goal,S. Whitfield
1.0,21.80140948635181,6.34,20.5,210.0,1,-3.8,9.5,Restricted Area,2PT Field Goal,A. Kowalski
0.2,20.224859431168078,8.12,7.6,303.0,0,0.7,1.9,Restricted Area,2PT Field Goal,M. Okafor
3.2,32.33212513793737,2.75,15.7,234.0,1,-16.9,26.7,Restricted Area,2PT Field Goal,B. Osei
0.3,23.428692808745403,5.94,4.3,237.0,1,-1.3,3.0,Restricted Area,2PT Field Goal,T. Nwosu
1.6,57.83881627990081,4.75,7.3,447.0,1,-13.2,8.3,Restricted Area,2PT Field Goal,M. Okafor
25.4,19.44003482817619,3.97,8.4,222.0,0,84.6,239.7,Above the Break 3,3PT Field Goal,A. Kowalski
9.9,28.065681403219195,2.23,21.9,142.0,1,-46.6,87.4,In The Paint (Non-RA),2PT Field Goal,R. Delgado
4.0,56.22963010261532,4.67,1.9,178.0,1,-32.9,22.0,Restricted Area,2PT Field Goal,M. Okafor
25.7,32.32923163625293,0.3,17.4,143.0,0,-137.4,217.1,Above the Break 3,3PT Field Goal,K. Albrecht
1.5,43.69210439833621,6.39,10.9,428.0,1,-10.7,11.2,Restricted Area,2PT Field Goal,D. Reyes
2.7,17.17953291703492,10.63,0.9,188.0,0,-8.1,26.2,Restricted Area,2PT Field Goal,R. Delgado
26.3,61.80838453866432,7.62,16.8,293.0,1,231.9,124.3,Above the Break 3,3PT Field Goal,J. Carter
26.7,56.96984222831935,0.3,1.7,75.0,0,224.1,145.7,Above the Break 3,3PT Field Goal,S. Whitfield
15.2,46.01350676414023,4.61,19.4,684.0,1,109.3,105.5,Mid-Range,2PT Field Goal,J. Carter
1.8,40.91438322002512,2.41,11.5,10.0,0,11.7,13.5,Restricted Area,2PT Field Goal,A. Kowalski
2.8,55.18992306246332,2.73,5.6,357.0,1,23.3,16.2,Restricted Area,2PT Field Goal,B. Osei
2.1,45.0,3.53,18.1,419.0,0,-14.6,14.6,Restricted Area,2PT Field Goal,B. Osei
1.4,0.3978809618345933,6.88,8.7,251.0,1,-0.1,14.4,Restricted Area,2PT Field Goal,M. Okafor
3.6,38.784364100297346,5.85,9.0,439.0,1,22.5,28.0,Restricted Area,2PT Field Goal,S. Whitfield
1.7,59.71965971749325,2.2,12.9,34.0,0,14.9,8.7,Restricted Area,2PT Field Goal,K. Albrecht
20.3,15.07476519996737,5.45,5.6,100.0,1,52.9,196.4,Mid-Range,2PT Field Goal,J. Carter
0.5,50.042451069170916,4.51,8.2,606.0,0,-3.7,3.1,Restricted Area,2PT Field Goal,K. Albrecht
1.7,20.637546984687816,8.88,23.2,582.0,1,-5.8,15.4,Restricted Area,2PT Field Goal,L. Fitzgerald
24.5,42.38993933143738,0.74,5.5,19.0,0,-165.4,181.2,Above the Break 3,3PT Field Goal,T. Nwosu
2.7,36.26544312102379,3.88,12.6,467.0,1,15.7,21.4,Restricted Area,2PT Field Goal,K. Albrecht
0.7,41.18592516570965,1.95,16.8,282.0,1,4.9,5.6,Restricted Area,2PT Field Goal,T. Nwosu
2.9,14.178064414706903,4.07,3.7,278.0,1,-7.2,28.5,Restricted Area,2PT Field Goal,T. Nwosu
25.3,67.90037457561645,0.3,8.1,428.0,0,-234.7,95.3,Above the Break 3,3PT Field Goal,L. Fitzgerald
16.3,57.57733145925347,1.99,9.1,480.0,0,137.6,87.4,Mid-Range,2PT Field Goal,B. Osei
14.6,51.65948760834346,3.89,10.8,25.0,1,114.3,90.4,Mid-Range,2PT Field Goal,K. Albrecht
20.3,58.407282807164776,2.75,9.7,667.0,1,173.0,106.4,Mid-Range,2PT Field Goal,J. Carter
2.9,33.526521501516896,2.09,12.3,203.0,1,16.1,24.3,Restricted Area,2PT Field Goal,K. Albrecht
4.0,66.57568860743578,3.85,1.0,517.0,0,36.7,15.9,In The Paint (Non-RA),2PT Field Goal,R. Delgado
18.5,30.85765335796731,2.83,21.9,561.0,0,-95.0,159.0,Mid-Range,2PT Field Goal,D. Reyes
28.7,50.83263914975347,1.98,5.1,440.0,1,-222.8,181.5,Above the Break 3,3PT Field Goal,J. Carter
28.3,45.30102584409637,3.56,4.9,639.0,0,200.9,198.8,Above the Break 3,3PT Field Goal,R. Delgado
16.1,42.73552945839651,4.19,21.7,539.0,0,109.3,118.3,Mid-Range,2PT Field Goal,K. Albrecht
7.9,31.75063404821285,4.89,15.3,222.0,1,-41.4,66.9,In The Paint (Non-RA),2PT Field Goal,D. Reyes
1.3,13.495733280795811,0.3,1.5,39.0,1,3.0,12.5,Restricted Area,2PT Field Goal,B. Osei
26.3,55.3848145372502,3.18,6.3,62.0,0,-216.3,149.3,Above the Break 3,3PT Field Goal,A. Kowalski
2.8,47.90592099965335,6.85,23.5,408.0,1,-20.7,18.7,Restricted Area,2PT Field Goal,K. Albrecht
0.2,63.43494882292201,0.79,12.1,170.0,1,1.8,0.9,Restricted Area,2PT Field Goal,B. Osei
17.0,50.620684075953314,4.42,14.6,72.0,1,131.7,108.1,Mid-Range,2PT Field Goal,M. Okafor
26.0,44.42316402262599,2.99,5.3,642.0,0,-181.9,185.6,Above the Break 3,3PT Field Goal,J. Carter
25.1,20.79357527190105,6.63,17.5,275.0,0,89.2,234.9,Above the Break 3,3PT Field Goal,J. Carter
12.3,28.68460972100038,6.96,20.0,290.0,0,59.2,108.2,In The Paint (Non-RA),2PT Field Goal,K. Albrecht
1.5,4.0856167799748775,4.74,20.7,141.0,0,1.1,15.4,Restricted Area,2PT Field Goal,M. Okafor
2.2,0.2664900760584054,2.96,10.0,402.0,1,0.1,21.5,Restricted Area,2PT Field Goal,T. Nwosu
27.3,24.59173601115117,0.47,12.8,612.0,0,113.5,248.0,Above the Break 3,3PT Field Goal,R. Delgado
24.6,64.37073133442527,2.9,15.2,665.0,0,-222.2,106.6,Above the Break 3,3PT Field Goal,D. Reyes
2.5,63.12746100834423,2.18,19.5,523.0,1,22.3,11.3,Restricted Area,2PT Field Goal,B. Osei
25.7,14.90560374832109,4.21,8.3,256.0,1,66.2,248.7,Above the Break 3,3PT Field Goal,L. Fitzgerald
13.0,3.0988345979121585,7.7,23.6,120.0,1,-7.0,129.3,In The Paint (Non-RA),2PT Field Goal,T. Nwosu
2.0,29.81699677744187,8.51,22.6,464.0,1,-9.8,17.1,Restricted Area,2PT Field Goal,T. Nwosu
9.6,30.830962130225245,4.83,7.7,22.0,1,-49.3,82.6,In The Paint (Non-RA),2PT Field Goal,A. Kowalski
1.9,15.986292239097596,4.42,2.6,278.0,0,5.3,18.5,Restricted Area,2PT Field Goal,A. Kowalski
6.5,41.81670936316751,3.83,0.2,450.0,1,-43.3,48.4,In The Paint (Non-RA),2PT Field Goal,T. Nwosu
1.3,27.336664855814004,4.82,7.1,265.0,1,6.1,11.8,Restricted Area,2PT Field Goal,J. Carter
24.7,56.35488544132542,3.66,20.3,389.0,1,-206.0,137.1,Above the Break 3,3PT Field Goal,M. Okafor
13.6,15.454317751974509,8.17,6.4,644.0,0,-36.3,131.3,In The Paint (Non-RA),2PT Field Goal,T. Nwosu
24.5,29.541499566687175,2.41,2.5,634.0,0,-120.6,212.8,Above the Break 3,3PT Field Goal,J. Carter
25.6,67.72460140915648,4.4,0.1,339.0,0,-236.8,97.0,Above the Break 3,3PT Field Goal,T. Nwosu
1.5,26.56505117707799,2.72,9.1,282.0,0,6.8,13.6,Restricted Area,2PT Field Goal,J. Carter
2.4,52.84170321510307,6.31,7.8,241.0,1,19.0,14.4,Restricted Area,2PT Field Goal,R. Delgado
25.5,15.211823143898322,8.29,2.6,713.0,1,-67.0,246.4,Above the Break 3,3PT Field Goal,T. Nwosu
8.8,35.242614323450425,5.67,15.6,397.0,0,-50.8,71.9,In The Paint (Non-RA),2PT Field Goal,J. Carter
2.7,21.28381054863287,4.6,10.2,636.0,1,9.7,24.9,Restricted Area,2PT Field Goal,D. Reyes
2.8,52.6333305872313,4.27,13.5,546.0,1,-22.0,16.8,Restricted Area,2PT Field Goal,M. Okafor
24.5,47.79230001618755,5.48,23.7,65.0,0,181.7,164.8,Above the Break 3,3PT Field Goal,J. Carter
20.9,0.7671860105149685,3.08,18.3,358.0,1,2.8,209.1,Mid-Range,2PT Field Goal,M. Okafor
3.2,24.548427302454893,7.95,8.2,590.0,1,13.2,28.9,Restricted Area,2PT Field Goal,R. Delgado
7.5,26.32474674034252,8.22,14.6,244.0,1,-33.1,66.9,In The Paint (Non-RA),2PT Field Goal,S. Whitfield
5.3,3.6983843716018976,6.48,4.5,28.0,1,3.4,52.6,In The Paint (Non-RA),2PT Field Goal,B. Osei
13.4,8.999251045839284,6.05,19.4,647.0,0,21.0,132.6,In The Paint (Non-RA),2PT Field Goal,S. Whitfield
25.4,16.481144291267274,3.25,0.6,282.0,0,72.1,243.7,Above the Break 3,3PT Field Goal,L. Fitzgerald
25.6,39.556672032919785,8.37,1.0,627.0,1,163.3,197.7,Above the Break 3,3PT Field Goal,L. Fitzgerald
3.4,9.296328139816616,1.01,4.7,524.0,1,-5.5,33.6,Restricted Area,2PT Field Goal,M. Okafor
0.2,8.530765609948133,2.53,22.2,44.0,1,-0.3,2.0,Restricted Area,2PT Field Goal,K. Albrecht
10.9,9.764557879888413,9.05,22.6,361.0,1,-18.5,107.5,In The Paint (Non-RA),2PT Field Goal,K. Albrecht
24.7,62.61604917232282,3.25,10.1,103.0,0,-219.5,113.7,Above the Break 3,3PT Field Goal,T. Nwosu
19.7,17.587003702222077,2.33,10.2,696.0,0,-59.4,187.4,Mid-Range,2PT Field Goal,K. Albrecht
24.4,58.09414901093577,0.41,14.9,78.0,0,207.2,129.0,Above the Break 3,3PT Field Goal,R. Delgado
16.2,24.496541142931896,6.58,11.3,251.0,0,67.3,147.7,Mid-Range,2PT Field Goal,K. Albrecht
1.4,17.04393393631568,6.93,13.4,284.0,1,-4.2,13.7,Restricted Area,2PT Field Goal,S. Whitfield
25.3,43.43020655719991,4.69,14.3,707.0,0,173.9,183.7,Above the Break 3,3PT Field Goal,S. Whitfield
1.8,30.591365808644913,0.49,11.1,616.0,0,-9.4,15.9,Restricted Area,2PT Field Goal,T. Nwosu
15.9,11.394773151666543,4.02,4.3,538.0,0,-31.4,155.8,Mid-Range,2PT Field Goal,D. Reyes
1.3,28.75236842721435,2.42,23.3,201.0,0,-6.2,11.3,Restricted Area,2PT Field Goal,J. Carter
4.7,12.502428438679734,6.29,9.8,116.0,1,-10.2,46.0,In The Paint (Non-RA),2PT Field Goal,D. Reyes
26.7,49.01974593788458,7.58,5.6,238.0,0,-201.8,175.3,Above the Break 3,3PT Field Goal,B. Osei
18.5,9.945283178569746,5.24,5.8,436.0,1,32.0,182.5,Mid-Range,2PT Field Goal,B. Osei
3.2,48.88063975294875,5.21,6.6,176.0,1,-24.4,21.3,Restricted Area,2PT Field Goal,B. Osei
5.8,6.416339499935391,7.77,23.1,81.0,0,-6.5,57.8,In The Paint (Non-RA),2PT Field Goal,S. Whitfield
15.0,35.53767779197438,8.12,3.3,16.0,1,87.0,121.8,Mid-Range,2PT Field Goal,M. Okafor
2.9,54.001755122561306,1.52,10.9,95.0,0,23.4,17.0,Restricted Area,2PT Field Goal,B. Osei
1.9,21.857198932705764,5.27,13.3,38.0,0,7.1,17.7,Restricted Area,2PT Field Goal,A. Kowalski
2.2,16.09081634885217,1.56,14.8,359.0,0,-6.0,20.8,Restricted Area,2PT Field Goal,T. Nwosu
15.8,40.36177832158845,2.5,1.5,380.0,0,-102.5,120.6,Mid-Range,2PT Field Goal,R. Delgado
13.2,29.895150887424304,6.86,11.5,667.0,0,-66.0,114.8,In The Paint (Non-RA),2PT Field Goal,L. Fitzgerald
4.8,31.046494062308287,1.71,13.0,353.0,1,-24.5,40.7,In The Paint (Non-RA),2PT Field Goal,D. Reyes
3.5,22.442753365294347,3.88,0.2,564.0,1,13.3,32.2,Restricted Area,2PT Field Goal,D. Reyes
20.4,36.427100104570584,7.1,16.8,134.0,0,121.4,164.5,Mid-Range,2PT Field Goal,L. Fitzgerald
1.6,48.483271468997664,5.31,12.6,83.0,0,-12.2,10.8,Restricted Area,2PT Field Goal,J. Carter
27.4,6.217898173249789,0.52,12.6,481.0,1,-29.7,272.6,Above the Break 3,3PT Field Goal,K. Albrecht
25.8,35.091895473705264,4.04,1.4,719.0,0,148.6,211.5,Above the Break 3,3PT Field Goal,A. Kowalski
10.8,26.922400677642027,3.75,22.6,456.0,1,48.7,95.9,In The Paint (Non-RA),2PT Field Goal,R. Delgado
9.7,53.26010493111108,2.21,20.6,509.0,1,-77.7,58.0,In The Paint (Non-RA),2PT Field Goal,A. Kowalski
25.1,10.041085732715056,8.94,7.5,50.0,0,43.7,246.8,Above the Break 3,3PT Field Goal,M. Okafor
1.7,58.9773577954292,4.41,11.8,177.0,1,14.3,8.6,Restricted Area,2PT Field Goal,S. Whitfield
25.5,48.627912862115004,4.4,15.8,178.0,1,191.2,168.4,Above the Break 3,3PT Field Goal,D. Reyes
3.1,35.86284898586129,6.64,15.9,298.0,1,-18.0,24.9,Restricted Area,2PT Field Goal,B. Osei
28.8,46.35053440900602,4.66,1.4,360.0,0,208.4,198.8,Above the Break 3,3PT Field Goal,B. Osei
2.6,65.92450174492117,1.28,21.4,345.0,0,23.5,10.5,Restricted Area,2PT Field Goal,L. Fitzgerald
19.8,59.056096474586234,4.31,12.2,474.0,0,169.8,101.8,Mid-Range,2PT Field Goal,B. Osei
27.1,50.12131651077861,5.27,17.7,155.0,0,207.9,173.7,Above the Break 3,3PT Field Goal,K. Albrecht
3.7,51.53548976931244,4.68,23.0,242.0,0,-28.7,22.8,Restricted Area,2PT Field Goal,D. Reyes
23.9,8.855498265288004,6.72,12.2,74.0,1,-36.8,236.2,Above the Break 3,3PT Field Goal,T. Nwosu
14.2,21.561710931243475,6.3,18.2,641.0,0,52.2,132.1,Mid-Range,2PT Field Goal,M. Okafor
2.5,49.95544894005224,5.5,23.9,629.0,1,18.8,15.8,Restricted Area,2PT Field Goal,A. Kowalski
2.9,44.859912798672944,3.95,2.3,536.0,1,20.4,20.5,Restricted Area,2PT Field Goal,J. Carter
1.4,11.951875130024774,4.42,14.0,104.0,1,-2.9,13.7,Restricted Area,2PT Field Goal,A. Kowalski
0.9,19.776076602639197,8.74,22.0,200.0,1,-3.2,8.9,Restricted Area,2PT Field Goal,A. Kowalski
17.6,27.177193425345678,0.58,10.0,327.0,1,80.3,156.4,Mid-Range,2PT Field Goal,K. Albrecht
2.0,30.379126011368342,6.9,8.1,606.0,1,-10.2,17.4,Restricted Area,2PT Field Goal,L. Fitzgerald
17.2,10.832642144737216,5.36,5.4,34.0,0,-32.3,168.8,Mid-Range,2PT Field Goal,R. Delgado
25.4,47.9793076356632,2.77,23.4,207.0,1,189.0,170.3,Above the Break 3,3PT Field Goal,M. Okafor
24.6,29.83435176446209,4.32,8.1,354.0,1,-122.5,213.6,Above the Break 3,3PT Field Goal,K. Albrecht
24.9,47.392039109921136,5.73,1.0,496.0,0,183.3,168.6,Above the Break 3,3PT Field Goal,J. Carter
22.6,60.18608389615113,1.16,7.7,266.0,0,-196.5,112.6,Above the Break 3,3PT Field Goal,D. Reyes
0.2,57.0947570770121,4.73,23.6,615.0,0,-1.7,1.1,Restricted Area,2PT Field Goal,T. Nwosu
25.6,18.51288293766831,5.67,8.2,287.0,1,-81.2,242.5,Above the Break 3,3PT Field Goal,R. Delgado
2.5,24.311282024955446,2.33,19.0,430.0,0,10.3,22.8,Restricted Area,2PT Field Goal,J. Carter
23.2,37.664935436325614,4.66,15.6,558.0,1,-141.8,183.7,Above the Break 3,3PT Field Goal,R. Delgado
24.5,62.74530103459336,7.54,7.5,264.0,1,218.0,112.3,Above the Break 3,3PT Field Goal,M. Okafor
19.9,13.331164679868245,4.81,10.7,36.0,1,45.9,193.7,Mid-Range,2PT Field Goal,A. Kowalski
17.4,57.31421777802211,2.41,9.5,432.0,1,-146.5,94.0,Mid-Range,2PT Field Goal,D. Reyes
3.1,35.960517196644886,0.75,16.4,87.0,1,-18.5,25.5,Restricted Area,2PT Field Goal,T. Nwosu
9.0,48.87395752518808,0.35,18.4,412.0,0,67.8,59.2,In The Paint (Non-RA),2PT Field Goal,D. Reyes
2.1,52.85984124766184,6.6,13.7,290.0,0,-16.9,12.8,Restricted Area,2PT Field Goal,B. Osei
1.8,64.73036125473104,3.92,8.9,69.0,1,-16.1,7.6,Restricted Area,2PT Field Goal,S. Whitfield
3.3,34.319666134390054,4.14,17.8,301.0,1,-18.5,27.1,Restricted Area,2PT Field Goal,L. Fitzgerald
28.1,64.20030493209534,3.88,15.3,523.0,0,-253.2,122.4,Above the Break 3,3PT Field Goal,D. Reyes
27.2,40.57848127590822,2.7,0.5,612.0,1,-177.2,206.9,Above the Break 3,3PT Field Goal,L. Fitzgerald
2.0,1.4465556865739133,8.35,5.2,705.0,1,-0.5,19.8,Restricted Area,2PT Field Goal,M. Okafor
3.2,44.871821736176464,5.94,11.3,141.0,0,22.3,22.4,Restricted Area,2PT Field Goal,T. Nwosu
4.0,5.739098498089606,7.74,23.6,507.0,1,-4.0,39.8,In The Paint (Non-RA),2PT Field Goal,L. Fitzgerald
2.9,7.422782985611723,1.64,14.2,494.0,0,3.7,28.4,Restricted Area,2PT Field Goal,S. Whitfield
3.1,52.319019375590436,5.73,8.9,453.0,1,-24.6,19.0,Restricted Area,2PT Field Goal,B. Osei
15.8,21.047915198089935,5.86,8.0,321.0,0,-56.8,147.6,Mid-Range,2PT Field Goal,L. Fitzgerald
10.9,20.47621192358698,1.8,1.1,272.0,0,38.2,102.3,In The Paint (Non-RA),2PT Field Goal,S. Whitfield
7.4,2.4895529219991563,2.39,12.0,235.0,0,-3.2,73.6,In The Paint (Non-RA),2PT Field Goal,A. Kowalski
2.6,59.791084898711176,2.51,13.7,6.0,1,22.5,13.1,Restricted Area,2PT Field Goal,B. Osei
20.7,11.125632588992628,6.68,16.0,485.0,0,-40.0,203.4,Mid-Range,2PT Field Goal,R. Delgado
2.3,57.68038349181982,4.88,1.3,703.0,1,19.6,12.4,Restricted Area,2PT Field Goal,K. Albrecht
10.3,39.426844216810544,2.76,7.2,619.0,0,-65.2,79.3,In The Paint (Non-RA),2PT Field Goal,T. Nwosu
12.8,24.235931598726168,5.95,6.0,540.0,1,52.4,116.4,In The Paint (Non-RA),2PT Field Goal,K. Albrecht
24.0,36.612540194004694,2.87,6.8,82.0,0,143.4,193.0,Above the Break 3,3PT Field Goal,D. Reyes
2.3,63.43494882292201,4.66,6.6,179.0,1,21.0,10.5,Restricted Area,2PT Field Goal,R. Delgado
23.8,44.624854423645424,4.2,13.7,563.0,0,-166.9,169.1,Above the Break 3,3PT Field Goal,T. Nwosu
2.1,16.205998688994278,2.43,2.3,248.0,0,5.9,20.3,Restricted Area,2PT Field Goal,T. Nwosu
24.0,58.478637914452754,6.52,0.9,402.0,1,204.3,125.3,Above the Break 3,3PT Field Goal,B. Osei
9.7,0.17665651990218012,4.49,5.6,507.0,1,-0.3,97.3,In The Paint (Non-RA),2PT Field Goal,K. Albrecht
9.2,65.73552662328609,0.3,0.2,128.0,0,84.3,38.0,In The Paint (Non-RA),2PT Field Goal,A. Kowalski
22.5,55.17278424704362,3.95,10.3,342.0,0,184.7,128.5,Above the Break 3,3PT Field Goal,J. Carter
15.5,27.751675542440463,7.77,5.1,676.0,1,-72.4,137.6,Mid-Range,2PT Field Goal,T. Nwosu
3.3,1.7516186093078994,0.3,20.1,705.0,1,-1.0,32.7,Restricted Area,2PT Field Goal,M. Okafor
0.2,23.962488974578186,6.43,1.5,331.0,0,-0.8,1.8,Restricted Area,2PT Field Goal,S. Whitfield
23.9,41.61757895409696,4.89,10.5,676.0,1,158.4,178.3,Above the Break 3,3PT Field Goal,B. Osei
1.7,60.4612177404419,1.6,7.0,63.0,1,-15.0,8.5,Restricted Area,2PT Field Goal,L. Fitzgerald
2.8,25.551887379756494,4.32,14.3,394.0,1,12.0,25.1,Restricted Area,2PT Field Goal,B. Osei
25.1,67.38365142482328,1.8,18.3,353.0,0,-231.4,96.4,Above the Break 3,3PT Field Goal,K. Albrecht
1.1,60.05431655960483,0.9,4.6,282.0,1,-9.2,5.3,Restricted Area,2PT Field Goal,M. Okafor
1.9,37.76975736074843,5.24,16.0,260.0,1,11.7,15.1,Restricted Area,2PT Field Goal,K. Albrecht
1.2,39.0938588862295,5.0,22.5,704.0,1,-7.8,9.6,Restricted Area,2PT Field Goal,R. Delgado
2.5,9.536635758459411,0.3,23.5,689.0,0,4.2,25.0,Restricted Area,2PT Field Goal,J. Carter
10.1,56.12146019489035,3.15,16.9,165.0,0,84.0,56.4,In The Paint (Non-RA),2PT Field Goal,L. Fitzgerald
19.2,43.943781543449674,4.43,23.4,605.0,1,-133.1,138.1,Mid-Range,2PT Field Goal,A. Kowalski
3.0,14.357868362835266,0.8,23.3,199.0,0,-7.5,29.3,Restricted Area,2PT Field Goal,L. Fitzgerald
3.7,37.766520402501364,6.81,16.4,294.0,1,22.7,29.3,Restricted Area,2PT Field Goal,D. Reyes
23.7,15.693387615558358,2.69,16.6,121.0,0,64.2,228.5,Above the Break 3,3PT Field Goal,R. Delgado
26.8,17.057197572452626,5.26,23.1,193.0,1,78.7,256.5,Above the Break 3,3PT Field Goal,T. Nwosu
16.3,41.908631883781055,5.83,15.4,268.0,0,-108.6,121.0,Mid-Range,2PT Field Goal,B. Osei
2.6,3.3018656744350032,2.23,9.4,681.0,0,1.5,26.0,Restricted Area,2PT Field Goal,S. Whitfield
19.0,46.15431100221168,5.14,11.6,2.0,0,136.7,131.3,Mid-Range,2PT Field Goal,M. Okafor
15.4,3.541475864080402,4.63,1.8,710.0,1,9.5,153.5,Mid-Range,2PT Field Goal,R. Delgado
5.9,19.02241868891192,5.28,15.2,34.0,1,19.1,55.4,In The Paint (Non-RA),2PT Field Goal,J. Carter
25.4,26.998109992892577,3.38,4.6,671.0,1,115.5,226.7,Above the Break 3,3PT Field Goal,J. Carter
7.3,18.262148633104854,6.56,2.6,427.0,1,-23.0,69.7,In The Paint (Non-RA),2PT Field Goal,S. Whitfield
11.2,2.2085185743283198,5.98,19.1,402.0,0,4.3,111.5,In The Paint (Non-RA),2PT Field Goal,D. Reyes
1.2,19.33480853782641,7.85,8.9,486.0,0,-4.0,11.4,Restricted Area,2PT Field Goal,J. Carter
21.0,30.458631318181432,6.78,13.7,264.0,1,-106.5,181.1,Mid-Range,2PT Field Goal,S. Whitfield
24.6,57.77509380665685,1.3,17.9,100.0,1,-208.3,131.3,Above the Break 3,3PT Field Goal,L. Fitzgerald
28.5,52.63594302885745,3.08,16.9,499.0,1,226.7,173.1,Above the Break 3,3PT Field Goal,B. Osei
2.3,21.25050550713324,5.34,17.8,342.0,0,-8.4,21.6,Restricted Area,2PT Field Goal,T. Nwosu
26.7,28.817364467507105,6.62,5.9,703.0,1,128.9,234.3,Above the Break 3,3PT Field Goal,J. Carter
25.7,39.97142984298094,2.79,13.0,502.0,1,-164.8,196.6,Above the Break 3,3PT Field Goal,R. Delgado
9.7,13.074465302567232,4.39,13.8,453.0,1,21.9,94.3,In The Paint (Non-RA),2PT Field Goal,M. Okafor
5.2,32.95436761473421,5.06,1.5,293.0,0,28.2,43.5,In The Paint (Non-RA),2PT Field Goal,M. Okafor
28.7,26.850813293954523,4.12,16.9,358.0,1,129.6,256.0,Above the Break 3,3PT Field Goal,M. Okafor
2.7,3.2035109531978097,6.64,11.9,401.0,1,-1.5,26.8,Restricted Area,2PT Field Goal,J. Carter
17.0,66.32225508556546,2.12,1.5,481.0,0,155.3,68.1,Mid-Range,2PT Field Goal,J. Carter
27.8,47.2754564382542,5.51,12.1,570.0,0,-204.1,188.5,Above the Break 3,3PT Field Goal,J. Carter
12.7,33.0636352440754,2.57,7.0,572.0,0,69.2,106.3,In The Paint (Non-RA),2PT Field Goal,K. Albrecht
24.3,51.50940066959212,5.33,16.7,377.0,1,-190.4,151.4,Above the Break 3,3PT Field Goal,B. Osei
8.1,0.21194396366507745,2.27,20.9,444.0,1,0.3,81.1,In The Paint (Non-RA),2PT Field Goal,D. Reyes
6.5,67.16204820886571,3.72,13.5,253.0,0,-59.6,25.1,In The Paint (Non-RA),2PT Field Goal,A. Kowalski
3.7,59.57421619803874,6.46,11.3,542.0,1,-31.5,18.5,Restricted Area,2PT Field Goal,K. Albrecht
26.1,54.54913392873593,2.2,21.2,233.0,0,212.5,151.3,Above the Break 3,3PT Field Goal,K. Albrecht
0.2,32.9052429229879,4.53,14.3,300.0,1,1.1,1.7,Restricted Area,2PT Field Goal,A. Kowalski
19.4,62.82880633626275,5.81,7.9,263.0,1,-173.0,88.8,Mid-Range,2PT Field Goal,L. Fitzgerald
5.5,56.569972047902006,4.11,14.6,559.0,1,-45.9,30.3,In The Paint (Non-RA),2PT Field Goal,B. Osei
24.8,53.56471339170973,3.75,17.7,540.0,1,-199.4,147.2,Above the Break 3,3PT Field Goal,S. Whitfield
23.1,46.56334217632293,4.38,9.7,263.0,0,167.5,158.6,Above the Break 3,3PT Field Goal,D. Reyes
2.5,3.0373358229524836,2.36,20.4,212.0,0,-1.3,24.5,Restricted Area,2PT Field Goal,M. Okafor
28.8,45.40814283987112,6.07,8.0,414.0,0,205.0,202.1,Above the Break 3,3PT Field Goal,T. Nwosu
20.0,13.855609863962716,6.0,17.7,4.0,0,47.9,194.2,Mid-Range,2PT Field Goal,D. Reyes
0.2,36.86989764584402,8.28,22.6,80.0,1,1.2,1.6,Restricted Area,2PT Field Goal,K. Albrecht
13.2,50.20550269567444,5.0,4.3,710.0,1,-101.8,84.8,In The Paint (Non-RA),2PT Field Goal,R. Delgado
2.9,30.068582821862453,6.82,18.9,592.0,1,14.3,24.7,Restricted Area,2PT Field Goal,D. Reyes
17.7,27.749515274879002,3.24,10.6,493.0,0,-82.6,157.0,Mid-Range,2PT Field Goal,S. Whitfield
2.5,18.577475343648583,5.45,6.0,540.0,0,8.1,24.1,Restricted Area,2PT Field Goal,K. Albrecht
2.6,47.1786800752766,2.3,21.7,608.0,0,-19.1,17.7,Restricted Area,2PT Field Goal,A. Kowalski
3.0,23.19859051364819,4.91,5.1,147.0,1,-12.0,28.0,Restricted Area,2PT Field Goal,R. Delgado
18.3,40.94748849546543,3.65,18.2,159.0,0,120.0,138.3,Mid-Range,2PT Field Goal,J. Carter
28.1,57.746126320796506,6.52,2.0,77.0,0,-237.7,150.0,Above the Break 3,3PT Field Goal,S. Whitfield
23.4,47.01320454339743,0.3,16.5,369.0,1,-170.8,159.2,Above the Break 3,3PT Field Goal,D. Reyes
2.5,29.054604099077146,3.99,17.8,197.0,1,-12.0,21.6,Restricted Area,2PT Field Goal,L. Fitzgerald
15.0,39.408064995533245,3.69,21.3,460.0,0,-94.9,115.5,Mid-Range,2PT Field Goal,D. Reyes
1.3,45.0,5.86,23.6,547.0,0,9.1,9.1,Restricted Area,2PT Field Goal,A. Kowalski
2.4,51.34019174590991,2.76,4.1,584.0,0,19.0,15.2,Restricted Area,2PT Field Goal,B. Osei
26.4,44.784949826687374,3.41,17.6,699.0,0,185.8,187.2,Above the Break 3,3PT Field Goal,L. Fitzgerald
3.4,8.60557508660385,7.2,5.7,511.0,0,-5.1,33.7,Restricted Area,2PT Field Goal,A. Kowalski
22.7,17.97238158851175,2.96,2.2,650.0,0,70.1,216.1,Above the Break 3,3PT Field Goal,J. Carter
18.3,9.64218997152897,3.49,17.9,380.0,1,30.7,180.7,Mid-Range,2PT Field Goal,T. Nwosu
1.9,19.389790076794203,6.93,11.9,459.0,0,6.3,17.9,Restricted Area,2PT Field Goal,R. Delgado
27.4,15.57452669868934,0.3,18.9,568.0,0,73.5,263.7,Above the Break 3,3PT Field Goal,A. Kowalski
2.1,57.46493284206499,5.27,21.2,618.0,1,17.4,11.1,Restricted Area,2PT Field Goal,L. Fitzgerald
25.4,20.379451003392468,5.13,1.8,642.0,0,88.6,238.5,Above the Break 3,3PT Field Goal,J. Carter
0.6,64.23067237566129,4.95,14.6,688.0,1,-5.8,2.8,Restricted Area,2PT Field Goal,K. Albrecht
3.4,34.2100644487487,0.36,11.7,26.0,1,18.9,27.8,Restricted Area,2PT Field Goal,L. Fitzgerald
25.0,7.712601097839842,1.18,9.0,622.0,0,33.6,248.1,Above the Break 3,3PT Field Goal,S. Whitfield
11.3,38.96848538936637,2.5,8.2,70.0,0,71.1,87.9,In The Paint (Non-RA),2PT Field Goal,B. Osei
1.5,22.16634582208246,2.44,2.1,51.0,0,-5.5,13.5,Restricted Area,2PT Field Goal,L. Fitzgerald
7.1,39.743585058554764,5.87,2.4,461.0,0,-45.4,54.6,In The Paint (Non-RA),2PT Field Goal,B. Osei
1.2,0.9710219310791666,3.37,4.8,378.0,1,0.2,11.8,Restricted Area,2PT Field Goal,J. Carter
18.3,37.120918074882304,7.55,5.4,131.0,1,-110.2,145.6,Mid-Range,2PT Field Goal,A. Kowalski
27.7,12.154008120537165,4.31,7.8,123.0,0,58.3,270.7,Above the Break 3,3PT Field Goal,S. Whitfield
25.5,5.998441927220327,5.74,4.4,620.0,0,26.7,254.1,Above the Break 3,3PT Field Goal,R. Delgado
1.5,25.722526916337575,2.88,6.0,79.0,1,6.6,13.7,Restricted Area,2PT Field Goal,J. Carter
21.2,64.62162890988694,3.03,20.4,289.0,1,-191.2,90.7,Mid-Range,2PT Field Goal,M. Okafor
25.1,39.09496673609813,5.34,15.3,560.0,0,158.2,194.7,Above the Break 3,3PT Field Goal,R. Delgado
5.9,51.50622225448137,6.33,12.2,463.0,0,-46.4,36.9,In The Paint (Non-RA),2PT Field Goal,L. Fitzgerald
27.1,3.385085360849355,2.89,13.6,308.0,0,-16.0,270.5,Above the Break 3,3PT Field Goal,T. Nwosu
1.0,11.093723011557849,7.25,10.7,159.0,1,-2.0,10.2,Restricted Area,2PT Field Goal,S. Whitfield
25.0,65.33045005934243,3.83,17.1,231.0,0,227.3,104.4,Above the Break 3,3PT Field Goal,J. Carter
16.8,40.39438488135529,7.88,21.4,137.0,0,109.0,128.1,Mid-Range,2PT Field Goal,D. Reyes
27.0,56.174745719466785,1.61,4.2,673.0,0,224.6,150.5,Above the Break 3,3PT Field Goal,M. Okafor
25.5,31.59868276205579,3.59,18.1,150.0,1,-133.8,217.5,Above the Break 3,3PT Field Goal,K. Albrecht
27.0,0.17007973646557317,5.82,15.2,238.0,0,0.8,269.5,Above the Break 3,3PT Field Goal,B. Osei
1.7,50.826342029555775,4.21,13.3,247.0,1,13.5,11.0,Restricted Area,2PT Field Goal,L. Fitzgerald
26.6,48.51841479261368,3.08,0.2,272.0,0,199.4,176.3,Above the Break 3,3PT Field Goal,B. Osei
3.5,12.564384096701747,5.82,4.8,253.0,1,7.6,34.1,Restricted Area,2PT Field Goal,K. Albrecht
2.9,0.3897611953180578,6.49,10.6,663.0,1,0.2,29.4,Restricted Area,2PT Field Goal,S. Whitfield
3.7,33.646694499054284,3.47,22.2,233.0,0,-20.3,30.5,Restricted Area,2PT Field Goal,A. Kowalski
15.2,3.9167059867033176,6.09,14.0,544.0,1,10.4,151.9,Mid-Range,2PT Field Goal,S. Whitfield
17.2,49.705096977266244,3.41,17.5,496.0,0,131.5,111.5,Mid-Range,2PT Field Goal,K. Albrecht
26.9,29.834723795989184,2.6,14.9,0.0,1,133.8,233.3,Above the Break 3,3PT Field Goal,S. Whitfield
3.7,43.69804732742112,7.25,17.8,468.0,1,25.8,27.0,Restricted Area,2PT Field Goal,B. Osei
1.0,14.452428251092982,3.11,9.5,706.0,1,2.5,9.7,Restricted Area,2PT Field Goal,S. Whitfield
2.6,54.77174735202087,3.27,17.7,180.0,1,-21.1,14.9,Restricted Area,2PT Field Goal,A. Kowalski
23.8,42.61688972892007,6.08,4.4,301.0,1,-161.2,175.2,Above the Break 3,3PT Field Goal,K. Albrecht
20.3,10.739375554538881,2.17,7.9,13.0,0,-37.8,199.3,Mid-Range,2PT Field Goal,S. Whitfield
12.5,52.892019935533995,2.26,2.5,391.0,0,99.8,75.5,In The Paint (Non-RA),2PT Field Goal,L. Fitzgerald
28.8,3.1080309349998365,3.78,0.4,172.0,0,-15.6,287.3,Above the Break 3,3PT Field Goal,T. Nwosu
14.1,59.503526744235955,4.57,23.7,171.0,0,121.4,71.5,Mid-Range,2PT Field Goal,K. Albrecht
3.7,3.0610297994176556,6.45,18.6,660.0,0,-2.0,37.4,Restricted Area,2PT Field Goal,B. Osei
4.0,31.626247797522826,3.95,15.0,234.0,0,21.0,34.1,In The Paint (Non-RA),2PT Field Goal,T. Nwosu
5.5,26.14342181689833,2.91,3.3,137.0,1,24.1,49.1,In The Paint (Non-RA),2PT Field Goal,J. Carter
25.3,66.35763444693998,1.49,9.6,474.0,0,-231.4,101.3,Above the Break 3,3PT Field Goal,B. Osei
14.3,9.020579841529575,3.64,11.9,661.0,0,-22.4,141.1,Mid-Range,2PT Field Goal,D. Reyes
0.4,9.926245506651705,3.33,7.2,34.0,0,0.7,4.0,Restricted Area,2PT Field Goal,K. Albrecht
9.2,65.71555708092644,6.84,6.6,534.0,1,84.0,37.9,In The Paint (Non-RA),2PT Field Goal,B. Osei
10.7,43.02767972843071,0.76,10.9,692.0,0,72.9,78.1,In The Paint (Non-RA),2PT Field Goal,J. Carter
22.0,35.59825693995795,0.38,23.0,2.0,0,-128.0,178.8,Mid-Range,2PT Field Goal,K. Albrecht
18.4,27.856904840984654,0.3,22.9,53.0,1,-86.2,163.1,Mid-Range,2PT Field Goal,J. Carter
28.6,1.6251185733749667,3.82,0.6,113.0,0,-8.1,285.5,Above the Break 3,3PT Field Goal,J. Carter
0.4,18.886087369709294,5.33,0.7,494.0,1,-1.3,3.8,Restricted Area,2PT Field Goal,B. Osei
13.4,18.299498059860426,7.97,14.1,474.0,1,-42.0,127.0,In The Paint (Non-RA),2PT Field Goal,T. Nwosu
19.7,9.061625595294615,0.72,7.5,271.0,0,31.1,195.0,Mid-Range,2PT Field Goal,S. Whitfield
24.5,61.563067256325056,4.7,13.4,130.0,1,-215.5,116.7,Above the Break 3,3PT Field Goal,S. Whitfield
25.1,9.71792065725232,2.96,15.8,112.0,1,-42.3,247.0,Above the Break 3,3PT Field Goal,K. Albrecht
10.9,58.16791796748255,7.97,22.7,313.0,1,-92.3,57.3,In The Paint (Non-RA),2PT Field Goal,R. Delgado
25.1,65.85661420483956,5.12,20.7,567.0,0,-228.9,102.6,Above the Break 3,3PT Field Goal,R. Delgado
5.1,47.794646770623565,7.75,9.2,13.0,1,37.6,34.1,In The Paint (Non-RA),2PT Field Goal,S. Whitfield
27.5,59.746559085886915,4.28,7.8,42.0,0,-237.8,138.7,Above the Break 3,3PT Field Goal,M. Okafor
2.6,21.469984234159508,6.74,18.2,76.0,0,9.4,23.9,Restricted Area,2PT Field Goal,L. Fitzgerald
1.6,36.86989764584403,5.15,13.8,253.0,0,9.9,13.2,Restricted Area,2PT Field Goal,R. Delgado
24.8,56.84826623841443,2.91,0.2,428.0,0,-207.6,135.6,Above the Break 3,3PT Field Goal,D. Reyes
0.9,57.38075692880719,6.45,1.8,711.0,0,-7.5,4.8,Restricted Area,2PT Field Goal,D. Reyes
26.3,64.00095923158347,3.65,20.0,378.0,0,-236.0,115.1,Above the Break 3,3PT Field Goal,L. Fitzgerald
17.7,51.02216557504953,0.3,9.1,719.0,1,137.8,111.5,Mid-Range,2PT Field Goal,M. Okafor
9.2,3.0520535947896925,4.1,21.4,109.0,0,-4.9,91.9,In The Paint (Non-RA),2PT Field Goal,A. Kowalski
2.5,47.63243486898648,1.58,10.7,679.0,0,-18.2,16.6,Restricted Area,2PT Field Goal,M. Okafor
22.8,65.10742506939975,5.52,11.1,516.0,1,207.1,96.1,Above the Break 3,3PT Field Goal,T. Nwosu
1.1,15.38846783275898,7.78,17.2,683.0,1,3.0,10.9,Restricted Area,2PT Field Goal,B. Osei
24.7,52.23485617790779,5.01,18.4,459.0,1,195.3,151.3,Above the Break 3,3PT Field Goal,B. Osei
25.9,54.64218997152897,5.58,14.7,29.0,1,-211.4,150.0,Above the Break 3,3PT Field Goal,S. Whitfield
0.2,11.309932474020215,1.57,8.3,701.0,1,0.4,2.0,Restricted Area,2PT Field Goal,A. Kowalski
2.0,35.03888790140847,2.55,22.8,237.0,0,11.5,16.4,Restricted Area,2PT Field Goal,T. Nwosu
25.3,7.570747103464753,3.01,17.3,260.0,0,-33.4,251.3,Above the Break 3,3PT Field Goal,L. Fitzgerald
13.1,0.6555295135903101,8.74,7.2,355.0,1,-1.5,131.1,In The Paint (Non-RA),2PT Field Goal,A. Kowalski
2.2,60.84308211768702,3.39,6.2,663.0,1,-19.0,10.6,Restricted Area,2PT Field Goal,L. Fitzgerald
6.7,38.94034025571283,4.95,22.2,549.0,1,-42.1,52.1,In The Paint (Non-RA),2PT Field Goal,A. Kowalski
2.8,33.171828377081624,0.3,16.2,0.0,0,-15.1,23.1,Restricted Area,2PT Field Goal,T. Nwosu
4.9,7.89746415661204,3.19,7.6,516.0,1,-6.7,48.3,In The Paint (Non-RA),2PT Field Goal,A. Kowalski
15.6,65.92164131809879,4.61,12.3,635.0,1,-142.1,63.5,Mid-Range,2PT Field Goal,T. Nwosu
22.5,56.126292783900446,4.01,9.7,427.0,0,-186.8,125.4,Above the Break 3,3PT Field Goal,D. Reyes
26.4,12.135683709561812,3.67,21.0,4.0,0,55.5,258.1,Above the Break 3,3PT Field Goal,T. Nwosu
3.1,66.07495924199334,5.3,13.5,376.0,1,28.4,12.6,Restricted Area,2PT Field Goal,T. Nwosu
4.6,33.06580407494142,5.42,8.8,614.0,1,-25.0,38.4,In The Paint (Non-RA),2PT Field Goal,R. Delgado
12.3,3.8079013853849175,1.6,11.6,305.0,0,8.2,123.2,In The Paint (Non-RA),2PT Field Goal,D. Reyes
23.9,0.4560522918516941,1.31,23.7,638.0,0,-1.9,238.7,Above the Break 3,3PT Field Goal,A. Kowalski
2.2,37.02323121247338,5.57,10.7,364.0,1,13.5,17.9,Restricted Area,2PT Field Goal,M. Okafor
13.3,4.428353027599122,6.14,8.5,143.0,1,10.3,133.0,In The Paint (Non-RA),2PT Field Goal,L. Fitzgerald
28.9,1.5277898692202174,1.25,10.6,295.0,0,7.7,288.7,Above the Break 3,3PT Field Goal,M. Okafor
8.6,62.39332214691204,5.84,23.7,298.0,1,-76.3,39.9,In The Paint (Non-RA),2PT Field Goal,K. Albrecht
1.8,65.90556933691552,1.16,3.4,350.0,0,-16.1,7.2,Restricted Area,2PT Field Goal,K. Albrecht
19.3,7.635752089877147,3.94,6.3,395.0,0,-25.7,191.7,Mid-Range,2PT Field Goal,L. Fitzgerald
1.3,51.410840020232456,7.19,18.6,604.0,1,-9.9,7.9,Restricted Area,2PT Field Goal,D. Reyes
25.2,24.521094160467012,0.63,5.7,122.0,1,-104.6,229.3,Above the Break 3,3PT Field Goal,K. Albrecht
0.2,49.08561677997488,4.3,13.4,52.0,1,-1.5,1.3,Restricted Area,2PT Field Goal,K. Albrecht
1.5,39.9497715751672,3.82,22.9,607.0,0,9.8,11.7,Restricted Area,2PT Field Goal,B. Osei
3.2,28.264004148523934,1.74,9.0,575.0,1,-15.0,27.9,Restricted Area,2PT Field Goal,J. Carter
29.0,20.2346168867129,6.03,20.9,140.0,0,100.3,272.1,Above the Break 3,3PT Field Goal,B. Osei
2.8,12.484027898407378,2.18,9.0,582.0,1,6.0,27.1,Restricted Area,2PT Field Goal,S. Whitfield
26.7,27.11244642795574,2.79,12.7,715.0,0,121.6,237.5,Above the Break 3,3PT Field Goal,A. Kowalski
26.3,30.97868702802562,1.81,13.9,656.0,1,-135.5,225.7,Above the Break 3,3PT Field Goal,D. Reyes
24.7,46.08216135585019,5.28,4.2,260.0,1,-178.0,171.4,Above the Break 3,3PT Field Goal,T. Nwosu
4.0,50.37789219205797,5.56,9.4,396.0,1,30.8,25.5,In The Paint (Non-RA),2PT Field Goal,D. Reyes
1.9,0.9290393194220559,7.37,11.0,325.0,1,-0.3,18.5,Restricted Area,2PT Field Goal,L. Fitzgerald
7.1,29.432892607308258,3.74,21.8,714.0,1,34.7,61.5,In The Paint (Non-RA),2PT Field Goal,R. Delgado
25.3,7.6439602588856985,2.42,0.3,620.0,1,-33.7,251.1,Above the Break 3,3PT Field Goal,L. Fitzgerald
26.3,64.40844527048381,7.66,17.1,134.0,0,-237.4,113.7,Above the Break 3,3PT Field Goal,S. Whitfield
0.2,50.9061411137705,2.89,3.8,328.0,0,-1.6,1.3,Restricted Area,2PT Field Goal,A. Kowalski
22.5,47.95411579856871,5.82,6.0,257.0,0,-167.1,150.7,Above the Break 3,3PT Field Goal,R. Delgado
27.3,63.669958905773214,7.94,0.5,342.0,0,-244.3,120.9,Above the Break 3,3PT Field Goal,J. Carter
23.5,29.379001252379517,6.08,4.8,457.0,0,115.3,204.8,Above the Break 3,3PT Field Goal,A. Kowalski
25.1,62.58716799976969,0.3,11.5,458.0,0,222.7,115.5,Above the Break 3,3PT Field Goal,R. Delgado
22.5,13.153034380153928,1.91,2.6,269.0,1,-51.2,219.1,Above the Break 3,3PT Field Goal,B. Osei
26.3,63.9995168928334,2.5,1.5,153.0,1,236.6,115.4,Above the Break 3,3PT Field Goal,D. Reyes
3.0,52.7835595264654,6.17,2.9,371.0,1,-23.7,18.0,Restricted Area,2PT Field Goal,S. Whitfield
3.2,20.576902801302477,2.51,2.3,695.0,1,-11.3,30.1,Restricted Area,2PT Field Goal,K. Albrecht
26.8,13.803124494081297,6.01,21.4,50.0,1,64.0,260.5,Above the Break 3,3PT Field Goal,D. Reyes
0.7,19.486129572465757,4.76,19.5,6.0,0,2.3,6.5,Restricted Area,2PT Field Goal,K. Albrecht
8.0,64.11012035820191,4.64,10.9,367.0,0,-71.7,34.8,In The Paint (Non-RA),2PT Field Goal,R. Delgado
26.0,53.6716092734779,4.22,13.8,448.0,0,209.7,154.2,Above the Break 3,3PT Field Goal,A. Kowalski
15.9,67.28327226045609,2.55,2.5,110.0,0,146.9,61.5,Mid-Range,2PT Field Goal,B. Osei
17.6,27.860061591460116,7.36,21.4,61.0,1,-82.3,155.7,Mid-Range,2PT Field Goal,D. Reyes
26.1,27.772856620700765,4.54,12.6,624.0,1,-121.6,230.9,Above the Break 3,3PT Field Goal,K. Albrecht
0.2,17.52556837372287,7.67,16.0,230.0,1,0.6,1.9,Restricted Area,2PT Field Goal,M. Okafor
24.9,11.09771013009607,2.19,22.8,139.0,1,-47.9,244.2,Above the Break 3,3PT Field Goal,M. Okafor
25.8,2.8435535535760574,0.41,20.0,153.0,0,12.8,257.7,Above the Break 3,3PT Field Goal,K. Albrecht
2.2,49.42697164747939,7.43,13.6,601.0,1,16.7,14.3,Restricted Area,2PT Field Goal,R. Delgado
2.8,19.5182771628002,1.59,20.1,512.0,1,9.5,26.8,Restricted Area,2PT Field Goal,R. Delgado
0.7,51.58194465517801,4.5,17.3,606.0,0,-5.8,4.6,Restricted Area,2PT Field Goal,S. Whitfield
27.6,23.122348669742042,3.39,21.4,307.0,0,-108.5,254.1,Above the Break 3,3PT Field Goal,J. Carter
1.6,49.70205542331622,3.88,21.2,443.0,1,12.5,10.6,Restricted Area,2PT Field Goal,K. Albrecht
1.1,58.69004961746551,3.48,6.2,680.0,1,9.7,5.9,Restricted Area,2PT Field Goal,A. Kowalski
24.8,26.182671601278326,1.74,19.5,516.0,0,-109.4,222.5,Above the Break 3,3PT Field Goal,M. Okafor
15.7,57.475556254017945,1.5,18.0,410.0,1,-132.2,84.3,Mid-Range,2PT Field Goal,J. Carter
21.3,38.373647357192006,4.7,1.6,408.0,0,132.0,166.7,Mid-Range,2PT Field Goal,D. Reyes
26.4,38.3717389164492,2.6,9.7,81.0,0,-163.9,207.0,Above the Break 3,3PT Field Goal,K. Albrecht
0.7,37.72499504211074,8.13,20.5,130.0,1,-4.1,5.3,Restricted Area,2PT Field Goal,R. Delgado
0.5,12.407418527400745,4.39,12.7,572.0,1,-1.1,5.0,Restricted Area,2PT Field Goal,L. Fitzgerald
5.8,56.72252097010226,7.39,10.5,107.0,0,-48.3,31.7,In The Paint (Non-RA),2PT Field Goal,D. Reyes
2.2,24.095920916667353,3.13,2.5,33.0,1,8.9,19.9,Restricted Area,2PT Field Goal,T. Nwosu
8.4,48.63371772045965,6.02,20.8,353.0,1,62.8,55.3,In The Paint (Non-RA),2PT Field Goal,A. Kowalski
26.8,22.210346156076866,2.85,18.2,170.0,0,-101.3,248.1,Above the Break 3,3PT Field Goal,D. Reyes
17.1,23.545195258806103,2.06,6.9,625.0,0,68.5,157.2,Mid-Range,2PT Field Goal,K. Albrecht
19.6,49.916787987171276,3.65,19.0,396.0,0,-149.6,125.9,Mid-Range,2PT Field Goal,A. Kowalski
1.6,19.002215232779946,3.74,23.5,530.0,1,-5.2,15.1,Restricted Area,2PT Field Goal,K. Albrecht
1.3,46.93058744116699,10.1,23.7,518.0,1,-9.2,8.6,Restricted Area,2PT Field Goal,B. Osei
25.1,53.80499754515767,1.16,12.2,316.0,0,-202.8,148.4,Above the Break 3,3PT Field Goal,A. Kowalski
0.2,30.46554491945988,2.7,9.9,86.0,0,-1.0,1.7,Restricted Area,2PT Field Goal,T. Nwosu
15.5,17.942447089158676,5.81,11.2,195.0,1,-47.6,147.0,Mid-Range,2PT Field Goal,D. Reyes
4.0,64.84462756613166,3.82,9.4,609.0,0,-36.2,17.0,In The Paint (Non-RA),2PT Field Goal,B. Osei
25.9,19.266073963278355,4.51,22.9,52.0,0,85.6,244.9,Above the Break 3,3PT Field Goal,T. Nwosu
0.9,19.203973505500052,5.95,11.0,238.0,0,3.1,8.9,Restricted Area,2PT Field Goal,K. Albrecht
8.7,28.88856686130458,3.87,19.9,596.0,0,-42.1,76.3,In The Paint (Non-RA),2PT Field Goal,A. Kowalski
18.9,8.99314519845686,2.55,6.9,273.0,0,-29.5,186.4,Mid-Range,2PT Field Goal,S. Whitfield
25.9,30.978922169494126,1.09,22.0,685.0,0,-133.4,222.2,Above the Break 3,3PT Field Goal,S. Whitfield
24.7,54.203140353559654,4.02,13.4,292.0,0,-200.1,144.3,Above the Break 3,3PT Field Goal,K. Albrecht
29.0,61.67649772642608,5.42,2.1,205.0,0,255.3,137.6,Above the Break 3,3PT Field Goal,R. Delgado
1.9,58.61418274482936,4.65,8.0,363.0,1,15.9,9.7,Restricted Area,2PT Field Goal,K. Albrecht
0.7,5.63068275763526,6.84,6.9,685.0,1,-0.7,7.1,Restricted Area,2PT Field Goal,J. Carter
24.8,43.47923033885623,3.23,18.2,609.0,0,170.5,179.8,Above the Break 3,3PT Field Goal,D. Reyes
28.5,1.0050860052541812,4.81,17.8,561.0,0,5.0,285.0,Above the Break 3,3PT Field Goal,K. Albrecht
2.5,62.28500548936831,2.27,11.2,108.0,1,21.7,11.4,Restricted Area,2PT Field Goal,T. Nwosu
27.4,15.324826026720098,0.3,12.9,194.0,0,72.4,264.2,Above the Break 3,3PT Field Goal,T. Nwosu
0.3,49.18491612511842,5.49,19.0,687.0,1,2.2,1.9,Restricted Area,2PT Field Goal,T. Nwosu
9.3,8.130102354155978,3.1,6.9,703.0,1,13.2,92.4,In The Paint (Non-RA),2PT Field Goal,T. Nwosu
16.4,8.115247342947976,5.63,22.9,661.0,1,23.1,162.0,Mid-Range,2PT Field Goal,J. Carter
15.0,17.235149152097375,2.76,14.7,376.0,0,44.3,142.8,Mid-Range,2PT Field Goal,J. Carter
22.5,46.206617323218495,0.64,16.9,700.0,1,162.4,155.7,Above the Break 3,3PT Field Goal,M. Okafor
16.5,51.237346338108935,2.09,22.9,158.0,0,-128.9,103.5,Mid-Range,2PT Field Goal,D. Reyes
5.1,29.25278240776302,3.48,12.2,633.0,0,24.7,44.1,In The Paint (Non-RA),2PT Field Goal,S. Whitfield
26.0,29.18105625568817,2.59,20.1,421.0,1,126.6,226.7,Above the Break 3,3PT Field Goal,K. Albrecht
13.7,67.8579629501175,3.51,10.4,612.0,0,127.3,51.8,In The Paint (Non-RA),2PT Field Goal,K. Albrecht
10.3,20.05942453139431,5.41,15.0,525.0,1,-35.2,96.4,In The Paint (Non-RA),2PT Field Goal,L. Fitzgerald
2.1,25.602187551441776,4.12,14.4,594.0,1,9.2,19.2,Restricted Area,2PT Field Goal,T. Nwosu
9.7,17.6526753477397,5.22,1.7,176.0,0,-29.5,92.7,In The Paint (Non-RA),2PT Field Goal,L. Fitzgerald
1.8,12.80426606528675,3.8,0.3,367.0,1,4.0,17.6,Restricted Area,2PT Field Goal,S. Whitfield
3.1,67.02168264957267,2.59,3.5,218.0,0,-28.3,12.0,Restricted Area,2PT Field Goal,L. Fitzgerald
0.8,43.93908830973577,1.91,17.6,9.0,1,5.3,5.5,Restricted Area,2PT Field Goal,A. Kowalski
12.3,42.1573940403396,0.3,16.8,365.0,0,-82.3,90.9,In The Paint (Non-RA),2PT Field Goal,D. Reyes
1.3,1.803995116200591,5.49,4.4,40.0,1,-0.4,12.7,Restricted Area,2PT Field Goal,T. Nwosu
27.3,45.889614521414366,6.65,23.1,577.0,1,-196.2,190.2,Above the Break 3,3PT Field Goal,D. Reyes
27.0,60.47663209652382,1.88,23.7,287.0,0,234.5,132.8,Above the Break 3,3PT Field Goal,R. Delgado
1.7,30.515266439677035,1.97,23.1,589.0,0,8.9,15.1,Restricted Area,2PT Field Goal,R. Delgado
14.5,49.21886716375737,2.18,1.3,88.0,1,109.9,94.8,Mid-Range,2PT Field Goal,S. Whitfield
24.0,35.05667924791497,4.91,17.8,543.0,0,137.6,196.1,Above the Break 3,3PT Field Goal,D. Reyes
4.0,54.16234704572171,4.35,1.1,618.0,0,32.4,23.4,In The Paint (Non-RA),2PT Field Goal,R. Delgado
18.8,21.111813238077424,3.6,0.2,200.0,0,67.8,175.6,Mid-Range,2PT Field Goal,M. Okafor
4.5,56.62843568834745,4.02,12.8,536.0,0,-37.5,24.7,In The Paint (Non-RA),2PT Field Goal,R. Delgado
18.4,58.37010545848514,0.34,17.6,206.0,0,-157.0,96.7,Mid-Range,2PT Field Goal,K. Albrecht
26.0,33.97137659629037,3.84,2.1,194.0,1,145.2,215.5,Above the Break 3,3PT Field Goal,M. Okafor
0.3,28.88658176691071,3.7,14.5,8.0,1,-1.6,2.9,Restricted Area,2PT Field Goal,M. Okafor
23.4,29.253942487931994,5.23,2.4,226.0,0,114.6,204.6,Above the Break 3,3PT Field Goal,D. Reyes
20.8,8.838190156642701,2.5,8.7,79.0,1,-32.0,205.8,Mid-Range,2PT Field Goal,J. Carter
23.7,47.989454220163125,2.92,14.8,590.0,0,176.3,158.8,Above the Break 3,3PT Field Goal,A. Kowalski
14.2,21.891226441409692,4.61,23.3,654.0,0,-53.0,131.9,Mid-Range,2PT Field Goal,D. Reyes
25.1,55.594879795768556,10.23,14.7,699.0,0,-207.2,141.9,Above the Break 3,3PT Field Goal,T. Nwosu
2.4,45.86023234691735,2.76,5.4,461.0,1,16.9,16.4,Restricted Area,2PT Field Goal,L. Fitzgerald
25.9,27.05059700708612,8.77,6.1,146.0,1,-117.6,230.3,Above the Break 3,3PT Field Goal,L. Fitzgerald
1.3,14.145795494102991,2.03,15.8,519.0,1,-3.1,12.3,Restricted Area,2PT Field Goal,K. Albrecht
9.9,37.54379786268282,4.26,14.1,161.0,1,60.1,78.2,In The Paint (Non-RA),2PT Field Goal,R. Delgado
17.3,33.85571499752165,2.01,0.7,304.0,1,-96.2,143.4,Mid-Range,2PT Field Goal,K. Albrecht
2.4,59.65675111576043,7.25,1.5,183.0,1,20.5,12.0,Restricted Area,2PT Field Goal,D. Reyes
2.8,64.08285409130353,4.44,18.4,506.0,1,-24.9,12.1,Restricted Area,2PT Field Goal,D. Reyes
28.3,35.50240727922616,4.6,14.9,114.0,0,164.5,230.6,Above the Break 3,3PT Field Goal,R. Delgado
26.2,48.03720956211427,6.49,12.3,443.0,0,194.5,174.9,Above the Break 3,3PT Field Goal,L. Fitzgerald
21.9,16.711788740408117,7.12,21.3,43.0,0,62.9,209.5,Mid-Range,2PT Field Goal,D. Reyes
2.2,41.458524135919596,2.65,19.7,645.0,1,-14.4,16.3,Restricted Area,2PT Field Goal,S. Whitfield
16.8,53.75167023634346,4.72,14.9,301.0,0,-135.3,99.2,Mid-Range,2PT Field Goal,B. Osei
2.3,36.91941861839892,3.03,6.7,536.0,1,13.9,18.5,Restricted Area,2PT Field Goal,A. Kowalski
14.5,31.28308224714481,6.8,1.9,233.0,1,75.1,123.6,Mid-Range,2PT Field Goal,A. Kowalski
20.4,38.15091578449634,0.3,1.4,365.0,0,126.0,160.4,Mid-Range,2PT Field Goal,T. Nwosu
14.7,64.9126609268484,9.14,2.7,36.0,0,133.5,62.5,Mid-Range,2PT Field Goal,R. Delgado
7.7,14.288964233908963,3.64,7.4,250.0,1,19.0,74.6,In The Paint (Non-RA),2PT Field Goal,R. Delgado
2.3,60.80251395393553,0.3,20.3,277.0,1,20.4,11.4,Restricted Area,2PT Field Goal,A. Kowalski
27.4,65.99076498909312,4.8,10.3,144.0,1,250.1,111.4,Above the Break 3,3PT Field Goal,M. Okafor
10.4,12.033243816595432,2.25,14.3,83.0,0,21.7,101.8,In The Paint (Non-RA),2PT Field Goal,L. Fitzgerald
23.4,37.16321818664393,4.24,5.6,486.0,1,141.6,186.8,Above the Break 3,3PT Field Goal,R. Delgado
1.3,45.60309119438053,4.45,23.1,405.0,0,-9.6,9.4,Restricted Area,2PT Field Goal,J. Carter
1.8,67.77818877461141,6.6,6.5,434.0,1,16.4,6.7,Restricted Area,2PT Field Goal,S. Whitfield
19.7,0.49416747822852575,0.3,6.5,237.0,0,-1.7,197.1,Mid-Range,2PT Field Goal,M. Okafor
18.2,0.22024628287511577,5.06,14.2,663.0,1,0.7,182.1,Mid-Range,2PT Field Goal,D. Reyes
23.5,25.22446997199817,6.8,22.9,161.0,0,100.2,212.7,Above the Break 3,3PT Field Goal,R. Delgado
24.7,48.399227539078545,1.2,23.9,618.0,0,184.6,163.9,Above the Break 3,3PT Field Goal,K. Albrecht
0.2,30.46554491945988,5.87,18.8,698.0,1,-1.0,1.7,Restricted Area,2PT Field Goal,J. Carter
28.6,34.32375846755835,6.02,0.2,41.0,0,161.2,236.1,Above the Break 3,3PT Field Goal,D. Reyes
1.6,45.25240268228915,2.94,8.5,624.0,0,11.4,11.3,Restricted Area,2PT Field Goal,L. Fitzgerald
21.0,14.128815910534165,0.3,16.6,319.0,0,-51.3,203.8,Mid-Range,2PT Field Goal,S. Whitfield
1.1,8.13010235415598,4.52,7.5,489.0,0,-1.6,11.2,Restricted Area,2PT Field Goal,L. Fitzgerald
1.7,52.06672971640108,3.09,14.3,410.0,0,13.6,10.6,Restricted Area,2PT Field Goal,L. Fitzgerald
13.4,22.540822708805283,7.73,15.6,2.0,0,-51.3,123.6,In The Paint (Non-RA),2PT Field Goal,T. Nwosu
18.1,41.59674726231419,3.64,2.3,599.0,0,120.2,135.4,Mid-Range,2PT Field Goal,L. Fitzgerald
19.4,53.05344069409153,5.78,23.2,251.0,0,155.3,116.8,Mid-Range,2PT Field Goal,L. Fitzgerald
16.1,18.480081369328158,4.97,14.4,603.0,1,-50.9,152.3,Mid-Range,2PT Field Goal,L. Fitzgerald
21.9,25.02955902738542,4.61,8.4,74.0,0,-92.5,198.1,Mid-Range,2PT Field Goal,D. Reyes
4.7,42.585343479149216,1.34,1.5,195.0,0,-31.8,34.6,In The Paint (Non-RA),2PT Field Goal,A. Kowalski
15.7,40.57352737657521,2.52,11.3,479.0,1,-101.9,119.0,Mid-Range,2PT Field Goal,D. Reyes
2.9,49.115926658744954,4.41,3.4,360.0,0,21.6,18.7,Restricted Area,2PT Field Goal,M. Okafor
20.7,30.009310912094342,3.99,17.4,667.0,0,-103.5,179.2,Mid-Range,2PT Field Goal,T. Nwosu
5.7,31.306430553351476,3.93,13.9,376.0,1,-29.8,49.0,In The Paint (Non-RA),2PT Field Goal,A. Kowalski
19.5,20.549152494261758,5.93,10.1,411.0,0,68.3,182.2,Mid-Range,2PT Field Goal,K. Albrecht
2.4,29.39605285494326,4.28,5.8,103.0,1,-12.0,21.3,Restricted Area,2PT Field Goal,S. Whitfield
7.5,29.60294324003233,5.81,14.5,233.0,0,-37.1,65.3,In The Paint (Non-RA),2PT Field Goal,L. Fitzgerald
2.6,58.61297811561116,4.38,22.3,411.0,1,21.8,13.3,Restricted Area,2PT Field Goal,R. Delgado
9.3,66.59194890832717,5.03,22.5,96.0,1,85.7,37.1,In The Paint (Non-RA),2PT Field Goal,M. Okafor
3.3,35.82192099983754,2.98,0.5,37.0,0,19.2,26.6,Restricted Area,2PT Field Goal,S. Whitfield
17.9,38.74503992483344,0.75,12.9,540.0,0,111.7,139.2,Mid-Range,2PT Field Goal,A. Kowalski
23.2,17.20078833368421,6.11,13.9,489.0,0,-68.6,221.6,Above the Break 3,3PT Field Goal,J. Carter
0.2,20.224859431168078,6.15,22.0,681.0,1,-0.7,1.9,Restricted Area,2PT Field Goal,K. Albrecht
2.5,43.38190546726255,5.65,0.2,432.0,1,17.2,18.2,Restricted Area,2PT Field Goal,M. Okafor
17.0,3.5784388258710496,2.34,5.2,104.0,0,10.6,169.5,Mid-Range,2PT Field Goal,L. Fitzgerald
2.0,39.472459848343824,6.68,4.3,267.0,1,-12.6,15.3,Restricted Area,2PT Field Goal,B. Osei
22.8,23.717254624194045,4.4,23.5,679.0,0,-91.6,208.5,Above the Break 3,3PT Field Goal,T. Nwosu
1.9,31.015420881924086,4.56,19.6,237.0,1,9.8,16.3,Restricted Area,2PT Field Goal,R. Delgado
0.5,15.945395900922854,2.64,19.3,642.0,1,-1.4,4.9,Restricted Area,2PT Field Goal,R. Delgado
12.3,42.12935954533757,3.06,16.6,18.0,1,82.4,91.1,In The Paint (Non-RA),2PT Field Goal,A. Kowalski
2.6,37.608316390047165,2.73,11.1,506.0,0,-16.1,20.9,Restricted Area,2PT Field Goal,D. Reyes
3.3,67.75097634278764,5.01,4.2,488.0,0,-30.8,12.6,Restricted Area,2PT Field Goal,R. Delgado
3.2,48.56048053491688,2.61,4.8,95.0,1,-23.9,21.1,Restricted Area,2PT Field Goal,K. Albrecht
25.4,53.43690413140591,4.11,5.7,411.0,0,-204.0,151.3,Above the Break 3,3PT Field Goal,A. Kowalski
27.6,42.38677539012125,2.93,19.3,563.0,1,-186.1,203.9,Above the Break 3,3PT Field Goal,L. Fitzgerald
1.9,64.9106261310714,1.25,2.8,640.0,0,17.3,8.1,Restricted Area,2PT Field Goal,A. Kowalski
22.7,20.703851566745737,4.29,3.1,314.0,0,80.2,212.2,Above the Break 3,3PT Field Goal,S. Whitfield
2.7,9.016048948010218,4.47,12.3,429.0,1,-4.3,27.1,Restricted Area,2PT Field Goal,M. Okafor
14.7,48.615909218663354,4.34,3.2,604.0,0,-110.2,97.1,Mid-Range,2PT Field Goal,J. Carter
11.3,42.14116238157437,0.3,11.2,99.0,1,76.1,84.1,In The Paint (Non-RA),2PT Field Goal,D. Reyes
3.1,18.848843023276842,6.53,8.3,175.0,1,9.9,29.0,Restricted Area,2PT Field Goal,J. Carter
25.1,32.30307752073887,4.15,13.6,554.0,0,-134.1,212.1,Above the Break 3,3PT Field Goal,A. Kowalski
23.2,2.82163323308155,1.99,18.5,459.0,0,-11.4,231.3,Above the Break 3,3PT Field Goal,L. Fitzgerald
4.0,47.33110747688486,8.52,4.7,577.0,1,29.4,27.1,In The Paint (Non-RA),2PT Field Goal,K. Albrecht
3.4,62.75825848264268,4.23,14.2,348.0,1,30.3,15.6,Restricted Area,2PT Field Goal,L. Fitzgerald
28.1,61.35205163521975,5.86,8.9,428.0,0,246.2,134.5,Above the Break 3,3PT Field Goal,B. Osei
26.7,11.629313003714987,4.47,12.2,284.0,1,53.9,261.9,Above the Break 3,3PT Field Goal,B. Osei
20.3,4.059527635239593,0.3,13.6,627.0,0,14.4,202.9,Mid-Range,2PT Field Goal,R. Delgado
26.0,10.951271369598647,6.9,0.7,68.0,0,-49.4,255.3,Above the Break 3,3PT Field Goal,D. Reyes
25.4,66.93150598578724,1.58,2.1,719.0,0,-234.1,99.7,Above the Break 3,3PT Field Goal,S. Whitfield
25.1,27.871176817762148,6.64,11.2,606.0,1,-117.4,222.0,Above the Break 3,3PT Field Goal,B. Osei
15.8,44.30848863096443,3.88,8.2,712.0,0,110.5,113.2,Mid-Range,2PT Field Goal,A. Kowalski
2.2,19.103090891250737,2.21,14.1,614.0,1,-7.1,20.5,Restricted Area,2PT Field Goal,J. Carter
2.1,21.34868667335783,0.3,11.8,297.0,1,7.7,19.7,Restricted Area,2PT Field Goal,S. Whitfield
21.0,65.43850630703834,3.09,9.9,361.0,0,190.8,87.2,Mid-Range,2PT Field Goal,S. Whitfield
25.8,39.83688181370716,1.88,2.6,108.0,0,165.1,197.9,Above the Break 3,3PT Field Goal,M. Okafor
2.2,25.04840930523677,4.24,23.1,216.0,0,-9.3,19.9,Restricted Area,2PT Field Goal,L. Fitzgerald
9.5,35.78327975160861,1.67,16.1,107.0,0,-55.5,77.0,In The Paint (Non-RA),2PT Field Goal,K. Albrecht
2.3,57.78052800028131,5.8,18.8,315.0,1,19.2,12.1,Restricted Area,2PT Field Goal,M. Okafor
21.1,39.27030699671239,2.96,2.1,135.0,0,-133.6,163.4,Mid-Range,2PT Field Goal,L. Fitzgerald
5.9,29.073383442722307,3.14,18.5,647.0,1,28.8,51.8,In The Paint (Non-RA),2PT Field Goal,L. Fitzgerald
24.4,18.7989388951904,8.69,19.5,605.0,1,78.6,230.9,Above the Break 3,3PT Field Goal,T. Nwosu
1.4,8.412345290426837,5.95,23.1,76.0,1,2.1,14.2,Restricted Area,2PT Field Goal,S. Whitfield
15.7,25.698980147364168,2.7,1.1,41.0,1,-68.0,141.3,Mid-Range,2PT Field Goal,S. Whitfield
16.3,64.50196131008124,5.0,2.2,602.0,1,147.4,70.3,Mid-Range,2PT Field Goal,A. Kowalski
9.0,36.76846685202466,0.49,2.0,20.0,1,54.1,72.4,In The Paint (Non-RA),2PT Field Goal,L. Fitzgerald
2.9,11.970261373467363,2.46,9.2,594.0,1,-6.0,28.3,Restricted Area,2PT Field Goal,R. Delgado
8.4,45.57872556560776,3.76,0.2,533.0,0,-60.0,58.8,In The Paint (Non-RA),2PT Field Goal,L. Fitzgerald
24.0,12.471807314223417,2.47,20.1,197.0,0,-51.8,234.2,Above the Break 3,3PT Field Goal,B. Osei
1.2,61.955313052025204,1.88,11.5,366.0,0,-10.7,5.7,Restricted Area,2PT Field Goal,A. Kowalski
1.1,42.76882539196875,5.62,18.8,452.0,0,-7.4,8.0,Restricted Area,2PT Field Goal,M. Okafor
5.1,35.641521410963456,2.79,0.8,375.0,0,-29.9,41.7,In The Paint (Non-RA),2PT Field Goal,R. Delgado
2.4,46.8476102659946,2.32,7.9,585.0,1,-17.6,16.5,Restricted Area,2PT Field Goal,T. Nwosu
23.6,4.937124139065186,2.79,19.5,198.0,1,20.3,235.0,Above the Break 3,3PT Field Goal,B. Osei
25.5,48.28451115982241,2.67,11.6,618.0,1,-190.7,170.0,Above the Break 3,3PT Field Goal,T. Nwosu
24.1,55.73719126014397,5.95,1.0,460.0,0,-199.5,135.9,Above the Break 3,3PT Field Goal,B. Osei
27.1,58.54232656930773,4.82,13.8,280.0,1,-230.8,141.2,Above the Break 3,3PT Field Goal,A. Kowalski
19.7,52.28586589333051,0.75,21.4,172.0,0,155.7,120.4,Mid-Range,2PT Field Goal,L. Fitzgerald
1.3,57.13682445529228,7.19,15.7,22.0,0,-11.3,7.3,Restricted Area,2PT Field Goal,D. Reyes
22.5,62.5011706581181,6.6,22.4,469.0,0,199.6,103.9,Above the Break 3,3PT Field Goal,L. Fitzgerald
26.5,58.395328083460214,3.51,23.5,648.0,0,225.9,139.0,Above the Break 3,3PT Field Goal,J. Carter
26.5,1.4726861900644694,1.91,5.9,416.0,1,6.8,264.5,Above the Break 3,3PT Field Goal,L. Fitzgerald
20.1,52.45224595643823,4.2,12.3,576.0,0,159.5,122.6,Mid-Range,2PT Field Goal,A. Kowalski
27.7,64.89923650626734,2.85,4.9,180.0,0,-250.4,117.3,Above the Break 3,3PT Field Goal,J. Carter
1.7,34.611142184530394,5.32,16.2,190.0,1,9.8,14.2,Restricted Area,2PT Field Goal,L. Fitzgerald
14.4,4.145199375599811,4.06,23.1,227.0,1,10.4,143.5,Mid-Range,2PT Field Goal,M. Okafor
13.1,15.209263747251292,7.02,21.3,590.0,1,34.5,126.9,In The Paint (Non-RA),2PT Field Goal,A. Kowalski
0.2,69.77514056883192,0.48,3.8,16.0,0,1.9,0.7,Restricted Area,2PT Field Goal,M. Okafor
2.9,46.11239961629779,2.76,15.6,410.0,1,-21.0,20.2,Restricted Area,2PT Field Goal,D. Reyes
2.0,26.05349531049095,4.79,6.8,511.0,1,-8.8,18.0,Restricted Area,2PT Field Goal,A. Kowalski
12.4,25.429607812065512,3.03,10.2,375.0,0,53.3,112.1,In The Paint (Non-RA),2PT Field Goal,S. Whitfield
1.9,43.47537722658813,3.2,5.7,24.0,1,-12.8,13.5,Restricted Area,2PT Field Goal,R. Delgado
10.1,57.203636515264606,1.54,15.9,699.0,1,85.2,54.9,In The Paint (Non-RA),2PT Field Goal,L. Fitzgerald
25.1,45.888360684576945,8.47,0.3,56.0,0,-180.1,174.6,Above the Break 3,3PT Field Goal,L. Fitzgerald
20.6,14.528474726427149,3.74,0.0,468.0,1,-51.7,199.5,Mid-Range,2PT Field Goal,K. Albrecht
20.5,33.79843552877363,5.72,7.8,102.0,0,114.2,170.6,Mid-Range,2PT Field Goal,T. Nwosu
22.9,49.99579749985457,2.39,20.0,238.0,0,175.4,147.2,Above the Break 3,3PT Field Goal,T. Nwosu
2.5,39.22567409733672,3.1,22.2,362.0,1,16.0,19.6,Restricted Area,2PT Field Goal,B. Osei
6.5,43.370581351588555,3.98,17.7,285.0,1,44.4,47.0,In The Paint (Non-RA),2PT Field Goal,M. Okafor
2.2,12.611885146599091,7.86,0.5,285.0,1,-4.9,21.9,Restricted Area,2PT Field Goal,L. Fitzgerald
9.8,16.839688553926763,7.24,19.3,492.0,0,-28.3,93.5,In The Paint (Non-RA),2PT Field Goal,J. Carter
23.9,6.292546740203694,8.84,13.4,705.0,1,26.2,237.6,Above the Break 3,3PT Field Goal,M. Okafor
1.2,44.3259631020155,7.58,11.9,248.0,0,-8.4,8.6,Restricted Area,2PT Field Goal,T. Nwosu
27.5,4.922815448255701,7.5,4.6,671.0,0,23.6,274.0,Above the Break 3,3PT Field Goal,R. Delgado
25.0,7.287101351644653,3.67,9.8,648.0,0,31.7,247.9,Above the Break 3,3PT Field Goal,S. Whitfield
7.2,24.509525568353638,2.58,23.6,681.0,0,-30.0,65.8,In The Paint (Non-RA),2PT Field Goal,K. Albrecht
24.8,48.25324321445628,7.1,10.0,233.0,0,-185.0,165.1,Above the Break 3,3PT Field Goal,S. Whitfield
10.5,55.76441918756401,2.53,6.0,248.0,1,-86.7,59.0,In The Paint (Non-RA),2PT Field Goal,M. Okafor
4.0,19.249525872681733,5.35,10.2,112.0,1,-13.2,37.8,In The Paint (Non-RA),2PT Field Goal,K. Albrecht
4.4,5.514911591245051,2.76,22.3,299.0,1,4.2,43.5,In The Paint (Non-RA),2PT Field Goal,D. Reyes
1.5,65.84236266726214,1.78,21.2,388.0,1,13.6,6.1,Restricted Area,2PT Field Goal,T. Nwosu
3.1,41.35881474209866,4.28,11.7,315.0,1,-20.6,23.4,Restricted Area,2PT Field Goal,K. Albrecht
4.0,65.29496435276283,2.13,16.4,645.0,0,-36.3,16.7,In The Paint (Non-RA),2PT Field Goal,J. Carter
24.5,27.234535019091666,3.46,23.0,242.0,1,-112.1,217.8,Above the Break 3,3PT Field Goal,L. Fitzgerald
1.3,4.432668468689861,6.12,7.8,581.0,1,-1.0,12.9,Restricted Area,2PT Field Goal,B. Osei
2.1,10.669782804496677,3.71,7.0,369.0,1,3.9,20.7,Restricted Area,2PT Field Goal,M. Okafor
25.4,22.052650057650744,6.4,0.2,507.0,0,-95.4,235.5,Above the Break 3,3PT Field Goal,A. Kowalski
1.1,56.4587523458772,3.14,14.7,333.0,0,8.9,5.9,Restricted Area,2PT Field Goal,B. Osei
25.1,38.76309511963344,4.93,18.8,144.0,0,-157.3,195.9,Above the Break 3,3PT Field Goal,A. Kowalski
22.8,32.218585738673795,1.87,7.7,13.0,0,-121.5,192.8,Above the Break 3,3PT Field Goal,S. Whitfield
19.0,33.0036225923662,7.11,11.6,57.0,1,-103.4,159.2,Mid-Range,2PT Field Goal,K. Albrecht
10.0,63.58828238955136,0.3,22.5,261.0,1,89.8,44.6,In The Paint (Non-RA),2PT Field Goal,D. Reyes
3.2,3.0409796191033744,4.79,15.4,207.0,1,-1.7,32.0,Restricted Area,2PT Field Goal,K. Albrecht
1.6,20.224859431168078,5.4,12.7,575.0,1,-5.6,15.2,Restricted Area,2PT Field Goal,T. Nwosu
0.7,61.020292302071226,0.3,13.0,401.0,0,-6.5,3.6,Restricted Area,2PT Field Goal,L. Fitzgerald
3.5,15.541595213334853,0.45,19.6,55.0,0,-9.4,33.8,Restricted Area,2PT Field Goal,K. Albrecht
9.6,41.365711293076004,0.71,14.5,588.0,0,63.4,72.0,In The Paint (Non-RA),2PT Field Goal,A. Kowalski
24.5,46.07592831493519,3.95,1.2,562.0,0,176.3,169.8,Above the Break 3,3PT Field Goal,D. Reyes
21.1,61.385212367920495,3.55,2.0,213.0,0,185.5,101.2,Mid-Range,2PT Field Goal,L. Fitzgerald
27.3,40.972570837320056,3.38,15.2,84.0,1,-178.9,206.0,Above the Break 3,3PT Field Goal,K. Albrecht
28.1,62.72266948355057,5.52,2.8,265.0,0,-249.4,128.6,Above the Break 3,3PT Field Goal,S. Whitfield
3.1,43.80374226276153,9.26,15.6,205.0,0,-21.1,22.0,Restricted Area,2PT Field Goal,L. Fitzgerald
21.8,58.54053963792182,1.85,17.7,567.0,0,-186.0,113.8,Mid-Range,2PT Field Goal,K. Albrecht
1.0,49.52476847283419,4.94,16.4,392.0,1,7.5,6.4,Restricted Area,2PT Field Goal,T. Nwosu
3.4,29.004940043749098,4.24,19.4,678.0,1,-16.3,29.4,Restricted Area,2PT Field Goal,J. Carter
25.3,45.72036161595255,6.59,10.8,26.0,0,181.2,176.7,Above the Break 3,3PT Field Goal,M. Okafor
2.2,28.75436695452573,0.3,2.1,74.0,1,-10.7,19.5,Restricted Area,2PT Field Goal,T. Nwosu
4.0,53.84626229962639,0.5,21.1,361.0,1,-32.3,23.6,In The Paint (Non-RA),2PT Field Goal,S. Whitfield
4.0,31.08750532347998,1.72,15.2,532.0,1,-20.5,34.0,Restricted Area,2PT Field Goal,M. Okafor
15.6,15.271181438693333,1.7,11.8,51.0,0,41.2,150.9,Mid-Range,2PT Field Goal,K. Albrecht
13.3,64.24677800545861,4.68,19.4,553.0,1,119.4,57.6,In The Paint (Non-RA),2PT Field Goal,K. Albrecht
1.4,18.698982804181124,3.06,18.3,164.0,0,4.4,13.0,Restricted Area,2PT Field Goal,B. Osei
24.6,41.24504035917985,0.3,14.5,647.0,0,162.3,185.1,Above the Break 3,3PT Field Goal,D. Reyes
1.7,1.6946470685371595,2.45,20.4,375.0,1,0.5,16.9,Restricted Area,2PT Field Goal,R. Delgado
27.9,57.59182201370129,0.49,3.6,221.0,0,235.5,149.5,Above the Break 3,3PT Field Goal,B. Osei
9.7,48.67526373967525,2.41,3.0,522.0,1,72.9,64.1,In The Paint (Non-RA),2PT Field Goal,R. Delgado
21.5,66.42086301545929,3.69,13.4,382.0,1,197.5,86.2,Mid-Range,2PT Field Goal,T. Nwosu
11.8,46.81667182979984,2.35,4.9,4.0,1,86.2,80.9,In The Paint (Non-RA),2PT Field Goal,M. Okafor
20.9,26.920692501265535,6.87,10.0,551.0,0,94.6,186.3,Mid-Range,2PT Field Goal,B. Osei
25.2,45.11250208728044,9.19,23.8,214.0,0,178.6,177.9,Above the Break 3,3PT Field Goal,D. Reyes
23.5,53.56493022801108,5.25,16.9,588.0,0,188.7,139.3,Above the Break 3,3PT Field Goal,D. Reyes
1.0,24.25391972431659,0.64,3.3,312.0,0,4.1,9.1,Restricted Area,2PT Field Goal,D. Reyes
6.2,57.28138762057767,7.34,19.0,532.0,1,-52.3,33.6,In The Paint (Non-RA),2PT Field Goal,L. Fitzgerald
2.2,8.543918910799041,8.84,9.7,614.0,1,-3.2,21.3,Restricted Area,2PT Field Goal,K. Albrecht
2.1,63.684602055646934,3.7,21.2,343.0,0,18.4,9.1,Restricted Area,2PT Field Goal,T. Nwosu
2.8,26.11391263029071,4.97,0.1,654.0,0,12.5,25.5,Restricted Area,2PT Field Goal,D. Reyes
2.1,13.771599717082418,6.59,9.9,54.0,1,-5.0,20.4,Restricted Area,2PT Field Goal,S. Whitfield
25.3,52.64543936238722,4.57,1.2,608.0,0,201.1,153.5,Above the Break 3,3PT Field Goal,M. Okafor
26.7,19.12620573727263,6.95,9.5,33.0,1,-87.6,252.6,Above the Break 3,3PT Field Goal,T. Nwosu
28.2,14.64135413771272,5.37,19.2,191.0,1,-71.4,273.3,Above the Break 3,3PT Field Goal,D. Reyes
18.7,5.000263086052236,2.74,15.8,291.0,0,16.3,186.3,Mid-Range,2PT Field Goal,J. Carter
0.3,24.145541960421657,3.02,4.2,86.0,0,1.3,2.9,Restricted Area,2PT Field Goal,M. Okafor
9.5,9.610679669093475,3.56,8.8,638.0,1,15.9,93.9,In The Paint (Non-RA),2PT Field Goal,R. Delgado
7.2,22.66857030620607,2.58,19.3,89.0,1,-27.9,66.8,In The Paint (Non-RA),2PT Field Goal,T. Nwosu
1.1,8.58362148011395,7.07,17.5,526.0,1,1.6,10.6,Restricted Area,2PT Field Goal,J. Carter
13.9,20.09617852709286,4.85,6.9,100.0,0,-47.6,130.1,In The Paint (Non-RA),2PT Field Goal,S. Whitfield
24.7,23.104048141109526,3.68,8.7,712.0,0,96.8,226.9,Above the Break 3,3PT Field Goal,B. Osei
3.6,7.772287930074557,5.94,12.2,517.0,1,4.9,35.9,Restricted Area,2PT Field Goal,D. Reyes
3.3,53.440365275506636,4.29,14.1,135.0,0,-26.7,19.8,Restricted Area,2PT Field Goal,S. Whitfield
13.6,17.754318191093077,6.46,21.5,426.0,1,41.4,129.3,In The Paint (Non-RA),2PT Field Goal,B. Osei
14.9,59.83499219425874,7.76,5.9,205.0,1,128.7,74.8,Mid-Range,2PT Field Goal,D. Reyes
21.7,16.689125327389817,4.51,1.2,46.0,0,62.3,207.8,Mid-Range,2PT Field Goal,B. Osei
26.5,57.98543735041006,2.8,23.0,144.0,0,-224.4,140.3,Above the Break 3,3PT Field Goal,B. Osei
1.8,7.281668807535072,1.47,18.8,629.0,1,2.3,18.0,Restricted Area,2PT Field Goal,A. Kowalski
1.8,45.65854317756361,8.1,18.1,164.0,1,-13.2,12.9,Restricted Area,2PT Field Goal,T. Nwosu
1.8,11.18537662781296,4.98,10.1,38.0,0,-3.5,17.7,Restricted Area,2PT Field Goal,J. Carter
2.0,45.59888877547117,2.77,6.9,641.0,0,-14.5,14.2,Restricted Area,2PT Field Goal,S. Whitfield
24.9,56.813352572210285,3.9,22.2,303.0,0,208.7,136.5,Above the Break 3,3PT Field Goal,K. Albrecht
27.5,37.186422683623206,1.57,0.3,693.0,0,166.3,219.2,Above the Break 3,3PT Field Goal,M. Okafor
19.9,9.641813757825297,7.14,14.5,273.0,0,33.4,196.6,Mid-Range,2PT Field Goal,M. Okafor
0.2,26.56505117707799,4.81,8.4,635.0,0,-0.9,1.8,Restricted Area,2PT Field Goal,S. Whitfield
3.0,54.00044685039546,3.29,6.2,393.0,0,-24.5,17.8,Restricted Area,2PT Field Goal,D. Reyes
26.0,28.568204850520562,0.8,7.6,346.0,1,124.2,228.1,Above the Break 3,3PT Field Goal,R. Delgado
26.0,35.14020639771682,8.87,13.4,199.0,0,-149.5,212.4,Above the Break 3,3PT Field Goal,T. Nwosu
17.0,55.56976652356517,4.39,11.4,655.0,0,139.9,95.9,Mid-Range,2PT Field Goal,S. Whitfield
1.2,51.19641342910433,0.3,23.2,218.0,0,9.7,7.8,Restricted Area,2PT Field Goal,M. Okafor
2.2,45.93307352321846,2.82,8.1,502.0,0,-15.6,15.1,Restricted Area,2PT Field Goal,L. Fitzgerald
16.6,67.59543178128563,4.05,8.8,392.0,0,153.3,63.2,Mid-Range,2PT Field Goal,S. Whitfield
23.8,63.75804189924016,4.46,10.8,491.0,1,213.4,105.2,Above the Break 3,3PT Field Goal,R. Delgado
0.2,57.0947570770121,1.66,14.0,71.0,1,-1.7,1.1,Restricted Area,2PT Field Goal,K. Albrecht
2.3,1.514073360635112,6.71,22.9,185.0,1,0.6,22.7,Restricted Area,2PT Field Goal,K. Albrecht
3.5,28.37760386259358,5.43,16.1,479.0,1,-16.8,31.1,Restricted Area,2PT Field Goal,R. Delgado
0.2,17.52556837372287,4.21,7.6,305.0,1,0.6,1.9,Restricted Area,2PT Field Goal,S. Whitfield
25.0,46.29900141166086,2.63,13.3,621.0,1,180.4,172.4,Above the Break 3,3PT Field Goal,M. Okafor
21.6,32.005383208083494,0.3,7.7,299.0,0,-114.5,183.2,Mid-Range,2PT Field Goal,A. Kowalski
25.0,58.437629115141036,3.08,7.6,399.0,0,-212.6,130.6,Above the Break 3,3PT Field Goal,T. Nwosu
3.7,18.241055216168583,3.64,10.3,485.0,1,-11.7,35.5,Restricted Area,2PT Field Goal,K. Albrecht
2.5,41.01647418614934,1.44,10.1,278.0,1,-16.7,19.2,Restricted Area,2PT Field Goal,S. Whitfield
22.5,28.47837642468744,4.77,10.5,444.0,0,107.3,197.8,Above the Break 3,3PT Field Goal,B. Osei
15.8,27.874718078161184,5.9,13.2,587.0,1,-74.1,140.1,Mid-Range,2PT Field Goal,D. Reyes
1.2,13.438188158350654,3.04,0.7,92.0,1,2.7,11.3,Restricted Area,2PT Field Goal,R. Delgado
6.5,53.005701043252095,3.19,5.5,221.0,1,-51.5,38.8,In The Paint (Non-RA),2PT Field Goal,K. Albrecht
20.6,31.331798105697924,4.07,20.1,286.0,1,-106.9,175.6,Mid-Range,2PT Field Goal,R. Delgado
17.5,36.42585444971567,7.85,13.2,356.0,1,104.2,141.2,Mid-Range,2PT Field Goal,K. Albrecht
10.2,45.039596247679086,7.32,23.7,662.0,0,72.4,72.3,In The Paint (Non-RA),2PT Field Goal,L. Fitzgerald
0.2,5.710593137499643,0.37,3.6,209.0,1,0.2,2.0,Restricted Area,2PT Field Goal,L. Fitzgerald
27.0,10.386423795816686,2.99,5.6,209.0,0,48.7,265.7,Above the Break 3,3PT Field Goal,T. Nwosu
4.7,60.39074759638948,9.85,9.6,688.0,1,-41.0,23.3,In The Paint (Non-RA),2PT Field Goal,L. Fitzgerald
25.5,12.43375354244373,3.37,21.4,2.0,0,54.9,249.0,Above the Break 3,3PT Field Goal,S. Whitfield
19.6,11.493645766717826,8.06,2.4,212.0,1,39.0,191.8,Mid-Range,2PT Field Goal,S. Whitfield
3.3,37.93526324959739,5.25,6.3,430.0,1,-20.5,26.3,Restricted Area,2PT Field Goal,B. Osei
2.3,30.579226872489016,6.95,22.4,216.0,0,11.7,19.8,Restricted Area,2PT Field Goal,K. Albrecht
2.7,50.9061411137705,3.31,7.6,318.0,1,-20.8,16.9,Restricted Area,2PT Field Goal,J. Carter
1.7,4.4247844517439665,4.31,15.8,250.0,1,1.3,16.8,Restricted Area,2PT Field Goal,K. Albrecht
1.1,55.13780385308514,5.34,22.5,180.0,0,-8.9,6.2,Restricted Area,2PT Field Goal,B. Osei
9.5,47.09265078913439,4.08,21.8,86.0,0,69.5,64.6,In The Paint (Non-RA),2PT Field Goal,S. Whitfield
3.0,13.295191443931408,4.0,12.9,437.0,1,-6.9,29.2,Restricted Area,2PT Field Goal,D. Reyes
0.9,63.152705886651155,7.33,2.7,65.0,0,8.1,4.1,Restricted Area,2PT Field Goal,T. Nwosu
25.2,6.828296099016406,3.76,19.1,707.0,0,-29.9,249.7,Above the Break 3,3PT Field Goal,R. Delgado
3.0,37.36120825093868,7.1,14.6,69.0,1,18.4,24.1,Restricted Area,2PT Field Goal,J. Carter
0.2,0.0,2.78,6.2,98.0,1,0.0,2.0,Restricted Area,2PT Field Goal,R. Delgado
24.9,61.27192776304226,3.42,3.2,202.0,0,-218.2,119.6,Above the Break 3,3PT Field Goal,M. Okafor
20.6,24.74595766158654,5.76,19.8,178.0,1,-86.1,186.8,Mid-Range,2PT Field Goal,T. Nwosu
13.9,11.878002324758624,5.28,15.5,586.0,1,28.5,135.5,In The Paint (Non-RA),2PT Field Goal,K. Albrecht
0.9,39.80557109226519,6.31,7.3,711.0,0,6.0,7.2,Restricted Area,2PT Field Goal,J. Carter
14.8,59.308603962526036,4.22,7.0,574.0,0,-127.2,75.5,Mid-Range,2PT Field Goal,S. Whitfield
0.3,1.6846843178962916,4.06,18.5,468.0,1,0.1,3.4,Restricted Area,2PT Field Goal,T. Nwosu
25.6,37.273382380902774,3.07,0.3,668.0,0,154.8,203.4,Above the Break 3,3PT Field Goal,A. Kowalski
25.9,38.456253321296145,0.58,16.6,89.0,0,-161.3,203.1,Above the Break 3,3PT Field Goal,T. Nwosu
3.5,21.07272661995055,3.2,16.7,565.0,0,-12.6,32.7,Restricted Area,2PT Field Goal,M. Okafor
0.2,29.054604099077146,6.46,4.1,701.0,0,-1.0,1.8,Restricted Area,2PT Field Goal,K. Albrecht
23.2,32.75300664739753,3.98,7.5,294.0,1,125.7,195.4,Above the Break 3,3PT Field Goal,D. Reyes
0.7,29.134292197226177,4.59,13.2,707.0,1,-3.4,6.1,Restricted Area,2PT Field Goal,T. Nwosu
16.1,55.50981929153759,6.93,2.1,337.0,0,132.6,91.1,Mid-Range,2PT Field Goal,M. Okafor
25.7,45.07872457193892,2.07,4.7,440.0,0,182.2,181.7,Above the Break 3,3PT Field Goal,T. Nwosu
25.7,6.610893955803238,4.92,1.6,384.0,0,29.6,255.4,Above the Break 3,3PT Field Goal,A. Kowalski
25.6,64.97904366378546,2.88,5.9,152.0,0,231.6,108.1,Above the Break 3,3PT Field Goal,B. Osei
5.4,24.619546567535437,6.67,15.6,607.0,1,-22.5,49.1,In The Paint (Non-RA),2PT Field Goal,K. Albrecht
22.9,66.29902942954071,0.84,17.0,33.0,0,-209.8,92.1,Above the Break 3,3PT Field Goal,K. Albrecht
11.3,24.59089900890864,3.34,21.7,79.0,1,47.0,102.7,In The Paint (Non-RA),2PT Field Goal,K. Albrecht
2.8,42.650721352519874,2.99,23.8,312.0,0,18.7,20.3,Restricted Area,2PT Field Goal,J. Carter
9.2,60.04547252566808,3.38,22.9,481.0,1,79.3,45.7,In The Paint (Non-RA),2PT Field Goal,L. Fitzgerald
2.3,45.0,2.88,12.8,394.0,1,-16.0,16.0,Restricted Area,2PT Field Goal,J. Carter
25.3,63.28283649132735,8.34,20.7,324.0,1,-225.7,113.6,Above the Break 3,3PT Field Goal,T. Nwosu
23.3,12.33382492241904,3.64,7.8,68.0,1,49.7,227.3,Above the Break 3,3PT Field Goal,J. Carter
4.0,13.89717631501536,3.8,7.4,585.0,1,-9.6,38.8,In The Paint (Non-RA),2PT Field Goal,L. Fitzgerald
4.0,36.66946345267275,0.91,3.9,41.0,1,-23.9,32.1,In The Paint (Non-RA),2PT Field Goal,K. Albrecht
13.9,22.93938423144252,1.16,22.7,607.0,1,54.3,128.3,In The Paint (Non-RA),2PT Field Goal,R. Delgado
8.1,3.1916266565542677,2.44,20.0,575.0,1,4.5,80.7,In The Paint (Non-RA),2PT Field Goal,J. Carter
26.1,15.360919082157503,1.41,14.5,481.0,0,69.2,251.9,Above the Break 3,3PT Field Goal,D. Reyes
27.8,57.44667233687968,5.28,13.6,155.0,1,234.5,149.7,Above the Break 3,3PT Field Goal,J. Carter
27.0,48.91374383495126,2.82,4.3,491.0,0,203.8,177.7,Above the Break 3,3PT Field Goal,J. Carter
24.9,43.92704897863612,3.12,3.1,214.0,0,-172.9,179.5,Above the Break 3,3PT Field Goal,A. Kowalski
14.9,59.306473485372145,3.82,10.1,432.0,1,-128.2,76.1,Mid-Range,2PT Field Goal,R. Delgado
2.7,19.838648512174796,2.09,19.1,615.0,0,9.2,25.5,Restricted Area,2PT Field Goal,D. Reyes
2.8,66.55874645934729,1.3,19.5,85.0,0,-25.6,11.1,Restricted Area,2PT Field Goal,T. Nwosu
0.2,40.91438322002513,2.62,9.7,80.0,1,-1.3,1.5,Restricted Area,2PT Field Goal,B. Osei
24.6,56.75618248491675,4.59,10.3,544.0,1,205.5,134.7,Above the Break 3,3PT Field Goal,R. Delgado
1.0,14.596575525494176,3.89,17.6,303.0,1,-2.5,9.6,Restricted Area,2PT Field Goal,M. Okafor
1.6,31.63066141213118,2.23,18.7,388.0,0,8.5,13.8,Restricted Area,2PT Field Goal,R. Delgado
1.8,21.56440657951956,7.69,4.4,530.0,1,6.6,16.7,Restricted Area,2PT Field Goal,J. Carter
0.4,52.59464336859145,4.96,17.9,563.0,1,-3.4,2.6,Restricted Area,2PT Field Goal,R. Delgado
24.5,33.23642871140329,5.63,20.9,90.0,0,134.4,205.1,Above the Break 3,3PT Field Goal,K. Albrecht
0.9,34.54009090707087,7.56,4.5,522.0,1,5.3,7.7,Restricted Area,2PT Field Goal,B. Osei
1.0,65.92450174492117,2.08,2.4,247.0,1,-9.4,4.2,Restricted Area,2PT Field Goal,D. Reyes
26.1,62.15973967612109,6.28,4.8,368.0,1,231.0,122.0,Above the Break 3,3PT Field Goal,M. Okafor
24.3,53.986463668183646,4.7,21.6,73.0,1,-197.0,143.2,Above the Break 3,3PT Field Goal,L. Fitzgerald
17.2,3.3957679649725634,4.79,9.7,459.0,1,-10.2,171.9,Mid-Range,2PT Field Goal,R. Delgado
15.1,2.537240469632938,0.74,18.3,530.0,0,-6.7,151.2,Mid-Range,2PT Field Goal,S. Whitfield
3.2,4.098301256082254,2.33,21.3,695.0,1,-2.3,32.1,Restricted Area,2PT Field Goal,R. Delgado
24.6,67.08606484475308,4.15,15.6,136.0,1,226.4,95.7,Above the Break 3,3PT Field Goal,K. Albrecht
22.5,44.387811951272745,4.03,12.2,226.0,1,-157.4,160.8,Above the Break 3,3PT Field Goal,M. Okafor
12.3,41.862287004091286,7.59,2.7,615.0,1,81.9,91.4,In The Paint (Non-RA),2PT Field Goal,K. Albrecht
2.5,51.519801751656985,3.3,20.5,57.0,1,19.5,15.5,Restricted Area,2PT Field Goal,K. Albrecht
1.6,48.249111560720685,4.69,22.9,7.0,1,-12.1,10.8,Restricted Area,2PT Field Goal,A. Kowalski
1.7,67.69379494509236,3.45,6.5,320.0,1,-15.6,6.4,Restricted Area,2PT Field Goal,L. Fitzgerald
2.3,32.94159042044634,1.23,11.0,707.0,1,-12.7,19.6,Restricted Area,2PT Field Goal,A. Kowalski
1.2,62.152421740211835,3.37,22.7,264.0,1,-10.6,5.6,Restricted Area,2PT Field Goal,L. Fitzgerald
10.0,58.79948539601937,4.37,14.5,314.0,1,-85.2,51.6,In The Paint (Non-RA),2PT Field Goal,B. Osei
12.0,44.62861240553145,8.02,18.8,415.0,0,84.3,85.4,In The Paint (Non-RA),2PT Field Goal,R. Delgado
1.7,64.493061911151,6.91,8.4,314.0,0,-15.3,7.3,Restricted Area,2PT Field Goal,R. Delgado
12.5,31.913236697826466,2.95,23.6,412.0,0,-66.2,106.3,In The Paint (Non-RA),2PT Field Goal,R. Delgado
0.2,57.0947570770121,2.14,16.1,579.0,0,-1.7,1.1,Restricted Area,2PT Field Goal,J. Carter
2.8,48.658433031692496,4.09,15.8,505.0,0,-20.8,18.3,Restricted Area,2PT Field Goal,J. Carter
21.3,5.678511140285259,2.89,9.4,209.0,1,21.1,212.2,Mid-Range,2PT Field Goal,T. Nwosu
10.5,55.536531923780636,9.63,9.3,76.0,1,86.4,59.3,In The Paint (Non-RA),2PT Field Goal,D. Reyes
3.1,50.50234042618249,6.04,2.1,648.0,1,23.9,19.7,Restricted Area,2PT Field Goal,A. Kowalski
24.0,52.57681365716664,4.04,3.5,343.0,0,-190.8,146.0,Above the Break 3,3PT Field Goal,K. Albrecht
7.5,45.162004599876326,2.96,6.1,335.0,0,53.2,52.9,In The Paint (Non-RA),2PT Field Goal,M. Okafor
10.0,50.0913128199157,1.77,8.5,510.0,0,76.4,63.9,In The Paint (Non-RA),2PT Field Goal,T. Nwosu
24.1,34.14426398440889,3.95,2.2,205.0,0,-135.5,199.8,Above the Break 3,3PT Field Goal,A. Kowalski
24.6,39.78168292207832,0.3,8.2,282.0,0,-157.2,188.8,Above the Break 3,3PT Field Goal,D. Reyes
27.6,18.323516833029856,3.3,7.4,658.0,0,-86.9,262.4,Above the Break 3,3PT Field Goal,L. Fitzgerald
23.1,37.95969888682156,3.14,22.7,638.0,0,142.3,182.4,Above the Break 3,3PT Field Goal,K. Albrecht
20.3,66.8569896728044,7.55,2.3,198.0,1,186.7,79.8,Mid-Range,2PT Field Goal,R. Delgado
23.2,5.395811354101647,0.3,4.0,701.0,0,21.8,230.8,Above the Break 3,3PT Field Goal,R. Delgado
2.4,12.941185865987855,6.18,15.6,548.0,1,-5.4,23.5,Restricted Area,2PT Field Goal,S. Whitfield
18.7,18.79431753665699,3.41,1.0,283.0,1,-60.1,176.6,Mid-Range,2PT Field Goal,L. Fitzgerald
2.5,6.98561083442198,5.9,1.7,64.0,1,-3.1,25.3,Restricted Area,2PT Field Goal,D. Reyes
2.4,34.740044443578576,2.52,0.1,602.0,1,-13.8,19.9,Restricted Area,2PT Field Goal,R. Delgado
4.0,27.845190736682913,5.07,8.7,479.0,0,18.7,35.4,In The Paint (Non-RA),2PT Field Goal,R. Delgado
11.9,11.187243626181136,6.03,19.1,236.0,1,23.1,116.8,In The Paint (Non-RA),2PT Field Goal,A. Kowalski
2.2,20.706112397414937,9.85,21.1,199.0,1,-7.9,20.9,Restricted Area,2PT Field Goal,M. Okafor
15.5,27.885757377238367,2.38,13.7,77.0,0,72.6,137.2,Mid-Range,2PT Field Goal,R. Delgado
26.6,38.1984073540533,3.89,9.5,30.0,0,164.3,208.8,Above the Break 3,3PT Field Goal,M. Okafor
23.8,42.615473690685604,3.94,11.2,373.0,0,-161.1,175.1,Above the Break 3,3PT Field Goal,L. Fitzgerald
0.5,14.620873988631656,2.86,16.4,689.0,1,-1.2,4.6,Restricted Area,2PT Field Goal,T. Nwosu
15.7,16.828729955521872,3.96,14.0,36.0,1,45.4,150.1,Mid-Range,2PT Field Goal,B. Osei
25.2,33.46955483831005,4.23,7.3,537.0,0,139.1,210.4,Above the Break 3,3PT Field Goal,B. Osei
0.8,58.912494676520026,3.42,19.1,154.0,0,-6.8,4.1,Restricted Area,2PT Field Goal,A. Kowalski
2.8,53.65872123236698,0.35,3.5,84.0,1,-22.7,16.7,Restricted Area,2PT Field Goal,T. Nwosu
3.2,37.828287834612915,4.76,23.5,564.0,0,19.8,25.5,Restricted Area,2PT Field Goal,R. Delgado
12.2,35.22661699135125,0.95,5.7,286.0,0,70.4,99.7,In The Paint (Non-RA),2PT Field Goal,L. Fitzgerald
2.9,39.37325428485927,3.98,9.5,671.0,1,-18.3,22.3,Restricted Area,2PT Field Goal,K. Albrecht
18.7,15.096880515697974,6.42,24.0,290.0,1,-48.8,180.9,Mid-Range,2PT Field Goal,K. Albrecht
3.0,24.748120632370867,1.34,15.2,699.0,1,12.4,26.9,Restricted Area,2PT Field Goal,T. Nwosu
21.3,1.1856323841732836,3.88,18.8,421.0,0,4.4,212.6,Mid-Range,2PT Field Goal,M. Okafor
21.5,38.263693536603306,4.62,7.9,354.0,1,132.9,168.5,Mid-Range,2PT Field Goal,L. Fitzgerald
21.4,39.9459177442964,4.07,17.1,683.0,1,-137.6,164.3,Mid-Range,2PT Field Goal,S. Whitfield
2.2,10.954062643398336,3.14,11.8,709.0,1,-4.2,21.7,Restricted Area,2PT Field Goal,B. Osei
25.8,23.277289454177097,4.21,23.2,140.0,0,-102.0,237.1,Above the Break 3,3PT Field Goal,M. Okafor
25.5,45.85651761240091,5.69,17.7,205.0,0,183.3,177.9,Above the Break 3,3PT Field Goal,B. Osei
24.2,23.083345013075302,1.93,2.5,448.0,0,-94.7,222.2,Above the Break 3,3PT Field Goal,D. Reyes
0.3,30.96375653207352,3.81,14.3,274.0,1,1.5,2.5,Restricted Area,2PT Field Goal,L. Fitzgerald
27.1,8.69476584362107,5.77,18.1,659.0,0,-41.0,268.1,Above the Break 3,3PT Field Goal,L. Fitzgerald
16.6,43.43599869016775,2.86,9.5,610.0,0,-114.0,120.4,Mid-Range,2PT Field Goal,B. Osei
1.2,17.209557520547897,1.52,17.6,226.0,1,3.5,11.3,Restricted Area,2PT Field Goal,T. Nwosu
10.3,46.295708289901214,5.88,12.0,231.0,1,-74.6,71.3,In The Paint (Non-RA),2PT Field Goal,M. Okafor
8.6,51.97817971621027,5.72,4.5,135.0,1,-67.4,52.7,In The Paint (Non-RA),2PT Field Goal,K. Albrecht
4.8,48.76953001954265,6.31,23.4,354.0,1,36.4,31.9,In The Paint (Non-RA),2PT Field Goal,T. Nwosu
0.2,53.13010235415599,4.16,17.0,302.0,0,1.6,1.2,Restricted Area,2PT Field Goal,J. Carter
1.6,20.77225468204583,2.75,17.6,577.0,1,-5.5,14.5,Restricted Area,2PT Field Goal,A. Kowalski
0.4,18.85315876441911,7.55,12.0,400.0,1,-1.4,4.1,Restricted Area,2PT Field Goal,J. Carter
28.1,14.110320024885258,6.94,18.8,97.0,1,68.6,272.9,Above the Break 3,3PT Field Goal,K. Albrecht
5.2,16.082612779518087,5.96,8.6,706.0,1,14.3,49.6,In The Paint (Non-RA),2PT Field Goal,A. Kowalski
2.1,11.469530332866906,3.09,0.8,472.0,0,4.2,20.7,Restricted Area,2PT Field Goal,L. Fitzgerald
10.5,31.743946158372395,4.45,8.2,27.0,0,-55.0,88.9,In The Paint (Non-RA),2PT Field Goal,R. Delgado
1.8,39.356681719466025,2.24,17.6,297.0,1,11.4,13.9,Restricted Area,2PT Field Goal,A. Kowalski
0.2,26.56505117707799,1.87,7.5,644.0,1,-0.9,1.8,Restricted Area,2PT Field Goal,S. Whitfield
23.8,50.568058174794,4.39,17.8,469.0,1,183.5,150.9,Above the Break 3,3PT Field Goal,B. Osei
2.8,60.28010595813004,4.9,10.2,245.0,0,24.7,14.1,Restricted Area,2PT Field Goal,M. Okafor
19.6,31.04403077659005,5.43,17.1,155.0,0,-101.0,167.8,Mid-Range,2PT Field Goal,S. Whitfield
2.9,14.326836645786143,4.42,2.5,670.0,1,7.1,27.8,Restricted Area,2PT Field Goal,A. Kowalski
0.4,28.495638618244982,8.72,23.0,113.0,1,1.9,3.5,Restricted Area,2PT Field Goal,T. Nwosu
25.0,36.94770159608155,2.02,9.4,432.0,1,-150.5,200.1,Above the Break 3,3PT Field Goal,B. Osei
27.2,63.23682490161434,7.1,13.3,640.0,0,242.5,122.3,Above the Break 3,3PT Field Goal,J. Carter
2.2,7.1909114084203996,3.3,3.5,501.0,1,-2.7,21.4,Restricted Area,2PT Field Goal,S. Whitfield
8.0,1.585139037415149,6.27,12.6,630.0,1,2.2,79.5,In The Paint (Non-RA),2PT Field Goal,B. Osei
2.8,20.365536264089005,2.16,9.5,175.0,1,-9.8,26.4,Restricted Area,2PT Field Goal,A. Kowalski
1.7,13.952477768084936,9.07,14.4,507.0,1,-4.0,16.1,Restricted Area,2PT Field Goal,L. Fitzgerald
18.1,56.0035408517495,7.39,14.2,463.0,1,-150.5,101.5,Mid-Range,2PT Field Goal,T. Nwosu
25.1,59.559870579100746,0.66,7.7,310.0,0,216.8,127.4,Above the Break 3,3PT Field Goal,K. Albrecht
23.8,51.355253727559024,7.1,1.1,333.0,0,185.6,148.4,Above the Break 3,3PT Field Goal,A. Kowalski
18.4,36.60280086872187,4.62,12.2,161.0,0,110.0,148.1,Mid-Range,2PT Field Goal,B. Osei
3.0,67.73481164311409,6.23,0.5,537.0,1,27.6,11.3,Restricted Area,2PT Field Goal,K. Albrecht
2.2,49.96179071019086,4.22,17.2,259.0,1,16.9,14.2,Restricted Area,2PT Field Goal,K. Albrecht
10.8,15.843082117687011,3.93,17.3,272.0,0,29.4,103.6,In The Paint (Non-RA),2PT Field Goal,B. Osei
24.8,64.67693917734513,1.17,7.7,583.0,0,-223.8,105.9,Above the Break 3,3PT Field Goal,D. Reyes
9.2,62.46157049540112,3.19,13.1,254.0,1,81.7,42.6,In The Paint (Non-RA),2PT Field Goal,B. Osei
8.0,38.03230280411119,4.18,19.9,604.0,0,49.2,62.9,In The Paint (Non-RA),2PT Field Goal,K. Albrecht
27.0,4.146159121212539,0.52,18.2,394.0,0,19.5,269.0,Above the Break 3,3PT Field Goal,L. Fitzgerald
3.2,0.17738574753227018,2.05,7.4,682.0,0,0.1,32.3,Restricted Area,2PT Field Goal,R. Delgado
2.2,17.695159211255554,4.26,20.9,333.0,0,6.7,21.0,Restricted Area,2PT Field Goal,B. Osei
1.8,30.691181140693864,5.23,7.2,152.0,0,9.2,15.5,Restricted Area,2PT Field Goal,M. Okafor
23.8,6.6197071072725056,3.23,8.9,266.0,0,27.4,236.1,Above the Break 3,3PT Field Goal,T. Nwosu
2.6,19.90734355182533,7.35,8.3,120.0,1,-8.8,24.3,Restricted Area,2PT Field Goal,J. Carter
2.9,57.40741852740074,3.1,14.7,182.0,1,-24.4,15.6,Restricted Area,2PT Field Goal,R. Delgado
6.0,13.875365247881756,5.62,11.8,672.0,0,-14.5,58.7,In The Paint (Non-RA),2PT Field Goal,T. Nwosu
19.4,55.107069716570685,7.16,22.2,484.0,0,-159.3,111.1,Mid-Range,2PT Field Goal,R. Delgado
2.3,16.29033923192523,2.51,14.8,528.0,0,-6.4,21.9,Restricted Area,2PT Field Goal,A. Kowalski
26.0,50.816201632420274,6.82,22.4,464.0,0,201.2,164.0,Above the Break 3,3PT Field Goal,L. Fitzgerald
1.5,40.85537625889571,3.95,0.8,710.0,1,9.6,11.1,Restricted Area,2PT Field Goal,J. Carter
26.2,1.1602068210011496,2.38,5.4,680.0,0,5.3,261.7,Above the Break 3,3PT Field Goal,K. Albrecht
1.1,25.851862542060406,7.83,15.1,27.0,1,4.7,9.7,Restricted Area,2PT Field Goal,M. Okafor
24.4,9.756045047638887,7.91,15.4,228.0,0,-41.3,240.2,Above the Break 3,3PT Field Goal,T. Nwosu
1.6,8.13010235415598,3.59,13.2,189.0,1,2.2,15.4,Restricted Area,2PT Field Goal,S. Whitfield
26.5,52.697689586618296,6.65,2.0,254.0,1,210.8,160.6,Above the Break 3,3PT Field Goal,K. Albrecht
26.7,62.013413718696135,6.47,8.4,219.0,1,235.6,125.2,Above the Break 3,3PT Field Goal,K. Albrecht
1.3,29.85207626918268,4.23,13.9,24.0,1,-6.6,11.5,Restricted Area,2PT Field Goal,B. Osei
2.2,36.406182936712376,9.16,15.6,185.0,0,13.2,17.9,Restricted Area,2PT Field Goal,D. Reyes
16.4,16.118654344888384,4.03,20.9,131.0,0,-45.4,157.1,Mid-Range,2PT Field Goal,A. Kowalski
12.5,6.446755379104555,2.83,5.4,159.0,0,-14.0,123.9,In The Paint (Non-RA),2PT Field Goal,D. Reyes
6.7,13.518960849836178,4.36,20.9,632.0,0,-15.7,65.3,In The Paint (Non-RA),2PT Field Goal,K. Albrecht
27.3,45.951373346217316,4.05,22.8,125.0,1,-195.9,189.5,Above the Break 3,3PT Field Goal,M. Okafor
10.3,37.15876280883843,3.33,13.6,651.0,0,-62.3,82.2,In The Paint (Non-RA),2PT Field Goal,M. Okafor
5.0,51.23313030804824,3.67,6.2,526.0,0,39.1,31.4,In The Paint (Non-RA),2PT Field Goal,R. Delgado
13.6,10.139447748404542,1.33,21.6,535.0,0,24.0,134.2,In The Paint (Non-RA),2PT Field Goal,K. Albrecht
5.5,46.61147667252455,5.66,7.6,621.0,1,-40.2,38.0,In The Paint (Non-RA),2PT Field Goal,A. Kowalski
9.0,66.04394730707449,1.28,7.4,55.0,0,82.6,36.7,In The Paint (Non-RA),2PT Field Goal,R. Delgado
2.2,37.76016260337797,6.76,20.4,574.0,1,13.4,17.3,Restricted Area,2PT Field Goal,R. Delgado
1.9,35.96051719664488,5.86,3.8,155.0,1,11.1,15.3,Restricted Area,2PT Field Goal,B. Osei
2.0,5.796968619070011,3.44,8.4,69.0,1,2.0,19.7,Restricted Area,2PT Field Goal,B. Osei
2.2,13.526394594055022,3.45,23.1,226.0,0,5.1,21.2,Restricted Area,2PT Field Goal,M. Okafor
27.1,48.24026257068026,2.85,2.5,227.0,0,-202.5,180.8,Above the Break 3,3PT Field Goal,S. Whitfield
3.8,43.50380862917077,4.32,9.1,370.0,1,-26.1,27.5,Restricted Area,2PT Field Goal,J. Carter
3.4,22.306205054907643,8.22,8.8,445.0,0,12.8,31.2,Restricted Area,2PT Field Goal,R. Delgado
16.1,22.84914510567088,5.05,17.2,91.0,1,62.7,148.8,Mid-Range,2PT Field Goal,A. Kowalski
1.3,14.036243467926479,3.37,17.1,428.0,1,-3.2,12.8,Restricted Area,2PT Field Goal,J. Carter
2.5,42.866759521385376,8.22,7.2,612.0,1,16.8,18.1,Restricted Area,2PT Field Goal,L. Fitzgerald
1.6,37.15530390047043,3.43,11.2,421.0,1,-9.7,12.8,Restricted Area,2PT Field Goal,L. Fitzgerald
12.1,46.50479698110848,3.54,4.7,437.0,0,-87.9,83.4,In The Paint (Non-RA),2PT Field Goal,R. Delgado
17.3,59.803171407883035,9.1,7.5,630.0,0,-149.5,87.0,Mid-Range,2PT Field Goal,J. Carter
22.9,58.93328620315807,5.82,18.7,252.0,1,196.2,118.2,Above the Break 3,3PT Field Goal,R. Delgado
27.1,3.9393620815105193,7.0,8.3,32.0,0,18.6,270.1,Above the Break 3,3PT Field Goal,K. Albrecht
6.3,10.474983323020064,5.71,6.8,636.0,1,11.5,62.2,In The Paint (Non-RA),2PT Field Goal,A. Kowalski
10.5,20.844702660706442,5.53,10.2,425.0,1,37.2,97.7,In The Paint (Non-RA),2PT Field Goal,B. Osei
8.1,51.783048855201145,5.85,16.7,447.0,0,-63.5,50.0,In The Paint (Non-RA),2PT Field Goal,L. Fitzgerald
1.9,51.72247651183451,6.03,11.9,241.0,1,14.7,11.6,Restricted Area,2PT Field Goal,T. Nwosu
26.5,64.88394285604235,9.25,5.1,495.0,1,240.2,112.6,Above the Break 3,3PT Field Goal,T. Nwosu
1.7,35.65532809790031,1.73,3.5,171.0,1,-9.9,13.8,Restricted Area,2PT Field Goal,T. Nwosu
1.3,35.960517196644886,0.3,22.4,391.0,0,-7.4,10.2,Restricted Area,2PT Field Goal,T. Nwosu
15.9,47.83562613634829,3.71,11.1,421.0,0,117.6,106.5,Mid-Range,2PT Field Goal,T. Nwosu
20.9,1.1523459115663781,1.03,1.9,444.0,0,4.2,208.8,Mid-Range,2PT Field Goal,T. Nwosu
0.4,41.05481377096244,4.68,15.4,532.0,1,-2.7,3.1,Restricted Area,2PT Field Goal,J. Carter
27.2,64.1502852759677,1.68,22.8,360.0,1,245.0,118.7,Above the Break 3,3PT Field Goal,D. Reyes
13.6,45.921648140125555,4.41,20.0,235.0,1,97.9,94.8,In The Paint (Non-RA),2PT Field Goal,B. Osei
16.9,17.35402463626132,6.79,8.2,362.0,0,-50.5,161.6,Mid-Range,2PT Field Goal,R. Delgado
0.2,17.52556837372287,3.19,12.3,589.0,0,0.6,1.9,Restricted Area,2PT Field Goal,A. Kowalski
24.0,31.070086907316245,2.68,5.9,452.0,0,124.0,205.8,Above the Break 3,3PT Field Goal,L. Fitzgerald
2.2,19.253404284610625,6.09,16.7,323.0,1,-7.3,20.9,Restricted Area,2PT Field Goal,D. Reyes
5.3,11.667631922161618,2.65,0.0,508.0,1,10.8,52.3,In The Paint (Non-RA),2PT Field Goal,J. Carter
27.1,16.488591488187804,4.15,18.3,33.0,0,-76.9,259.8,Above the Break 3,3PT Field Goal,T. Nwosu
26.2,46.796682472878565,4.01,9.8,282.0,0,190.7,179.1,Above the Break 3,3PT Field Goal,R. Delgado
23.5,37.02116361741858,1.47,8.1,513.0,0,-141.4,187.5,Above the Break 3,3PT Field Goal,A. Kowalski
27.7,6.7484466308010065,6.43,9.6,201.0,0,-32.6,275.5,Above the Break 3,3PT Field Goal,D. Reyes
3.3,60.297544300274744,1.9,6.8,14.0,0,-29.1,16.6,Restricted Area,2PT Field Goal,T. Nwosu
0.9,13.590948447841333,6.34,15.1,546.0,0,2.2,9.1,Restricted Area,2PT Field Goal,D. Reyes
5.9,59.882917491787985,5.17,19.9,48.0,0,-51.2,29.7,In The Paint (Non-RA),2PT Field Goal,R. Delgado
2.6,21.469984234159508,1.94,9.3,652.0,1,-9.4,23.9,Restricted Area,2PT Field Goal,M. Okafor
24.1,35.28943073398653,3.54,12.7,240.0,0,139.5,197.1,Above the Break 3,3PT Field Goal,K. Albrecht
1.5,5.970015980857022,6.24,8.0,674.0,1,1.6,15.3,Restricted Area,2PT Field Goal,J. Carter
2.3,21.34047188823927,3.69,3.6,539.0,1,-8.4,21.5,Restricted Area,2PT Field Goal,A. Kowalski
1.0,1.6365770416167182,9.24,2.7,2.0,0,-0.3,10.5,Restricted Area,2PT Field Goal,K. Albrecht
1.7,52.1250163489018,2.11,17.5,237.0,0,-13.5,10.5,Restricted Area,2PT Field Goal,S. Whitfield
9.5,33.65645310947088,6.99,19.0,323.0,1,-52.4,78.7,In The Paint (Non-RA),2PT Field Goal,B. Osei
1.9,56.9112154319716,0.63,0.8,552.0,1,15.5,10.1,Restricted Area,2PT Field Goal,K. Albrecht
23.7,48.77546582428982,3.75,20.0,485.0,0,-178.5,156.4,Above the Break 3,3PT Field Goal,J. Carter
14.3,38.81613161255444,6.55,18.5,508.0,1,89.7,111.5,Mid-Range,2PT Field Goal,S. Whitfield
0.2,32.9052429229879,0.3,8.7,176.0,0,1.1,1.7,Restricted Area,2PT Field Goal,D. Reyes
26.2,18.462601224014914,4.92,21.1,213.0,1,83.0,248.6,Above the Break 3,3PT Field Goal,B. Osei
24.5,37.85854650616778,1.85,3.1,445.0,0,150.1,193.1,Above the Break 3,3PT Field Goal,B. Osei
2.2,49.73343833057548,1.35,22.9,690.0,1,-17.0,14.4,Restricted Area,2PT Field Goal,J. Carter
26.1,19.13491082099491,2.67,0.0,416.0,0,-85.7,247.0,Above the Break 3,3PT Field Goal,A. Kowalski
25.1,21.34749862078305,3.08,6.4,596.0,1,-91.3,233.6,Above the Break 3,3PT Field Goal,S. Whitfield
19.1,37.711537957997486,3.2,23.2,335.0,1,-116.6,150.8,Mid-Range,2PT Field Goal,S. Whitfield
1.8,36.05054191579112,2.96,14.4,391.0,1,-10.7,14.7,Restricted Area,2PT Field Goal,K. Albrecht
26.0,26.43698310740568,2.37,9.2,526.0,0,-115.8,232.9,Above the Break 3,3PT Field Goal,K. Albrecht
26.9,62.978418408822954,0.3,13.6,338.0,0,240.0,122.4,Above the Break 3,3PT Field Goal,L. Fitzgerald
0.2,17.52556837372287,7.31,12.9,224.0,0,-0.6,1.9,Restricted Area,2PT Field Goal,S. Whitfield
2.7,39.644174957144806,9.02,23.0,463.0,1,17.4,21.0,Restricted Area,2PT Field Goal,M. Okafor
25.5,33.883612519880195,5.31,5.0,524.0,0,141.9,211.3,Above the Break 3,3PT Field Goal,K. Albrecht
21.9,32.876798028694246,3.66,22.3,126.0,1,118.8,183.8,Mid-Range,2PT Field Goal,D. Reyes
1.9,1.1811889133266382,2.08,13.7,580.0,1,-0.4,19.4,Restricted Area,2PT Field Goal,T. Nwosu
18.4,1.1214707147311107,4.91,20.7,717.0,1,3.6,183.9,Mid-Range,2PT Field Goal,K. Albrecht
2.2,43.352971338741256,4.92,2.9,187.0,0,-15.2,16.1,Restricted Area,2PT Field Goal,K. Albrecht
27.0,52.303472550535005,2.27,12.8,87.0,0,213.9,165.3,Above the Break 3,3PT Field Goal,R. Delgado
2.4,16.99717960209023,3.89,4.1,517.0,1,-7.0,22.9,Restricted Area,2PT Field Goal,A. Kowalski
1.5,28.794001311005726,5.95,0.6,291.0,0,7.2,13.1,Restricted Area,2PT Field Goal,R. Delgado
0.7,49.99374398582339,4.94,11.4,612.0,0,5.6,4.7,Restricted Area,2PT Field Goal,T. Nwosu
1.5,9.84901451111703,4.17,1.7,583.0,0,2.5,14.4,Restricted Area,2PT Field Goal,R. Delgado
27.0,18.468514009189533,4.56,0.5,542.0,0,-85.5,256.0,Above the Break 3,3PT Field Goal,M. Okafor
1.5,51.03768252142289,2.65,13.0,299.0,0,11.5,9.3,Restricted Area,2PT Field Goal,S. Whitfield
10.8,54.70859526481829,4.16,19.9,608.0,1,-88.3,62.5,In The Paint (Non-RA),2PT Field Goal,D. Reyes
24.1,34.75391532200266,4.45,6.2,76.0,0,137.1,197.6,Above the Break 3,3PT Field Goal,K. Albrecht
4.0,28.679036269380635,2.62,0.6,104.0,0,-19.2,35.1,In The Paint (Non-RA),2PT Field Goal,T. Nwosu
4.0,27.39815256486445,4.01,5.1,562.0,1,18.4,35.5,In The Paint (Non-RA),2PT Field Goal,J. Carter
27.0,38.2489741074724,6.32,17.2,138.0,0,-167.2,212.1,Above the Break 3,3PT Field Goal,K. Albrecht
1.4,52.80409859194391,6.61,16.2,711.0,1,11.2,8.5,Restricted Area,2PT Field Goal,M. Okafor
26.6,3.6005262534414073,0.3,21.7,287.0,0,-16.7,265.4,Above the Break 3,3PT Field Goal,K. Albrecht
25.7,52.43140797117251,1.06,21.8,104.0,0,-204.1,157.0,Above the Break 3,3PT Field Goal,K. Albrecht
1.5,41.47438480282555,6.52,6.8,130.0,0,9.9,11.2,Restricted Area,2PT Field Goal,S. Whitfield
16.3,21.120984575649338,5.23,14.8,5.0,1,-58.6,151.7,Mid-Range,2PT Field Goal,A. Kowalski
21.2,54.90179469456968,5.27,4.8,701.0,0,-173.6,122.0,Mid-Range,2PT Field Goal,A. Kowalski
19.0,46.76664531243143,1.15,18.4,433.0,0,138.7,130.4,Mid-Range,2PT Field Goal,T. Nwosu
2.3,56.64855606983661,4.44,20.4,556.0,1,-19.6,12.9,Restricted Area,2PT Field Goal,B. Osei
9.8,39.88823808299316,5.58,14.0,716.0,1,-62.6,74.9,In The Paint (Non-RA),2PT Field Goal,B. Osei
2.6,41.76029970389787,5.24,23.9,300.0,1,-17.5,19.6,Restricted Area,2PT Field Goal,T. Nwosu
1.2,12.847704858717666,2.65,22.8,525.0,1,-2.6,11.4,Restricted Area,2PT Field Goal,K. Albrecht
0.8,64.38451567935783,2.99,5.6,187.0,0,7.3,3.5,Restricted Area,2PT Field Goal,T. Nwosu
27.5,58.13833130368594,4.97,3.5,713.0,0,-233.3,145.0,Above the Break 3,3PT Field Goal,R. Delgado
28.4,66.18700108631153,4.69,3.5,665.0,0,259.9,114.7,Above the Break 3,3PT Field Goal,S. Whitfield
4.0,30.349282241718782,7.19,5.1,451.0,1,-20.2,34.5,In The Paint (Non-RA),2PT Field Goal,L. Fitzgerald
19.0,11.132106292944021,0.3,7.8,300.0,1,-36.6,186.0,Mid-Range,2PT Field Goal,M. Okafor
5.8,39.427802196036204,2.94,2.7,577.0,1,37.0,45.0,In The Paint (Non-RA),2PT Field Goal,M. Okafor
3.2,47.919428541976096,7.05,4.3,378.0,0,23.7,21.4,Restricted Area,2PT Field Goal,A. Kowalski
0.2,49.08561677997488,1.7,21.6,664.0,1,-1.5,1.3,Restricted Area,2PT Field Goal,A. Kowalski
26.8,26.001942373227937,4.52,15.5,284.0,1,117.7,241.3,Above the Break 3,3PT Field Goal,T. Nwosu
0.2,5.710593137499643,7.5,13.1,131.0,1,-0.2,2.0,Restricted Area,2PT Field Goal,T. Nwosu
17.7,56.62439572434893,2.0,17.1,185.0,0,-147.7,97.3,Mid-Range,2PT Field Goal,K. Albrecht
23.0,67.72577199842722,5.02,14.5,37.0,0,212.4,87.0,Above the Break 3,3PT Field Goal,R. Delgado
1.0,11.976132444203355,8.59,17.1,497.0,0,-2.1,9.9,Restricted Area,2PT Field Goal,T. Nwosu
26.3,26.59428868747425,1.41,1.8,509.0,0,117.7,235.1,Above the Break 3,3PT Field Goal,T. Nwosu
2.2,33.618537251640184,0.3,14.9,415.0,0,12.3,18.5,Restricted Area,2PT Field Goal,L. Fitzgerald
25.3,35.12938872472446,6.64,3.0,354.0,0,-145.5,206.8,Above the Break 3,3PT Field Goal,A. Kowalski
25.0,29.32785164478813,3.18,9.8,51.0,1,-122.7,218.4,Above the Break 3,3PT Field Goal,M. Okafor
26.1,14.770355343058,4.16,9.4,421.0,1,-66.6,252.6,Above the Break 3,3PT Field Goal,J. Carter
24.9,52.14717170951034,4.43,8.2,264.0,1,197.0,153.1,Above the Break 3,3PT Field Goal,K. Albrecht
28.4,45.8282461949436,7.05,12.6,334.0,0,203.5,197.7,Above the Break 3,3PT Field Goal,L. Fitzgerald
26.0,20.937822261111528,3.62,16.6,372.0,0,92.9,242.8,Above the Break 3,3PT Field Goal,R. Delgado
2.6,20.94265054998827,6.5,0.9,490.0,0,-9.3,24.3,Restricted Area,2PT Field Goal,L. Fitzgerald
20.2,25.396171067384653,5.99,17.0,584.0,0,-86.5,182.2,Mid-Range,2PT Field Goal,T. Nwosu
1.6,19.70285766141271,4.25,13.3,627.0,1,-5.3,14.8,Restricted Area,2PT Field Goal,L. Fitzgerald
0.2,14.743562836470735,6.64,3.8,311.0,1,-0.5,1.9,Restricted Area,2PT Field Goal,J. Carter
8.9,4.897260337281719,4.95,5.5,321.0,0,-7.6,88.7,In The Paint (Non-RA),2PT Field Goal,R. Delgado
25.6,12.93244655202722,4.06,13.6,233.0,0,-57.2,249.1,Above the Break 3,3PT Field Goal,M. Okafor
26.9,21.738108001804545,11.07,17.2,106.0,0,-99.6,249.8,Above the Break 3,3PT Field Goal,B. Osei
2.2,34.33542448254825,0.3,15.2,302.0,0,12.5,18.3,Restricted Area,2PT Field Goal,A. Kowalski
26.9,51.45655857267638,1.67,6.4,274.0,0,210.5,167.7,Above the Break 3,3PT Field Goal,L. Fitzgerald
2.7,50.93741609948152,1.97,8.4,658.0,0,20.7,16.8,Restricted Area,2PT Field Goal,K. Albrecht
2.0,47.060111023723124,3.31,14.7,661.0,0,-14.4,13.4,Restricted Area,2PT Field Goal,K. Albrecht
27.6,10.906705878058284,4.65,19.1,617.0,0,52.2,270.9,Above the Break 3,3PT Field Goal,R. Delgado
26.6,44.37608655833729,3.76,20.3,126.0,0,-186.2,190.3,Above the Break 3,3PT Field Goal,K. Albrecht
25.5,51.473731716412935,9.37,18.3,285.0,1,199.2,158.6,Above the Break 3,3PT Field Goal,B. Osei
1.4,1.236407602856143,3.1,13.5,281.0,1,0.3,13.9,Restricted Area,2PT Field Goal,J. Carter
4.6,66.13765648518333,1.82,14.2,46.0,0,-42.5,18.8,In The Paint (Non-RA),2PT Field Goal,R. Delgado
25.8,42.51454558626871,4.29,23.5,73.0,0,174.1,189.9,Above the Break 3,3PT Field Goal,L. Fitzgerald
2.6,23.455264762556578,3.28,15.4,242.0,0,10.5,24.2,Restricted Area,2PT Field Goal,M. Okafor
22.5,52.07588527467606,3.15,15.9,58.0,1,-177.5,138.3,Above the Break 3,3PT Field Goal,A. Kowalski
23.0,48.865698981736216,6.33,8.4,122.0,0,173.0,151.1,Above the Break 3,3PT Field Goal,M. Okafor
10.7,59.685952137780596,4.96,19.9,205.0,1,-92.7,54.2,In The Paint (Non-RA),2PT Field Goal,B. Osei
27.3,53.71687109621832,6.79,7.2,73.0,0,220.4,161.8,Above the Break 3,3PT Field Goal,B. Osei
7.3,67.83365417791754,1.85,10.0,298.0,1,67.5,27.5,In The Paint (Non-RA),2PT Field Goal,B. Osei
25.0,7.668992342938973,5.62,21.2,62.0,0,-33.3,247.3,Above the Break 3,3PT Field Goal,S. Whitfield
19.4,13.62002393441411,4.28,6.2,544.0,0,45.6,188.2,Mid-Range,2PT Field Goal,J. Carter
1.9,14.620873988631656,2.85,17.9,453.0,0,-4.8,18.4,Restricted Area,2PT Field Goal,M. Okafor
18.4,2.839045256416008,0.7,6.5,134.0,0,-9.1,183.5,Mid-Range,2PT Field Goal,D. Reyes
16.7,44.70842094200746,4.06,1.6,578.0,0,117.3,118.5,Mid-Range,2PT Field Goal,K. Albrecht
20.3,39.51609127924521,1.62,23.6,447.0,0,129.0,156.4,Mid-Range,2PT Field Goal,A. Kowalski
0.7,12.15494169722223,5.87,16.1,303.0,0,-1.4,6.5,Restricted Area,2PT Field Goal,A. Kowalski
28.7,45.45180555495779,5.27,5.6,54.0,1,204.5,201.3,Above the Break 3,3PT Field Goal,T. Nwosu
28.7,24.303374245079997,5.32,4.1,517.0,0,-118.0,261.3,Above the Break 3,3PT Field Goal,T. Nwosu
2.1,38.91925906718301,10.54,20.9,126.0,1,13.0,16.1,Restricted Area,2PT Field Goal,M. Okafor
23.3,25.116223655902097,7.1,8.1,185.0,1,-99.1,211.4,Above the Break 3,3PT Field Goal,T. Nwosu
21.3,45.2664900760584,0.3,17.9,515.0,0,151.2,149.8,Mid-Range,2PT Field Goal,M. Okafor
0.5,31.6075022462489,5.58,16.6,487.0,0,-2.4,3.9,Restricted Area,2PT Field Goal,T. Nwosu
26.1,2.1105208670621103,4.71,16.0,238.0,0,9.6,260.5,Above the Break 3,3PT Field Goal,S. Whitfield
13.6,43.39232844460126,4.72,16.7,77.0,0,-93.5,98.9,In The Paint (Non-RA),2PT Field Goal,R. Delgado
29.0,58.507687107620406,3.11,19.3,143.0,1,-247.3,151.5,Above the Break 3,3PT Field Goal,L. Fitzgerald
24.2,11.9240914176173,6.31,18.4,567.0,0,-49.9,236.3,Above the Break 3,3PT Field Goal,A. Kowalski
14.7,57.1082027322211,0.3,21.3,392.0,1,-123.7,80.0,Mid-Range,2PT Field Goal,S. Whitfield
3.1,48.936166112689996,1.22,5.4,695.0,1,-23.3,20.3,Restricted Area,2PT Field Goal,S. Whitfield
26.2,16.62388263834195,5.62,3.2,266.0,0,-75.0,251.2,Above the Break 3,3PT Field Goal,K. Albrecht
14.2,35.83765295427829,4.66,0.8,625.0,0,83.2,115.2,Mid-Range,2PT Field Goal,T. Nwosu
25.1,18.06000067241587,6.3,15.7,611.0,1,-77.9,238.9,Above the Break 3,3PT Field Goal,J. Carter
2.5,62.72006532229094,3.37,21.5,503.0,0,-22.3,11.5,Restricted Area,2PT Field Goal,D. Reyes
25.1,10.186454275168328,3.02,8.7,356.0,0,-44.4,247.1,Above the Break 3,3PT Field Goal,T. Nwosu
25.0,10.560629499505296,6.0,21.5,21.0,1,-45.9,246.2,Above the Break 3,3PT Field Goal,R. Delgado
0.8,33.8869594640517,4.6,19.1,527.0,1,-4.5,6.7,Restricted Area,2PT Field Goal,J. Carter
8.0,22.01410745874978,0.31,2.3,26.0,0,-30.0,74.2,In The Paint (Non-RA),2PT Field Goal,K. Albrecht
2.2,3.366460663429801,6.36,11.5,117.0,1,-1.3,22.1,Restricted Area,2PT Field Goal,D. Reyes
3.4,2.009553813021139,1.76,11.5,697.0,0,1.2,34.2,Restricted Area,2PT Field Goal,A. Kowalski
0.2,14.743562836470735,6.23,11.8,574.0,0,0.5,1.9,Restricted Area,2PT Field Goal,R. Delgado
1.8,60.45201064112969,4.65,17.0,197.0,0,15.7,8.9,Restricted Area,2PT Field Goal,D. Reyes
3.9,60.73059143550565,5.53,8.9,401.0,0,33.9,19.0,Restricted Area,2PT Field Goal,S. Whitfield
25.5,25.03725782794497,6.54,13.9,488.0,0,107.9,231.0,Above the Break 3,3PT Field Goal,K. Albrecht
4.5,17.91372797840668,1.93,3.8,251.0,0,-13.9,43.0,In The Paint (Non-RA),2PT Field Goal,A. Kowalski
14.8,65.91171603410673,5.7,22.8,284.0,1,-135.1,60.4,Mid-Range,2PT Field Goal,J. Carter
0.2,8.530765609948133,4.09,17.0,79.0,1,-0.3,2.0,Restricted Area,2PT Field Goal,B. Osei
1.8,30.6299984848207,3.65,11.0,46.0,0,-9.0,15.2,Restricted Area,2PT Field Goal,L. Fitzgerald
26.9,16.411204983687853,4.24,14.4,516.0,0,75.9,257.7,Above the Break 3,3PT Field Goal,K. Albrecht
4.1,39.28940686250036,3.08,7.6,242.0,1,-26.1,31.9,In The Paint (Non-RA),2PT Field Goal,B. Osei
21.0,14.148808705247825,4.32,22.1,653.0,0,51.3,203.5,Mid-Range,2PT Field Goal,S. Whitfield
7.3,32.12190555080817,4.78,22.3,503.0,0,-38.8,61.8,In The Paint (Non-RA),2PT Field Goal,B. Osei
18.9,45.17115939978623,2.78,22.3,316.0,0,-134.3,133.5,Mid-Range,2PT Field Goal,D. Reyes
24.1,60.4701720355215,6.7,19.2,360.0,0,-209.9,118.9,Above the Break 3,3PT Field Goal,K. Albrecht
0.3,1.9091524329963763,4.44,18.3,47.0,0,-0.1,3.0,Restricted Area,2PT Field Goal,B. Osei
6.6,51.015419903455985,1.73,2.6,63.0,0,-51.4,41.6,In The Paint (Non-RA),2PT Field Goal,S. Whitfield
17.2,41.79139380846872,5.26,5.5,336.0,1,-114.5,128.1,Mid-Range,2PT Field Goal,A. Kowalski
1.9,30.91171678297471,5.4,7.3,295.0,0,-9.7,16.2,Restricted Area,2PT Field Goal,R. Delgado
26.4,46.595399293807546,0.98,18.5,660.0,0,-191.9,181.5,Above the Break 3,3PT Field Goal,D. Reyes
13.5,66.24429188829706,4.88,2.8,645.0,1,-123.6,54.4,In The Paint (Non-RA),2PT Field Goal,K. Albrecht
0.2,50.9061411137705,3.37,4.3,663.0,1,-1.6,1.3,Restricted Area,2PT Field Goal,T. Nwosu
24.3,31.17807385520603,4.8,14.5,354.0,0,125.8,207.9,Above the Break 3,3PT Field Goal,A. Kowalski
26.4,10.702189043325435,3.83,9.1,413.0,0,-49.1,259.8,Above the Break 3,3PT Field Goal,J. Carter
21.8,23.636902787024518,5.1,22.4,285.0,1,87.4,199.7,Mid-Range,2PT Field Goal,R. Delgado
26.1,26.407861504199413,4.64,8.7,19.0,0,116.0,233.6,Above the Break 3,3PT Field Goal,L. Fitzgerald
0.2,14.743562836470735,0.3,22.0,323.0,0,0.5,1.9,Restricted Area,2PT Field Goal,A. Kowalski
21.6,9.291877600133867,4.4,12.2,598.0,1,34.8,212.7,Mid-Range,2PT Field Goal,M. Okafor
24.2,47.21290454821994,5.47,7.1,360.0,1,177.4,164.2,Above the Break 3,3PT Field Goal,L. Fitzgerald
25.8,57.08048774008476,5.86,10.4,129.0,1,-216.4,140.1,Above the Break 3,3PT Field Goal,B. Osei
17.4,25.2239233973608,7.03,8.6,34.0,1,-74.1,157.3,Mid-Range,2PT Field Goal,B. Osei
17.0,67.3515456429173,4.99,0.2,101.0,0,-156.5,65.3,Mid-Range,2PT Field Goal,B. Osei
11.8,6.86012233433663,7.2,19.8,36.0,0,-14.1,117.2,In The Paint (Non-RA),2PT Field Goal,B. Osei
18.3,49.8852025681173,6.17,21.5,214.0,0,139.7,117.7,Mid-Range,2PT Field Goal,B. Osei
18.7,2.935673446421173,3.15,8.0,374.0,0,9.6,187.2,Mid-Range,2PT Field Goal,T. Nwosu
24.2,48.07602009845238,2.65,3.2,167.0,0,180.4,162.0,Above the Break 3,3PT Field Goal,R. Delgado
24.1,15.38256780730692,7.11,20.9,504.0,1,63.8,231.9,Above the Break 3,3PT Field Goal,J. Carter
27.6,61.79916799467529,5.82,9.5,314.0,0,-243.0,130.3,Above the Break 3,3PT Field Goal,L. Fitzgerald
22.5,56.25343474352071,0.3,15.1,650.0,0,-187.1,125.0,Above the Break 3,3PT Field Goal,B. Osei
1.3,22.916902618446723,1.84,23.6,606.0,0,5.2,12.3,Restricted Area,2PT Field Goal,T. Nwosu
26.5,61.83978242711083,6.86,4.7,718.0,1,233.7,125.1,Above the Break 3,3PT Field Goal,R. Delgado
7.7,46.63657704161672,4.59,10.3,634.0,1,-55.8,52.7,In The Paint (Non-RA),2PT Field Goal,M. Okafor
26.8,57.9015674021196,0.31,14.6,91.0,1,226.7,142.2,Above the Break 3,3PT Field Goal,M. Okafor
2.1,25.961959982697458,5.22,7.2,220.0,1,9.3,19.1,Restricted Area,2PT Field Goal,A. Kowalski
6.6,49.238661694389535,6.47,16.8,95.0,1,-50.0,43.1,In The Paint (Non-RA),2PT Field Goal,K. Albrecht
24.5,27.464472916149187,5.7,11.5,79.0,0,-113.0,217.4,Above the Break 3,3PT Field Goal,L. Fitzgerald
2.4,47.02136494035602,4.12,18.8,278.0,0,17.6,16.4,Restricted Area,2PT Field Goal,R. Delgado
2.5,49.1208179507536,3.78,19.9,289.0,1,18.6,16.1,Restricted Area,2PT Field Goal,J. Carter
4.7,25.689539123543224,3.02,10.9,117.0,0,20.3,42.2,In The Paint (Non-RA),2PT Field Goal,R. Delgado
27.4,61.192866043008564,3.05,22.2,398.0,0,240.4,132.2,Above the Break 3,3PT Field Goal,K. Albrecht
3.3,38.25442035251718,4.84,6.1,5.0,1,20.5,26.0,Restricted Area,2PT Field Goal,L. Fitzgerald
27.1,58.35513184888076,9.94,21.5,35.0,0,230.9,142.3,Above the Break 3,3PT Field Goal,D. Reyes
2.8,14.984431994849876,10.09,2.0,569.0,1,-7.2,26.9,Restricted Area,2PT Field Goal,K. Albrecht
2.8,8.13010235415598,3.84,4.4,364.0,0,-4.0,28.0,Restricted Area,2PT Field Goal,M. Okafor
20.7,23.8698954839843,0.86,10.8,275.0,0,-83.9,189.6,Mid-Range,2PT Field Goal,M. Okafor
21.0,38.5704432515583,4.01,10.6,240.0,1,-131.1,164.4,Mid-Range,2PT Field Goal,J. Carter
23.3,26.653130707252995,3.58,20.7,441.0,1,-104.4,208.0,Above the Break 3,3PT Field Goal,J. Carter
26.4,48.40243917016905,3.65,16.1,457.0,0,-197.8,175.6,Above the Break 3,3PT Field Goal,R. Delgado
0.8,60.60394714505674,0.43,12.6,74.0,0,7.1,4.0,Restricted Area,2PT Field Goal,L. Fitzgerald
26.3,16.605518261464763,4.06,23.8,661.0,1,75.3,252.5,Above the Break 3,3PT Field Goal,S. Whitfield
16.3,61.8446828359519,2.75,21.5,503.0,0,143.5,76.8,Mid-Range,2PT Field Goal,R. Delgado
5.2,49.10214599756991,4.33,1.7,78.0,1,-39.6,34.3,In The Paint (Non-RA),2PT Field Goal,D. Reyes
24.2,17.224338991586965,0.71,15.3,583.0,0,71.8,231.6,Above the Break 3,3PT Field Goal,R. Delgado
26.5,7.253584101726471,4.3,8.5,36.0,1,-33.5,263.2,Above the Break 3,3PT Field Goal,J. Carter
11.4,55.99000306571265,1.46,19.4,662.0,0,94.7,63.9,In The Paint (Non-RA),2PT Field Goal,B. Osei
26.8,65.4977370174307,2.33,7.5,655.0,0,-244.2,111.3,Above the Break 3,3PT Field Goal,K. Albrecht
1.8,14.349332042947138,2.74,22.2,0.0,1,4.4,17.2,Restricted Area,2PT Field Goal,S. Whitfield
4.0,3.299113319173966,2.97,20.2,41.0,1,2.3,39.9,In The Paint (Non-RA),2PT Field Goal,R. Delgado
24.3,60.56252795812793,2.98,0.4,336.0,0,-211.4,119.3,Above the Break 3,3PT Field Goal,B. Osei
4.0,3.585274268748033,2.94,13.6,590.0,0,-2.5,39.9,In The Paint (Non-RA),2PT Field Goal,B. Osei
20.8,28.68068580455452,2.82,10.3,634.0,0,-100.0,182.8,Mid-Range,2PT Field Goal,A. Kowalski
4.6,28.079865658222094,2.62,18.8,444.0,1,-21.5,40.3,In The Paint (Non-RA),2PT Field Goal,D. Reyes
2.9,62.38697217691553,2.91,14.7,556.0,1,-26.0,13.6,Restricted Area,2PT Field Goal,K. Albrecht
22.5,44.56785900893229,3.42,17.6,592.0,0,157.9,160.3,Above the Break 3,3PT Field Goal,L. Fitzgerald
26.2,41.4612353591983,8.49,14.2,643.0,1,-173.7,196.6,Above the Break 3,3PT Field Goal,L. Fitzgerald
2.8,55.80439459753925,6.3,23.2,437.0,1,23.4,15.9,Restricted Area,2PT Field Goal,L. Fitzgerald
3.1,49.15964229371264,2.86,1.1,135.0,0,-23.6,20.4,Restricted Area,2PT Field Goal,J. Carter
24.2,51.36603890898168,1.1,14.2,80.0,0,189.3,151.3,Above the Break 3,3PT Field Goal,L. Fitzgerald
22.5,62.877592333043935,6.79,19.1,215.0,1,200.5,102.7,Above the Break 3,3PT Field Goal,D. Reyes
24.9,2.09806171830848,4.18,22.2,298.0,0,-9.1,248.4,Above the Break 3,3PT Field Goal,B. Osei
11.9,48.72769021392184,5.01,6.5,674.0,1,89.1,78.2,In The Paint (Non-RA),2PT Field Goal,D. Reyes
1.5,32.943237466167375,6.85,6.4,716.0,0,-8.1,12.5,Restricted Area,2PT Field Goal,K. Albrecht
7.9,49.031128956884224,0.3,12.0,701.0,0,-60.0,52.1,In The Paint (Non-RA),2PT Field Goal,B. Osei
4.0,32.33937707974127,2.83,19.8,104.0,1,21.4,33.8,In The Paint (Non-RA),2PT Field Goal,B. Osei
10.8,9.297104907459348,4.64,9.3,74.0,0,17.5,106.9,In The Paint (Non-RA),2PT Field Goal,L. Fitzgerald
1.5,47.92885819969311,7.39,9.4,231.0,1,11.3,10.2,Restricted Area,2PT Field Goal,J. Carter
1.9,7.086895410073672,4.03,7.1,593.0,1,2.3,18.5,Restricted Area,2PT Field Goal,J. Carter
10.2,66.08330642341319,4.4,5.7,493.0,0,92.9,41.2,In The Paint (Non-RA),2PT Field Goal,J. Carter
4.0,10.663661242550555,4.13,2.6,421.0,0,-7.4,39.3,In The Paint (Non-RA),2PT Field Goal,S. Whitfield
5.1,12.614396731402064,4.12,17.5,76.0,1,-11.1,49.6,In The Paint (Non-RA),2PT Field Goal,J. Carter
14.6,36.321254419981976,4.56,2.2,68.0,0,86.6,117.8,Mid-Range,2PT Field Goal,A. Kowalski
15.7,67.1184352120825,2.92,7.3,271.0,0,144.3,60.9,Mid-Range,2PT Field Goal,K. Albrecht
22.5,23.579798782849927,2.6,16.4,215.0,0,-90.0,206.2,Above the Break 3,3PT Field Goal,B. Osei
24.9,34.31448524106257,3.35,23.7,89.0,1,-140.6,206.0,Above the Break 3,3PT Field Goal,R. Delgado
17.4,42.688868547238606,5.64,12.5,37.0,0,117.7,127.6,Mid-Range,2PT Field Goal,M. Okafor
28.2,28.841109910946688,6.87,10.3,4.0,1,-135.8,246.6,Above the Break 3,3PT Field Goal,D. Reyes
11.6,46.71870854819049,4.51,21.3,205.0,0,-84.1,79.2,In The Paint (Non-RA),2PT Field Goal,D. Reyes
22.5,8.641593901783343,3.6,7.7,346.0,1,33.8,222.4,Above the Break 3,3PT Field Goal,D. Reyes
0.2,26.56505117707799,7.01,14.8,222.0,1,-0.9,1.8,Restricted Area,2PT Field Goal,S. Whitfield
14.6,53.436116343979684,5.49,21.4,219.0,1,-117.3,87.0,Mid-Range,2PT Field Goal,R. Delgado
26.3,16.390768355114243,5.89,7.2,227.0,0,74.3,252.6,Above the Break 3,3PT Field Goal,K. Albrecht
16.8,14.533230680935368,3.94,20.0,268.0,0,-42.1,162.4,Mid-Range,2PT Field Goal,B. Osei
12.8,53.7847290414259,3.27,0.9,341.0,0,-103.1,75.5,In The Paint (Non-RA),2PT Field Goal,R. Delgado
23.9,26.093667964913394,5.33,14.2,354.0,0,-105.2,214.8,Above the Break 3,3PT Field Goal,K. Albrecht
2.4,11.357011986442664,3.86,11.4,544.0,0,-4.7,23.4,Restricted Area,2PT Field Goal,S. Whitfield
24.8,48.12094444736696,6.88,6.5,513.0,0,-184.7,165.6,Above the Break 3,3PT Field Goal,J. Carter
0.2,26.56505117707799,2.22,7.6,14.0,1,0.9,1.8,Restricted Area,2PT Field Goal,L. Fitzgerald
1.2,61.50436138175502,4.97,1.8,441.0,0,-10.5,5.7,Restricted Area,2PT Field Goal,M. Okafor
1.9,10.581635520943793,4.26,12.9,150.0,0,-3.4,18.2,Restricted Area,2PT Field Goal,T. Nwosu
1.5,25.24052926478679,1.92,16.0,603.0,0,-6.6,14.0,Restricted Area,2PT Field Goal,R. Delgado
23.9,56.5887741589512,3.42,23.3,478.0,1,199.8,131.8,Above the Break 3,3PT Field Goal,B. Osei
2.2,51.175193556916845,1.84,15.1,468.0,0,-16.9,13.6,Restricted Area,2PT Field Goal,R. Delgado
1.1,57.362492415714314,3.42,1.5,149.0,1,-8.9,5.7,Restricted Area,2PT Field Goal,S. Whitfield
14.2,23.68014525328809,3.61,12.4,486.0,1,-57.1,130.2,Mid-Range,2PT Field Goal,L. Fitzgerald
26.6,62.309572039829696,10.23,21.6,117.0,1,235.9,123.8,Above the Break 3,3PT Field Goal,D. Reyes
25.5,2.94314925919034,1.86,16.4,99.0,0,-13.1,254.8,Above the Break 3,3PT Field Goal,M. Okafor
5.1,50.79736900047021,5.69,9.7,537.0,0,39.6,32.3,In The Paint (Non-RA),2PT Field Goal,L. Fitzgerald
1.8,62.18354101632975,3.18,3.5,518.0,0,-16.3,8.6,Restricted Area,2PT Field Goal,R. Delgado
24.2,39.28940686250036,5.05,1.2,252.0,0,153.0,187.0,Above the Break 3,3PT Field Goal,K. Albrecht
0.6,28.85566121971652,3.46,9.2,332.0,0,2.7,4.9,Restricted Area,2PT Field Goal,R. Delgado
1.5,64.79887635452492,2.4,19.2,46.0,1,13.6,6.4,Restricted Area,2PT Field Goal,L. Fitzgerald
0.3,42.510447078000844,7.46,5.3,302.0,0,-2.2,2.4,Restricted Area,2PT Field Goal,R. Delgado
13.7,52.73721361339998,6.76,19.1,616.0,0,-109.1,83.0,In The Paint (Non-RA),2PT Field Goal,A. Kowalski
23.2,64.62568271477934,0.3,20.1,693.0,0,210.0,99.6,Above the Break 3,3PT Field Goal,L. Fitzgerald
24.8,59.08779339751944,3.89,14.9,471.0,0,212.6,127.3,Above the Break 3,3PT Field Goal,J. Carter
20.4,1.9343644792651549,3.41,0.3,126.0,0,6.9,204.3,Mid-Range,2PT Field Goal,A. Kowalski
19.4,54.54124669118411,0.61,7.2,172.0,0,158.1,112.6,Mid-Range,2PT Field Goal,M. Okafor
16.1,43.8154342527946,4.6,22.2,193.0,0,111.3,116.0,Mid-Range,2PT Field Goal,A. Kowalski
18.2,10.617719411726602,5.37,22.3,388.0,0,33.5,178.7,Mid-Range,2PT Field Goal,D. Reyes
2.7,4.607286100801531,4.34,17.7,139.0,1,-2.2,27.3,Restricted Area,2PT Field Goal,T. Nwosu
0.4,64.02560603756869,5.27,20.0,472.0,1,-3.9,1.9,Restricted Area,2PT Field Goal,L. Fitzgerald
2.8,23.711834593259866,8.24,17.6,621.0,0,11.2,25.5,Restricted Area,2PT Field Goal,T. Nwosu
27.5,33.59774812226738,3.2,11.1,252.0,1,152.4,229.4,Above the Break 3,3PT Field Goal,D. Reyes
17.1,11.933472875630214,7.06,0.0,654.0,1,35.4,167.5,Mid-Range,2PT Field Goal,L. Fitzgerald
23.4,35.1023122320499,9.17,20.2,274.0,1,134.6,191.5,Above the Break 3,3PT Field Goal,R. Delgado
1.5,2.7263109939062655,0.3,2.4,695.0,0,-0.7,14.7,Restricted Area,2PT Field Goal,S. Whitfield
26.3,35.90545741592666,3.72,4.5,88.0,1,-154.0,212.7,Above the Break 3,3PT Field Goal,S. Whitfield
12.1,61.16216228497134,7.3,11.9,617.0,0,105.7,58.2,In The Paint (Non-RA),2PT Field Goal,K. Albrecht
26.1,57.04601316064834,5.0,22.9,17.0,0,-219.2,142.1,Above the Break 3,3PT Field Goal,M. Okafor
20.6,31.269688038851285,2.85,9.5,491.0,0,-106.7,175.7,Mid-Range,2PT Field Goal,J. Carter
16.4,40.03884419533655,7.47,12.7,23.0,1,-105.2,125.2,Mid-Range,2PT Field Goal,B. Osei
22.5,14.882217963467587,6.25,21.3,314.0,1,57.8,217.5,Above the Break 3,3PT Field Goal,B. Osei
15.9,4.982235377935537,0.6,13.2,202.0,1,-13.8,158.3,Mid-Range,2PT Field Goal,S. Whitfield
20.2,9.797817407851257,6.1,1.3,138.0,0,34.4,199.2,Mid-Range,2PT Field Goal,J. Carter
1.6,4.645078425891606,3.83,13.7,274.0,0,-1.3,16.0,Restricted Area,2PT Field Goal,A. Kowalski
20.1,15.152343866441399,4.7,18.1,435.0,0,52.4,193.5,Mid-Range,2PT Field Goal,T. Nwosu
3.4,53.47114463301483,1.58,6.7,67.0,1,-27.0,20.0,Restricted Area,2PT Field Goal,R. Delgado
2.1,17.566897373176467,5.47,5.4,406.0,0,-6.3,19.9,Restricted Area,2PT Field Goal,B. Osei
0.2,5.710593137499643,4.62,23.4,355.0,0,0.2,2.0,Restricted Area,2PT Field Goal,J. Carter
10.1,14.630462036822806,2.11,3.2,146.0,0,25.4,97.3,In The Paint (Non-RA),2PT Field Goal,M. Okafor
2.6,8.541839397887765,3.48,4.4,495.0,0,-3.8,25.3,Restricted Area,2PT Field Goal,T. Nwosu
27.5,60.96160748131023,7.48,17.4,575.0,1,-240.1,133.3,Above the Break 3,3PT Field Goal,D. Reyes
0.2,26.56505117707799,7.73,17.6,507.0,1,0.9,1.8,Restricted Area,2PT Field Goal,T. Nwosu
2.3,0.2512956672089501,0.86,19.7,332.0,0,0.1,22.8,Restricted Area,2PT Field Goal,R. Delgado
25.5,63.09270825108708,5.39,8.5,239.0,1,227.0,115.2,Above the Break 3,3PT Field Goal,B. Osei
1.5,21.230611140046264,3.57,14.8,414.0,0,-5.4,13.9,Restricted Area,2PT Field Goal,B. Osei
11.0,24.53049115852632,3.09,5.2,341.0,0,45.5,99.7,In The Paint (Non-RA),2PT Field Goal,M. Okafor
0.3,62.592424562181606,4.82,5.4,669.0,1,-2.7,1.4,Restricted Area,2PT Field Goal,J. Carter
2.1,25.319686910309642,7.7,17.6,42.0,1,8.8,18.6,Restricted Area,2PT Field Goal,S. Whitfield
4.5,58.838141293212544,5.51,23.0,102.0,1,-38.2,23.1,In The Paint (Non-RA),2PT Field Goal,J. Carter
29.0,15.521995668559358,2.08,20.8,422.0,0,77.6,279.4,Above the Break 3,3PT Field Goal,A. Kowalski
1.6,18.208484470580828,4.38,14.9,672.0,1,5.0,15.2,Restricted Area,2PT Field Goal,T. Nwosu
28.6,28.986452821686594,5.27,11.8,528.0,0,138.5,250.0,Above the Break 3,3PT Field Goal,A. Kowalski
25.1,0.1141803580429929,6.78,7.7,367.0,1,0.5,250.9,Above the Break 3,3PT Field Goal,L. Fitzgerald
19.6,2.1016543276712936,4.11,0.8,142.0,0,-7.2,196.2,Mid-Range,2PT Field Goal,M. Okafor
4.0,51.899048188500686,4.57,15.5,643.0,1,-31.5,24.7,In The Paint (Non-RA),2PT Field Goal,M. Okafor
1.4,33.690067525979785,4.8,1.9,710.0,1,-8.0,12.0,Restricted Area,2PT Field Goal,B. Osei
4.0,41.65731845100201,5.74,9.6,453.0,1,26.6,29.9,In The Paint (Non-RA),2PT Field Goal,B. Osei
3.6,62.0117439762889,0.3,0.5,382.0,1,31.8,16.9,Restricted Area,2PT Field Goal,A. Kowalski
25.3,22.50472575985643,7.42,9.9,400.0,1,-96.7,233.4,Above the Break 3,3PT Field Goal,R. Delgado
1.2,5.110417561031226,5.0,11.5,7.0,1,1.1,12.3,Restricted Area,2PT Field Goal,L. Fitzgerald
23.8,29.34724946984929,4.29,6.5,647.0,0,-116.5,207.2,Above the Break 3,3PT Field Goal,K. Albrecht
14.5,29.62240226265383,1.8,6.1,616.0,0,-71.7,126.1,Mid-Range,2PT Field Goal,L. Fitzgerald
1.0,40.10090754621224,4.87,3.3,312.0,1,6.4,7.6,Restricted Area,2PT Field Goal,M. Okafor
3.5,45.45835645800043,8.76,8.0,644.0,1,25.2,24.8,Restricted Area,2PT Field Goal,L. Fitzgerald
23.1,15.96581856251137,2.92,10.7,424.0,0,63.6,222.3,Above the Break 3,3PT Field Goal,R. Delgado
14.3,50.20978833356107,0.57,1.7,378.0,0,110.1,91.7,Mid-Range,2PT Field Goal,S. Whitfield
1.8,67.42916865531897,5.27,5.9,365.0,1,-16.6,6.9,Restricted Area,2PT Field Goal,L. Fitzgerald
26.9,55.424624660299486,4.33,14.9,69.0,0,221.7,152.8,Above the Break 3,3PT Field Goal,M. Okafor
2.2,53.874852342035716,4.16,20.0,631.0,0,-17.4,12.7,Restricted Area,2PT Field Goal,S. Whitfield
6.3,64.98862900665523,0.81,21.3,169.0,0,-56.8,26.5,In The Paint (Non-RA),2PT Field Goal,J. Carter
1.7,52.094749167611035,5.23,5.7,94.0,0,-13.1,10.2,Restricted Area,2PT Field Goal,D. Reyes
21.4,33.608555220050924,5.72,23.1,92.0,1,-118.7,178.6,Mid-Range,2PT Field Goal,M. Okafor
0.5,5.492324557127438,0.3,18.7,647.0,1,0.5,5.2,Restricted Area,2PT Field Goal,R. Delgado
1.5,60.06848815949221,4.64,4.2,561.0,0,-13.2,7.6,Restricted Area,2PT Field Goal,L. Fitzgerald
25.1,56.11360637548208,6.01,11.9,91.0,0,208.3,139.9,Above the Break 3,3PT Field Goal,D. Reyes
13.1,8.589352449853084,2.23,7.3,374.0,0,-19.5,129.1,In The Paint (Non-RA),2PT Field Goal,B. Osei
21.8,65.68230471170449,0.3,7.1,462.0,0,198.5,89.7,Mid-Range,2PT Field Goal,S. Whitfield
24.8,28.722822246571784,4.48,4.0,260.0,1,119.3,217.7,Above the Break 3,3PT Field Goal,M. Okafor
15.6,33.04997461265459,9.14,23.0,573.0,0,-85.3,131.1,Mid-Range,2PT Field Goal,J. Carter
0.8,40.072890052350985,5.09,12.1,691.0,0,-5.3,6.3,Restricted Area,2PT Field Goal,T. Nwosu
17.9,43.124713430398366,9.4,17.2,687.0,0,122.6,130.9,Mid-Range,2PT Field Goal,R. Delgado
0.2,11.309932474020215,5.05,3.4,143.0,1,0.4,2.0,Restricted Area,2PT Field Goal,L. Fitzgerald
1.6,55.327253890194285,3.77,15.9,184.0,1,-13.3,9.2,Restricted Area,2PT Field Goal,L. Fitzgerald
12.6,31.39945748334126,2.5,8.3,482.0,0,-65.8,107.8,In The Paint (Non-RA),2PT Field Goal,D. Reyes
4.0,51.09390425359419,7.5,7.3,158.0,1,-31.1,25.1,In The Paint (Non-RA),2PT Field Goal,S. Whitfield
3.9,12.640807135499024,1.25,21.9,473.0,1,8.5,37.9,Restricted Area,2PT Field Goal,T. Nwosu
17.7,53.220719191523166,2.88,12.4,325.0,0,141.8,106.0,Mid-Range,2PT Field Goal,R. Delgado
25.2,17.960965972041937,3.32,17.3,209.0,0,-77.8,240.0,Above the Break 3,3PT Field Goal,D. Reyes
1.9,64.24952587268173,4.95,2.2,715.0,1,-17.0,8.2,Restricted Area,2PT Field Goal,D. Reyes
6.2,59.57675365505715,4.38,20.6,150.0,0,53.3,31.3,In The Paint (Non-RA),2PT Field Goal,S. Whitfield
2.1,45.0,0.9,3.4,60.0,1,15.0,15.0,Restricted Area,2PT Field Goal,T. Nwosu
16.3,63.34045339538379,1.6,17.6,432.0,0,-145.4,73.0,Mid-Range,2PT Field Goal,K. Albrecht
14.6,29.808051921305104,8.18,20.0,586.0,0,-72.7,126.9,Mid-Range,2PT Field Goal,R. Delgado
26.7,15.918891892964544,4.48,14.5,162.0,0,-73.3,257.0,Above the Break 3,3PT Field Goal,J. Carter
2.6,65.92450174492117,4.28,11.8,58.0,1,23.5,10.5,Restricted Area,2PT Field Goal,K. Albrecht
27.2,63.595176773672236,3.48,20.1,486.0,1,-243.5,120.9,Above the Break 3,3PT Field Goal,S. Whitfield
25.5,67.40257758097754,4.92,11.9,179.0,0,235.7,98.1,Above the Break 3,3PT Field Goal,K. Albrecht
3.6,16.515702588953115,2.57,11.6,683.0,0,10.2,34.4,Restricted Area,2PT Field Goal,L. Fitzgerald
25.2,13.639052052372037,6.82,15.1,550.0,0,-59.4,244.8,Above the Break 3,3PT Field Goal,K. Albrecht
25.7,12.852659427725639,6.23,20.6,216.0,1,-57.2,250.7,Above the Break 3,3PT Field Goal,S. Whitfield
16.0,22.372356640452505,4.26,10.5,404.0,0,61.0,148.2,Mid-Range,2PT Field Goal,D. Reyes
2.3,25.57917904753317,6.37,2.1,11.0,1,-10.1,21.1,Restricted Area,2PT Field Goal,J. Carter
21.7,27.273828787446092,3.91,18.6,230.0,1,-99.4,192.8,Mid-Range,2PT Field Goal,T. Nwosu
29.0,39.69677856563051,3.32,15.4,624.0,1,185.2,223.1,Above the Break 3,3PT Field Goal,S. Whitfield
1.4,24.004007648117618,6.54,13.2,170.0,0,-5.7,12.8,Restricted Area,2PT Field Goal,R. Delgado
9.5,42.17603971075765,4.07,16.5,10.0,1,63.6,70.2,In The Paint (Non-RA),2PT Field Goal,K. Albrecht
1.5,21.943406170884934,2.43,4.7,539.0,0,-5.6,13.9,Restricted Area,2PT Field Goal,D. Reyes
22.5,24.81071695638216,7.91,16.2,460.0,1,94.4,204.2,Above the Break 3,3PT Field Goal,L. Fitzgerald
23.5,67.89972959906585,3.86,2.3,253.0,0,-217.7,88.4,Above the Break 3,3PT Field Goal,B. Osei
3.3,5.538637532790516,5.31,11.4,52.0,1,3.2,33.0,Restricted Area,2PT Field Goal,R. Delgado
26.4,7.979510350115626,7.73,20.5,481.0,0,-36.6,261.1,Above the Break 3,3PT Field Goal,D. Reyes
17.5,38.49658738836475,1.39,19.5,664.0,0,109.2,137.3,Mid-Range,2PT Field Goal,K. Albrecht
4.0,14.765423109928552,3.58,21.6,285.0,1,10.2,38.7,In The Paint (Non-RA),2PT Field Goal,K. Albrecht
15.6,21.121614861548615,6.5,24.0,380.0,0,56.4,146.0,Mid-Range,2PT Field Goal,R. Delgado
14.6,44.47283821198632,3.61,13.8,681.0,1,-102.3,104.2,Mid-Range,2PT Field Goal,S. Whitfield
1.2,48.99091309842978,3.27,3.0,282.0,0,9.2,8.0,Restricted Area,2PT Field Goal,T. Nwosu
7.4,44.23755364590785,3.95,5.3,671.0,0,51.9,53.3,In The Paint (Non-RA),2PT Field Goal,L. Fitzgerald
25.8,2.44420338132497,3.6,14.4,312.0,1,11.0,257.7,Above the Break 3,3PT Field Goal,K. Albrecht
19.2,21.385144073496328,3.58,2.5,42.0,0,69.9,178.5,Mid-Range,2PT Field Goal,T. Nwosu
5.9,31.19816227079178,5.21,5.6,126.0,0,-30.4,50.2,In The Paint (Non-RA),2PT Field Goal,S. Whitfield
0.2,30.46554491945988,4.5,0.2,374.0,1,-1.0,1.7,Restricted Area,2PT Field Goal,A. Kowalski
2.9,6.858300723771979,8.22,4.5,260.0,1,3.5,29.1,Restricted Area,2PT Field Goal,M. Okafor
27.7,7.948713135304423,5.04,20.6,586.0,1,-38.3,274.3,Above the Break 3,3PT Field Goal,B. Osei
27.8,50.84524977200814,8.11,8.0,196.0,1,-215.9,175.8,Above the Break 3,3PT Field Goal,D. Reyes
29.0,51.14577074757617,4.61,21.6,369.0,0,225.8,181.9,Above the Break 3,3PT Field Goal,K. Albrecht
20.7,29.323117362060195,8.26,5.1,106.0,1,101.5,180.7,Mid-Range,2PT Field Goal,J. Carter
16.0,41.811752695017375,4.0,23.4,251.0,1,-106.8,119.4,Mid-Range,2PT Field Goal,T. Nwosu
20.0,58.80086329461737,7.09,0.9,657.0,1,171.4,103.8,Mid-Range,2PT Field Goal,M. Okafor
24.1,9.782407031807285,4.68,14.5,277.0,0,41.0,237.8,Above the Break 3,3PT Field Goal,B. Osei
1.9,3.976730975077568,7.99,13.0,360.0,0,-1.3,18.7,Restricted Area,2PT Field Goal,L. Fitzgerald
11.8,49.53017777113371,2.52,0.9,138.0,0,89.9,76.7,In The Paint (Non-RA),2PT Field Goal,L. Fitzgerald
10.8,53.96088086280323,3.25,23.8,351.0,0,-87.0,63.3,In The Paint (Non-RA),2PT Field Goal,J. Carter
14.2,55.581017863262275,5.2,13.5,430.0,1,-116.9,80.1,Mid-Range,2PT Field Goal,A. Kowalski
2.1,64.75600099746458,2.12,14.7,563.0,1,19.3,9.1,Restricted Area,2PT Field Goal,A. Kowalski
3.4,51.49638158031368,7.65,16.6,153.0,1,-26.9,21.4,Restricted Area,2PT Field Goal,S. Whitfield
2.0,7.020779145201194,3.91,20.8,63.0,0,-2.5,20.3,Restricted Area,2PT Field Goal,M. Okafor
0.4,65.43282867939868,5.52,13.2,167.0,1,3.5,1.6,Restricted Area,2PT Field Goal,R. Delgado
26.6,25.120925646142144,6.65,12.1,266.0,0,-113.0,241.0,Above the Break 3,3PT Field Goal,L. Fitzgerald
25.1,58.08166298011449,5.69,9.6,118.0,1,213.2,132.8,Above the Break 3,3PT Field Goal,J. Carter
27.2,45.832901775035225,2.64,11.0,3.0,0,-195.4,189.8,Above the Break 3,3PT Field Goal,K. Albrecht
4.7,52.37174819368353,1.29,23.9,221.0,1,37.1,28.6,In The Paint (Non-RA),2PT Field Goal,A. Kowalski
0.2,67.16634582208245,0.51,3.9,81.0,0,-1.9,0.8,Restricted Area,2PT Field Goal,J. Carter
10.7,0.7510252550748214,2.26,12.2,317.0,0,1.4,106.8,In The Paint (Non-RA),2PT Field Goal,T. Nwosu
25.9,59.18062244757647,2.6,7.9,295.0,0,222.1,132.5,Above the Break 3,3PT Field Goal,T. Nwosu
4.1,38.008994373053994,2.5,20.0,598.0,0,25.4,32.5,In The Paint (Non-RA),2PT Field Goal,T. Nwosu
15.0,24.655330795592178,5.35,22.0,325.0,0,62.7,136.6,Mid-Range,2PT Field Goal,D. Reyes
1.9,3.296115972546317,1.22,3.8,476.0,0,-1.1,19.1,Restricted Area,2PT Field Goal,D. Reyes
0.6,37.26640190097714,0.62,1.2,679.0,0,3.5,4.6,Restricted Area,2PT Field Goal,B. Osei
19.1,29.354487802562087,4.71,4.9,445.0,1,93.7,166.6,Mid-Range,2PT Field Goal,A. Kowalski
5.0,46.22582818449503,8.37,19.3,492.0,1,-35.8,34.3,In The Paint (Non-RA),2PT Field Goal,R. Delgado
2.3,29.56035446468074,2.2,18.5,158.0,1,11.4,20.1,Restricted Area,2PT Field Goal,D. Reyes
0.4,42.27368900609374,4.03,1.2,40.0,1,3.0,3.3,Restricted Area,2PT Field Goal,B. Osei
14.8,23.820570449452564,4.18,20.1,508.0,1,59.6,135.0,Mid-Range,2PT Field Goal,A. Kowalski
1.5,36.05461816646104,6.77,1.0,251.0,0,-9.1,12.5,Restricted Area,2PT Field Goal,M. Okafor
17.7,14.812689045018303,6.26,18.1,46.0,0,-45.3,171.3,Mid-Range,2PT Field Goal,K. Albrecht
0.2,39.0938588862295,3.29,4.6,571.0,1,-1.3,1.6,Restricted Area,2PT Field Goal,T. Nwosu
27.1,17.23797760045904,6.39,14.7,319.0,0,-80.3,258.8,Above the Break 3,3PT Field Goal,D. Reyes
1.5,12.854117368988941,4.45,9.4,370.0,0,-3.4,14.9,Restricted Area,2PT Field Goal,K. Albrecht
8.1,41.364684239825735,6.13,12.3,642.0,0,53.8,61.1,In The Paint (Non-RA),2PT Field Goal,L. Fitzgerald
24.2,33.69006752597979,8.42,16.0,229.0,1,134.4,201.6,Above the Break 3,3PT Field Goal,S. Whitfield
25.8,44.05875205062083,0.3,16.5,635.0,0,-179.6,185.6,Above the Break 3,3PT Field Goal,K. Albrecht
24.6,41.873091405547775,1.06,1.6,207.0,0,164.4,183.4,Above the Break 3,3PT Field Goal,T. Nwosu
1.4,27.460224887289066,1.21,16.7,603.0,1,6.6,12.7,Restricted Area,2PT Field Goal,L. Fitzgerald
25.1,22.781563089725918,1.46,14.7,612.0,1,-97.1,231.2,Above the Break 3,3PT Field Goal,B. Osei
4.4,11.387324294822934,4.53,1.4,499.0,0,8.6,42.7,In The Paint (Non-RA),2PT Field Goal,T. Nwosu
24.7,53.23199434514214,4.56,8.7,661.0,1,-198.2,148.1,Above the Break 3,3PT Field Goal,R. Delgado
23.7,45.46108871867013,8.24,17.4,531.0,1,-169.1,166.4,Above the Break 3,3PT Field Goal,K. Albrecht
17.9,31.991792321897535,7.5,5.4,151.0,0,-94.7,151.6,Mid-Range,2PT Field Goal,B. Osei
27.5,37.39075402034598,4.94,5.2,504.0,1,167.0,218.5,Above the Break 3,3PT Field Goal,S. Whitfield
14.2,42.92105609123694,3.99,14.7,384.0,1,-96.9,104.2,Mid-Range,2PT Field Goal,M. Okafor
26.1,30.48115016620803,5.8,14.1,74.0,0,-132.2,224.6,Above the Break 3,3PT Field Goal,L. Fitzgerald
2.7,1.9305874411669917,5.25,19.0,626.0,1,0.9,26.7,Restricted Area,2PT Field Goal,K. Albrecht
27.5,11.510423921367652,3.2,13.7,243.0,0,-54.8,269.1,Above the Break 3,3PT Field Goal,S. Whitfield
23.8,39.66060468987463,5.85,13.8,515.0,0,-151.8,183.1,Above the Break 3,3PT Field Goal,T. Nwosu
3.6,3.206495854603434,3.12,14.5,667.0,0,2.0,35.7,Restricted Area,2PT Field Goal,D. Reyes
1.7,67.83365417791754,4.06,9.1,578.0,1,16.2,6.6,Restricted Area,2PT Field Goal,R. Delgado
20.6,0.9743240911534933,3.92,23.2,30.0,0,3.5,205.8,Mid-Range,2PT Field Goal,A. Kowalski
22.5,49.3434672139865,2.92,4.4,49.0,0,170.7,146.6,Above the Break 3,3PT Field Goal,M. Okafor
0.9,45.86805144974554,2.8,11.2,373.0,0,6.7,6.5,Restricted Area,2PT Field Goal,J. Carter
24.4,47.225572120375865,4.41,1.7,620.0,0,-179.1,165.7,Above the Break 3,3PT Field Goal,R. Delgado
4.0,0.42971028940104355,3.98,22.4,378.0,0,-0.3,40.0,In The Paint (Non-RA),2PT Field Goal,S. Whitfield
25.3,8.534129025237084,1.46,20.3,341.0,1,-37.5,249.9,Above the Break 3,3PT Field Goal,S. Whitfield
26.9,43.05927799105808,8.04,16.3,464.0,0,183.9,196.8,Above the Break 3,3PT Field Goal,M. Okafor
9.2,27.372765097520453,8.12,8.1,206.0,1,42.3,81.7,In The Paint (Non-RA),2PT Field Goal,S. Whitfield
2.4,17.681100489851246,7.99,11.3,35.0,1,7.3,22.9,Restricted Area,2PT Field Goal,K. Albrecht
2.7,53.89456701807938,6.92,19.4,316.0,1,21.8,15.9,Restricted Area,2PT Field Goal,R. Delgado
2.7,53.13010235415599,4.04,13.5,89.0,0,-21.6,16.2,Restricted Area,2PT Field Goal,M. Okafor
19.9,51.87510463370801,2.11,0.0,188.0,0,-156.6,122.9,Mid-Range,2PT Field Goal,R. Delgado
27.4,2.0073545699740247,1.95,11.2,455.0,0,-9.6,273.9,Above the Break 3,3PT Field Goal,B. Osei
27.7,21.09840549817866,0.31,21.9,56.0,0,99.7,258.4,Above the Break 3,3PT Field Goal,B. Osei
3.7,22.69120225856926,3.51,19.4,476.0,1,14.3,34.2,Restricted Area,2PT Field Goal,D. Reyes
28.3,48.974283646776506,0.34,17.6,106.0,0,213.2,185.5,Above the Break 3,3PT Field Goal,L. Fitzgerald
3.2,44.106819671812026,4.49,4.3,604.0,0,-22.1,22.8,Restricted Area,2PT Field Goal,S. Whitfield
26.8,53.73238427087344,4.85,20.2,157.0,0,-216.3,158.7,Above the Break 3,3PT Field Goal,D. Reyes
25.7,20.511759138936466,3.02,19.5,589.0,0,-90.2,241.1,Above the Break 3,3PT Field Goal,D. Reyes
2.8,26.288262124900232,3.01,16.9,593.0,0,12.3,24.9,Restricted Area,2PT Field Goal,J. Carter
24.2,27.147520551141174,4.09,2.1,179.0,1,-110.4,215.3,Above the Break 3,3PT Field Goal,D. Reyes
26.8,30.677280021796452,5.52,10.0,666.0,0,136.5,230.1,Above the Break 3,3PT Field Goal,J. Carter
24.7,6.168302357532028,3.47,13.1,599.0,1,26.5,245.2,Above the Break 3,3PT Field Goal,J. Carter
24.1,28.690079213032874,8.06,11.1,147.0,1,-115.8,211.6,Above the Break 3,3PT Field Goal,T. Nwosu
20.3,7.974635164494961,2.22,23.7,133.0,1,28.2,201.3,Mid-Range,2PT Field Goal,R. Delgado
10.8,4.926201168809286,2.83,21.2,703.0,1,-9.3,107.9,In The Paint (Non-RA),2PT Field Goal,K. Albrecht
2.9,46.965260571920524,3.14,12.4,89.0,0,21.1,19.7,Restricted Area,2PT Field Goal,S. Whitfield
26.6,41.18592516570965,3.77,20.3,195.0,0,175.0,200.0,Above the Break 3,3PT Field Goal,R. Delgado
25.9,36.56501822321552,4.71,5.7,396.0,0,-154.5,208.3,Above the Break 3,3PT Field Goal,R. Delgado
0.9,38.08877288097531,5.45,6.0,638.0,0,-5.8,7.4,Restricted Area,2PT Field Goal,D. Reyes
27.1,47.00692840843744,3.48,15.8,391.0,0,197.9,184.5,Above the Break 3,3PT Field Goal,A. Kowalski
1.2,47.29061004263853,7.8,5.5,398.0,1,9.1,8.4,Restricted Area,2PT Field Goal,R. Delgado
1.8,49.398705354995535,0.3,21.8,97.0,1,14.0,12.0,Restricted Area,2PT Field Goal,R. Delgado
2.1,17.304829645906512,4.82,17.4,55.0,1,-6.2,19.9,Restricted Area,2PT Field Goal,M. Okafor
19.2,50.67913383787924,4.31,2.8,68.0,0,-148.7,121.8,Mid-Range,2PT Field Goal,B. Osei
2.0,6.34019174590991,1.13,9.5,314.0,0,2.2,19.8,Restricted Area,2PT Field Goal,K. Albrecht
2.3,61.682660796102695,0.98,20.7,114.0,1,20.6,11.1,Restricted Area,2PT Field Goal,T. Nwosu
2.0,11.814975236223226,4.44,15.4,138.0,1,4.1,19.6,Restricted Area,2PT Field Goal,A. Kowalski
1.5,25.159301916031655,6.78,9.1,255.0,0,6.2,13.2,Restricted Area,2PT Field Goal,B. Osei
24.3,63.930958099933996,5.09,15.1,327.0,1,-218.1,106.7,Above the Break 3,3PT Field Goal,R. Delgado
0.2,11.309932474020215,4.01,3.4,219.0,0,-0.4,2.0,Restricted Area,2PT Field Goal,D. Reyes
6.6,43.95389901377984,3.47,23.8,552.0,0,-45.7,47.4,In The Paint (Non-RA),2PT Field Goal,D. Reyes
16.3,56.92588726084277,3.07,7.3,129.0,0,-136.2,88.7,Mid-Range,2PT Field Goal,T. Nwosu
3.0,38.29813533349022,3.28,11.5,574.0,0,-18.4,23.3,Restricted Area,2PT Field Goal,L. Fitzgerald
2.7,28.86715946951462,5.61,13.3,290.0,1,-12.9,23.4,Restricted Area,2PT Field Goal,M. Okafor
27.6,0.04150363599542327,6.58,12.9,403.0,1,0.2,276.1,Above the Break 3,3PT Field Goal,M. Okafor
26.2,15.32613618174652,5.39,21.3,179.0,0,69.2,252.5,Above the Break 3,3PT Field Goal,T. Nwosu
25.2,5.636089249949446,2.62,4.9,378.0,0,24.8,251.3,Above the Break 3,3PT Field Goal,M. Okafor
0.9,19.025606037568686,5.45,2.9,1.0,1,-3.0,8.7,Restricted Area,2PT Field Goal,L. Fitzgerald
24.2,47.259841824050476,6.48,3.5,20.0,0,-177.8,164.3,Above the Break 3,3PT Field Goal,J. Carter
11.0,0.6267291996889666,0.3,7.1,372.0,0,-1.2,109.7,In The Paint (Non-RA),2PT Field Goal,R. Delgado
2.6,54.20259697202166,4.87,1.9,74.0,1,20.8,15.0,Restricted Area,2PT Field Goal,S. Whitfield
4.7,54.151396017660666,2.95,0.2,210.0,0,38.2,27.6,In The Paint (Non-RA),2PT Field Goal,T. Nwosu
23.6,56.40404724484549,4.41,7.7,435.0,0,196.9,130.8,Above the Break 3,3PT Field Goal,B. Osei
23.1,53.189548066368644,1.3,20.4,154.0,0,185.2,138.6,Above the Break 3,3PT Field Goal,K. Albrecht
4.9,10.021569881716147,1.78,4.6,385.0,1,8.5,48.1,In The Paint (Non-RA),2PT Field Goal,L. Fitzgerald
2.4,2.5812586974346448,3.9,6.1,259.0,0,1.1,24.4,Restricted Area,2PT Field Goal,M. Okafor
28.0,37.89650588617674,2.92,0.7,629.0,0,-172.1,221.1,Above the Break 3,3PT Field Goal,S. Whitfield
23.0,33.33141318385125,3.04,22.9,118.0,0,126.6,192.5,Above the Break 3,3PT Field Goal,B. Osei
9.0,11.109685916647713,2.17,19.3,483.0,0,17.3,88.1,In The Paint (Non-RA),2PT Field Goal,D. Reyes
2.1,13.224551192213529,5.12,16.2,677.0,1,-4.7,20.0,Restricted Area,2PT Field Goal,A. Kowalski
19.6,59.69928969630435,6.54,5.0,206.0,0,-168.9,98.7,Mid-Range,2PT Field Goal,K. Albrecht
18.6,43.47305597520562,1.99,11.3,247.0,0,-127.8,134.8,Mid-Range,2PT Field Goal,B. Osei
4.3,25.428853777076597,4.72,12.6,615.0,1,18.4,38.7,In The Paint (Non-RA),2PT Field Goal,L. Fitzgerald
0.2,2.862405226111748,3.15,3.5,344.0,1,0.1,2.0,Restricted Area,2PT Field Goal,L. Fitzgerald
0.5,37.30394827798343,4.71,12.5,457.0,1,3.2,4.2,Restricted Area,2PT Field Goal,L. Fitzgerald
1.2,52.487388197143645,6.63,21.3,57.0,1,-9.9,7.6,Restricted Area,2PT Field Goal,D. Reyes
3.9,24.066934290290874,4.71,12.6,97.0,1,15.9,35.6,Restricted Area,2PT Field Goal,T. Nwosu
0.9,51.91122711902468,3.86,1.7,168.0,0,7.4,5.8,Restricted Area,2PT Field Goal,M. Okafor
26.7,63.82895921033953,1.79,15.1,255.0,0,-239.3,117.6,Above the Break 3,3PT Field Goal,S. Whitfield
1.6,64.91640599380908,6.64,22.2,685.0,0,14.1,6.6,Restricted Area,2PT Field Goal,L. Fitzgerald
25.1,59.768205474379414,7.8,5.1,25.0,1,-216.9,126.4,Above the Break 3,3PT Field Goal,B. Osei
24.5,31.01984244012665,0.3,22.6,23.0,0,126.4,210.2,Above the Break 3,3PT Field Goal,J. Carter
11.6,4.603494798883467,5.43,10.9,18.0,1,9.3,115.5,In The Paint (Non-RA),2PT Field Goal,S. Whitfield
19.0,25.782444360761023,3.74,20.4,17.0,0,-82.6,171.0,Mid-Range,2PT Field Goal,L. Fitzgerald
0.6,20.136303428248137,1.28,19.9,16.0,1,-2.2,6.0,Restricted Area,2PT Field Goal,T. Nwosu
20.0,63.127804410087016,7.99,6.7,637.0,1,-178.6,90.5,Mid-Range,2PT Field Goal,J. Carter
24.7,35.0983801271959,5.31,6.7,619.0,0,142.1,202.2,Above the Break 3,3PT Field Goal,S. Whitfield
25.4,65.03085640447945,8.8,17.5,546.0,1,-230.0,107.1,Above the Break 3,3PT Field Goal,S. Whitfield
12.9,62.720772494252664,2.37,20.7,505.0,1,114.8,59.2,In The Paint (Non-RA),2PT Field Goal,T. Nwosu
27.1,63.973054509312135,3.09,15.3,623.0,0,243.9,119.1,Above the Break 3,3PT Field Goal,R. Delgado
26.5,45.65643770847167,0.78,10.9,265.0,0,189.8,185.5,Above the Break 3,3PT Field Goal,B. Osei
16.3,50.72047597992221,4.29,8.3,557.0,0,-126.3,103.3,Mid-Range,2PT Field Goal,D. Reyes
21.3,16.46235848527115,0.37,20.0,541.0,1,60.4,204.4,Mid-Range,2PT Field Goal,R. Delgado
1.4,42.35745470593528,3.42,5.1,209.0,1,9.3,10.2,Restricted Area,2PT Field Goal,A. Kowalski
25.5,12.964351387076947,6.68,6.3,453.0,0,-57.3,248.9,Above the Break 3,3PT Field Goal,A. Kowalski
17.7,10.38302045870551,5.32,23.6,39.0,0,-31.9,174.1,Mid-Range,2PT Field Goal,A. Kowalski
23.1,39.85950398063953,6.28,4.1,21.0,0,148.2,177.5,Above the Break 3,3PT Field Goal,T. Nwosu
2.4,65.15761089454482,4.42,3.7,403.0,1,-21.6,10.0,Restricted Area,2PT Field Goal,A. Kowalski
22.5,16.952936422712103,5.83,6.0,599.0,1,-65.6,215.2,Above the Break 3,3PT Field Goal,T. Nwosu
0.2,46.97493401088198,3.86,13.8,600.0,0,1.5,1.4,Restricted Area,2PT Field Goal,S. Whitfield
16.5,40.87946380728798,1.3,20.6,218.0,0,108.2,125.0,Mid-Range,2PT Field Goal,J. Carter
0.2,57.0947570770121,5.2,8.1,200.0,0,1.7,1.1,Restricted Area,2PT Field Goal,S. Whitfield
2.8,49.8489576150331,3.98,8.8,147.0,0,21.1,17.8,Restricted Area,2PT Field Goal,D. Reyes
28.8,40.75426688129155,2.35,18.3,509.0,0,-188.3,218.5,Above the Break 3,3PT Field Goal,R. Delgado
2.0,57.81320595903743,1.65,12.5,63.0,1,17.0,10.7,Restricted Area,2PT Field Goal,K. Albrecht
4.1,34.27629310746455,6.82,17.2,629.0,1,-22.9,33.6,In The Paint (Non-RA),2PT Field Goal,M. Okafor
1.2,6.897427557751747,0.44,4.0,303.0,1,1.5,12.4,Restricted Area,2PT Field Goal,M. Okafor
23.8,10.350127633874909,2.26,6.7,24.0,1,42.7,233.8,Above the Break 3,3PT Field Goal,J. Carter
3.1,23.1265203887488,4.92,3.8,225.0,1,12.3,28.8,Restricted Area,2PT Field Goal,D. Reyes
3.1,16.523867433945046,5.48,19.7,714.0,1,8.9,30.0,Restricted Area,2PT Field Goal,J. Carter
22.8,36.76924640197014,4.65,4.7,691.0,0,-136.3,182.4,Above the Break 3,3PT Field Goal,R. Delgado
18.2,50.14210033343585,0.74,18.8,139.0,1,139.9,116.8,Mid-Range,2PT Field Goal,K. Albrecht
27.5,47.78230626500662,6.55,0.1,283.0,0,-203.9,185.0,Above the Break 3,3PT Field Goal,J. Carter
22.9,33.14870619232365,3.87,10.6,195.0,1,125.2,191.7,Above the Break 3,3PT Field Goal,M. Okafor
0.2,66.03751102542182,0.84,23.6,139.0,1,-1.8,0.8,Restricted Area,2PT Field Goal,B. Osei
21.8,53.69809771662681,6.53,15.4,406.0,0,175.6,129.0,Mid-Range,2PT Field Goal,R. Delgado
26.9,51.47012903556619,3.9,8.9,605.0,0,210.1,167.3,Above the Break 3,3PT Field Goal,R. Delgado
27.2,32.398471695907894,0.3,16.2,602.0,0,-145.7,229.6,Above the Break 3,3PT Field Goal,S. Whitfield
26.0,7.141427991030822,0.3,8.7,689.0,0,32.3,257.8,Above the Break 3,3PT Field Goal,D. Reyes
1.8,2.2647545482234266,3.75,0.7,605.0,0,-0.7,17.7,Restricted Area,2PT Field Goal,M. Okafor
3.3,58.76809045148302,2.7,14.8,398.0,0,28.2,17.1,Restricted Area,2PT Field Goal,R. Delgado
27.2,28.399018508292787,4.72,3.3,394.0,0,-129.6,239.7,Above the Break 3,3PT Field Goal,D. Reyes
19.6,57.60489767705333,4.45,12.3,492.0,0,-165.8,105.2,Mid-Range,2PT Field Goal,T. Nwosu
1.2,13.916877433301272,2.37,19.8,288.0,0,-2.8,11.3,Restricted Area,2PT Field Goal,A. Kowalski
1.6,26.082233003134686,5.07,11.9,483.0,1,-7.0,14.3,Restricted Area,2PT Field Goal,L. Fitzgerald
14.8,32.35509459547804,4.61,16.9,456.0,1,-79.0,124.7,Mid-Range,2PT Field Goal,T. Nwosu
3.1,37.568592028827496,1.75,15.8,87.0,0,19.0,24.7,Restricted Area,2PT Field Goal,T. Nwosu
23.1,15.812427654007166,5.87,12.8,626.0,1,-62.9,222.1,Above the Break 3,3PT Field Goal,S. Whitfield
1.6,48.94518622903756,4.56,3.5,633.0,0,-12.4,10.8,Restricted Area,2PT Field Goal,S. Whitfield
23.4,42.816049772323694,3.7,13.4,567.0,0,-158.9,171.5,Above the Break 3,3PT Field Goal,D. Reyes
0.5,50.33215888165955,4.89,6.7,580.0,1,4.1,3.4,Restricted Area,2PT Field Goal,K. Albrecht
12.0,4.8786933021801016,2.31,0.1,568.0,0,-10.2,119.5,In The Paint (Non-RA),2PT Field Goal,K. Albrecht
1.1,40.763605200941164,2.34,8.3,589.0,0,-7.5,8.7,Restricted Area,2PT Field Goal,T. Nwosu
25.2,3.070133442260192,3.87,13.6,521.0,0,-13.5,251.7,Above the Break 3,3PT Field Goal,T. Nwosu
16.2,53.10181861980621,2.01,9.0,353.0,0,-129.6,97.3,Mid-Range,2PT Field Goal,K. Albrecht
0.4,3.0127875041833403,7.5,18.0,192.0,1,-0.2,3.8,Restricted Area,2PT Field Goal,B. Osei
25.5,35.50116373495556,4.67,12.9,253.0,1,-148.3,207.9,Above the Break 3,3PT Field Goal,S. Whitfield
19.4,15.864211712231485,5.74,18.9,240.0,0,-53.0,186.5,Mid-Range,2PT Field Goal,R. Delgado
2.6,58.663229340128524,8.13,16.5,531.0,0,22.5,13.7,Restricted Area,2PT Field Goal,M. Okafor
25.4,2.1887261415751893,7.35,1.9,642.0,1,-9.7,253.8,Above the Break 3,3PT Field Goal,S. Whitfield
0.2,32.9052429229879,8.82,4.7,494.0,1,1.1,1.7,Restricted Area,2PT Field Goal,M. Okafor
26.4,23.80360415133861,2.22,4.9,188.0,0,-106.4,241.2,Above the Break 3,3PT Field Goal,K. Albrecht
3.2,41.798872973851154,7.82,17.4,627.0,0,-21.1,23.6,Restricted Area,2PT Field Goal,A. Kowalski
24.2,20.782925138638664,3.23,6.1,622.0,0,-86.0,226.6,Above the Break 3,3PT Field Goal,M. Okafor
0.2,39.0938588862295,3.69,8.4,660.0,1,-1.3,1.6,Restricted Area,2PT Field Goal,S. Whitfield
22.5,1.2481320985929572,4.63,13.3,546.0,1,4.9,224.9,Above the Break 3,3PT Field Goal,J. Carter
2.0,23.645622635101894,4.35,18.8,541.0,0,8.1,18.5,Restricted Area,2PT Field Goal,D. Reyes
9.7,31.936495540474684,4.13,2.0,41.0,0,-51.3,82.3,In The Paint (Non-RA),2PT Field Goal,R. Delgado
21.7,27.641512554267383,4.86,6.9,687.0,0,100.5,191.9,Mid-Range,2PT Field Goal,S. Whitfield
0.2,2.7263109939062655,7.58,21.9,510.0,1,0.1,2.1,Restricted Area,2PT Field Goal,J. Carter
1.6,39.89783474764181,0.3,12.9,489.0,0,10.2,12.2,Restricted Area,2PT Field Goal,D. Reyes
3.2,35.579347442455365,0.92,7.7,297.0,0,18.6,26.0,Restricted Area,2PT Field Goal,T. Nwosu
26.3,60.09542283016049,1.28,9.4,207.0,1,227.6,130.9,Above the Break 3,3PT Field Goal,L. Fitzgerald
3.3,25.329754108199438,4.85,23.3,203.0,1,14.2,30.0,Restricted Area,2PT Field Goal,R. Delgado
13.7,59.32940538730037,4.43,18.0,248.0,1,-118.2,70.1,In The Paint (Non-RA),2PT Field Goal,L. Fitzgerald
3.5,21.258909112164368,5.05,8.0,461.0,0,-12.8,32.9,Restricted Area,2PT Field Goal,M. Okafor
1.9,13.961736644497195,8.43,1.6,242.0,0,-4.5,18.1,Restricted Area,2PT Field Goal,A. Kowalski
25.1,50.68173038299394,4.26,12.2,606.0,1,194.5,159.3,Above the Break 3,3PT Field Goal,K. Albrecht
12.0,49.90101448597467,1.01,7.9,619.0,1,91.8,77.3,In The Paint (Non-RA),2PT Field Goal,J. Carter
18.3,38.47894170683892,5.16,19.8,299.0,0,-113.9,143.3,Mid-Range,2PT Field Goal,D. Reyes
27.0,54.136529092448974,8.26,3.1,439.0,0,218.7,158.1,Above the Break 3,3PT Field Goal,M. Okafor
29.0,11.697374360676747,8.62,10.2,260.0,1,-58.8,284.0,Above the Break 3,3PT Field Goal,A. Kowalski
2.1,23.629377730656817,4.05,13.6,438.0,0,8.4,19.2,Restricted Area,2PT Field Goal,D. Reyes
2.2,23.031352869750755,4.54,17.1,21.0,1,8.8,20.7,Restricted Area,2PT Field Goal,B. Osei
13.0,9.404513394736746,4.94,1.9,608.0,0,-21.3,128.6,In The Paint (Non-RA),2PT Field Goal,B. Osei
2.7,8.488943880504717,5.54,2.6,163.0,0,4.0,26.8,Restricted Area,2PT Field Goal,T. Nwosu
1.5,3.839596337953471,3.88,8.4,42.0,0,-1.0,14.9,Restricted Area,2PT Field Goal,D. Reyes
25.7,24.868633734989373,3.14,14.3,256.0,1,108.0,233.0,Above the Break 3,3PT Field Goal,R. Delgado
18.3,44.40296022601578,7.68,15.5,334.0,1,128.2,130.9,Mid-Range,2PT Field Goal,M. Okafor
12.5,5.810577738893596,7.64,12.4,103.0,1,12.7,124.8,In The Paint (Non-RA),2PT Field Goal,M. Okafor
3.3,51.421848383517535,4.25,23.8,110.0,1,25.7,20.5,Restricted Area,2PT Field Goal,M. Okafor
26.6,0.3234578706901393,2.9,0.7,129.0,0,1.5,265.7,Above the Break 3,3PT Field Goal,B. Osei
14.0,60.72690788882707,2.81,16.1,221.0,1,-122.2,68.5,Mid-Range,2PT Field Goal,M. Okafor
2.4,12.976421880012063,1.64,21.3,316.0,1,5.3,23.0,Restricted Area,2PT Field Goal,M. Okafor
24.0,23.91149249021578,1.45,7.9,413.0,1,-97.1,219.0,Above the Break 3,3PT Field Goal,T. Nwosu
27.1,32.31415584948478,3.59,7.0,448.0,0,145.1,229.4,Above the Break 3,3PT Field Goal,A. Kowalski
26.1,29.369693645880435,2.59,13.5,190.0,0,-128.2,227.8,Above the Break 3,3PT Field Goal,S. Whitfield
26.0,19.613765386066465,4.82,3.7,396.0,0,87.2,244.7,Above the Break 3,3PT Field Goal,J. Carter
15.2,41.80541053488957,3.06,16.3,108.0,1,-101.5,113.5,Mid-Range,2PT Field Goal,R. Delgado
3.3,20.11485437749042,2.14,6.9,224.0,0,11.5,31.4,Restricted Area,2PT Field Goal,T. Nwosu
20.4,13.839117942969692,3.33,16.8,545.0,0,48.9,198.5,Mid-Range,2PT Field Goal,K. Albrecht
2.5,26.16156644201924,0.3,2.7,190.0,0,11.2,22.8,Restricted Area,2PT Field Goal,K. Albrecht
15.9,63.547482476363506,5.01,24.0,440.0,1,-142.7,71.0,Mid-Range,2PT Field Goal,D. Reyes
2.8,6.613460482314757,3.65,6.8,424.0,1,-3.2,27.6,Restricted Area,2PT Field Goal,R. Delgado
1.1,33.39848846798724,7.27,18.0,60.0,1,6.0,9.1,Restricted Area,2PT Field Goal,B. Osei
27.2,7.213997070471154,3.19,18.2,478.0,0,-34.1,269.4,Above the Break 3,3PT Field Goal,R. Delgado
1.5,28.485836089766956,3.86,11.5,22.0,1,-7.0,12.9,Restricted Area,2PT Field Goal,L. Fitzgerald
18.3,34.463348502439445,2.16,18.1,519.0,1,103.5,150.8,Mid-Range,2PT Field Goal,L. Fitzgerald
23.5,24.125625783420375,8.85,2.0,417.0,1,96.2,214.8,Above the Break 3,3PT Field Goal,D. Reyes
26.5,7.7544677979045655,4.81,16.8,118.0,1,-35.8,262.9,Above the Break 3,3PT Field Goal,K. Albrecht
19.5,46.47840693664339,6.92,22.3,308.0,1,141.1,134.0,Mid-Range,2PT Field Goal,R. Delgado
26.3,24.366564580298107,3.44,7.3,304.0,1,108.7,240.0,Above the Break 3,3PT Field Goal,M. Okafor
18.8,67.30261949069558,5.51,15.3,364.0,0,173.1,72.4,Mid-Range,2PT Field Goal,K. Albrecht
28.3,21.47864092129876,2.08,7.9,423.0,1,103.8,263.8,Above the Break 3,3PT Field Goal,K. Albrecht
22.5,63.35522904598334,2.81,5.6,252.0,0,201.1,100.9,Above the Break 3,3PT Field Goal,A. Kowalski
0.4,32.15229514128234,3.51,10.2,321.0,1,2.2,3.5,Restricted Area,2PT Field Goal,S. Whitfield
1.6,6.772159966113561,2.19,15.5,555.0,1,-1.9,16.0,Restricted Area,2PT Field Goal,R. Delgado
12.5,66.78940534248532,5.81,4.4,336.0,1,-115.2,49.4,In The Paint (Non-RA),2PT Field Goal,T. Nwosu
1.8,31.97080519205626,6.06,15.2,471.0,1,9.3,14.9,Restricted Area,2PT Field Goal,S. Whitfield
3.0,9.684152104378116,6.84,9.5,344.0,1,-5.0,29.3,Restricted Area,2PT Field Goal,K. Albrecht
25.4,49.44278655809645,2.14,3.2,0.0,0,192.8,165.0,Above the Break 3,3PT Field Goal,K. Albrecht
0.5,52.1250163489018,2.88,1.9,384.0,0,3.6,2.8,Restricted Area,2PT Field Goal,B. Osei
4.0,45.304222518956784,4.08,21.4,502.0,1,28.4,28.1,In The Paint (Non-RA),2PT Field Goal,S. Whitfield
29.0,6.534384397980452,5.63,15.3,247.0,0,33.0,288.1,Above the Break 3,3PT Field Goal,B. Osei
1.8,17.936737210308365,1.35,6.4,540.0,0,5.6,17.3,Restricted Area,2PT Field Goal,R. Delgado
3.5,19.321164086876237,3.57,11.1,264.0,0,11.5,32.8,Restricted Area,2PT Field Goal,B. Osei
24.8,7.313978358570376,6.46,9.9,385.0,0,-31.6,246.2,Above the Break 3,3PT Field Goal,D. Reyes
24.8,13.351778859886345,4.38,9.0,486.0,0,-57.2,241.0,Above the Break 3,3PT Field Goal,J. Carter
11.6,65.05191766989333,3.92,3.8,437.0,0,104.9,48.8,In The Paint (Non-RA),2PT Field Goal,B. Osei
3.2,67.90086685633727,1.64,5.2,483.0,1,-29.8,12.1,Restricted Area,2PT Field Goal,A. Kowalski
0.2,49.08561677997488,3.41,13.5,549.0,0,1.5,1.3,Restricted Area,2PT Field Goal,M. Okafor
28.7,50.16118876804787,5.71,17.0,337.0,0,-220.3,183.8,Above the Break 3,3PT Field Goal,T. Nwosu
29.0,52.734965311648494,6.43,5.4,280.0,1,-230.8,175.6,Above the Break 3,3PT Field Goal,B. Osei
1.7,36.662555561153276,0.4,4.1,469.0,1,9.9,13.3,Restricted Area,2PT Field Goal,K. Albrecht
25.7,65.97422826837042,5.04,19.0,690.0,1,-235.1,104.8,Above the Break 3,3PT Field Goal,T. Nwosu
3.7,21.829872365040288,3.32,15.8,675.0,0,13.9,34.7,Restricted Area,2PT Field Goal,R. Delgado
24.3,35.22213025942776,2.05,19.1,363.0,1,-140.0,198.3,Above the Break 3,3PT Field Goal,L. Fitzgerald
0.2,49.08561677997488,8.24,5.4,696.0,1,1.5,1.3,Restricted Area,2PT Field Goal,K. Albrecht
2.9,8.74616226255521,5.62,12.7,502.0,0,4.4,28.6,Restricted Area,2PT Field Goal,A. Kowalski
0.9,36.6070748126075,1.72,6.8,546.0,0,-5.2,7.0,Restricted Area,2PT Field Goal,J. Carter
1.4,11.469530332866903,1.85,18.8,469.0,1,2.8,13.8,Restricted Area,2PT Field Goal,M. Okafor
24.5,31.67801066056565,4.52,22.7,202.0,0,128.6,208.4,Above the Break 3,3PT Field Goal,K. Albrecht
24.8,47.38187019495996,0.82,8.9,163.0,1,182.8,168.2,Above the Break 3,3PT Field Goal,B. Osei
20.1,65.36996708319201,3.65,11.9,72.0,1,-183.0,83.9,Mid-Range,2PT Field Goal,S. Whitfield
24.0,57.77737786121111,5.22,11.1,634.0,1,203.4,128.2,Above the Break 3,3PT Field Goal,T. Nwosu
2.2,44.27477570094075,1.16,16.7,152.0,0,15.6,16.0,Restricted Area,2PT Field Goal,R. Delgado
0.2,36.86989764584402,4.49,17.4,321.0,1,-1.2,1.6,Restricted Area,2PT Field Goal,M. Okafor
24.1,13.869116844164505,5.07,21.8,625.0,1,57.8,234.1,Above the Break 3,3PT Field Goal,L. Fitzgerald
25.8,3.283136556364348,2.63,3.3,631.0,0,14.8,258.0,Above the Break 3,3PT Field Goal,K. Albrecht
13.1,14.408634191355093,4.93,2.8,244.0,0,32.5,126.5,In The Paint (Non-RA),2PT Field Goal,T. Nwosu
25.6,34.78855202210446,5.57,10.6,692.0,1,-146.1,210.3,Above the Break 3,3PT Field Goal,J. Carter
26.4,57.53880174001354,5.04,12.0,358.0,0,222.6,141.6,Above the Break 3,3PT Field Goal,L. Fitzgerald
25.6,28.047457742366472,2.59,6.1,484.0,1,120.3,225.8,Above the Break 3,3PT Field Goal,B. Osei
2.2,9.16234704572171,5.99,12.1,35.0,0,3.5,21.7,Restricted Area,2PT Field Goal,J. Carter
19.2,60.893113444013764,3.35,10.9,82.0,0,167.4,93.2,Mid-Range,2PT Field Goal,A. Kowalski
4.9,17.578740354294407,4.55,22.5,70.0,0,-14.7,46.4,In The Paint (Non-RA),2PT Field Goal,R. Delgado
12.0,5.1470307404134035,4.22,18.5,337.0,1,10.8,119.9,In The Paint (Non-RA),2PT Field Goal,S. Whitfield
10.8,18.04838885404235,4.07,15.4,626.0,1,33.4,102.5,In The Paint (Non-RA),2PT Field Goal,S. Whitfield
1.2,16.011177478808456,0.3,18.3,107.0,0,3.3,11.5,Restricted Area,2PT Field Goal,J. Carter
1.1,22.49647150023258,6.4,3.4,470.0,1,-4.1,9.9,Restricted Area,2PT Field Goal,A. Kowalski
23.4,12.913872040470466,5.15,12.0,589.0,0,52.3,228.1,Above the Break 3,3PT Field Goal,R. Delgado
16.5,9.782407031807287,4.36,12.6,17.0,1,-28.0,162.4,Mid-Range,2PT Field Goal,A. Kowalski
26.8,30.864913997270058,5.44,1.1,342.0,0,137.7,230.4,Above the Break 3,3PT Field Goal,M. Okafor
2.8,18.693036174258197,3.14,4.6,42.0,1,-9.0,26.6,Restricted Area,2PT Field Goal,K. Albrecht
4.0,6.751701318436935,3.75,4.0,248.0,1,-4.7,39.7,In The Paint (Non-RA),2PT Field Goal,A. Kowalski
18.7,12.139725164717191,5.2,0.4,574.0,0,39.3,182.7,Mid-Range,2PT Field Goal,M. Okafor
26.0,42.784211374168784,0.3,15.0,199.0,1,-176.4,190.6,Above the Break 3,3PT Field Goal,M. Okafor
7.6,6.248916866620778,2.42,8.7,388.0,1,8.3,75.8,In The Paint (Non-RA),2PT Field Goal,M. Okafor
2.4,51.49077163447568,2.75,21.3,241.0,0,18.6,14.8,Restricted Area,2PT Field Goal,R. Delgado
19.6,26.56505117707799,3.4,7.4,97.0,1,87.5,175.0,Mid-Range,2PT Field Goal,J. Carter
24.5,0.04675297168207101,2.87,17.2,414.0,0,0.2,245.1,Above the Break 3,3PT Field Goal,L. Fitzgerald
25.1,50.408141671885794,2.34,19.5,206.0,0,-193.1,159.7,Above the Break 3,3PT Field Goal,J. Carter
26.1,10.173294757662152,4.61,8.9,264.0,0,46.1,256.9,Above the Break 3,3PT Field Goal,A. Kowalski
8.4,11.994389197546093,5.81,2.8,113.0,0,-17.4,81.9,In The Paint (Non-RA),2PT Field Goal,T. Nwosu
2.6,16.7826441452707,5.08,23.2,234.0,1,-7.6,25.2,Restricted Area,2PT Field Goal,T. Nwosu
25.7,29.520659901208845,6.34,13.8,300.0,1,126.5,223.4,Above the Break 3,3PT Field Goal,B. Osei
25.3,64.5892145009633,5.21,15.4,562.0,0,228.6,108.6,Above the Break 3,3PT Field Goal,B. Osei
26.9,2.494181387900153,7.36,13.1,602.0,1,11.7,268.6,Above the Break 3,3PT Field Goal,B. Osei
5.1,42.709389957361466,7.6,3.2,343.0,1,-34.8,37.7,In The Paint (Non-RA),2PT Field Goal,L. Fitzgerald
1.9,24.145541960421657,3.05,14.5,270.0,1,7.8,17.4,Restricted Area,2PT Field Goal,S. Whitfield
1.1,6.801314823981574,2.26,17.1,535.0,1,-1.3,10.9,Restricted Area,2PT Field Goal,S. Whitfield
27.4,47.73474531944407,2.75,7.6,307.0,0,202.9,184.4,Above the Break 3,3PT Field Goal,S. Whitfield
25.0,34.61247150978439,3.29,21.8,434.0,0,141.9,205.6,Above the Break 3,3PT Field Goal,T. Nwosu
2.3,19.467909201804403,5.69,18.8,480.0,1,-7.6,21.5,Restricted Area,2PT Field Goal,T. Nwosu
25.5,43.951442243214174,5.23,16.5,242.0,0,177.0,183.6,Above the Break 3,3PT Field Goal,J. Carter
7.1,4.596404046828739,4.55,4.1,194.0,1,5.7,70.9,In The Paint (Non-RA),2PT Field Goal,M. Okafor
11.1,28.151086067012717,2.58,22.1,590.0,0,52.6,98.3,In The Paint (Non-RA),2PT Field Goal,M. Okafor
14.6,59.664209777133735,3.14,19.4,283.0,0,-125.6,73.5,Mid-Range,2PT Field Goal,M. Okafor
3.8,30.289109149826274,3.63,3.6,325.0,1,-19.1,32.7,Restricted Area,2PT Field Goal,R. Delgado
2.2,48.323120445135444,4.57,22.5,443.0,0,16.4,14.6,Restricted Area,2PT Field Goal,K. Albrecht
3.0,65.04016264674954,0.3,23.2,438.0,0,-27.5,12.8,Restricted Area,2PT Field Goal,R. Delgado
1.7,25.506938088849004,4.63,20.3,472.0,1,7.3,15.3,Restricted Area,2PT Field Goal,L. Fitzgerald
9.5,57.87974458770704,5.17,3.6,688.0,0,80.6,50.6,In The Paint (Non-RA),2PT Field Goal,D. Reyes
4.0,46.61923745387419,2.46,8.7,116.0,1,29.1,27.5,In The Paint (Non-RA),2PT Field Goal,S. Whitfield
23.6,47.268634483446455,7.25,8.8,527.0,1,-173.2,160.0,Above the Break 3,3PT Field Goal,L. Fitzgerald
0.2,49.08561677997488,5.79,8.0,292.0,0,-1.5,1.3,Restricted Area,2PT Field Goal,R. Delgado
13.3,16.86465923313219,5.63,10.9,686.0,1,-38.5,127.0,In The Paint (Non-RA),2PT Field Goal,K. Albrecht
21.7,59.82329846225115,0.53,17.3,285.0,0,-187.8,109.2,Mid-Range,2PT Field Goal,K. Albrecht
2.7,15.443590982187638,5.85,15.1,299.0,1,7.1,25.7,Restricted Area,2PT Field Goal,A. Kowalski
6.6,21.590226679245166,4.42,20.1,26.0,1,24.1,60.9,In The Paint (Non-RA),2PT Field Goal,A. Kowalski
19.0,24.766695157902472,4.52,8.1,538.0,1,79.4,172.1,Mid-Range,2PT Field Goal,R. Delgado
21.8,44.275246117363935,0.3,18.1,691.0,1,152.2,156.1,Mid-Range,2PT Field Goal,R. Delgado
25.2,24.513481617891017,0.61,8.9,506.0,0,-104.7,229.6,Above the Break 3,3PT Field Goal,K. Albrecht
26.4,65.97134200585728,3.39,16.6,539.0,0,-240.9,107.4,Above the Break 3,3PT Field Goal,B. Osei
2.6,43.60281897270362,1.08,16.5,34.0,0,-18.0,18.9,Restricted Area,2PT Field Goal,D. Reyes
27.1,43.74227067423747,7.0,13.2,623.0,1,187.1,195.5,Above the Break 3,3PT Field Goal,T. Nwosu
20.9,47.849824870381845,1.56,19.0,506.0,0,-155.0,140.3,Mid-Range,2PT Field Goal,S. Whitfield
14.3,53.53217139986156,5.73,22.5,637.0,0,-114.6,84.7,Mid-Range,2PT Field Goal,T. Nwosu
2.3,25.44174846300256,4.89,3.8,240.0,0,9.8,20.6,Restricted Area,2PT Field Goal,B. Osei
6.3,14.831660186381795,10.39,15.4,596.0,1,16.1,60.8,In The Paint (Non-RA),2PT Field Goal,B. Osei
14.7,56.65671563195744,4.2,23.0,151.0,0,122.5,80.6,Mid-Range,2PT Field Goal,K. Albrecht
25.8,42.34829478636311,7.4,22.5,664.0,0,174.0,190.9,Above the Break 3,3PT Field Goal,L. Fitzgerald
25.4,51.31903508017946,3.1,4.9,584.0,0,198.1,158.6,Above the Break 3,3PT Field Goal,D. Reyes
0.6,54.78240703180729,1.53,4.3,194.0,1,5.1,3.6,Restricted Area,2PT Field Goal,K. Albrecht
24.3,66.28680913712319,4.88,20.1,201.0,1,-222.2,97.6,Above the Break 3,3PT Field Goal,S. Whitfield
20.8,61.20967591511121,6.95,16.2,522.0,0,182.7,100.4,Mid-Range,2PT Field Goal,R. Delgado
16.0,32.15750227057849,2.88,8.6,2.0,0,-85.0,135.2,Mid-Range,2PT Field Goal,S. Whitfield
25.9,55.31043930192833,6.42,10.8,495.0,1,-213.1,147.5,Above the Break 3,3PT Field Goal,D. Reyes
11.4,54.77272255617366,5.4,10.6,247.0,0,92.9,65.6,In The Paint (Non-RA),2PT Field Goal,J. Carter
23.6,27.53128975171376,4.13,3.7,15.0,1,-109.1,209.3,Above the Break 3,3PT Field Goal,L. Fitzgerald
25.8,48.383083124945834,4.57,13.4,295.0,1,-192.6,171.1,Above the Break 3,3PT Field Goal,S. Whitfield
25.6,9.023889651739733,4.41,12.6,76.0,0,40.1,252.5,Above the Break 3,3PT Field Goal,J. Carter
0.6,44.3259631020155,2.75,16.0,157.0,0,4.2,4.3,Restricted Area,2PT Field Goal,S. Whitfield
21.3,23.880524728101808,4.44,23.9,575.0,0,-86.2,194.7,Mid-Range,2PT Field Goal,A. Kowalski
1.7,48.62148470411734,5.05,3.2,253.0,0,12.6,11.1,Restricted Area,2PT Field Goal,L. Fitzgerald
23.9,63.71328935889778,2.46,1.5,309.0,0,214.6,106.0,Above the Break 3,3PT Field Goal,T. Nwosu
26.1,4.656148463013445,0.3,19.7,536.0,0,21.2,260.3,Above the Break 3,3PT Field Goal,A. Kowalski
2.1,36.59443928970878,5.55,10.1,112.0,1,-12.4,16.7,Restricted Area,2PT Field Goal,D. Reyes
25.2,27.400088729444303,2.59,12.3,118.0,0,-115.8,223.4,Above the Break 3,3PT Field Goal,L. Fitzgerald
21.8,45.07421728946586,5.36,12.7,57.0,0,-154.6,154.2,Mid-Range,2PT Field Goal,S. Whitfield
0.5,7.96961039432136,2.19,7.8,477.0,1,-0.7,5.0,Restricted Area,2PT Field Goal,R. Delgado
26.6,13.994433182900082,4.98,3.4,202.0,0,-64.3,258.0,Above the Break 3,3PT Field Goal,M. Okafor
13.6,28.398041754386128,3.6,9.3,657.0,0,-64.5,119.3,In The Paint (Non-RA),2PT Field Goal,A. Kowalski
0.7,12.804266065286752,3.39,6.5,646.0,1,-1.5,6.6,Restricted Area,2PT Field Goal,D. Reyes
2.6,32.421064762506944,4.0,8.1,136.0,0,-14.1,22.2,Restricted Area,2PT Field Goal,K. Albrecht
24.7,48.69614200698597,4.91,7.7,65.0,1,185.4,162.9,Above the Break 3,3PT Field Goal,K. Albrecht
3.2,56.608086484448314,0.3,14.7,474.0,1,26.7,17.6,Restricted Area,2PT Field Goal,R. Delgado
7.7,8.848374644833616,6.9,0.0,366.0,1,-11.8,75.8,In The Paint (Non-RA),2PT Field Goal,J. Carter
1.3,52.24186685891621,6.39,8.4,479.0,1,-10.2,7.9,Restricted Area,2PT Field Goal,L. Fitzgerald
20.2,28.129356177240343,4.84,20.1,357.0,1,-95.0,177.7,Mid-Range,2PT Field Goal,M. Okafor
7.9,25.047423311291283,0.45,22.4,690.0,1,33.6,71.9,In The Paint (Non-RA),2PT Field Goal,K. Albrecht
26.4,65.22182662471775,6.0,5.2,207.0,0,239.6,110.6,Above the Break 3,3PT Field Goal,R. Delgado
19.0,34.83633224404678,4.12,22.2,352.0,0,108.5,155.9,Mid-Range,2PT Field Goal,R. Delgado
28.3,59.04666404001765,7.8,15.4,33.0,0,-242.6,145.5,Above the Break 3,3PT Field Goal,K. Albrecht
1.1,20.854458039578347,3.08,22.9,54.0,0,-4.0,10.5,Restricted Area,2PT Field Goal,B. Osei
1.1,58.94572888364722,3.68,3.2,552.0,0,-9.3,5.6,Restricted Area,2PT Field Goal,K. Albrecht
25.8,8.387172960065342,6.32,21.0,8.0,1,37.7,255.7,Above the Break 3,3PT Field Goal,M. Okafor
26.9,14.252978698187302,0.3,21.5,209.0,0,-66.3,261.0,Above the Break 3,3PT Field Goal,K. Albrecht
17.5,7.250833895827016,3.23,17.9,69.0,1,-22.1,173.7,Mid-Range,2PT Field Goal,J. Carter
24.4,29.211953306941393,3.72,20.3,210.0,0,-119.1,213.0,Above the Break 3,3PT Field Goal,K. Albrecht
24.9,55.799515869731465,0.3,20.5,609.0,1,-206.0,140.0,Above the Break 3,3PT Field Goal,T. Nwosu
21.3,38.47046400115277,1.99,16.6,72.0,1,132.3,166.5,Mid-Range,2PT Field Goal,A. Kowalski
4.5,21.146094179407676,4.64,16.2,519.0,1,-16.4,42.4,In The Paint (Non-RA),2PT Field Goal,J. Carter
4.0,58.49573328079582,4.87,1.0,498.0,1,-34.1,20.9,In The Paint (Non-RA),2PT Field Goal,L. Fitzgerald
6.3,40.52288787969805,7.83,5.1,92.0,0,-41.2,48.2,In The Paint (Non-RA),2PT Field Goal,T. Nwosu
2.5,61.31758334892984,6.25,1.6,330.0,0,-22.3,12.2,Restricted Area,2PT Field Goal,A. Kowalski
13.1,50.88916081360435,1.11,13.1,156.0,1,101.6,82.6,In The Paint (Non-RA),2PT Field Goal,T. Nwosu
13.8,44.5882304398516,5.89,2.6,419.0,1,-96.7,98.1,In The Paint (Non-RA),2PT Field Goal,L. Fitzgerald
1.9,59.61179814845522,4.98,11.5,501.0,0,16.2,9.5,Restricted Area,2PT Field Goal,M. Okafor
8.9,64.12487970344812,4.36,0.0,321.0,1,80.2,38.9,In The Paint (Non-RA),2PT Field Goal,D. Reyes
3.2,51.28365917470132,1.56,6.6,539.0,0,-24.7,19.8,Restricted Area,2PT Field Goal,K. Albrecht
19.0,39.39318426707667,8.31,21.6,123.0,0,120.8,147.1,Mid-Range,2PT Field Goal,T. Nwosu
22.5,38.73934700984423,8.07,13.3,76.0,1,-140.8,175.5,Above the Break 3,3PT Field Goal,J. Carter
14.7,28.911214012404734,4.8,2.2,257.0,1,71.3,129.1,Mid-Range,2PT Field Goal,J. Carter
19.8,63.43494882292201,2.29,7.0,189.0,1,177.2,88.6,Mid-Range,2PT Field Goal,S. Whitfield
16.7,4.995075037373559,1.56,6.1,646.0,0,-14.5,165.9,Mid-Range,2PT Field Goal,K. Albrecht
4.0,38.704570572727775,1.61,9.5,455.0,1,-25.0,31.2,In The Paint (Non-RA),2PT Field Goal,K. Albrecht
3.4,21.833064609933807,6.13,3.4,366.0,0,12.5,31.2,Restricted Area,2PT Field Goal,S. Whitfield
25.3,14.767803046354237,0.3,21.8,471.0,0,64.4,244.3,Above the Break 3,3PT Field Goal,A. Kowalski
23.5,34.858380154490675,6.7,11.2,567.0,0,-134.5,193.1,Above the Break 3,3PT Field Goal,B. Osei
0.2,4.763641690726178,3.74,2.6,304.0,0,0.2,2.4,Restricted Area,2PT Field Goal,R. Delgado
1.9,1.2386346708968874,4.93,23.5,501.0,0,0.4,18.5,Restricted Area,2PT Field Goal,R. Delgado
25.7,12.156950571731006,5.85,6.8,514.0,1,-54.2,251.6,Above the Break 3,3PT Field Goal,T. Nwosu
22.5,17.299331362430998,9.52,20.6,232.0,0,-66.9,214.8,Above the Break 3,3PT Field Goal,R. Delgado
15.1,57.426832109584254,5.8,18.7,325.0,0,127.1,81.2,Mid-Range,2PT Field Goal,L. Fitzgerald
24.0,21.8102726279801,3.76,2.0,284.0,0,89.2,222.9,Above the Break 3,3PT Field Goal,M. Okafor
16.9,12.139670831767743,4.98,5.6,672.0,0,-35.6,165.5,Mid-Range,2PT Field Goal,S. Whitfield
25.7,8.6002725100982,4.45,7.1,364.0,0,38.4,253.9,Above the Break 3,3PT Field Goal,A. Kowalski
1.5,17.33088417729615,4.22,17.5,417.0,1,4.4,14.1,Restricted Area,2PT Field Goal,R. Delgado
12.5,50.24122961573595,4.38,4.3,375.0,0,96.4,80.2,In The Paint (Non-RA),2PT Field Goal,S. Whitfield
20.9,6.770796568087369,1.9,20.3,703.0,0,-24.6,207.2,Mid-Range,2PT Field Goal,B. Osei
1.5,42.89834567232871,4.85,4.6,667.0,0,10.5,11.3,Restricted Area,2PT Field Goal,T. Nwosu
26.2,46.46800861413547,1.09,19.3,237.0,1,-190.1,180.6,Above the Break 3,3PT Field Goal,K. Albrecht
0.5,31.759480084812793,6.69,21.5,414.0,0,2.6,4.2,Restricted Area,2PT Field Goal,T. Nwosu
22.6,27.49421297493544,3.3,19.5,645.0,1,104.4,200.6,Above the Break 3,3PT Field Goal,B. Osei
24.8,66.3190259176996,1.52,6.4,303.0,0,-227.1,99.6,Above the Break 3,3PT Field Goal,J. Carter
6.2,19.610082060161375,5.63,18.0,707.0,1,20.7,58.1,In The Paint (Non-RA),2PT Field Goal,K. Albrecht
29.0,57.99252241828316,5.68,0.4,554.0,0,-245.9,153.7,Above the Break 3,3PT Field Goal,M. Okafor
19.9,55.64836620272217,4.39,2.7,693.0,0,164.6,112.5,Mid-Range,2PT Field Goal,B. Osei
26.9,7.491970431767076,0.75,21.7,515.0,0,35.1,266.9,Above the Break 3,3PT Field Goal,D. Reyes
1.5,47.72631099390627,1.22,1.8,626.0,0,-11.0,10.0,Restricted Area,2PT Field Goal,S. Whitfield
0.7,31.26373169437743,5.37,23.6,576.0,1,3.4,5.6,Restricted Area,2PT Field Goal,B. Osei
25.8,30.887616006113,9.23,2.7,177.0,0,-132.5,221.5,Above the Break 3,3PT Field Goal,J. Carter
22.5,58.61267900112047,4.73,11.1,400.0,0,-192.1,117.2,Above the Break 3,3PT Field Goal,M. Okafor
17.0,8.401103522361234,4.82,12.8,123.0,0,24.9,168.6,Mid-Range,2PT Field Goal,S. Whitfield
23.9,40.77550073495315,5.48,5.5,602.0,0,156.1,181.0,Above the Break 3,3PT Field Goal,T. Nwosu
2.4,29.17254501835999,2.21,7.9,289.0,0,11.5,20.6,Restricted Area,2PT Field Goal,S. Whitfield
26.4,41.21242644944099,6.66,23.7,464.0,1,174.2,198.9,Above the Break 3,3PT Field Goal,T. Nwosu
25.9,28.629849099916452,2.75,12.2,274.0,0,124.3,227.7,Above the Break 3,3PT Field Goal,M. Okafor
20.6,15.609017845797336,4.25,2.3,608.0,0,-55.4,198.3,Mid-Range,2PT Field Goal,K. Albrecht
10.5,38.41214582191859,2.33,10.0,31.0,0,-65.1,82.1,In The Paint (Non-RA),2PT Field Goal,J. Carter
26.3,21.8983907540771,1.44,16.1,50.0,0,-98.2,244.3,Above the Break 3,3PT Field Goal,A. Kowalski
2.0,45.20103699783461,2.43,6.0,478.0,0,14.3,14.2,Restricted Area,2PT Field Goal,L. Fitzgerald
18.5,64.85005687240434,2.07,23.4,662.0,0,-167.2,78.5,Mid-Range,2PT Field Goal,K. Albrecht
16.7,57.48935686880828,3.26,17.3,237.0,0,-140.9,89.8,Mid-Range,2PT Field Goal,B. Osei
14.8,56.95343719547002,7.63,14.4,164.0,1,124.2,80.8,Mid-Range,2PT Field Goal,K. Albrecht
0.3,66.5014343240479,4.83,11.7,532.0,1,-2.3,1.0,Restricted Area,2PT Field Goal,D. Reyes
0.2,8.530765609948133,2.9,11.9,617.0,0,0.3,2.0,Restricted Area,2PT Field Goal,L. Fitzgerald
1.4,53.880659150520245,5.09,20.7,156.0,1,11.1,8.1,Restricted Area,2PT Field Goal,J. Carter
27.2,2.8855350696043076,2.88,9.3,453.0,0,13.7,271.8,Above the Break 3,3PT Field Goal,A. Kowalski
2.7,33.22567421419145,6.71,0.4,601.0,1,15.0,22.9,Restricted Area,2PT Field Goal,K. Albrecht
2.5,63.937530489643045,5.96,4.7,33.0,1,-22.9,11.2,Restricted Area,2PT Field Goal,D. Reyes
1.9,32.33018573505035,3.37,4.9,543.0,1,10.0,15.8,Restricted Area,2PT Field Goal,T. Nwosu
13.1,15.993317085368593,4.07,9.5,564.0,1,36.2,126.3,In The Paint (Non-RA),2PT Field Goal,M. Okafor
19.5,18.118297868756045,4.34,9.6,439.0,0,60.5,184.9,Mid-Range,2PT Field Goal,B. Osei
25.7,30.535613493346617,1.89,15.5,219.0,1,-130.6,221.4,Above the Break 3,3PT Field Goal,M. Okafor
27.0,14.920494334019933,1.59,2.0,77.0,0,69.6,261.2,Above the Break 3,3PT Field Goal,J. Carter
22.5,35.739005663601795,3.87,22.6,300.0,0,131.4,182.6,Above the Break 3,3PT Field Goal,R. Delgado
29.0,46.83049360281279,2.15,7.7,421.0,0,211.5,198.4,Above the Break 3,3PT Field Goal,R. Delgado
7.5,57.51709557122939,4.12,3.1,305.0,0,-63.3,40.3,In The Paint (Non-RA),2PT Field Goal,A. Kowalski
0.2,53.13010235415599,6.09,5.9,357.0,1,1.6,1.2,Restricted Area,2PT Field Goal,T. Nwosu
25.0,28.87204900032451,3.68,2.1,524.0,0,120.7,218.9,Above the Break 3,3PT Field Goal,J. Carter
1.4,6.34019174590991,5.5,15.6,492.0,1,1.5,13.5,Restricted Area,2PT Field Goal,L. Fitzgerald
16.0,32.138416820878426,8.14,20.0,601.0,0,85.0,135.3,Mid-Range,2PT Field Goal,B. Osei
1.1,33.84005613496724,3.22,8.6,17.0,0,5.9,8.8,Restricted Area,2PT Field Goal,T. Nwosu
24.4,6.9472697518336926,7.42,9.3,556.0,0,29.5,242.1,Above the Break 3,3PT Field Goal,L. Fitzgerald
1.5,48.91824886406738,2.33,4.5,474.0,1,11.7,10.2,Restricted Area,2PT Field Goal,J. Carter
10.4,50.865971141726526,1.61,4.9,492.0,1,80.5,65.5,In The Paint (Non-RA),2PT Field Goal,M. Okafor
0.5,41.6335393365702,4.6,4.1,185.0,1,3.2,3.6,Restricted Area,2PT Field Goal,L. Fitzgerald
28.2,37.86249663561697,3.83,0.9,339.0,0,-172.9,222.4,Above the Break 3,3PT Field Goal,T. Nwosu
18.0,15.391556856794828,0.89,5.8,626.0,0,-47.9,174.0,Mid-Range,2PT Field Goal,D. Reyes
15.9,57.20853779776868,7.1,11.2,76.0,1,133.8,86.2,Mid-Range,2PT Field Goal,T. Nwosu
1.4,8.868262833207595,6.12,18.8,228.0,1,2.2,14.1,Restricted Area,2PT Field Goal,D. Reyes
1.2,44.648496560126645,2.01,19.8,259.0,1,-8.1,8.2,Restricted Area,2PT Field Goal,D. Reyes
26.6,41.676487005093314,3.75,8.3,611.0,0,176.8,198.6,Above the Break 3,3PT Field Goal,D. Reyes
27.2,44.122257455768995,4.02,5.1,685.0,0,-189.6,195.5,Above the Break 3,3PT Field Goal,S. Whitfield
24.4,63.05738737202918,1.41,19.3,161.0,0,217.8,110.7,Above the Break 3,3PT Field Goal,M. Okafor
26.0,21.76461591198616,4.93,7.4,200.0,0,96.5,241.7,Above the Break 3,3PT Field Goal,A. Kowalski
19.0,60.91910673551727,1.15,15.6,133.0,0,166.5,92.6,Mid-Range,2PT Field Goal,M. Okafor
4.0,25.47566540992666,0.31,9.0,429.0,1,-17.2,36.1,In The Paint (Non-RA),2PT Field Goal,R. Delgado
14.5,52.0451447157621,7.45,14.4,466.0,0,114.1,89.0,Mid-Range,2PT Field Goal,D. Reyes
2.8,26.290472866092678,2.78,16.7,156.0,1,-12.4,25.1,Restricted Area,2PT Field Goal,J. Carter
11.4,57.60178613792689,2.49,8.5,265.0,1,-96.6,61.3,In The Paint (Non-RA),2PT Field Goal,R. Delgado
5.4,34.60131401369097,3.69,15.6,580.0,1,30.7,44.5,In The Paint (Non-RA),2PT Field Goal,M. Okafor
16.2,58.75781698244819,2.58,10.8,158.0,0,138.8,84.2,Mid-Range,2PT Field Goal,A. Kowalski
26.8,57.615795992430456,9.02,16.7,551.0,0,226.1,143.4,Above the Break 3,3PT Field Goal,T. Nwosu
23.5,49.81084107903413,5.23,16.1,293.0,1,-179.7,151.8,Above the Break 3,3PT Field Goal,B. Osei
6.6,7.588895973735301,6.08,1.4,13.0,1,8.7,65.3,In The Paint (Non-RA),2PT Field Goal,A. Kowalski
25.1,22.77063835351639,6.2,18.0,197.0,0,97.3,231.8,Above the Break 3,3PT Field Goal,A. Kowalski
25.1,25.2886184580539,8.99,20.9,114.0,0,-107.2,226.9,Above the Break 3,3PT Field Goal,M. Okafor
25.0,31.36441978786568,0.3,7.2,649.0,0,130.2,213.6,Above the Break 3,3PT Field Goal,R. Delgado
19.0,16.728121697156567,5.95,23.8,701.0,0,-54.7,182.0,Mid-Range,2PT Field Goal,A. Kowalski
24.3,49.759485907784814,4.6,9.7,618.0,0,185.4,156.9,Above the Break 3,3PT Field Goal,A. Kowalski
9.9,8.456570499147436,4.38,8.1,656.0,0,14.6,98.2,In The Paint (Non-RA),2PT Field Goal,D. Reyes
1.7,9.68079885938508,6.83,3.8,600.0,0,-2.9,17.0,Restricted Area,2PT Field Goal,T. Nwosu
1.9,0.0,5.61,12.7,109.0,0,0.0,18.9,Restricted Area,2PT Field Goal,R. Delgado
20.7,11.651135937403968,0.31,5.1,670.0,0,-41.9,203.2,Mid-Range,2PT Field Goal,D. Reyes
1.8,2.2147551273192243,4.76,5.6,10.0,1,-0.7,18.1,Restricted Area,2PT Field Goal,M. Okafor
6.6,26.99291394638024,3.83,13.2,250.0,0,29.9,58.7,In The Paint (Non-RA),2PT Field Goal,L. Fitzgerald
5.6,23.225439518015218,6.71,7.6,464.0,0,-22.1,51.5,In The Paint (Non-RA),2PT Field Goal,M. Okafor
2.2,64.72888398827493,0.3,7.4,381.0,0,-19.7,9.3,Restricted Area,2PT Field Goal,M. Okafor
1.5,24.638396724613845,5.64,17.9,39.0,1,6.1,13.3,Restricted Area,2PT Field Goal,K. Albrecht
1.9,6.831005949351525,4.53,2.5,441.0,0,-2.3,19.2,Restricted Area,2PT Field Goal,L. Fitzgerald
19.8,49.458248067835655,5.68,16.2,252.0,1,150.7,128.9,Mid-Range,2PT Field Goal,K. Albrecht
3.2,64.9614035761527,5.09,19.1,13.0,1,-28.9,13.5,Restricted Area,2PT Field Goal,K. Albrecht
5.6,36.23738446532702,0.3,0.6,12.0,1,33.2,45.3,In The Paint (Non-RA),2PT Field Goal,B. Osei
23.3,27.026837903859157,5.76,23.5,255.0,0,-105.9,207.6,Above the Break 3,3PT Field Goal,D. Reyes
16.3,42.8623478515401,4.12,21.9,327.0,1,110.9,119.5,Mid-Range,2PT Field Goal,J. Carter
26.3,24.097521083663867,2.42,15.9,111.0,1,-107.3,239.9,Above the Break 3,3PT Field Goal,B. Osei
26.0,51.31950486047603,6.33,16.5,357.0,1,-202.6,162.2,Above the Break 3,3PT Field Goal,L. Fitzgerald
27.6,19.947574260090423,4.1,2.6,53.0,0,94.0,259.0,Above the Break 3,3PT Field Goal,T. Nwosu
3.0,39.23486544202764,7.93,2.5,430.0,1,-18.7,22.9,Restricted Area,2PT Field Goal,R. Delgado
11.8,40.54351034492547,6.63,17.4,222.0,1,76.9,89.9,In The Paint (Non-RA),2PT Field Goal,A. Kowalski
25.4,7.281668807535074,1.7,5.9,420.0,0,32.2,252.0,Above the Break 3,3PT Field Goal,R. Delgado
8.6,47.780080380964755,5.97,4.2,707.0,0,63.7,57.8,In The Paint (Non-RA),2PT Field Goal,R. Delgado
24.3,23.711581088189334,4.2,17.3,302.0,0,97.9,222.9,Above the Break 3,3PT Field Goal,L. Fitzgerald
2.3,6.421848383517536,4.14,7.2,132.0,1,-2.6,23.1,Restricted Area,2PT Field Goal,S. Whitfield
3.6,13.997160404743306,3.86,10.5,194.0,0,8.6,34.5,Restricted Area,2PT Field Goal,B. Osei
23.0,60.44385560276404,6.5,0.2,5.0,0,-199.8,113.3,Above the Break 3,3PT Field Goal,K. Albrecht
9.6,54.36478571260593,2.39,21.7,648.0,0,-77.7,55.7,In The Paint (Non-RA),2PT Field Goal,T. Nwosu
10.4,33.93564128933929,5.18,11.5,251.0,1,-57.8,85.9,In The Paint (Non-RA),2PT Field Goal,K. Albrecht
25.7,1.9418644112056802,0.73,4.1,271.0,1,8.7,256.6,Above the Break 3,3PT Field Goal,S. Whitfield
2.2,53.95370462763415,4.93,7.9,643.0,0,18.0,13.1,Restricted Area,2PT Field Goal,K. Albrecht
25.0,66.7923708715801,1.35,13.9,47.0,0,-229.5,98.4,Above the Break 3,3PT Field Goal,L. Fitzgerald
7.3,32.331875203241374,1.33,18.0,288.0,1,-38.8,61.3,In The Paint (Non-RA),2PT Field Goal,R. Delgado
0.8,56.103833436636094,4.1,16.2,429.0,1,-6.4,4.3,Restricted Area,2PT Field Goal,R. Delgado
0.2,43.02506598911802,1.66,8.3,371.0,0,1.4,1.5,Restricted Area,2PT Field Goal,T. Nwosu
10.6,52.33889425038584,6.69,13.8,261.0,1,83.7,64.6,In The Paint (Non-RA),2PT Field Goal,L. Fitzgerald
8.5,7.216796316220061,1.72,4.9,453.0,1,10.7,84.5,In The Paint (Non-RA),2PT Field Goal,T. Nwosu
29.0,38.16610414842493,7.81,11.4,94.0,0,-179.2,228.0,Above the Break 3,3PT Field Goal,L. Fitzgerald
1.1,44.27477570094075,6.05,12.2,293.0,0,7.8,8.0,Restricted Area,2PT Field Goal,T. Nwosu
1.9,22.87805802811815,4.42,12.0,685.0,1,-7.3,17.3,Restricted Area,2PT Field Goal,L. Fitzgerald
2.4,15.97772985884086,5.63,23.4,695.0,1,6.7,23.4,Restricted Area,2PT Field Goal,R. Delgado
17.2,40.06600466007856,4.67,8.7,30.0,0,110.6,131.5,Mid-Range,2PT Field Goal,K. Albrecht
29.0,21.948152101889814,9.54,15.8,631.0,0,-108.4,269.0,Above the Break 3,3PT Field Goal,B. Osei
4.9,38.896190643066056,5.34,4.4,666.0,0,-30.9,38.3,In The Paint (Non-RA),2PT Field Goal,L. Fitzgerald
18.0,58.53423615084118,2.87,12.5,583.0,1,-153.6,94.0,Mid-Range,2PT Field Goal,M. Okafor
21.6,56.93605067886657,5.07,10.7,512.0,0,180.8,117.7,Mid-Range,2PT Field Goal,D. Reyes
3.2,63.11970699977155,3.44,7.8,361.0,1,-29.0,14.7,Restricted Area,2PT Field Goal,J. Carter
1.3,43.71267105847496,4.05,19.2,671.0,1,8.7,9.1,Restricted Area,2PT Field Goal,D. Reyes
28.3,59.338363997546764,2.88,3.4,249.0,0,243.4,144.3,Above the Break 3,3PT Field Goal,A. Kowalski
1.0,11.195111426299977,3.0,10.3,206.0,0,-1.9,9.6,Restricted Area,2PT Field Goal,A. Kowalski
23.9,49.64550043052083,6.11,3.6,506.0,0,-182.3,154.9,Above the Break 3,3PT Field Goal,L. Fitzgerald
9.2,25.53805660274169,4.11,12.4,177.0,0,39.8,83.3,In The Paint (Non-RA),2PT Field Goal,B. Osei
2.9,41.335815679259284,5.94,15.9,653.0,1,-19.0,21.6,Restricted Area,2PT Field Goal,R. Delgado
3.4,8.539179087055516,3.51,21.6,298.0,0,-5.0,33.3,Restricted Area,2PT Field Goal,L. Fitzgerald
1.4,23.035044489185292,4.01,15.2,477.0,1,-5.4,12.7,Restricted Area,2PT Field Goal,J. Carter
2.4,30.92202618292429,3.14,21.0,300.0,1,12.1,20.2,Restricted Area,2PT Field Goal,J. Carter
9.0,33.70774049874228,7.12,8.9,604.0,1,49.9,74.8,In The Paint (Non-RA),2PT Field Goal,A. Kowalski
10.9,16.104429954943075,7.92,22.3,127.0,1,30.2,104.6,In The Paint (Non-RA),2PT Field Goal,B. Osei
15.4,1.1517055361105768,4.01,9.5,468.0,0,3.1,154.2,Mid-Range,2PT Field Goal,M. Okafor
13.6,32.66182210631802,6.24,23.0,304.0,0,73.4,114.5,In The Paint (Non-RA),2PT Field Goal,S. Whitfield
3.6,43.427569572326654,0.96,8.0,183.0,1,-24.8,26.2,Restricted Area,2PT Field Goal,T. Nwosu
2.3,40.49509313639298,1.35,16.7,101.0,1,-15.2,17.8,Restricted Area,2PT Field Goal,D. Reyes
23.1,44.52562076106332,5.88,8.2,484.0,1,-161.7,164.4,Above the Break 3,3PT Field Goal,M. Okafor
1.9,41.98721249581666,0.3,8.9,718.0,0,-12.6,14.0,Restricted Area,2PT Field Goal,B. Osei
25.1,6.335150765849621,10.52,15.0,470.0,1,-27.7,249.5,Above the Break 3,3PT Field Goal,K. Albrecht
4.5,48.52561519717446,6.51,19.9,702.0,1,-33.6,29.7,In The Paint (Non-RA),2PT Field Goal,J. Carter
23.9,58.02251893131891,8.15,3.5,218.0,1,203.1,126.8,Above the Break 3,3PT Field Goal,A. Kowalski
0.2,59.53445508054013,4.03,1.6,346.0,1,-1.7,1.0,Restricted Area,2PT Field Goal,K. Albrecht
3.5,58.81502534126161,1.17,9.8,421.0,0,30.4,18.4,Restricted Area,2PT Field Goal,B. Osei
10.2,39.89216414398722,2.22,15.9,233.0,0,65.2,78.0,In The Paint (Non-RA),2PT Field Goal,S. Whitfield
28.0,7.277162340955979,2.25,16.4,584.0,0,35.5,278.0,Above the Break 3,3PT Field Goal,K. Albrecht
2.7,3.576334374997351,6.15,22.0,244.0,1,1.7,27.2,Restricted Area,2PT Field Goal,L. Fitzgerald
2.1,40.36453657309736,1.88,23.6,604.0,1,13.6,16.0,Restricted Area,2PT Field Goal,R. Delgado
1.4,23.252592174861604,2.39,11.2,238.0,1,-5.5,12.8,Restricted Area,2PT Field Goal,D. Reyes
25.7,42.65273876124,7.79,22.6,664.0,0,174.3,189.2,Above the Break 3,3PT Field Goal,D. Reyes
0.5,8.841814560191672,1.48,23.0,92.0,0,-0.7,4.5,Restricted Area,2PT Field Goal,S. Whitfield
1.8,41.244659926799464,2.8,11.4,387.0,1,12.1,13.8,Restricted Area,2PT Field Goal,S. Whitfield
20.3,2.2579050445985964,7.34,11.2,343.0,1,8.0,202.9,Mid-Range,2PT Field Goal,M. Okafor
24.8,64.77797625563812,9.92,8.1,434.0,1,224.4,105.7,Above the Break 3,3PT Field Goal,K. Albrecht
14.9,15.686666372471713,0.5,19.3,94.0,0,40.3,143.5,Mid-Range,2PT Field Goal,M. Okafor
1.8,19.52711041389332,0.3,14.7,418.0,0,6.1,17.2,Restricted Area,2PT Field Goal,R. Delgado
11.0,36.225918540983315,2.65,9.6,356.0,0,-65.2,89.0,In The Paint (Non-RA),2PT Field Goal,R. Delgado
3.3,67.74361373944689,4.72,6.4,55.0,1,30.3,12.4,Restricted Area,2PT Field Goal,R. Delgado
0.5,59.23728046576109,4.14,15.7,713.0,0,-4.2,2.5,Restricted Area,2PT Field Goal,S. Whitfield
25.5,64.4400348281762,2.97,3.7,40.0,0,-230.0,110.0,Above the Break 3,3PT Field Goal,D. Reyes
8.8,19.64944565522574,1.31,21.6,51.0,0,-29.6,82.9,In The Paint (Non-RA),2PT Field Goal,J. Carter
3.7,65.45304168198676,6.17,23.2,651.0,1,33.5,15.3,Restricted Area,2PT Field Goal,B. Osei
27.7,32.49812965581868,3.07,12.6,43.0,1,-149.0,233.9,Above the Break 3,3PT Field Goal,B. Osei
23.9,58.62849518143702,2.75,17.5,64.0,0,-203.7,124.2,Above the Break 3,3PT Field Goal,M. Okafor
26.4,24.37925037030239,4.34,8.1,436.0,0,-108.9,240.3,Above the Break 3,3PT Field Goal,R. Delgado
2.0,36.006207601244434,7.56,21.3,276.0,1,11.7,16.1,Restricted Area,2PT Field Goal,T. Nwosu
3.4,39.4801536551343,4.65,13.9,464.0,0,21.5,26.1,Restricted Area,2PT Field Goal,L. Fitzgerald
20.7,57.399395460220795,10.16,0.8,521.0,0,-174.5,111.6,Mid-Range,2PT Field Goal,B. Osei
14.9,11.392980719278722,3.52,4.0,670.0,0,-29.4,145.9,Mid-Range,2PT Field Goal,S. Whitfield
23.2,9.681658446505459,5.65,18.8,614.0,0,-39.0,228.6,Above the Break 3,3PT Field Goal,S. Whitfield
25.2,44.45219427900254,0.3,17.2,337.0,0,-176.1,179.5,Above the Break 3,3PT Field Goal,K. Albrecht
24.4,47.829175837630295,2.77,14.0,48.0,0,-180.5,163.5,Above the Break 3,3PT Field Goal,L. Fitzgerald
0.8,24.26129085247779,4.2,17.1,307.0,0,-3.2,7.1,Restricted Area,2PT Field Goal,K. Albrecht
17.1,15.779348381373035,2.65,11.3,634.0,1,-46.4,164.2,Mid-Range,2PT Field Goal,B. Osei
2.4,14.447590714840286,2.47,21.9,495.0,0,5.9,22.9,Restricted Area,2PT Field Goal,R. Delgado
8.3,20.918824961078343,2.98,20.5,507.0,0,29.7,77.7,In The Paint (Non-RA),2PT Field Goal,R. Delgado
3.4,15.41659754137093,2.03,6.0,570.0,1,9.1,33.0,Restricted Area,2PT Field Goal,R. Delgado
2.1,10.501485008651315,3.03,10.1,148.0,1,-3.8,20.5,Restricted Area,2PT Field Goal,J. Carter
0.2,45.0,4.43,1.5,501.0,1,-1.4,1.4,Restricted Area,2PT Field Goal,A. Kowalski
1.6,52.835525106488554,5.12,22.9,500.0,1,-12.4,9.4,Restricted Area,2PT Field Goal,D. Reyes
2.6,49.37476228095545,1.8,3.6,217.0,1,-19.7,16.9,Restricted Area,2PT Field Goal,D. Reyes
26.1,31.879596847022736,3.79,14.0,528.0,0,137.7,221.4,Above the Break 3,3PT Field Goal,M. Okafor
0.3,41.98721249581666,2.42,17.0,412.0,0,-1.8,2.0,Restricted Area,2PT Field Goal,T. Nwosu
0.2,2.7263109939062655,6.35,14.4,241.0,1,-0.1,2.1,Restricted Area,2PT Field Goal,B. Osei
17.0,34.59900183786406,8.25,5.0,600.0,1,-96.3,139.6,Mid-Range,2PT Field Goal,L. Fitzgerald
19.3,32.005383208083494,4.72,14.0,305.0,1,-102.5,164.0,Mid-Range,2PT Field Goal,T. Nwosu
25.8,33.27720983757006,5.23,4.5,43.0,1,141.5,215.6,Above the Break 3,3PT Field Goal,J. Carter
27.6,39.285028571198886,3.66,0.5,415.0,0,174.9,213.8,Above the Break 3,3PT Field Goal,J. Carter
16.5,5.0343238642022,5.4,7.8,54.0,1,14.5,164.6,Mid-Range,2PT Field Goal,M. Okafor
20.4,16.972960924141784,3.8,5.4,434.0,1,59.7,195.6,Mid-Range,2PT Field Goal,L. Fitzgerald
26.7,18.340043453829225,1.37,12.9,456.0,0,84.1,253.7,Above the Break 3,3PT Field Goal,D. Reyes
2.2,40.46222749209335,7.13,8.0,329.0,0,14.5,17.0,Restricted Area,2PT Field Goal,B. Osei
0.8,67.54306100005788,9.44,20.4,486.0,1,-7.5,3.1,Restricted Area,2PT Field Goal,L. Fitzgerald
24.5,31.45400162354009,5.72,9.1,376.0,0,-127.6,208.6,Above the Break 3,3PT Field Goal,M. Okafor
2.8,40.01758040962419,4.28,9.9,403.0,1,17.8,21.2,Restricted Area,2PT Field Goal,D. Reyes
21.9,67.91177371793232,5.38,19.3,352.0,1,202.8,82.3,Mid-Range,2PT Field Goal,R. Delgado
0.5,27.512002623851455,8.15,15.2,99.0,1,2.5,4.8,Restricted Area,2PT Field Goal,J. Carter
11.1,44.088304523043455,3.22,11.6,110.0,1,77.3,79.8,In The Paint (Non-RA),2PT Field Goal,K. Albrecht
23.2,42.867259960542256,5.99,6.0,211.0,1,-157.7,169.9,Above the Break 3,3PT Field Goal,J. Carter
19.7,62.9158619653803,4.7,23.8,219.0,1,-175.8,89.9,Mid-Range,2PT Field Goal,T. Nwosu
9.4,59.62087398863166,0.3,9.9,343.0,0,81.2,47.6,In The Paint (Non-RA),2PT Field Goal,L. Fitzgerald
0.2,34.5085229876684,3.48,6.7,463.0,1,-1.1,1.6,Restricted Area,2PT Field Goal,B. Osei
24.1,30.388328560538277,5.61,9.1,533.0,0,-121.8,207.7,Above the Break 3,3PT Field Goal,L. Fitzgerald
14.2,18.38381471823536,5.12,11.6,217.0,1,44.7,134.5,Mid-Range,2PT Field Goal,A. Kowalski
8.2,2.1756316369470348,4.04,15.0,42.0,1,3.1,81.6,In The Paint (Non-RA),2PT Field Goal,R. Delgado
24.8,46.767423237414995,1.43,2.1,592.0,1,180.4,169.6,Above the Break 3,3PT Field Goal,K. Albrecht
14.8,35.21759296819271,4.89,9.4,264.0,0,-85.2,120.7,Mid-Range,2PT Field Goal,B. Osei
25.1,44.06398321843866,4.72,1.4,144.0,1,-174.6,180.4,Above the Break 3,3PT Field Goal,T. Nwosu
20.4,57.29004978921066,5.56,6.9,583.0,0,-171.9,110.4,Mid-Range,2PT Field Goal,A. Kowalski
24.2,39.66294643917709,8.43,7.9,698.0,1,154.3,186.1,Above the Break 3,3PT Field Goal,S. Whitfield
17.3,20.901711062148195,4.42,16.0,647.0,1,61.6,161.3,Mid-Range,2PT Field Goal,T. Nwosu
27.4,24.181052607946555,6.84,4.5,65.0,0,112.3,250.1,Above the Break 3,3PT Field Goal,S. Whitfield
27.2,31.705653970567163,5.44,8.1,148.0,1,-142.7,231.0,Above the Break 3,3PT Field Goal,S. Whitfield
1.0,41.02750405924934,10.68,0.3,178.0,0,-6.7,7.7,Restricted Area,2PT Field Goal,M. Okafor
10.6,31.084770996101547,5.49,7.9,435.0,0,54.5,90.4,In The Paint (Non-RA),2PT Field Goal,D. Reyes
18.1,40.944687473824544,10.42,23.7,339.0,1,118.6,136.7,Mid-Range,2PT Field Goal,A. Kowalski
3.7,28.891199415152897,2.04,19.4,106.0,1,-18.1,32.8,Restricted Area,2PT Field Goal,D. Reyes
25.0,25.203560053081585,1.54,15.5,409.0,1,-106.6,226.5,Above the Break 3,3PT Field Goal,K. Albrecht
24.6,39.87999661872207,5.45,9.4,6.0,1,158.0,189.1,Above the Break 3,3PT Field Goal,M. Okafor
25.1,41.26755220985465,4.03,1.5,517.0,1,165.5,188.6,Above the Break 3,3PT Field Goal,K. Albrecht
0.9,44.55585556688808,7.36,15.4,522.0,1,-6.4,6.5,Restricted Area,2PT Field Goal,L. Fitzgerald
10.1,32.42755499577247,6.22,17.4,373.0,0,-54.0,85.0,In The Paint (Non-RA),2PT Field Goal,A. Kowalski
25.4,35.171040089918336,6.26,11.8,676.0,1,146.5,207.9,Above the Break 3,3PT Field Goal,S. Whitfield
4.9,28.141601232261724,2.57,6.0,269.0,1,23.0,43.0,In The Paint (Non-RA),2PT Field Goal,D. Reyes
25.5,16.158551157705208,4.31,23.1,421.0,0,-70.9,244.7,Above the Break 3,3PT Field Goal,M. Okafor
7.6,40.78134078130738,6.33,18.7,491.0,1,49.6,57.5,In The Paint (Non-RA),2PT Field Goal,J. Carter
1.9,25.906507999514385,3.08,4.6,413.0,0,8.5,17.5,Restricted Area,2PT Field Goal,D. Reyes
2.2,8.707370271520407,4.42,3.8,145.0,0,-3.4,22.2,Restricted Area,2PT Field Goal,J. Carter
0.8,0.7073193685442567,7.19,15.4,203.0,1,-0.1,8.1,Restricted Area,2PT Field Goal,K. Albrecht
12.9,39.51067311882037,4.31,6.1,591.0,0,-82.3,99.8,In The Paint (Non-RA),2PT Field Goal,R. Delgado
3.3,12.757532160876679,4.95,23.5,151.0,1,-7.2,31.8,Restricted Area,2PT Field Goal,R. Delgado
22.7,52.61944929158078,7.21,20.3,103.0,1,-180.1,137.6,Above the Break 3,3PT Field Goal,K. Albrecht
24.8,2.175915041191945,5.45,8.9,687.0,1,9.4,247.4,Above the Break 3,3PT Field Goal,D. Reyes
2.2,57.9946167919165,1.04,18.1,117.0,1,-18.4,11.5,Restricted Area,2PT Field Goal,B. Osei
2.5,66.83161284650251,4.69,2.5,345.0,0,-22.9,9.8,Restricted Area,2PT Field Goal,M. Okafor
0.2,63.43494882292201,4.48,2.8,205.0,0,1.8,0.9,Restricted Area,2PT Field Goal,D. Reyes
22.5,49.398705354995535,5.2,6.0,68.0,0,-170.8,146.4,Above the Break 3,3PT Field Goal,D. Reyes
0.2,23.962488974578186,9.7,21.6,266.0,1,-0.8,1.8,Restricted Area,2PT Field Goal,R. Delgado
20.8,52.10322812095736,7.06,20.3,97.0,0,163.8,127.5,Mid-Range,2PT Field Goal,A. Kowalski
0.2,57.0947570770121,4.76,23.4,346.0,1,-1.7,1.1,Restricted Area,2PT Field Goal,B. Osei
1.7,10.334502666693785,2.9,9.4,372.0,1,3.1,17.0,Restricted Area,2PT Field Goal,M. Okafor
1.7,0.0,6.38,14.1,343.0,1,-0.0,16.8,Restricted Area,2PT Field Goal,R. Delgado
19.7,11.800310332649662,4.86,22.5,200.0,0,40.3,192.9,Mid-Range,2PT Field Goal,T. Nwosu
2.8,21.008308286098835,7.45,22.3,586.0,1,10.1,26.3,Restricted Area,2PT Field Goal,L. Fitzgerald
25.6,0.44813931273731566,5.16,17.5,688.0,0,-2.0,255.7,Above the Break 3,3PT Field Goal,J. Carter
18.2,54.65243001820735,6.74,14.1,272.0,0,148.6,105.4,Mid-Range,2PT Field Goal,T. Nwosu
3.7,19.355089331462157,2.58,15.3,235.0,0,12.4,35.3,Restricted Area,2PT Field Goal,K. Albrecht
1.6,46.72081483367287,4.02,0.0,535.0,0,-12.0,11.3,Restricted Area,2PT Field Goal,K. Albrecht
16.4,10.720546919547532,4.55,13.3,21.0,0,30.5,161.1,Mid-Range,2PT Field Goal,K. Albrecht
14.6,60.91500026477533,2.53,22.4,452.0,1,-128.0,71.2,Mid-Range,2PT Field Goal,D. Reyes
1.6,32.22875743509856,5.32,23.0,397.0,0,-8.7,13.8,Restricted Area,2PT Field Goal,B. Osei
2.5,54.78240703180729,3.55,10.9,225.0,1,20.4,14.4,Restricted Area,2PT Field Goal,T. Nwosu
5.6,60.31863949689263,3.58,13.1,504.0,1,-48.6,27.7,In The Paint (Non-RA),2PT Field Goal,R. Delgado
26.7,21.367147586700117,2.81,16.4,196.0,0,-97.3,248.7,Above the Break 3,3PT Field Goal,K. Albrecht
14.9,58.719841090975756,4.21,12.2,60.0,0,-127.4,77.4,Mid-Range,2PT Field Goal,L. Fitzgerald
23.6,53.53246055076864,0.64,20.8,654.0,0,190.1,140.5,Above the Break 3,3PT Field Goal,T. Nwosu
14.4,60.324108169431234,6.48,7.8,299.0,1,-125.3,71.4,Mid-Range,2PT Field Goal,S. Whitfield
17.2,8.662566923343205,5.35,23.9,528.0,0,25.9,170.0,Mid-Range,2PT Field Goal,J. Carter
9.2,5.166290328564443,5.73,20.8,594.0,0,-8.3,91.8,In The Paint (Non-RA),2PT Field Goal,R. Delgado
21.6,51.92477996326851,7.3,15.2,261.0,1,169.9,133.1,Mid-Range,2PT Field Goal,A. Kowalski
10.4,61.482159094849614,5.04,15.2,522.0,0,-91.1,49.5,In The Paint (Non-RA),2PT Field Goal,M. Okafor
25.8,65.88869701005228,3.72,15.3,422.0,0,-235.5,105.4,Above the Break 3,3PT Field Goal,R. Delgado
3.8,44.14490260373328,7.47,1.6,661.0,1,26.4,27.2,Restricted Area,2PT Field Goal,T. Nwosu
1.0,42.90984084628932,3.52,10.0,188.0,0,-6.6,7.1,Restricted Area,2PT Field Goal,R. Delgado
24.4,8.402052958362836,4.76,3.6,507.0,0,-35.7,241.7,Above the Break 3,3PT Field Goal,M. Okafor
5.2,55.82075947617827,0.3,9.2,488.0,1,43.0,29.2,In The Paint (Non-RA),2PT Field Goal,J. Carter
24.3,24.760308630381687,3.14,10.3,160.0,0,-101.7,220.5,Above the Break 3,3PT Field Goal,K. Albrecht
29.0,39.07371201706596,4.33,11.4,463.0,0,-182.6,224.9,Above the Break 3,3PT Field Goal,R. Delgado
14.9,44.37399026585117,5.88,21.3,279.0,1,104.1,106.4,Mid-Range,2PT Field Goal,D. Reyes
2.7,41.10629244490286,5.58,17.6,75.0,0,17.8,20.4,Restricted Area,2PT Field Goal,J. Carter
27.1,67.16531960450997,6.59,0.0,143.0,0,249.6,105.1,Above the Break 3,3PT Field Goal,T. Nwosu
18.1,39.82985410819338,3.08,4.0,104.0,0,116.1,139.2,Mid-Range,2PT Field Goal,D. Reyes
1.7,13.616808943640965,3.07,4.8,127.0,1,3.9,16.1,Restricted Area,2PT Field Goal,K. Albrecht
26.4,39.72210233252084,4.84,3.0,68.0,0,-168.5,202.8,Above the Break 3,3PT Field Goal,A. Kowalski
6.0,34.405234287662864,2.52,6.7,384.0,0,33.9,49.5,In The Paint (Non-RA),2PT Field Goal,D. Reyes
1.6,7.399594659887111,3.43,11.4,640.0,1,2.0,15.4,Restricted Area,2PT Field Goal,D. Reyes
2.9,10.619655276155134,4.47,23.4,657.0,1,-5.4,28.8,Restricted Area,2PT Field Goal,J. Carter
1.0,11.534620653644716,0.3,4.4,644.0,1,2.0,9.8,Restricted Area,2PT Field Goal,J. Carter
18.9,46.991163437615974,0.68,0.3,651.0,0,-138.4,129.1,Mid-Range,2PT Field Goal,T. Nwosu
24.7,58.95682048093653,5.26,0.7,645.0,1,212.0,127.6,Above the Break 3,3PT Field Goal,J. Carter
0.7,17.35402463626132,2.66,6.9,681.0,0,-2.0,6.4,Restricted Area,2PT Field Goal,S. Whitfield
2.8,58.501450851828935,6.04,2.4,71.0,1,23.5,14.4,Restricted Area,2PT Field Goal,K. Albrecht
21.5,38.04066560469575,3.18,0.8,487.0,1,132.7,169.6,Mid-Range,2PT Field Goal,K. Albrecht
7.2,20.166094549709076,1.91,0.7,452.0,0,24.9,67.8,In The Paint (Non-RA),2PT Field Goal,L. Fitzgerald
10.0,29.61690979721888,5.71,12.2,179.0,1,-49.4,86.9,In The Paint (Non-RA),2PT Field Goal,A. Kowalski
26.2,27.190035743425753,3.69,4.0,653.0,1,119.9,233.4,Above the Break 3,3PT Field Goal,K. Albrecht
25.2,18.07505544367949,5.13,1.4,222.0,0,-78.1,239.3,Above the Break 3,3PT Field Goal,B. Osei
26.3,56.87755758706443,2.73,6.9,644.0,0,220.4,143.8,Above the Break 3,3PT Field Goal,A. Kowalski
23.9,18.927233558452087,2.43,18.0,671.0,0,-77.6,226.3,Above the Break 3,3PT Field Goal,R. Delgado
1.9,48.78611203538159,3.52,13.2,437.0,1,14.5,12.7,Restricted Area,2PT Field Goal,K. Albrecht
1.6,61.55707137563666,2.46,16.1,22.0,0,-14.4,7.8,Restricted Area,2PT Field Goal,S. Whitfield
22.0,41.806866936443285,3.84,18.4,281.0,1,146.4,163.7,Mid-Range,2PT Field Goal,J. Carter
25.4,0.11287570013667024,1.94,12.1,46.0,0,0.5,253.8,Above the Break 3,3PT Field Goal,L. Fitzgerald
1.8,13.570434385161487,5.05,23.1,639.0,1,4.2,17.4,Restricted Area,2PT Field Goal,B. Osei
5.3,16.438668535939556,6.04,9.6,338.0,1,14.9,50.5,In The Paint (Non-RA),2PT Field Goal,S. Whitfield
11.7,65.60885986346817,5.32,8.7,670.0,0,106.3,48.2,In The Paint (Non-RA),2PT Field Goal,T. Nwosu
10.8,16.37459698777899,1.34,5.4,369.0,1,30.5,103.8,In The Paint (Non-RA),2PT Field Goal,J. Carter
2.6,60.92358555575893,7.07,17.4,7.0,1,22.3,12.4,Restricted Area,2PT Field Goal,K. Albrecht
1.5,28.094841901364344,0.3,11.3,572.0,0,7.1,13.3,Restricted Area,2PT Field Goal,B. Osei
2.9,6.779567945149955,4.73,10.3,291.0,1,-3.4,28.6,Restricted Area,2PT Field Goal,S. Whitfield
2.5,57.15245673476063,4.48,17.6,520.0,1,20.6,13.3,Restricted Area,2PT Field Goal,M. Okafor
19.2,34.862745138483064,5.99,3.3,406.0,1,110.0,157.9,Mid-Range,2PT Field Goal,S. Whitfield
12.0,27.033456627657458,2.69,14.3,214.0,1,54.7,107.2,In The Paint (Non-RA),2PT Field Goal,K. Albrecht
24.8,56.87352133831524,3.09,22.4,12.0,0,207.8,135.6,Above the Break 3,3PT Field Goal,K. Albrecht
18.6,42.151704094011265,6.9,24.0,258.0,0,-125.1,138.2,Mid-Range,2PT Field Goal,A. Kowalski
23.0,43.415701949572174,6.84,11.4,535.0,0,-158.2,167.2,Above the Break 3,3PT Field Goal,R. Delgado
3.7,14.110701878919427,1.9,12.4,516.0,0,9.1,36.2,Restricted Area,2PT Field Goal,A. Kowalski
28.5,20.46424022826375,3.59,23.6,225.0,0,-99.6,266.9,Above the Break 3,3PT Field Goal,S. Whitfield
6.4,46.77016705991896,2.43,13.0,341.0,1,-46.7,43.9,In The Paint (Non-RA),2PT Field Goal,A. Kowalski
19.7,31.18366249156782,0.3,21.0,262.0,0,-101.8,168.2,Mid-Range,2PT Field Goal,M. Okafor
26.9,62.53160475050283,6.84,9.9,592.0,1,-239.1,124.3,Above the Break 3,3PT Field Goal,L. Fitzgerald
9.4,45.258087351336194,2.73,14.9,454.0,0,66.9,66.3,In The Paint (Non-RA),2PT Field Goal,K. Albrecht
12.6,51.41838692994773,4.37,2.9,471.0,1,-98.4,78.5,In The Paint (Non-RA),2PT Field Goal,D. Reyes
17.5,64.27036145833483,4.81,2.0,694.0,0,-157.5,75.9,Mid-Range,2PT Field Goal,R. Delgado
3.5,7.431407971172507,1.28,10.5,262.0,0,4.5,34.5,Restricted Area,2PT Field Goal,K. Albrecht
20.2,32.10437581764137,6.31,15.7,319.0,1,-107.6,171.5,Mid-Range,2PT Field Goal,K. Albrecht
3.0,47.4424153106571,2.7,17.8,456.0,0,-22.0,20.2,Restricted Area,2PT Field Goal,B. Osei
1.7,2.6785512554432445,0.89,8.8,691.0,0,0.8,17.1,Restricted Area,2PT Field Goal,L. Fitzgerald
20.7,11.396793547537651,5.0,21.2,70.0,1,-40.9,202.9,Mid-Range,2PT Field Goal,J. Carter
24.1,15.413474516403621,4.61,10.1,479.0,0,-64.1,232.5,Above the Break 3,3PT Field Goal,D. Reyes
22.9,21.81997584328883,2.99,7.4,580.0,1,85.2,212.8,Above the Break 3,3PT Field Goal,S. Whitfield
2.1,45.57872556560776,4.1,9.1,78.0,1,-15.0,14.7,Restricted Area,2PT Field Goal,T. Nwosu
1.2,1.385917850812192,8.11,1.2,402.0,1,-0.3,12.4,Restricted Area,2PT Field Goal,A. Kowalski
8.4,57.050784883409555,5.83,1.2,527.0,0,70.2,45.5,In The Paint (Non-RA),2PT Field Goal,L. Fitzgerald
9.7,18.883146560826535,4.25,4.6,626.0,1,-31.4,91.8,In The Paint (Non-RA),2PT Field Goal,A. Kowalski
4.0,32.02057296899833,3.4,23.0,54.0,1,21.2,33.9,In The Paint (Non-RA),2PT Field Goal,J. Carter
24.2,16.96883212874845,8.45,23.5,717.0,1,-70.7,231.7,Above the Break 3,3PT Field Goal,L. Fitzgerald
24.0,35.224468049196425,3.23,0.6,390.0,1,-138.6,196.3,Above the Break 3,3PT Field Goal,R. Delgado
15.7,14.814046440329909,0.3,4.8,515.0,1,-40.2,152.0,Mid-Range,2PT Field Goal,J. Carter
18.2,58.281259952415574,7.04,21.7,487.0,1,-155.0,95.8,Mid-Range,2PT Field Goal,B. Osei
16.5,29.03437253935547,3.09,11.4,52.0,0,-80.1,144.3,Mid-Range,2PT Field Goal,A. Kowalski
15.0,25.933012461564974,0.3,0.6,548.0,0,-65.6,134.9,Mid-Range,2PT Field Goal,B. Osei
24.4,44.75124998757158,1.01,2.9,363.0,0,172.0,173.5,Above the Break 3,3PT Field Goal,T. Nwosu
22.8,47.83937352872304,1.11,1.3,349.0,0,169.3,153.3,Above the Break 3,3PT Field Goal,M. Okafor
24.0,36.05014873657251,0.3,7.9,487.0,0,141.5,194.4,Above the Break 3,3PT Field Goal,T. Nwosu
25.6,0.49198913682114664,2.49,16.2,178.0,0,-2.2,256.2,Above the Break 3,3PT Field Goal,S. Whitfield
1.7,58.281631445691964,2.85,20.9,339.0,1,-14.4,8.9,Restricted Area,2PT Field Goal,A. Kowalski
8.1,25.67926762489923,7.98,13.6,610.0,0,35.1,73.0,In The Paint (Non-RA),2PT Field Goal,T. Nwosu
26.2,0.3931787428927093,4.03,10.3,408.0,0,1.8,262.3,Above the Break 3,3PT Field Goal,B. Osei
2.6,41.76029970389787,2.88,16.6,285.0,0,17.5,19.6,Restricted Area,2PT Field Goal,R. Delgado
17.4,2.5081828989237045,3.84,12.0,483.0,0,-7.6,173.5,Mid-Range,2PT Field Goal,A. Kowalski
3.6,61.72087344380541,4.67,13.8,56.0,1,-31.6,17.0,Restricted Area,2PT Field Goal,D. Reyes
0.3,1.7899106082460694,6.5,19.6,611.0,1,0.1,3.2,Restricted Area,2PT Field Goal,M. Okafor
11.4,51.08899936371803,7.24,1.0,342.0,1,-88.7,71.6,In The Paint (Non-RA),2PT Field Goal,M. Okafor
1.0,53.01123161285603,0.3,8.0,234.0,1,7.7,5.8,Restricted Area,2PT Field Goal,K. Albrecht
10.3,61.16724076076032,0.83,19.7,573.0,0,-90.1,49.6,In The Paint (Non-RA),2PT Field Goal,D. Reyes
1.5,8.89254870824813,4.18,3.8,400.0,0,-2.3,14.7,Restricted Area,2PT Field Goal,B. Osei
22.5,49.3434672139865,8.64,8.6,440.0,0,-170.7,146.6,Above the Break 3,3PT Field Goal,S. Whitfield
0.8,8.235619324209505,3.09,9.9,166.0,1,1.1,7.6,Restricted Area,2PT Field Goal,A. Kowalski
11.5,61.11942912055288,6.72,1.9,646.0,0,-100.8,55.6,In The Paint (Non-RA),2PT Field Goal,D. Reyes
25.5,65.12288183708932,2.94,20.6,235.0,0,231.4,107.3,Above the Break 3,3PT Field Goal,K. Albrecht
18.8,20.637916618185095,2.93,0.8,285.0,0,66.4,176.3,Mid-Range,2PT Field Goal,R. Delgado
0.4,45.93919094573558,3.63,18.2,542.0,1,3.1,3.0,Restricted Area,2PT Field Goal,L. Fitzgerald
1.3,16.534837857345153,7.42,2.5,138.0,0,-3.8,12.8,Restricted Area,2PT Field Goal,B. Osei
18.1,21.232517278862083,3.12,4.9,19.0,0,-65.7,169.1,Mid-Range,2PT Field Goal,D. Reyes
3.5,12.334105469842699,4.4,19.8,341.0,0,-7.5,34.3,Restricted Area,2PT Field Goal,S. Whitfield
2.8,64.70194749668923,4.99,0.2,134.0,1,-25.6,12.1,Restricted Area,2PT Field Goal,M. Okafor
17.1,26.460031536481615,6.34,10.9,560.0,1,76.1,152.9,Mid-Range,2PT Field Goal,T. Nwosu
13.7,5.364940280428097,4.37,23.1,197.0,1,12.8,136.3,In The Paint (Non-RA),2PT Field Goal,L. Fitzgerald
2.0,15.906179083287263,6.29,23.9,171.0,1,5.5,19.3,Restricted Area,2PT Field Goal,S. Whitfield
18.4,26.05101457099959,8.14,19.6,37.0,1,-81.0,165.7,Mid-Range,2PT Field Goal,T. Nwosu
18.0,60.550556680284274,6.07,5.0,121.0,1,-157.1,88.7,Mid-Range,2PT Field Goal,S. Whitfield
2.0,22.44275336529435,3.38,1.4,386.0,0,7.6,18.4,Restricted Area,2PT Field Goal,T. Nwosu
0.2,45.0,3.93,9.6,519.0,1,1.4,1.4,Restricted Area,2PT Field Goal,M. Okafor
2.8,13.439951593747994,4.89,0.6,687.0,0,-6.5,27.2,Restricted Area,2PT Field Goal,D. Reyes
23.8,12.662156838852717,3.64,7.0,29.0,1,-52.1,231.9,Above the Break 3,3PT Field Goal,L. Fitzgerald
2.5,32.59578683089035,1.67,13.7,643.0,1,-13.3,20.8,Restricted Area,2PT Field Goal,R. Delgado
0.7,37.04247477308286,2.1,1.9,34.0,0,-4.0,5.3,Restricted Area,2PT Field Goal,A. Kowalski
2.2,33.186855299862835,2.97,15.2,187.0,1,12.1,18.5,Restricted Area,2PT Field Goal,D. Reyes
14.2,5.325740624767721,0.3,15.6,181.0,0,13.2,141.6,Mid-Range,2PT Field Goal,S. Whitfield
23.7,66.02276624011239,10.95,7.0,433.0,1,216.3,96.2,Above the Break 3,3PT Field Goal,L. Fitzgerald
1.7,15.080791311442493,6.22,2.7,620.0,1,4.5,16.7,Restricted Area,2PT Field Goal,T. Nwosu
24.9,43.94420070167343,2.95,8.6,302.0,0,-173.1,179.6,Above the Break 3,3PT Field Goal,B. Osei
19.5,32.36314663371525,2.54,9.6,528.0,0,-104.5,164.9,Mid-Range,2PT Field Goal,D. Reyes
1.3,23.702645950966243,7.08,14.7,596.0,1,5.4,12.3,Restricted Area,2PT Field Goal,S. Whitfield
24.3,19.57608866450143,1.01,18.0,336.0,1,-81.4,228.9,Above the Break 3,3PT Field Goal,S. Whitfield
0.8,27.552811576717797,1.9,7.9,586.0,0,3.6,6.9,Restricted Area,2PT Field Goal,M. Okafor
26.7,21.22831160542599,6.64,5.6,525.0,1,96.8,249.2,Above the Break 3,3PT Field Goal,A. Kowalski
1.2,38.65980825409009,4.07,20.3,233.0,0,7.2,9.0,Restricted Area,2PT Field Goal,S. Whitfield
11.8,13.84753841285957,6.04,13.6,60.0,0,28.2,114.4,In The Paint (Non-RA),2PT Field Goal,L. Fitzgerald
9.7,0.3533096811486618,4.5,1.0,614.0,0,-0.6,97.3,In The Paint (Non-RA),2PT Field Goal,T. Nwosu
26.7,0.6856310499875122,4.25,0.9,609.0,0,3.2,267.4,Above the Break 3,3PT Field Goal,D. Reyes
25.0,32.0856702351063,2.77,9.0,683.0,1,-132.6,211.5,Above the Break 3,3PT Field Goal,T. Nwosu
20.3,41.087747896818485,5.37,22.6,101.0,1,-133.5,153.1,Mid-Range,2PT Field Goal,T. Nwosu
0.8,45.48969559312923,4.81,1.8,586.0,0,5.9,5.8,Restricted Area,2PT Field Goal,J. Carter
6.5,24.371483557348327,4.79,6.7,401.0,1,27.0,59.6,In The Paint (Non-RA),2PT Field Goal,D. Reyes
2.5,10.284514397400503,3.27,22.3,5.0,0,4.5,24.8,Restricted Area,2PT Field Goal,T. Nwosu
24.4,39.4382954849271,7.02,18.6,470.0,1,154.8,188.2,Above the Break 3,3PT Field Goal,J. Carter
17.7,55.546512964665,4.42,11.7,225.0,1,-145.9,100.1,Mid-Range,2PT Field Goal,K. Albrecht
9.1,13.48841207210667,5.65,20.1,247.0,0,21.3,88.8,In The Paint (Non-RA),2PT Field Goal,L. Fitzgerald
2.4,46.34788728019859,1.57,22.7,106.0,1,17.4,16.6,Restricted Area,2PT Field Goal,J. Carter
28.7,9.800743853878487,0.45,14.6,604.0,0,48.8,282.5,Above the Break 3,3PT Field Goal,B. Osei
2.3,51.036036516668446,5.95,9.7,719.0,1,18.3,14.8,Restricted Area,2PT Field Goal,K. Albrecht
28.8,50.91771913722461,2.76,13.3,257.0,1,-223.6,181.6,Above the Break 3,3PT Field Goal,M. Okafor
19.2,61.313358680153414,2.32,18.8,144.0,1,168.5,92.2,Mid-Range,2PT Field Goal,A. Kowalski
13.5,28.335344219102023,5.1,12.3,164.0,1,-63.9,118.5,In The Paint (Non-RA),2PT Field Goal,B. Osei
26.2,27.347865378328702,7.33,19.4,191.0,0,120.3,232.6,Above the Break 3,3PT Field Goal,L. Fitzgerald
13.9,62.93528899405832,3.62,13.8,570.0,1,123.3,63.0,In The Paint (Non-RA),2PT Field Goal,S. Whitfield
1.7,7.8981369028577735,3.58,14.1,116.0,0,2.4,17.3,Restricted Area,2PT Field Goal,L. Fitzgerald
5.2,29.21437998026841,5.28,23.6,333.0,0,-25.5,45.6,In The Paint (Non-RA),2PT Field Goal,D. Reyes
1.5,65.523838489129,5.53,23.8,251.0,1,13.4,6.1,Restricted Area,2PT Field Goal,D. Reyes
4.0,32.855721950432994,4.41,6.4,351.0,0,-21.7,33.6,In The Paint (Non-RA),2PT Field Goal,K. Albrecht
10.7,29.506233126832377,0.3,4.4,190.0,1,52.8,93.3,In The Paint (Non-RA),2PT Field Goal,B. Osei
25.2,12.240656501902288,6.03,18.1,373.0,1,53.5,246.6,Above the Break 3,3PT Field Goal,J. Carter
0.2,2.862405226111748,2.48,23.9,133.0,1,0.1,2.0,Restricted Area,2PT Field Goal,M. Okafor
4.2,37.982033976110735,9.07,3.4,241.0,1,26.0,33.3,In The Paint (Non-RA),2PT Field Goal,S. Whitfield
27.3,57.77201493779104,2.67,11.9,622.0,0,230.8,145.5,Above the Break 3,3PT Field Goal,L. Fitzgerald
28.1,61.62736190018937,4.77,20.6,231.0,0,247.0,133.4,Above the Break 3,3PT Field Goal,D. Reyes
24.6,38.175558303113114,4.14,16.9,541.0,0,151.9,193.2,Above the Break 3,3PT Field Goal,M. Okafor
15.9,43.957448870482196,4.73,16.0,26.0,0,110.6,114.7,Mid-Range,2PT Field Goal,R. Delgado
19.8,63.99032334001505,10.03,16.6,574.0,1,-178.3,87.0,Mid-Range,2PT Field Goal,L. Fitzgerald
17.6,17.377269144744925,3.68,11.7,273.0,0,-52.7,168.4,Mid-Range,2PT Field Goal,D. Reyes
19.1,8.447820610560663,6.63,20.6,436.0,0,28.1,189.2,Mid-Range,2PT Field Goal,L. Fitzgerald
5.1,3.386334328783698,4.29,18.1,517.0,0,-3.0,50.7,In The Paint (Non-RA),2PT Field Goal,J. Carter
3.4,59.20969131199447,3.46,21.1,310.0,1,29.2,17.4,Restricted Area,2PT Field Goal,M. Okafor
2.4,56.64343149876168,6.03,17.3,234.0,1,19.9,13.1,Restricted Area,2PT Field Goal,M. Okafor
2.0,2.5261169116195554,5.05,11.9,14.0,1,-0.9,20.4,Restricted Area,2PT Field Goal,K. Albrecht
1.4,57.36649715321482,3.85,19.2,487.0,1,11.4,7.3,Restricted Area,2PT Field Goal,S. Whitfield
28.7,19.817660130919357,2.03,23.5,462.0,1,-97.3,270.0,Above the Break 3,3PT Field Goal,K. Albrecht
19.4,39.89262942051023,5.25,10.5,582.0,1,124.3,148.7,Mid-Range,2PT Field Goal,M. Okafor
1.7,49.76364169072618,12.12,16.6,37.0,1,-13.0,11.0,Restricted Area,2PT Field Goal,T. Nwosu
25.2,66.59562156346686,3.97,14.0,428.0,0,231.5,100.2,Above the Break 3,3PT Field Goal,D. Reyes
0.5,6.340191745909909,5.74,23.6,352.0,1,-0.6,5.4,Restricted Area,2PT Field Goal,A. Kowalski
27.4,64.4621469473576,2.94,14.3,679.0,0,247.6,118.3,Above the Break 3,3PT Field Goal,R. Delgado
17.5,33.171114701491504,12.28,9.7,8.0,1,-95.5,146.1,Mid-Range,2PT Field Goal,J. Carter
15.5,30.08878940875635,0.99,16.1,299.0,0,-77.7,134.1,Mid-Range,2PT Field Goal,T. Nwosu
7.7,29.85543741542662,2.93,5.4,714.0,1,-38.4,66.9,In The Paint (Non-RA),2PT Field Goal,B. Osei
24.6,28.13825750164623,0.3,11.4,137.0,0,-116.0,216.9,Above the Break 3,3PT Field Goal,D. Reyes
0.3,55.7842978675626,5.88,0.8,243.0,1,-2.5,1.7,Restricted Area,2PT Field Goal,K. Albrecht
1.8,39.245434668897815,4.64,8.4,227.0,1,11.6,14.2,Restricted Area,2PT Field Goal,A. Kowalski
21.5,1.4387543033985202,5.27,22.2,471.0,0,5.4,215.0,Mid-Range,2PT Field Goal,J. Carter
0.2,2.862405226111748,4.26,23.9,543.0,1,0.1,2.0,Restricted Area,2PT Field Goal,B. Osei
5.0,31.993148363188727,7.88,11.9,370.0,1,-26.3,42.1,In The Paint (Non-RA),2PT Field Goal,S. Whitfield
20.6,2.5281570544574805,7.46,4.9,644.0,0,-9.1,206.1,Mid-Range,2PT Field Goal,K. Albrecht
3.0,5.403791360249713,6.99,11.9,365.0,1,-2.8,29.6,Restricted Area,2PT Field Goal,T. Nwosu
25.6,65.83546239878986,0.3,23.4,421.0,0,-233.8,104.9,Above the Break 3,3PT Field Goal,D. Reyes
17.1,27.27070250845022,2.19,18.4,16.0,0,-78.2,151.7,Mid-Range,2PT Field Goal,A. Kowalski
3.3,44.87731115216093,4.54,11.4,134.0,0,-23.3,23.4,Restricted Area,2PT Field Goal,B. Osei
24.7,27.45714584563338,6.33,17.4,235.0,0,-113.9,219.2,Above the Break 3,3PT Field Goal,S. Whitfield
17.0,9.666949121991482,0.3,6.1,493.0,0,-28.6,167.9,Mid-Range,2PT Field Goal,T. Nwosu
20.8,66.09909528689666,7.96,10.8,39.0,1,190.0,84.2,Mid-Range,2PT Field Goal,B. Osei
25.6,17.066464779030557,5.07,17.1,12.0,0,-75.0,244.3,Above the Break 3,3PT Field Goal,L. Fitzgerald
27.3,53.27696049340036,7.98,0.6,716.0,0,218.9,163.3,Above the Break 3,3PT Field Goal,K. Albrecht
0.2,32.9052429229879,1.59,14.4,677.0,1,1.1,1.7,Restricted Area,2PT Field Goal,D. Reyes
23.9,66.12507827044341,2.51,12.0,376.0,0,218.7,96.8,Above the Break 3,3PT Field Goal,T. Nwosu
10.5,43.11011787934897,1.87,4.9,615.0,0,71.8,76.7,In The Paint (Non-RA),2PT Field Goal,J. Carter
0.2,59.53445508054013,2.84,12.5,474.0,1,1.7,1.0,Restricted Area,2PT Field Goal,R. Delgado
2.3,48.01278750418334,2.49,3.9,520.0,0,-17.0,15.3,Restricted Area,2PT Field Goal,S. Whitfield
2.2,38.57893917650926,0.3,4.9,113.0,1,13.8,17.3,Restricted Area,2PT Field Goal,K. Albrecht
25.0,20.365373303565008,7.28,5.0,71.0,1,-86.9,234.1,Above the Break 3,3PT Field Goal,J. Carter
20.0,14.640138334727533,5.53,17.2,404.0,0,-50.6,193.7,Mid-Range,2PT Field Goal,S. Whitfield
2.1,53.13010235415599,2.37,18.0,562.0,1,-16.8,12.6,Restricted Area,2PT Field Goal,T. Nwosu
26.5,48.52286367671305,0.3,12.3,244.0,1,-198.3,175.3,Above the Break 3,3PT Field Goal,S. Whitfield
9.0,24.31204650551748,6.95,9.5,128.0,1,37.0,81.9,In The Paint (Non-RA),2PT Field Goal,R. Delgado
24.7,38.17026762037775,0.3,8.9,435.0,0,-152.5,194.0,Above the Break 3,3PT Field Goal,A. Kowalski
2.5,19.90374953730784,1.7,7.5,123.0,0,8.4,23.2,Restricted Area,2PT Field Goal,L. Fitzgerald
29.0,19.647178603594128,1.33,8.6,228.0,0,-97.5,273.1,Above the Break 3,3PT Field Goal,J. Carter
22.9,18.29257970245357,2.55,17.5,497.0,0,71.9,217.5,Above the Break 3,3PT Field Goal,A. Kowalski
2.9,17.294254389308243,5.32,7.1,508.0,1,8.5,27.3,Restricted Area,2PT Field Goal,D. Reyes
7.9,38.69398747822014,6.24,15.6,332.0,0,-49.1,61.3,In The Paint (Non-RA),2PT Field Goal,L. Fitzgerald
3.0,55.56999122082709,4.98,1.6,292.0,0,24.8,17.0,Restricted Area,2PT Field Goal,D. Reyes
16.2,28.9036455083504,1.55,12.5,713.0,1,78.4,142.0,Mid-Range,2PT Field Goal,D. Reyes
4.0,8.920478604774802,7.26,1.7,682.0,1,6.2,39.5,In The Paint (Non-RA),2PT Field Goal,R. Delgado
29.0,16.197774673827524,7.0,3.2,79.0,0,80.9,278.5,Above the Break 3,3PT Field Goal,M. Okafor
2.0,20.15421115684554,6.06,22.5,332.0,1,6.9,18.8,Restricted Area,2PT Field Goal,J. Carter
20.6,19.809360869763104,9.73,14.8,653.0,1,-69.7,193.5,Mid-Range,2PT Field Goal,S. Whitfield
16.7,14.984431994849876,1.77,0.7,681.0,0,43.2,161.4,Mid-Range,2PT Field Goal,L. Fitzgerald
3.0,46.75203049802155,2.47,12.7,71.0,1,-21.9,20.6,Restricted Area,2PT Field Goal,L. Fitzgerald
0.2,66.03751102542182,2.43,7.0,376.0,1,1.8,0.8,Restricted Area,2PT Field Goal,B. Osei
24.3,27.238840381293716,2.8,21.3,227.0,0,111.4,216.4,Above the Break 3,3PT Field Goal,D. Reyes
1.8,36.23682087441289,5.73,7.2,157.0,0,10.7,14.6,Restricted Area,2PT Field Goal,S. Whitfield
0.5,33.690067525979785,4.72,9.8,518.0,1,2.8,4.2,Restricted Area,2PT Field Goal,R. Delgado
3.6,47.67334763358682,3.3,22.2,187.0,1,26.9,24.5,Restricted Area,2PT Field Goal,K. Albrecht
20.7,5.119368977513188,6.91,9.2,176.0,0,-18.5,206.5,Mid-Range,2PT Field Goal,K. Albrecht
4.0,33.37220238481376,4.04,7.7,374.0,1,-22.0,33.4,In The Paint (Non-RA),2PT Field Goal,L. Fitzgerald
2.6,63.72826936372193,2.93,14.9,456.0,1,-23.5,11.6,Restricted Area,2PT Field Goal,T. Nwosu
14.9,2.0797667118695284,2.77,17.6,35.0,0,5.4,148.7,Mid-Range,2PT Field Goal,R. Delgado
27.2,46.97903557534787,1.21,12.3,284.0,0,-199.1,185.8,Above the Break 3,3PT Field Goal,D. Reyes
28.4,4.852526887954746,3.69,9.6,224.0,0,-24.0,282.7,Above the Break 3,3PT Field Goal,R. Delgado
12.5,59.60179901280298,2.21,23.5,78.0,0,-107.9,63.3,In The Paint (Non-RA),2PT Field Goal,K. Albrecht
0.4,37.99873244250466,3.96,12.0,154.0,1,2.5,3.2,Restricted Area,2PT Field Goal,K. Albrecht
1.8,19.42270922256182,5.08,12.0,651.0,0,-6.1,17.3,Restricted Area,2PT Field Goal,B. Osei
21.6,26.41071148953459,5.28,6.8,268.0,0,-96.0,193.3,Mid-Range,2PT Field Goal,L. Fitzgerald
16.9,40.9757715317273,3.16,17.9,440.0,1,111.0,127.8,Mid-Range,2PT Field Goal,A. Kowalski
7.6,13.852427032445158,8.6,15.1,30.0,1,-18.1,73.4,In The Paint (Non-RA),2PT Field Goal,M. Okafor
26.5,4.119572574428703,1.54,13.2,178.0,0,-19.0,263.8,Above the Break 3,3PT Field Goal,R. Delgado
2.0,22.225030451113557,5.84,10.8,93.0,1,7.6,18.6,Restricted Area,2PT Field Goal,T. Nwosu
23.0,63.42380828650533,4.26,21.1,287.0,0,-205.7,102.9,Above the Break 3,3PT Field Goal,D. Reyes
24.9,25.772899279604264,4.86,17.9,211.0,1,-108.3,224.3,Above the Break 3,3PT Field Goal,K. Albrecht
25.6,67.34745848906834,2.63,10.9,306.0,0,236.5,98.7,Above the Break 3,3PT Field Goal,R. Delgado
26.5,25.20227381669871,2.4,23.2,501.0,0,112.9,239.9,Above the Break 3,3PT Field Goal,T. Nwosu
2.2,50.32728844818667,5.67,16.4,202.0,1,-17.0,14.1,Restricted Area,2PT Field Goal,B. Osei
27.3,61.168017671814106,0.3,15.9,397.0,0,238.7,131.4,Above the Break 3,3PT Field Goal,J. Carter
6.5,58.52007923816164,4.51,14.7,324.0,0,55.2,33.8,In The Paint (Non-RA),2PT Field Goal,T. Nwosu
21.4,21.089480845108138,0.81,0.5,8.0,0,76.9,199.4,Mid-Range,2PT Field Goal,K. Albrecht
27.5,65.7456629082819,0.3,13.6,298.0,0,-250.8,113.0,Above the Break 3,3PT Field Goal,L. Fitzgerald
16.0,11.373242701859336,4.36,20.7,290.0,1,-31.5,156.6,Mid-Range,2PT Field Goal,T. Nwosu
17.0,15.542172270156923,2.88,19.6,181.0,0,-45.5,163.6,Mid-Range,2PT Field Goal,M. Okafor
3.3,43.63901720702393,8.67,18.6,570.0,1,-22.6,23.7,Restricted Area,2PT Field Goal,R. Delgado
16.0,14.157632649677247,0.3,16.3,30.0,0,39.2,155.4,Mid-Range,2PT Field Goal,R. Delgado
3.1,28.786618310014042,4.53,15.6,89.0,0,-15.0,27.3,Restricted Area,2PT Field Goal,B. Osei
6.8,23.23156333535621,4.43,18.5,121.0,0,27.0,62.9,In The Paint (Non-RA),2PT Field Goal,A. Kowalski
0.2,34.5085229876684,4.58,2.6,655.0,1,-1.1,1.6,Restricted Area,2PT Field Goal,D. Reyes
28.1,55.94265686668212,3.1,10.3,655.0,1,233.0,157.5,Above the Break 3,3PT Field Goal,L. Fitzgerald
18.7,30.627221315538147,0.45,9.7,165.0,0,-95.2,160.8,Mid-Range,2PT Field Goal,A. Kowalski
23.8,66.03995413387646,5.88,17.7,64.0,0,-217.6,96.7,Above the Break 3,3PT Field Goal,L. Fitzgerald
3.6,47.24574256589507,5.91,9.7,609.0,1,26.5,24.5,Restricted Area,2PT Field Goal,A. Kowalski
1.4,37.619363641159175,5.08,19.6,704.0,1,-8.4,10.9,Restricted Area,2PT Field Goal,S. Whitfield
27.3,62.07213975969526,4.82,11.5,598.0,1,-240.9,127.7,Above the Break 3,3PT Field Goal,M. Okafor
1.3,61.0735741647464,6.96,1.7,595.0,0,11.4,6.3,Restricted Area,2PT Field Goal,D. Reyes
22.5,24.024544941481963,6.46,23.3,233.0,0,-91.6,205.5,Above the Break 3,3PT Field Goal,D. Reyes
4.2,27.474431626277134,5.8,23.6,224.0,0,19.5,37.5,In The Paint (Non-RA),2PT Field Goal,B. Osei
11.2,53.15052501574449,2.74,22.7,612.0,1,-89.8,67.3,In The Paint (Non-RA),2PT Field Goal,S. Whitfield
10.5,42.05241392373183,6.54,0.6,280.0,1,70.0,77.6,In The Paint (Non-RA),2PT Field Goal,R. Delgado
8.2,46.489156261806556,2.18,20.0,40.0,0,59.2,56.2,In The Paint (Non-RA),2PT Field Goal,A. Kowalski
12.2,30.253047482440333,5.09,23.3,457.0,0,-61.3,105.1,In The Paint (Non-RA),2PT Field Goal,J. Carter
7.3,35.14605799348513,1.88,0.4,633.0,0,-42.1,59.8,In The Paint (Non-RA),2PT Field Goal,S. Whitfield
25.8,49.54822049731669,3.82,11.2,266.0,0,-196.1,167.2,Above the Break 3,3PT Field Goal,R. Delgado
3.7,11.800151780205859,6.02,13.9,690.0,1,7.5,35.9,Restricted Area,2PT Field Goal,K. Albrecht
1.7,11.924523937611905,3.48,5.8,554.0,1,-3.4,16.1,Restricted Area,2PT Field Goal,R. Delgado
6.1,53.20470619156869,6.39,8.8,336.0,1,49.2,36.8,In The Paint (Non-RA),2PT Field Goal,D. Reyes
0.3,17.87869659584134,3.1,13.6,13.0,1,-1.0,3.1,Restricted Area,2PT Field Goal,T. Nwosu
4.3,0.9261790353961225,8.05,17.6,463.0,1,0.7,43.3,In The Paint (Non-RA),2PT Field Goal,M. Okafor
5.8,15.359514177291594,3.83,10.5,656.0,1,-15.3,55.7,In The Paint (Non-RA),2PT Field Goal,S. Whitfield
23.6,31.60909264705661,10.21,23.9,86.0,1,-123.7,201.0,Above the Break 3,3PT Field Goal,B. Osei
0.4,60.06848815949221,5.86,15.3,338.0,0,-3.3,1.9,Restricted Area,2PT Field Goal,T. Nwosu
8.5,12.85809017299818,4.11,6.1,435.0,1,18.9,82.8,In The Paint (Non-RA),2PT Field Goal,J. Carter
22.5,28.34215444342134,1.61,22.1,27.0,0,-106.8,198.0,Above the Break 3,3PT Field Goal,D. Reyes
2.0,55.607430872774785,3.23,4.2,153.0,0,16.8,11.5,Restricted Area,2PT Field Goal,D. Reyes
27.1,20.91928180693144,8.75,6.7,463.0,1,96.9,253.5,Above the Break 3,3PT Field Goal,B. Osei
25.5,18.014867995435335,1.31,0.5,290.0,0,78.7,242.0,Above the Break 3,3PT Field Goal,B. Osei
3.1,49.76364169072618,0.58,8.1,573.0,0,23.4,19.8,Restricted Area,2PT Field Goal,R. Delgado
7.3,42.33699923393286,4.89,8.0,127.0,0,-49.2,54.0,In The Paint (Non-RA),2PT Field Goal,J. Carter
27.3,53.12589931869454,7.1,4.8,274.0,0,218.1,163.6,Above the Break 3,3PT Field Goal,T. Nwosu
16.0,42.97804085918237,3.33,1.5,603.0,1,109.3,117.3,Mid-Range,2PT Field Goal,J. Carter
19.4,42.84797888389484,2.21,11.8,198.0,0,-131.9,142.2,Mid-Range,2PT Field Goal,S. Whitfield
22.7,38.178508200215056,3.68,6.6,4.0,0,-140.2,178.3,Above the Break 3,3PT Field Goal,L. Fitzgerald
19.4,61.82697600959649,3.7,23.2,439.0,0,-171.4,91.8,Mid-Range,2PT Field Goal,D. Reyes
20.1,7.333261042181719,6.79,21.1,414.0,1,-25.7,199.7,Mid-Range,2PT Field Goal,D. Reyes
23.3,52.13793923707747,8.54,10.5,47.0,1,-184.2,143.2,Above the Break 3,3PT Field Goal,A. Kowalski
8.4,42.64801671497068,3.86,2.8,597.0,0,57.2,62.1,In The Paint (Non-RA),2PT Field Goal,T. Nwosu
3.8,30.3655926411343,2.29,9.1,490.0,1,-19.1,32.6,Restricted Area,2PT Field Goal,D. Reyes
1.8,37.193599170764244,1.43,1.7,190.0,0,-10.7,14.1,Restricted Area,2PT Field Goal,A. Kowalski
17.6,56.38204795451986,0.3,23.5,310.0,0,146.8,97.6,Mid-Range,2PT Field Goal,K. Albrecht
25.3,25.69485369168346,4.03,6.0,664.0,0,-109.8,228.2,Above the Break 3,3PT Field Goal,S. Whitfield
17.4,22.442753365294347,0.59,17.6,36.0,1,-66.5,161.0,Mid-Range,2PT Field Goal,K. Albrecht
1.4,7.72863699595161,5.84,15.9,477.0,1,1.9,14.0,Restricted Area,2PT Field Goal,M. Okafor
24.3,5.262704176841532,3.65,20.7,714.0,0,22.3,242.1,Above the Break 3,3PT Field Goal,D. Reyes
4.5,27.129523352384954,2.56,14.2,273.0,0,-20.7,40.4,In The Paint (Non-RA),2PT Field Goal,J. Carter
3.9,15.985533042877828,7.51,15.9,430.0,1,10.8,37.7,Restricted Area,2PT Field Goal,L. Fitzgerald
16.0,38.7325185951507,0.3,15.6,623.0,1,-100.1,124.8,Mid-Range,2PT Field Goal,K. Albrecht
1.4,23.145783358542484,6.28,15.3,642.0,1,5.6,13.1,Restricted Area,2PT Field Goal,L. Fitzgerald
3.7,25.463345061871614,4.43,13.0,404.0,1,-16.0,33.6,Restricted Area,2PT Field Goal,L. Fitzgerald
25.6,37.263308176384406,4.78,16.1,44.0,0,-155.2,204.0,Above the Break 3,3PT Field Goal,J. Carter
17.9,21.331733737183836,4.16,2.8,292.0,0,-65.1,166.7,Mid-Range,2PT Field Goal,D. Reyes
24.4,32.28923290726755,1.56,15.2,113.0,0,-130.3,206.2,Above the Break 3,3PT Field Goal,A. Kowalski
2.3,40.32583628886923,5.58,11.2,617.0,0,14.6,17.2,Restricted Area,2PT Field Goal,J. Carter
24.9,35.22201649873888,6.94,9.0,301.0,0,143.6,203.4,Above the Break 3,3PT Field Goal,S. Whitfield
23.5,52.84682487276167,0.3,9.9,702.0,0,-187.0,141.7,Above the Break 3,3PT Field Goal,M. Okafor
2.3,54.19665589162891,4.41,20.0,59.0,1,18.3,13.2,Restricted Area,2PT Field Goal,T. Nwosu
4.3,43.57502572748458,3.9,22.1,27.0,1,29.4,30.9,In The Paint (Non-RA),2PT Field Goal,D. Reyes
18.2,55.054335599994346,3.49,15.5,149.0,1,-149.4,104.4,Mid-Range,2PT Field Goal,B. Osei
1.7,0.6780249107513011,5.12,8.9,445.0,1,-0.2,16.9,Restricted Area,2PT Field Goal,L. Fitzgerald
2.3,3.4533162505310924,3.72,7.7,272.0,0,1.4,23.2,Restricted Area,2PT Field Goal,S. Whitfield
27.8,0.8658652554733632,3.24,19.2,158.0,0,4.2,277.9,Above the Break 3,3PT Field Goal,T. Nwosu
1.4,65.42233302472343,6.93,11.0,606.0,1,-12.9,5.9,Restricted Area,2PT Field Goal,S. Whitfield
10.8,56.871203414178105,1.93,22.1,259.0,0,90.1,58.8,In The Paint (Non-RA),2PT Field Goal,M. Okafor
8.2,9.462322208025617,3.23,9.8,568.0,1,-13.4,80.4,In The Paint (Non-RA),2PT Field Goal,A. Kowalski
24.9,31.26723962787739,3.19,6.5,468.0,1,129.4,213.1,Above the Break 3,3PT Field Goal,L. Fitzgerald
16.2,6.796489103491588,2.3,21.6,469.0,0,19.2,161.1,Mid-Range,2PT Field Goal,A. Kowalski
11.9,57.91781284393396,2.95,8.9,552.0,0,100.5,63.0,In The Paint (Non-RA),2PT Field Goal,R. Delgado
23.4,27.51788491511347,7.4,23.4,406.0,0,-108.1,207.5,Above the Break 3,3PT Field Goal,L. Fitzgerald
1.2,27.666757292284366,2.22,9.7,420.0,0,5.4,10.3,Restricted Area,2PT Field Goal,T. Nwosu
26.7,24.71373032491657,9.95,8.7,175.0,1,-111.7,242.7,Above the Break 3,3PT Field Goal,L. Fitzgerald
1.8,58.33026485333698,0.49,18.2,491.0,0,15.4,9.5,Restricted Area,2PT Field Goal,L. Fitzgerald
26.4,26.467857411929867,0.3,9.5,678.0,0,-117.5,236.0,Above the Break 3,3PT Field Goal,T. Nwosu
25.9,62.286811161408075,2.52,4.3,356.0,0,-229.2,120.4,Above the Break 3,3PT Field Goal,K. Albrecht
25.9,1.902520635922004,1.2,14.8,699.0,1,-8.6,258.9,Above the Break 3,3PT Field Goal,D. Reyes
12.5,27.839908347447018,7.03,12.8,498.0,0,58.2,110.2,In The Paint (Non-RA),2PT Field Goal,D. Reyes
1.2,12.633361935275012,5.2,21.2,618.0,1,-2.6,11.6,Restricted Area,2PT Field Goal,B. Osei
18.5,33.715884186674685,1.65,13.4,332.0,0,102.5,153.6,Mid-Range,2PT Field Goal,T. Nwosu
24.8,33.119755931692104,3.67,17.1,250.0,0,135.5,207.7,Above the Break 3,3PT Field Goal,K. Albrecht
2.3,37.35959323897325,3.41,8.8,544.0,0,-14.2,18.6,Restricted Area,2PT Field Goal,R. Delgado
2.1,13.098150794718762,10.22,15.7,584.0,1,-4.7,20.2,Restricted Area,2PT Field Goal,B. Osei
1.7,66.52900688183912,4.46,15.4,275.0,1,15.2,6.6,Restricted Area,2PT Field Goal,S. Whitfield
25.3,2.358572234799141,4.75,4.5,137.0,0,10.4,252.5,Above the Break 3,3PT Field Goal,S. Whitfield
1.7,51.34019174590991,5.37,7.3,468.0,1,13.5,10.8,Restricted Area,2PT Field Goal,T. Nwosu
1.7,13.954509173136845,4.66,3.1,501.0,0,-4.1,16.5,Restricted Area,2PT Field Goal,A. Kowalski
4.0,37.58605759131443,4.13,22.9,144.0,0,-24.4,31.7,In The Paint (Non-RA),2PT Field Goal,R. Delgado
22.5,51.7855691789294,2.13,10.3,539.0,1,176.8,139.2,Above the Break 3,3PT Field Goal,K. Albrecht
7.6,6.182306748766456,4.34,18.5,222.0,1,-8.2,75.7,In The Paint (Non-RA),2PT Field Goal,J. Carter
15.4,66.05264761565499,4.61,0.7,204.0,0,-140.5,62.4,Mid-Range,2PT Field Goal,R. Delgado
22.7,27.376903181908446,1.02,20.5,297.0,1,104.5,201.8,Above the Break 3,3PT Field Goal,M. Okafor
8.6,4.946606108860578,4.31,14.1,329.0,1,7.4,85.5,In The Paint (Non-RA),2PT Field Goal,T. Nwosu
23.3,44.165654424453216,1.22,0.7,582.0,0,162.4,167.2,Above the Break 3,3PT Field Goal,B. Osei
11.6,62.81888891452278,0.3,1.5,585.0,0,103.6,53.2,In The Paint (Non-RA),2PT Field Goal,J. Carter
17.3,25.841135807712913,3.95,17.0,299.0,0,75.6,156.1,Mid-Range,2PT Field Goal,A. Kowalski
2.0,50.38154705213192,5.33,6.7,459.0,0,-15.1,12.5,Restricted Area,2PT Field Goal,J. Carter
1.3,54.673355432403504,6.29,3.1,395.0,1,-10.3,7.3,Restricted Area,2PT Field Goal,K. Albrecht
16.6,48.320605707623315,2.82,11.2,456.0,0,124.0,110.4,Mid-Range,2PT Field Goal,B. Osei
1.6,32.417037505923076,0.72,10.3,659.0,1,8.7,13.7,Restricted Area,2PT Field Goal,M. Okafor
2.8,43.24659513992846,2.04,6.0,500.0,0,19.0,20.2,Restricted Area,2PT Field Goal,A. Kowalski
26.0,6.157744968881361,3.51,24.0,662.0,0,27.9,258.6,Above the Break 3,3PT Field Goal,K. Albrecht
1.7,12.349197703404437,3.85,23.4,545.0,1,3.7,16.9,Restricted Area,2PT Field Goal,K. Albrecht
1.8,57.9946167919165,5.2,17.0,680.0,1,-15.2,9.5,Restricted Area,2PT Field Goal,T. Nwosu
18.3,10.153344907562797,3.69,0.9,42.0,1,-32.2,179.8,Mid-Range,2PT Field Goal,A. Kowalski
20.2,8.711663622528695,6.56,20.2,647.0,1,30.6,199.7,Mid-Range,2PT Field Goal,J. Carter
1.7,29.188629069861555,2.63,14.3,171.0,1,-8.1,14.5,Restricted Area,2PT Field Goal,M. Okafor
2.2,57.264773727892404,5.2,1.6,81.0,0,-18.2,11.7,Restricted Area,2PT Field Goal,M. Okafor
14.2,52.15676306827917,5.61,2.1,402.0,1,112.5,87.4,Mid-Range,2PT Field Goal,M. Okafor
2.4,47.48955292199916,5.02,10.3,639.0,1,-18.0,16.5,Restricted Area,2PT Field Goal,K. Albrecht
27.7,1.8009003098152454,5.36,14.4,403.0,0,8.7,276.7,Above the Break 3,3PT Field Goal,L. Fitzgerald
25.2,23.341814744887902,1.59,6.4,132.0,0,99.9,231.5,Above the Break 3,3PT Field Goal,B. Osei
5.3,1.1822966561007606,6.17,7.8,508.0,1,-1.1,53.3,In The Paint (Non-RA),2PT Field Goal,A. Kowalski
25.0,53.13926161864723,2.93,8.6,150.0,0,200.2,150.1,Above the Break 3,3PT Field Goal,T. Nwosu
2.5,36.04423500307271,3.7,0.3,626.0,0,-14.7,20.2,Restricted Area,2PT Field Goal,K. Albrecht
0.2,53.13010235415599,1.77,22.8,261.0,0,1.6,1.2,Restricted Area,2PT Field Goal,K. Albrecht
27.5,49.33320384192675,4.98,5.3,544.0,0,208.7,179.3,Above the Break 3,3PT Field Goal,B. Osei
12.1,6.093567970300053,3.1,9.7,477.0,0,12.8,119.9,In The Paint (Non-RA),2PT Field Goal,L. Fitzgerald
0.7,11.633633998940438,2.54,5.2,71.0,0,-1.4,6.8,Restricted Area,2PT Field Goal,S. Whitfield
17.5,48.980184757261476,5.71,11.7,20.0,1,132.2,115.0,Mid-Range,2PT Field Goal,B. Osei
24.9,1.4758932391500614,2.36,20.7,302.0,0,-6.4,248.4,Above the Break 3,3PT Field Goal,A. Kowalski
14.8,62.82912479011661,4.97,21.2,177.0,0,131.7,67.6,Mid-Range,2PT Field Goal,S. Whitfield
0.2,49.08561677997488,4.56,3.6,674.0,0,-1.5,1.3,Restricted Area,2PT Field Goal,S. Whitfield
2.9,54.57586898667282,5.37,5.5,94.0,1,-23.9,17.0,Restricted Area,2PT Field Goal,B. Osei
7.7,44.630354938152976,4.25,6.5,551.0,1,-53.9,54.6,In The Paint (Non-RA),2PT Field Goal,M. Okafor
3.3,46.229334486477896,1.32,20.6,378.0,1,23.8,22.8,Restricted Area,2PT Field Goal,K. Albrecht
3.5,8.955764996927291,4.48,20.0,400.0,0,-5.5,34.9,Restricted Area,2PT Field Goal,M. Okafor
16.8,4.291698375139996,5.0,20.9,390.0,1,-12.6,167.9,Mid-Range,2PT Field Goal,J. Carter
6.5,22.932100437589785,8.49,9.6,84.0,1,25.3,59.8,In The Paint (Non-RA),2PT Field Goal,L. Fitzgerald
2.1,40.07938396363601,8.47,23.7,281.0,0,-13.8,16.4,Restricted Area,2PT Field Goal,K. Albrecht
26.7,8.08150028373241,6.19,4.1,307.0,0,-37.5,264.1,Above the Break 3,3PT Field Goal,T. Nwosu
3.3,14.368630048116039,6.43,13.6,616.0,0,8.3,32.4,Restricted Area,2PT Field Goal,S. Whitfield
26.3,64.3613530297814,0.3,6.7,242.0,0,-236.9,113.7,Above the Break 3,3PT Field Goal,S. Whitfield
19.9,8.733022033556994,2.92,12.1,373.0,0,-30.2,196.6,Mid-Range,2PT Field Goal,D. Reyes
19.1,11.887111386112004,1.63,21.5,415.0,1,39.3,186.7,Mid-Range,2PT Field Goal,L. Fitzgerald
8.7,11.08991362061139,5.56,23.5,443.0,0,-16.7,85.2,In The Paint (Non-RA),2PT Field Goal,A. Kowalski
19.7,41.09578170140064,5.41,8.5,201.0,0,-129.7,148.7,Mid-Range,2PT Field Goal,A. Kowalski
1.9,59.44403572449223,5.43,11.7,279.0,0,-16.6,9.8,Restricted Area,2PT Field Goal,T. Nwosu
1.8,60.91500026477533,5.53,6.9,532.0,1,16.0,8.9,Restricted Area,2PT Field Goal,L. Fitzgerald
23.1,40.30036291092722,5.01,19.8,228.0,1,149.6,176.4,Above the Break 3,3PT Field Goal,B. Osei
0.2,8.530765609948133,3.91,3.5,539.0,1,0.3,2.0,Restricted Area,2PT Field Goal,D. Reyes
10.5,30.973138516517764,2.81,12.3,200.0,0,53.9,89.8,In The Paint (Non-RA),2PT Field Goal,D. Reyes
26.1,64.9392810958705,5.82,18.7,314.0,1,-236.1,110.4,Above the Break 3,3PT Field Goal,B. Osei
1.0,67.89055165624833,4.19,9.9,108.0,0,9.6,3.9,Restricted Area,2PT Field Goal,M. Okafor
1.3,21.88579201667317,6.64,4.7,139.0,1,-4.7,11.7,Restricted Area,2PT Field Goal,D. Reyes
25.9,7.484878669456807,3.15,11.9,537.0,0,-33.7,256.5,Above the Break 3,3PT Field Goal,J. Carter
3.1,59.100118335013,3.54,18.0,239.0,0,-26.4,15.8,Restricted Area,2PT Field Goal,D. Reyes
4.0,24.300296628854564,2.35,10.9,178.0,1,-16.3,36.1,Restricted Area,2PT Field Goal,T. Nwosu
23.4,52.08430050091954,5.7,23.9,74.0,0,-185.0,144.1,Above the Break 3,3PT Field Goal,A. Kowalski
1.4,22.027278669171338,2.26,17.3,490.0,1,-5.3,13.1,Restricted Area,2PT Field Goal,M. Okafor
2.4,11.216919926647401,0.3,2.0,523.0,0,-4.7,23.7,Restricted Area,2PT Field Goal,A. Kowalski
23.7,14.118488968002131,2.29,16.1,288.0,1,57.7,229.4,Above the Break 3,3PT Field Goal,D. Reyes
2.3,50.29008120537127,2.56,19.1,248.0,1,-17.7,14.7,Restricted Area,2PT Field Goal,K. Albrecht
23.2,50.18811149450576,4.15,23.0,180.0,1,178.4,148.7,Above the Break 3,3PT Field Goal,A. Kowalski
28.0,60.509369439389346,3.35,19.6,30.0,0,243.3,137.6,Above the Break 3,3PT Field Goal,K. Albrecht
29.0,50.05022842483281,7.12,19.7,414.0,0,-222.3,186.2,Above the Break 3,3PT Field Goal,K. Albrecht
1.0,47.72631099390627,4.92,2.2,420.0,1,-7.7,7.0,Restricted Area,2PT Field Goal,S. Whitfield
0.2,39.0938588862295,6.44,5.3,675.0,1,1.3,1.6,Restricted Area,2PT Field Goal,B. Osei
26.8,22.60833894145419,7.43,11.6,184.0,0,-102.9,247.1,Above the Break 3,3PT Field Goal,L. Fitzgerald
28.3,31.095662249690445,6.62,10.7,335.0,0,-146.2,242.4,Above the Break 3,3PT Field Goal,R. Delgado
1.1,31.6075022462489,6.33,1.9,624.0,1,-5.6,9.1,Restricted Area,2PT Field Goal,R. Delgado
0.2,43.36342295838328,3.09,14.3,241.0,1,-1.7,1.8,Restricted Area,2PT Field Goal,M. Okafor
1.6,55.2139729850705,5.22,14.2,181.0,1,13.1,9.1,Restricted Area,2PT Field Goal,B. Osei
1.8,22.864508121899647,3.96,4.4,1.0,1,7.0,16.6,Restricted Area,2PT Field Goal,B. Osei
12.4,38.63812447329875,6.0,12.9,557.0,1,-77.3,96.7,In The Paint (Non-RA),2PT Field Goal,K. Albrecht
12.2,67.84169343414557,2.85,16.4,291.0,0,113.2,46.1,In The Paint (Non-RA),2PT Field Goal,M. Okafor
20.5,23.040912926484662,5.74,5.0,607.0,1,-80.3,188.8,Mid-Range,2PT Field Goal,M. Okafor
1.8,35.499758684662694,3.04,17.6,647.0,1,10.2,14.3,Restricted Area,2PT Field Goal,L. Fitzgerald
1.8,31.798912824294426,5.94,5.6,125.0,0,9.3,15.0,Restricted Area,2PT Field Goal,K. Albrecht
2.5,8.575232639835225,7.06,21.9,238.0,1,-3.8,25.2,Restricted Area,2PT Field Goal,B. Osei
0.9,23.55226367289465,7.07,20.7,207.0,1,3.4,7.8,Restricted Area,2PT Field Goal,T. Nwosu
3.0,29.60445074600491,3.27,0.7,523.0,0,-15.0,26.4,Restricted Area,2PT Field Goal,T. Nwosu
23.1,31.253126695514123,7.29,14.9,246.0,0,119.8,197.4,Above the Break 3,3PT Field Goal,A. Kowalski
0.2,40.91438322002513,0.3,16.2,310.0,0,-1.3,1.5,Restricted Area,2PT Field Goal,D. Reyes
2.0,50.552971033036805,4.61,2.0,421.0,0,-15.8,13.0,Restricted Area,2PT Field Goal,S. Whitfield
16.7,16.46300137825032,0.92,9.4,182.0,1,-47.4,160.4,Mid-Range,2PT Field Goal,K. Albrecht
28.0,27.900460567945675,4.26,6.6,584.0,0,131.1,247.6,Above the Break 3,3PT Field Goal,L. Fitzgerald
29.0,29.07571741340888,1.47,23.2,463.0,0,140.9,253.4,Above the Break 3,3PT Field Goal,D. Reyes
17.0,30.03784474567345,4.13,0.3,288.0,0,-85.0,147.0,Mid-Range,2PT Field Goal,B. Osei
2.4,63.64559412207739,2.57,9.5,689.0,1,-21.8,10.8,Restricted Area,2PT Field Goal,R. Delgado
4.4,6.994390688613007,7.18,9.0,550.0,1,5.3,43.2,In The Paint (Non-RA),2PT Field Goal,J. Carter
1.0,33.845340261071705,9.25,6.7,401.0,1,5.7,8.5,Restricted Area,2PT Field Goal,M. Okafor
28.4,62.79414373026468,6.24,20.6,295.0,0,-252.5,129.8,Above the Break 3,3PT Field Goal,B. Osei
23.8,48.863855918453964,6.63,2.0,445.0,0,-179.4,156.7,Above the Break 3,3PT Field Goal,D. Reyes
5.6,5.801586887647001,5.33,6.9,136.0,1,-5.7,56.1,In The Paint (Non-RA),2PT Field Goal,A. Kowalski
27.4,41.48444027110273,4.04,7.2,248.0,0,-181.8,205.6,Above the Break 3,3PT Field Goal,K. Albrecht
15.5,15.711971821923365,3.73,21.8,695.0,0,-42.0,149.3,Mid-Range,2PT Field Goal,J. Carter
16.6,43.68364778524802,1.55,7.2,487.0,0,-114.8,120.2,Mid-Range,2PT Field Goal,R. Delgado
0.2,26.56505117707799,2.42,20.4,385.0,1,0.9,1.8,Restricted Area,2PT Field Goal,L. Fitzgerald
2.7,37.8749836510982,6.1,20.0,716.0,1,16.8,21.6,Restricted Area,2PT Field Goal,M. Okafor
1.2,61.6657575168754,3.3,21.6,70.0,0,10.2,5.5,Restricted Area,2PT Field Goal,M. Okafor
25.3,63.85020175367336,5.15,15.2,44.0,1,-227.1,111.5,Above the Break 3,3PT Field Goal,R. Delgado
27.4,49.40550173859971,2.18,22.0,56.0,0,-208.3,178.5,Above the Break 3,3PT Field Goal,B. Osei
24.4,51.266716818870286,9.59,10.6,435.0,0,190.0,152.4,Above the Break 3,3PT Field Goal,K. Albrecht
25.5,26.203631744000994,7.42,1.3,619.0,0,112.7,229.0,Above the Break 3,3PT Field Goal,J. Carter
24.5,25.633409489249434,4.06,2.8,542.0,0,105.9,220.7,Above the Break 3,3PT Field Goal,T. Nwosu
7.4,65.58817248969012,8.62,10.6,241.0,1,-67.2,30.5,In The Paint (Non-RA),2PT Field Goal,J. Carter
26.4,67.5406504295314,5.47,14.1,630.0,1,243.6,100.7,Above the Break 3,3PT Field Goal,R. Delgado
2.9,24.885563519592196,6.83,0.5,656.0,0,-12.2,26.3,Restricted Area,2PT Field Goal,B. Osei
18.9,60.56646497065878,3.92,19.9,580.0,0,-165.0,93.1,Mid-Range,2PT Field Goal,S. Whitfield
2.9,53.16980836270829,3.24,12.4,239.0,1,-23.1,17.3,Restricted Area,2PT Field Goal,K. Albrecht
25.3,48.394652778349844,7.58,16.6,710.0,0,-189.3,168.1,Above the Break 3,3PT Field Goal,B. Osei
27.5,20.14869565329593,6.0,16.2,591.0,0,94.7,258.1,Above the Break 3,3PT Field Goal,J. Carter
2.0,11.768288932020646,6.22,12.4,485.0,1,-4.0,19.2,Restricted Area,2PT Field Goal,T. Nwosu
27.0,26.76448868914472,6.63,1.7,669.0,0,-121.5,240.9,Above the Break 3,3PT Field Goal,B. Osei
26.2,45.27783296007115,4.6,8.6,226.0,0,-186.5,184.7,Above the Break 3,3PT Field Goal,L. Fitzgerald
2.0,30.214508316631875,3.24,3.5,562.0,1,-9.9,17.0,Restricted Area,2PT Field Goal,D. Reyes
19.4,42.00700454291526,5.19,2.7,715.0,1,129.6,143.9,Mid-Range,2PT Field Goal,K. Albrecht
4.6,17.9627415515166,0.3,3.8,686.0,1,-14.2,43.8,In The Paint (Non-RA),2PT Field Goal,M. Okafor
19.7,66.93901082703992,4.51,18.1,76.0,0,-181.1,77.1,Mid-Range,2PT Field Goal,A. Kowalski
25.4,67.62966747651845,6.91,20.4,171.0,1,235.2,96.8,Above the Break 3,3PT Field Goal,T. Nwosu
25.0,62.25428896626781,3.78,8.0,236.0,1,220.9,116.2,Above the Break 3,3PT Field Goal,B. Osei
3.2,17.34318548022092,8.63,3.3,155.0,0,-9.4,30.1,Restricted Area,2PT Field Goal,M. Okafor
18.3,20.178453572379336,3.51,21.9,426.0,1,63.1,171.7,Mid-Range,2PT Field Goal,B. Osei
14.4,55.4607598097741,1.91,13.1,215.0,0,-118.7,81.7,Mid-Range,2PT Field Goal,S. Whitfield
2.4,9.774345152092222,5.66,13.1,520.0,0,4.1,23.8,Restricted Area,2PT Field Goal,J. Carter
0.8,61.011177478808456,3.91,7.4,35.0,1,-7.4,4.1,Restricted Area,2PT Field Goal,K. Albrecht
2.2,35.968928203559365,5.74,14.4,513.0,1,-12.7,17.5,Restricted Area,2PT Field Goal,R. Delgado
2.6,59.93141717813756,2.82,10.1,113.0,0,22.8,13.2,Restricted Area,2PT Field Goal,S. Whitfield
2.2,49.96179071019086,5.58,17.1,26.0,1,-16.9,14.2,Restricted Area,2PT Field Goal,D. Reyes
19.2,3.650952786302042,4.57,22.1,85.0,1,12.2,191.2,Mid-Range,2PT Field Goal,S. Whitfield
25.5,13.164643433433078,4.89,4.0,551.0,0,58.1,248.4,Above the Break 3,3PT Field Goal,T. Nwosu
8.5,37.66749854845773,6.51,15.7,413.0,0,-51.8,67.1,In The Paint (Non-RA),2PT Field Goal,B. Osei
20.8,62.7320440469672,2.53,16.0,392.0,0,184.7,95.2,Mid-Range,2PT Field Goal,A. Kowalski
26.8,0.6614861263516332,3.92,20.1,283.0,0,3.1,268.5,Above the Break 3,3PT Field Goal,T. Nwosu
21.0,57.415715813703066,6.87,7.8,329.0,0,-176.8,113.0,Mid-Range,2PT Field Goal,S. Whitfield
14.2,36.42544000636959,7.14,12.3,182.0,0,84.2,114.1,Mid-Range,2PT Field Goal,A. Kowalski
2.2,3.397132919339761,5.96,11.1,504.0,1,-1.3,21.9,Restricted Area,2PT Field Goal,A. Kowalski
25.7,44.307447384302904,1.74,18.9,470.0,0,-179.8,184.2,Above the Break 3,3PT Field Goal,T. Nwosu
1.8,19.546367733341853,4.77,14.0,462.0,0,-6.0,16.9,Restricted Area,2PT Field Goal,K. Albrecht
1.8,7.864024795499545,3.37,17.3,293.0,1,2.5,18.1,Restricted Area,2PT Field Goal,R. Delgado
8.5,0.4707293809849887,3.57,15.2,483.0,0,-0.7,85.2,In The Paint (Non-RA),2PT Field Goal,S. Whitfield
17.0,8.211062174908198,0.75,19.9,137.0,0,-24.3,168.4,Mid-Range,2PT Field Goal,A. Kowalski
26.0,67.35642692204875,0.3,18.1,65.0,1,-240.2,100.2,Above the Break 3,3PT Field Goal,K. Albrecht
0.8,54.61972779969886,6.57,13.0,641.0,1,-6.9,4.9,Restricted Area,2PT Field Goal,A. Kowalski
25.4,11.402679742873612,6.16,13.5,196.0,1,-50.3,249.4,Above the Break 3,3PT Field Goal,L. Fitzgerald
17.9,64.74956261333688,0.95,12.6,544.0,0,162.2,76.5,Mid-Range,2PT Field Goal,K. Albrecht
25.4,44.58482045885514,3.47,5.8,200.0,1,-178.1,180.7,Above the Break 3,3PT Field Goal,A. Kowalski
9.2,35.47997813422586,4.42,22.1,153.0,1,-53.6,75.2,In The Paint (Non-RA),2PT Field Goal,B. Osei
0.3,6.84277341263094,2.95,4.9,578.0,1,-0.3,2.5,Restricted Area,2PT Field Goal,R. Delgado
3.3,25.946497292409834,5.44,11.5,553.0,1,-14.5,29.8,Restricted Area,2PT Field Goal,S. Whitfield
19.0,51.69363219307598,3.39,7.4,420.0,0,149.0,117.7,Mid-Range,2PT Field Goal,J. Carter
7.5,34.8981235610295,1.08,2.3,704.0,0,42.9,61.5,In The Paint (Non-RA),2PT Field Goal,R. Delgado
6.4,26.083922280382208,3.31,19.4,35.0,1,28.1,57.4,In The Paint (Non-RA),2PT Field Goal,L. Fitzgerald
1.2,49.03771062097712,5.31,9.8,514.0,1,-9.1,7.9,Restricted Area,2PT Field Goal,S. Whitfield
2.2,17.705621858049494,2.15,13.0,158.0,1,-6.8,21.3,Restricted Area,2PT Field Goal,T. Nwosu
9.9,39.66457671157275,6.01,19.9,328.0,0,63.1,76.1,In The Paint (Non-RA),2PT Field Goal,T. Nwosu
0.2,8.530765609948133,6.69,0.6,133.0,1,0.3,2.0,Restricted Area,2PT Field Goal,R. Delgado
24.3,48.40169069353372,5.67,7.3,433.0,1,-181.8,161.4,Above the Break 3,3PT Field Goal,M. Okafor
2.2,47.636758426140446,5.57,17.8,644.0,1,15.9,14.5,Restricted Area,2PT Field Goal,J. Carter
22.5,56.9313067559429,4.06,7.8,641.0,1,188.6,122.8,Above the Break 3,3PT Field Goal,K. Albrecht
26.5,35.859053027122556,5.53,11.3,584.0,0,155.4,215.0,Above the Break 3,3PT Field Goal,K. Albrecht
4.6,12.909957189167951,2.59,23.3,150.0,0,10.2,44.5,In The Paint (Non-RA),2PT Field Goal,S. Whitfield
26.5,45.626575970572404,0.3,11.1,73.0,0,-189.5,185.4,Above the Break 3,3PT Field Goal,L. Fitzgerald
20.4,20.045606613214083,2.65,21.1,25.0,0,-69.8,191.3,Mid-Range,2PT Field Goal,L. Fitzgerald
4.4,7.706515430339959,7.61,1.3,700.0,0,-5.9,43.6,In The Paint (Non-RA),2PT Field Goal,R. Delgado
23.8,9.763563240159751,6.64,23.7,88.0,0,40.3,234.2,Above the Break 3,3PT Field Goal,A. Kowalski
28.9,5.353976831650273,1.8,17.0,318.0,1,27.0,288.1,Above the Break 3,3PT Field Goal,A. Kowalski
1.0,48.31778116833485,3.74,15.4,622.0,1,-7.3,6.5,Restricted Area,2PT Field Goal,A. Kowalski
23.4,13.282551290099937,2.59,15.4,415.0,0,53.8,227.9,Above the Break 3,3PT Field Goal,B. Osei
4.0,42.061733162935916,1.52,11.3,60.0,0,26.8,29.7,In The Paint (Non-RA),2PT Field Goal,R. Delgado
0.7,39.01940047523656,3.48,1.0,407.0,1,-4.7,5.8,Restricted Area,2PT Field Goal,B. Osei
11.4,58.10071014258678,6.05,7.9,718.0,1,-97.2,60.5,In The Paint (Non-RA),2PT Field Goal,A. Kowalski
0.8,14.886266849017565,4.36,15.2,248.0,0,-2.1,7.9,Restricted Area,2PT Field Goal,T. Nwosu
5.9,14.812689045018303,3.66,11.5,652.0,0,-15.1,57.1,In The Paint (Non-RA),2PT Field Goal,T. Nwosu
5.6,57.92947096494366,0.3,14.3,656.0,1,47.4,29.7,In The Paint (Non-RA),2PT Field Goal,D. Reyes
6.5,31.723602957684026,9.26,13.5,273.0,1,-34.0,55.0,In The Paint (Non-RA),2PT Field Goal,J. Carter
27.3,37.31905310219191,1.55,8.8,244.0,1,165.5,217.1,Above the Break 3,3PT Field Goal,R. Delgado
26.0,43.9697237427312,4.27,11.0,302.0,1,180.2,186.8,Above the Break 3,3PT Field Goal,K. Albrecht
3.1,49.9810819353084,6.1,5.1,461.0,1,-23.7,19.9,Restricted Area,2PT Field Goal,A. Kowalski
3.3,55.54475887500677,4.63,13.4,152.0,1,27.4,18.8,Restricted Area,2PT Field Goal,M. Okafor
14.2,10.211114074731602,6.14,10.8,388.0,1,25.2,139.9,Mid-Range,2PT Field Goal,D. Reyes
0.2,49.08561677997488,0.3,0.2,647.0,0,1.5,1.3,Restricted Area,2PT Field Goal,S. Whitfield
9.7,39.37631263693508,2.19,12.7,277.0,1,61.8,75.3,In The Paint (Non-RA),2PT Field Goal,D. Reyes
26.1,1.7363702229480515,2.65,10.0,465.0,0,-7.9,260.6,Above the Break 3,3PT Field Goal,R. Delgado
2.3,47.31912249587738,1.11,12.1,43.0,0,16.7,15.4,Restricted Area,2PT Field Goal,L. Fitzgerald
27.5,23.4935890600076,0.57,1.4,363.0,0,-109.8,252.6,Above the Break 3,3PT Field Goal,B. Osei
27.2,24.281604662080834,6.22,9.3,76.0,0,-111.7,247.6,Above the Break 3,3PT Field Goal,B. Osei
6.4,13.296984112518631,1.27,3.3,474.0,0,14.7,62.2,In The Paint (Non-RA),2PT Field Goal,L. Fitzgerald
3.0,16.93540178494438,6.72,3.0,170.0,1,-8.8,28.9,Restricted Area,2PT Field Goal,K. Albrecht
21.2,39.37306693109259,6.26,1.8,403.0,0,-134.5,163.9,Mid-Range,2PT Field Goal,M. Okafor
0.5,41.82016988013577,3.4,0.4,495.0,1,3.4,3.8,Restricted Area,2PT Field Goal,A. Kowalski
25.5,42.477378310580825,1.0,21.4,282.0,0,172.5,188.4,Above the Break 3,3PT Field Goal,M. Okafor
17.5,56.75506275969946,2.84,14.3,454.0,0,-146.3,95.9,Mid-Range,2PT Field Goal,A. Kowalski
2.8,28.13314304225628,2.54,20.1,10.0,0,13.1,24.5,Restricted Area,2PT Field Goal,D. Reyes
23.6,56.99647967851724,2.69,8.7,352.0,0,198.0,128.6,Above the Break 3,3PT Field Goal,D. Reyes
21.7,42.42622198644724,2.4,12.7,353.0,0,146.6,160.4,Mid-Range,2PT Field Goal,S. Whitfield
1.3,48.04477844419399,4.31,2.3,114.0,1,-9.9,8.9,Restricted Area,2PT Field Goal,R. Delgado
10.6,56.085654733116094,3.52,8.1,224.0,1,-88.2,59.3,In The Paint (Non-RA),2PT Field Goal,T. Nwosu
10.4,7.45991569558666,4.06,5.8,431.0,1,-13.5,103.1,In The Paint (Non-RA),2PT Field Goal,R. Delgado
23.3,53.7395566480311,4.13,17.3,701.0,0,188.0,137.9,Above the Break 3,3PT Field Goal,B. Osei
0.8,56.103833436636094,6.99,17.8,293.0,1,6.4,4.3,Restricted Area,2PT Field Goal,J. Carter
8.0,64.5182771628002,8.81,20.9,24.0,1,-72.6,34.6,In The Paint (Non-RA),2PT Field Goal,R. Delgado
25.8,54.36698822027534,4.23,1.4,343.0,0,210.1,150.6,Above the Break 3,3PT Field Goal,L. Fitzgerald
13.3,19.73224771620858,4.0,14.0,56.0,0,44.8,124.9,In The Paint (Non-RA),2PT Field Goal,L. Fitzgerald
28.3,21.50485401484719,3.82,16.7,441.0,0,103.9,263.7,Above the Break 3,3PT Field Goal,A. Kowalski
1.5,35.53767779197438,6.4,0.7,174.0,1,-9.0,12.6,Restricted Area,2PT Field Goal,B. Osei
11.6,17.321483666265546,5.79,20.8,198.0,0,34.4,110.3,In The Paint (Non-RA),2PT Field Goal,J. Carter
1.4,59.80199808343381,4.45,9.3,495.0,0,12.2,7.1,Restricted Area,2PT Field Goal,D. Reyes
27.1,11.177169138539181,3.86,23.7,151.0,1,52.5,265.7,Above the Break 3,3PT Field Goal,T. Nwosu
20.3,56.20041036367092,5.51,5.9,130.0,1,168.8,113.0,Mid-Range,2PT Field Goal,K. Albrecht
0.3,24.904768808095188,6.59,15.3,293.0,1,1.3,2.8,Restricted Area,2PT Field Goal,K. Albrecht
4.0,35.520997798409766,3.2,15.9,702.0,1,-23.2,32.5,In The Paint (Non-RA),2PT Field Goal,L. Fitzgerald
5.4,20.219601490509895,5.18,6.8,622.0,1,-18.6,50.5,In The Paint (Non-RA),2PT Field Goal,K. Albrecht
1.4,32.68693654101055,0.3,8.0,496.0,0,-7.7,12.0,Restricted Area,2PT Field Goal,T. Nwosu
6.3,27.33872114582687,2.66,17.6,423.0,0,-28.9,55.9,In The Paint (Non-RA),2PT Field Goal,R. Delgado
25.4,22.917745590214782,5.29,13.3,389.0,1,99.1,234.4,Above the Break 3,3PT Field Goal,B. Osei
1.1,1.606002989282249,0.57,21.5,414.0,0,-0.3,10.7,Restricted Area,2PT Field Goal,A. Kowalski
3.0,54.8193006387579,0.73,20.3,182.0,1,24.4,17.2,Restricted Area,2PT Field Goal,M. Okafor
1.9,41.128743768014374,4.77,2.5,242.0,1,-12.4,14.2,Restricted Area,2PT Field Goal,R. Delgado
3.6,50.13255443987297,0.3,18.5,376.0,0,-27.3,22.8,Restricted Area,2PT Field Goal,K. Albrecht
26.1,55.96291095685313,3.45,19.7,58.0,0,-216.3,146.1,Above the Break 3,3PT Field Goal,M. Okafor
1.6,34.36523906125969,8.96,20.8,290.0,1,-9.3,13.6,Restricted Area,2PT Field Goal,B. Osei
26.7,29.22114902501111,5.0,15.6,539.0,1,130.5,233.3,Above the Break 3,3PT Field Goal,L. Fitzgerald
2.4,45.510037976966686,8.22,5.7,676.0,1,-17.0,16.7,Restricted Area,2PT Field Goal,S. Whitfield
28.6,18.960932243726383,7.77,1.8,527.0,0,92.9,270.4,Above the Break 3,3PT Field Goal,R. Delgado
24.1,56.04013695344787,2.46,20.8,600.0,0,200.3,134.9,Above the Break 3,3PT Field Goal,A. Kowalski
2.1,17.1230610404179,3.74,18.9,258.0,0,6.1,19.8,Restricted Area,2PT Field Goal,B. Osei
26.8,39.88493186712734,5.06,10.1,332.0,0,-171.9,205.7,Above the Break 3,3PT Field Goal,S. Whitfield
26.0,35.73743877418164,6.73,20.3,283.0,1,151.9,211.1,Above the Break 3,3PT Field Goal,T. Nwosu
17.2,46.08537503567785,7.49,1.7,564.0,0,123.7,119.1,Mid-Range,2PT Field Goal,R. Delgado
21.6,3.7152891054287687,5.98,21.7,219.0,0,14.0,215.6,Mid-Range,2PT Field Goal,R. Delgado
2.2,15.836191879067941,4.97,13.8,412.0,1,-5.9,20.8,Restricted Area,2PT Field Goal,T. Nwosu
1.7,14.522476034193005,1.79,14.1,180.0,0,4.3,16.6,Restricted Area,2PT Field Goal,J. Carter
24.1,54.64440564010807,6.61,22.9,46.0,1,-196.9,139.7,Above the Break 3,3PT Field Goal,D. Reyes
23.7,21.71154792340632,2.88,21.0,651.0,0,87.6,220.0,Above the Break 3,3PT Field Goal,S. Whitfield
1.8,37.05652818940959,6.47,3.7,341.0,1,-11.1,14.7,Restricted Area,2PT Field Goal,M. Okafor
4.0,18.66321765307543,7.27,19.1,612.0,0,12.7,37.6,Restricted Area,2PT Field Goal,J. Carter
1.2,25.676815681838217,0.89,3.9,658.0,1,-5.0,10.4,Restricted Area,2PT Field Goal,L. Fitzgerald
17.7,17.504472726843627,8.84,14.3,431.0,0,-53.3,169.0,Mid-Range,2PT Field Goal,M. Okafor
1.3,58.3639640013724,3.77,10.7,592.0,1,11.2,6.9,Restricted Area,2PT Field Goal,S. Whitfield
27.8,21.6060967775289,6.69,11.6,470.0,0,-102.3,258.3,Above the Break 3,3PT Field Goal,K. Albrecht
26.1,39.17050728860101,6.38,14.9,183.0,0,164.9,202.4,Above the Break 3,3PT Field Goal,J. Carter
25.1,53.96927363154857,8.49,19.6,207.0,0,-203.2,147.8,Above the Break 3,3PT Field Goal,D. Reyes
14.9,26.04811080259133,6.94,9.8,135.0,0,65.3,133.6,Mid-Range,2PT Field Goal,B. Osei
25.7,57.50999248534077,7.98,21.9,655.0,1,-216.7,138.0,Above the Break 3,3PT Field Goal,M. Okafor
27.3,0.903378936039161,6.15,2.0,452.0,1,4.3,272.7,Above the Break 3,3PT Field Goal,K. Albrecht
1.6,52.835525106488554,2.42,3.6,56.0,0,12.4,9.4,Restricted Area,2PT Field Goal,L. Fitzgerald
15.6,31.398236475786558,3.8,20.0,203.0,1,-81.3,133.2,Mid-Range,2PT Field Goal,L. Fitzgerald
2.6,29.66433433100711,5.81,15.3,103.0,1,-13.1,23.0,Restricted Area,2PT Field Goal,T. Nwosu
25.7,56.58226641735727,6.42,22.3,341.0,0,214.3,141.4,Above the Break 3,3PT Field Goal,M. Okafor
2.4,9.654977095656191,4.57,14.8,49.0,0,-4.1,24.1,Restricted Area,2PT Field Goal,K. Albrecht
28.4,18.1860325543611,2.58,4.4,306.0,1,88.6,269.7,Above the Break 3,3PT Field Goal,M. Okafor
3.1,29.14494741668827,1.35,11.2,223.0,0,15.0,26.9,Restricted Area,2PT Field Goal,B. Osei
18.3,30.560839267371534,4.43,0.1,478.0,0,93.0,157.5,Mid-Range,2PT Field Goal,R. Delgado
20.1,63.06464472871032,11.14,22.9,518.0,1,178.9,90.9,Mid-Range,2PT Field Goal,L. Fitzgerald
25.0,61.68530026261813,3.95,22.1,243.0,0,220.5,118.8,Above the Break 3,3PT Field Goal,T. Nwosu
24.1,57.55615652784442,3.11,0.6,107.0,0,-203.4,129.3,Above the Break 3,3PT Field Goal,M. Okafor
5.1,60.96726451799569,5.63,10.6,78.0,0,-44.5,24.7,In The Paint (Non-RA),2PT Field Goal,K. Albrecht
16.5,33.19864251744349,5.92,6.8,184.0,0,90.3,138.0,Mid-Range,2PT Field Goal,A. Kowalski
0.4,40.60129464500447,4.53,11.6,338.0,1,-2.4,2.8,Restricted Area,2PT Field Goal,L. Fitzgerald
2.3,27.465500094079317,0.3,8.9,60.0,0,10.5,20.2,Restricted Area,2PT Field Goal,B. Osei
25.3,52.43278832627278,2.67,20.6,578.0,1,-200.6,154.3,Above the Break 3,3PT Field Goal,K. Albrecht
23.8,5.492785015687229,2.79,7.7,457.0,0,-22.8,237.1,Above the Break 3,3PT Field Goal,L. Fitzgerald
24.9,8.901990150457923,5.67,4.8,513.0,1,-38.5,245.8,Above the Break 3,3PT Field Goal,A. Kowalski
11.1,8.640356620781565,2.79,23.3,537.0,0,-16.7,109.9,In The Paint (Non-RA),2PT Field Goal,D. Reyes
21.5,7.534784230357362,3.7,7.1,508.0,1,28.2,213.2,Mid-Range,2PT Field Goal,K. Albrecht
27.7,50.47776756064249,1.69,16.8,331.0,0,-213.7,176.3,Above the Break 3,3PT Field Goal,K. Albrecht
16.1,7.1958775999494815,2.96,12.3,339.0,0,-20.1,159.2,Mid-Range,2PT Field Goal,A. Kowalski
1.8,66.80140948635182,9.32,17.4,412.0,1,16.1,6.9,Restricted Area,2PT Field Goal,M. Okafor
28.6,59.79986678188686,6.15,13.4,285.0,0,-246.9,143.7,Above the Break 3,3PT Field Goal,B. Osei
1.6,39.76045631457076,5.22,19.4,184.0,1,10.4,12.5,Restricted Area,2PT Field Goal,T. Nwosu
26.6,9.331510153320899,2.3,3.8,227.0,0,43.2,262.9,Above the Break 3,3PT Field Goal,J. Carter
25.9,42.69686930033889,1.43,22.6,136.0,1,-175.4,190.1,Above the Break 3,3PT Field Goal,R. Delgado
23.9,23.085133672808276,6.6,6.2,263.0,1,93.6,219.6,Above the Break 3,3PT Field Goal,R. Delgado
23.7,21.630886836517924,4.22,21.8,354.0,1,-87.4,220.4,Above the Break 3,3PT Field Goal,K. Albrecht
26.2,2.5399449754201666,5.61,0.2,32.0,0,-11.6,261.5,Above the Break 3,3PT Field Goal,D. Reyes
25.8,38.7256654429182,4.93,12.8,447.0,1,-161.5,201.4,Above the Break 3,3PT Field Goal,B. Osei
5.9,67.55141124164669,4.53,9.4,659.0,1,54.7,22.6,In The Paint (Non-RA),2PT Field Goal,D. Reyes
2.2,58.809060758781285,0.3,2.5,306.0,1,18.5,11.2,Restricted Area,2PT Field Goal,A. Kowalski
24.5,0.5853472226266572,6.33,17.7,198.0,0,2.5,244.7,Above the Break 3,3PT Field Goal,T. Nwosu
24.7,2.7836641073960013,8.3,16.5,591.0,0,-12.0,246.8,Above the Break 3,3PT Field Goal,B. Osei
21.8,14.52033192021459,4.42,16.6,711.0,1,-54.7,211.2,Mid-Range,2PT Field Goal,B. Osei
0.2,11.309932474020215,3.86,11.5,339.0,1,0.4,2.0,Restricted Area,2PT Field Goal,A. Kowalski
2.3,17.80187205149088,4.75,13.4,106.0,0,7.0,21.8,Restricted Area,2PT Field Goal,K. Albrecht
8.5,35.1077134422603,3.67,12.3,82.0,0,49.0,69.7,In The Paint (Non-RA),2PT Field Goal,L. Fitzgerald
28.3,48.1782426713424,0.3,7.5,18.0,0,-211.0,188.8,Above the Break 3,3PT Field Goal,M. Okafor
27.3,56.04200661787776,3.43,13.1,656.0,1,226.3,152.4,Above the Break 3,3PT Field Goal,J. Carter
2.1,57.79587107933759,4.23,20.2,352.0,0,-18.1,11.4,Restricted Area,2PT Field Goal,K. Albrecht
4.9,58.956444383711755,6.7,19.7,205.0,0,42.2,25.4,In The Paint (Non-RA),2PT Field Goal,J. Carter
12.8,38.512626758895834,2.0,1.7,109.0,0,-79.5,99.9,In The Paint (Non-RA),2PT Field Goal,S. Whitfield
0.3,2.2025981617658053,3.54,18.4,519.0,1,-0.1,2.6,Restricted Area,2PT Field Goal,B. Osei
1.9,45.87467677112132,4.3,11.1,214.0,1,13.3,12.9,Restricted Area,2PT Field Goal,S. Whitfield
19.2,19.89890811778215,5.33,16.3,286.0,0,-65.3,180.4,Mid-Range,2PT Field Goal,S. Whitfield
11.5,53.799905591238605,8.73,11.0,459.0,1,-92.5,67.7,In The Paint (Non-RA),2PT Field Goal,S. Whitfield
25.6,24.48284959809717,5.73,6.3,639.0,0,106.1,233.0,Above the Break 3,3PT Field Goal,D. Reyes
3.8,30.937982453959112,5.78,23.3,142.0,0,19.6,32.7,Restricted Area,2PT Field Goal,S. Whitfield
25.9,12.658278639709332,1.51,23.1,601.0,1,-56.8,252.9,Above the Break 3,3PT Field Goal,D. Reyes
1.5,21.44773632710535,7.95,16.8,690.0,1,5.5,14.0,Restricted Area,2PT Field Goal,K. Albrecht
19.9,46.38624652865844,0.31,3.9,429.0,1,143.9,137.1,Mid-Range,2PT Field Goal,B. Osei
27.8,67.6321955403538,7.38,1.2,647.0,0,-257.1,105.8,Above the Break 3,3PT Field Goal,A. Kowalski
2.7,20.405201041077596,6.28,16.0,483.0,1,9.3,25.0,Restricted Area,2PT Field Goal,L. Fitzgerald
26.2,16.751689828888804,4.51,16.7,443.0,0,75.4,250.5,Above the Break 3,3PT Field Goal,J. Carter
25.9,6.308478668138948,1.85,2.5,211.0,0,-28.5,257.8,Above the Break 3,3PT Field Goal,A. Kowalski
22.7,40.853311174034,5.51,10.3,391.0,0,-148.4,171.6,Above the Break 3,3PT Field Goal,R. Delgado
1.7,21.73885953356677,3.19,17.2,634.0,1,-6.3,15.8,Restricted Area,2PT Field Goal,S. Whitfield
17.1,12.466999988236633,7.39,23.1,264.0,0,-36.9,166.9,Mid-Range,2PT Field Goal,B. Osei
18.3,43.00212014352333,0.3,20.7,314.0,1,124.5,133.5,Mid-Range,2PT Field Goal,A. Kowalski
22.5,32.77194452364473,4.47,19.4,80.0,0,121.8,189.2,Above the Break 3,3PT Field Goal,M. Okafor
1.0,1.1457628381751035,0.3,2.5,555.0,1,0.2,10.0,Restricted Area,2PT Field Goal,S. Whitfield
0.9,26.56505117707799,4.45,21.8,301.0,0,-3.9,7.8,Restricted Area,2PT Field Goal,B. Osei
22.5,50.57263489938816,3.56,11.9,486.0,1,173.8,142.9,Above the Break 3,3PT Field Goal,M. Okafor
1.5,62.57985142665529,6.21,10.7,661.0,1,-13.3,6.9,Restricted Area,2PT Field Goal,A. Kowalski
3.5,18.951113052686846,1.64,13.5,193.0,0,-11.4,33.2,Restricted Area,2PT Field Goal,S. Whitfield
2.9,22.454531310759478,2.0,14.5,105.0,1,-11.2,27.1,Restricted Area,2PT Field Goal,M. Okafor
16.8,2.1122717700817666,0.3,20.0,500.0,0,-6.2,168.1,Mid-Range,2PT Field Goal,D. Reyes
18.0,61.88640734319402,3.23,0.3,520.0,1,-159.1,85.0,Mid-Range,2PT Field Goal,S. Whitfield
22.5,10.136309860451348,4.65,1.0,524.0,0,-39.6,221.5,Above the Break 3,3PT Field Goal,K. Albrecht
25.5,48.467267678326266,3.68,11.0,502.0,0,-190.8,169.0,Above the Break 3,3PT Field Goal,T. Nwosu
1.1,59.56027561935687,2.01,20.2,648.0,1,-9.7,5.7,Restricted Area,2PT Field Goal,T. Nwosu
26.1,67.02046864851877,3.74,2.4,244.0,0,240.3,101.9,Above the Break 3,3PT Field Goal,A. Kowalski
23.9,45.3722650360633,5.55,15.4,549.0,1,170.4,168.2,Above the Break 3,3PT Field Goal,S. Whitfield
26.3,22.323258753964172,4.95,9.8,560.0,0,-99.9,243.3,Above the Break 3,3PT Field Goal,J. Carter
26.3,20.584082655605407,0.3,22.8,257.0,0,92.5,246.3,Above the Break 3,3PT Field Goal,J. Carter
10.6,35.55644893234672,3.09,18.7,178.0,0,-61.9,86.6,In The Paint (Non-RA),2PT Field Goal,A. Kowalski
3.2,52.73045533233669,2.19,4.9,477.0,1,25.1,19.1,Restricted Area,2PT Field Goal,L. Fitzgerald
25.4,18.763492449286804,0.3,23.9,546.0,0,81.6,240.2,Above the Break 3,3PT Field Goal,L. Fitzgerald
11.0,8.37347336106556,5.63,22.0,389.0,1,-16.0,108.7,In The Paint (Non-RA),2PT Field Goal,A. Kowalski
7.6,28.78444631503746,4.99,4.0,516.0,1,-36.7,66.8,In The Paint (Non-RA),2PT Field Goal,M. Okafor
20.7,8.094934792888756,1.84,18.1,626.0,1,-29.2,205.3,Mid-Range,2PT Field Goal,S. Whitfield
20.1,33.92679299144462,5.45,12.7,195.0,1,112.4,167.1,Mid-Range,2PT Field Goal,T. Nwosu
20.6,37.92133352861681,4.8,12.0,518.0,0,126.6,162.5,Mid-Range,2PT Field Goal,K. Albrecht
17.3,60.54666641574559,3.13,10.1,132.0,1,-150.7,85.1,Mid-Range,2PT Field Goal,D. Reyes
5.9,64.13099086910925,4.95,10.5,153.0,1,53.0,25.7,In The Paint (Non-RA),2PT Field Goal,B. Osei
22.9,3.0338627819171284,3.74,14.0,517.0,0,12.1,228.3,Above the Break 3,3PT Field Goal,T. Nwosu
4.2,54.82847530313314,2.65,23.7,440.0,0,34.2,24.1,In The Paint (Non-RA),2PT Field Goal,K. Albrecht
1.8,60.33328479305356,6.62,21.8,599.0,1,-15.8,9.0,Restricted Area,2PT Field Goal,K. Albrecht
28.1,48.9675024963826,0.62,8.6,342.0,1,212.0,184.5,Above the Break 3,3PT Field Goal,R. Delgado
28.0,12.277823770831414,8.63,9.6,393.0,1,59.5,273.4,Above the Break 3,3PT Field Goal,M. Okafor
24.5,55.134566193669876,4.82,20.2,657.0,0,-200.8,139.9,Above the Break 3,3PT Field Goal,J. Carter
1.1,67.91955483246664,3.27,7.6,308.0,1,-10.6,4.3,Restricted Area,2PT Field Goal,A. Kowalski
2.5,35.48397979503183,5.22,9.7,714.0,1,-14.4,20.2,Restricted Area,2PT Field Goal,S. Whitfield
29.0,56.43598956245811,2.08,16.5,452.0,1,241.6,160.3,Above the Break 3,3PT Field Goal,J. Carter
25.6,21.360649429362187,3.3,1.9,149.0,0,93.2,238.3,Above the Break 3,3PT Field Goal,A. Kowalski
0.9,23.36911316348208,8.84,19.2,614.0,1,-3.5,8.1,Restricted Area,2PT Field Goal,B. Osei
16.4,26.737110057805868,5.33,5.1,603.0,0,-73.7,146.3,Mid-Range,2PT Field Goal,T. Nwosu
0.2,30.46554491945988,3.87,12.2,314.0,1,1.0,1.7,Restricted Area,2PT Field Goal,M. Okafor
8.1,13.795867019918186,3.88,6.6,160.0,0,-19.3,78.6,In The Paint (Non-RA),2PT Field Goal,T. Nwosu
24.1,56.046171973281474,6.37,13.0,354.0,0,-199.9,134.6,Above the Break 3,3PT Field Goal,A. Kowalski
3.5,19.004264841232562,6.37,7.1,240.0,1,11.4,33.1,Restricted Area,2PT Field Goal,B. Osei
24.8,1.1795203657211524,3.49,10.3,350.0,1,5.1,247.7,Above the Break 3,3PT Field Goal,J. Carter
22.5,50.86290368595049,6.98,14.1,631.0,1,174.5,142.0,Above the Break 3,3PT Field Goal,R. Delgado
0.2,53.13010235415599,4.2,21.7,638.0,1,-1.6,1.2,Restricted Area,2PT Field Goal,A. Kowalski
18.7,21.966052077759272,4.14,7.5,399.0,1,70.1,173.8,Mid-Range,2PT Field Goal,T. Nwosu
2.6,37.220862809085645,6.0,21.9,452.0,1,15.8,20.8,Restricted Area,2PT Field Goal,L. Fitzgerald
0.2,0.0,2.55,23.6,78.0,1,0.0,2.0,Restricted Area,2PT Field Goal,T. Nwosu
1.9,40.794642998291415,0.65,20.7,432.0,0,12.6,14.6,Restricted Area,2PT Field Goal,R. Delgado
13.1,52.613069739784585,3.9,7.8,491.0,0,103.9,79.4,In The Paint (Non-RA),2PT Field Goal,M. Okafor
24.9,32.04199860411703,6.28,14.5,80.0,1,132.0,210.9,Above the Break 3,3PT Field Goal,A. Kowalski
22.6,41.20259406747085,3.56,14.4,687.0,1,-149.1,170.3,Above the Break 3,3PT Field Goal,L. Fitzgerald
1.7,51.08233669328205,6.28,17.4,363.0,1,-13.5,10.9,Restricted Area,2PT Field Goal,M. Okafor
1.4,6.34019174590991,7.05,15.2,594.0,1,1.6,14.4,Restricted Area,2PT Field Goal,A. Kowalski
27.5,65.50957104925916,3.46,5.5,667.0,0,250.7,114.2,Above the Break 3,3PT Field Goal,B. Osei
21.6,62.06001925601887,4.27,7.5,630.0,1,191.0,101.3,Mid-Range,2PT Field Goal,B. Osei
19.6,5.783126747112132,3.94,4.8,310.0,0,-19.8,195.5,Mid-Range,2PT Field Goal,A. Kowalski
0.2,17.52556837372287,5.77,10.7,706.0,1,0.6,1.9,Restricted Area,2PT Field Goal,R. Delgado
26.1,25.60218755144178,5.39,19.2,191.0,0,-112.7,235.2,Above the Break 3,3PT Field Goal,D. Reyes
15.9,18.64055480464602,4.7,17.2,633.0,1,50.7,150.3,Mid-Range,2PT Field Goal,S. Whitfield
20.3,65.51408054482677,7.43,2.5,479.0,0,-185.1,84.3,Mid-Range,2PT Field Goal,D. Reyes
1.8,54.064189908125144,5.18,6.5,430.0,0,14.9,10.8,Restricted Area,2PT Field Goal,J. Carter
23.0,55.446589449428814,4.93,16.7,278.0,0,189.5,130.5,Above the Break 3,3PT Field Goal,S. Whitfield
1.9,24.96278983080702,2.58,12.3,325.0,0,8.1,17.4,Restricted Area,2PT Field Goal,K. Albrecht
0.9,49.053554231831406,4.45,14.4,572.0,1,-6.8,5.9,Restricted Area,2PT Field Goal,M. Okafor
21.1,29.79880037714388,7.37,15.9,490.0,0,-104.8,183.0,Mid-Range,2PT Field Goal,J. Carter
26.5,49.72181163413444,5.91,16.5,607.0,0,202.5,171.6,Above the Break 3,3PT Field Goal,B. Osei
1.9,26.8372381058151,4.55,5.7,644.0,1,-8.5,16.8,Restricted Area,2PT Field Goal,R. Delgado
3.1,39.71229355234748,4.07,17.1,252.0,0,20.1,24.2,Restricted Area,2PT Field Goal,L. Fitzgerald
1.1,49.00780454237234,2.15,5.4,291.0,1,8.4,7.3,Restricted Area,2PT Field Goal,J. Carter
19.9,28.71617555649316,2.62,9.4,396.0,0,95.6,174.5,Mid-Range,2PT Field Goal,L. Fitzgerald
22.5,27.157234529207006,6.66,6.7,486.0,0,-102.7,200.2,Above the Break 3,3PT Field Goal,S. Whitfield
2.3,16.602746170265167,4.36,4.4,639.0,1,6.5,21.8,Restricted Area,2PT Field Goal,J. Carter
19.8,48.60184905959199,4.5,7.0,509.0,1,148.6,131.0,Mid-Range,2PT Field Goal,S. Whitfield
19.4,29.693649215483283,7.22,1.6,243.0,0,96.2,168.7,Mid-Range,2PT Field Goal,A. Kowalski
0.6,42.978635059643985,3.34,22.4,208.0,1,4.1,4.4,Restricted Area,2PT Field Goal,B. Osei
18.5,50.95864410425778,3.2,9.2,510.0,0,143.9,116.7,Mid-Range,2PT Field Goal,B. Osei
2.4,4.271422017383911,7.58,22.9,449.0,1,1.8,24.1,Restricted Area,2PT Field Goal,M. Okafor
2.7,23.557201687147103,5.75,5.3,412.0,1,10.9,25.0,Restricted Area,2PT Field Goal,S. Whitfield
25.8,9.013053022520221,0.67,9.4,622.0,0,40.4,254.7,Above the Break 3,3PT Field Goal,K. Albrecht
4.0,65.48492926994771,4.27,22.5,401.0,1,36.4,16.6,In The Paint (Non-RA),2PT Field Goal,K. Albrecht
3.0,55.31676570710316,2.51,6.3,77.0,0,-25.0,17.3,Restricted Area,2PT Field Goal,J. Carter
17.2,64.37585331291982,3.14,10.0,270.0,0,-154.7,74.2,Mid-Range,2PT Field Goal,J. Carter
4.3,40.35433160757822,3.77,12.7,95.0,0,27.7,32.6,In The Paint (Non-RA),2PT Field Goal,T. Nwosu
2.5,37.14668669802178,0.55,3.9,240.0,0,15.0,19.8,Restricted Area,2PT Field Goal,D. Reyes
26.4,15.527599819891522,2.65,16.5,285.0,0,70.6,254.1,Above the Break 3,3PT Field Goal,K. Albrecht
3.6,66.53280520325708,8.49,11.7,714.0,0,-33.4,14.5,Restricted Area,2PT Field Goal,R. Delgado
5.9,26.47882734523356,3.84,12.2,146.0,0,-26.5,53.2,In The Paint (Non-RA),2PT Field Goal,L. Fitzgerald
25.6,46.643798591807005,3.22,19.4,170.0,0,186.4,176.0,Above the Break 3,3PT Field Goal,L. Fitzgerald
23.5,47.51952716959847,6.52,1.7,681.0,0,-173.2,158.6,Above the Break 3,3PT Field Goal,D. Reyes
25.3,64.56876922112878,1.18,22.7,713.0,1,-228.6,108.7,Above the Break 3,3PT Field Goal,K. Albrecht
9.3,65.1212583455297,3.79,8.6,133.0,0,84.1,39.0,In The Paint (Non-RA),2PT Field Goal,M. Okafor
25.2,6.063791129490276,7.28,19.6,420.0,1,26.6,250.4,Above the Break 3,3PT Field Goal,L. Fitzgerald
25.6,52.056351691380314,4.33,16.2,18.0,1,-202.0,157.5,Above the Break 3,3PT Field Goal,L. Fitzgerald
0.8,17.74467162505693,5.1,18.2,681.0,1,-2.4,7.5,Restricted Area,2PT Field Goal,D. Reyes
28.2,47.57448915955466,3.82,15.5,73.0,0,208.0,190.1,Above the Break 3,3PT Field Goal,K. Albrecht
3.2,47.00078561666858,5.12,18.4,579.0,0,23.7,22.1,Restricted Area,2PT Field Goal,S. Whitfield
19.7,32.9496660230304,5.93,17.8,349.0,0,-107.4,165.7,Mid-Range,2PT Field Goal,M. Okafor
1.3,36.69653726863695,3.94,5.1,485.0,1,7.9,10.6,Restricted Area,2PT Field Goal,M. Okafor
1.2,21.80140948635181,4.57,20.7,195.0,0,-4.6,11.5,Restricted Area,2PT Field Goal,A. Kowalski
3.3,42.76882539196875,4.9,3.6,30.0,1,-22.2,24.0,Restricted Area,2PT Field Goal,M. Okafor
28.6,10.125377112063951,0.3,3.7,515.0,0,50.2,281.1,Above the Break 3,3PT Field Goal,R. Delgado
2.2,17.065268510504417,6.42,4.9,189.0,1,-6.6,21.5,Restricted Area,2PT Field Goal,M. Okafor
28.4,37.52054474826287,8.5,11.2,40.0,1,172.7,224.9,Above the Break 3,3PT Field Goal,T. Nwosu
3.5,53.03304579055936,6.21,22.3,697.0,1,28.3,21.3,Restricted Area,2PT Field Goal,L. Fitzgerald
0.3,64.4400348281762,4.88,2.9,645.0,1,2.3,1.1,Restricted Area,2PT Field Goal,S. Whitfield
2.3,34.521386880472704,3.49,23.6,424.0,1,13.0,18.9,Restricted Area,2PT Field Goal,K. Albrecht
24.4,19.3865690412954,5.17,2.8,219.0,0,-80.9,229.9,Above the Break 3,3PT Field Goal,L. Fitzgerald
1.3,20.854458039578347,8.83,11.7,407.0,1,-4.8,12.6,Restricted Area,2PT Field Goal,S. Whitfield
24.2,42.41723118869468,7.75,8.4,605.0,0,-163.0,178.4,Above the Break 3,3PT Field Goal,D. Reyes
1.7,4.504906863607022,2.76,16.6,189.0,1,-1.3,16.5,Restricted Area,2PT Field Goal,J. Carter
25.5,33.14891188681547,7.84,14.1,643.0,1,139.7,213.9,Above the Break 3,3PT Field Goal,S. Whitfield
26.3,61.48520715081513,2.76,6.0,296.0,0,-231.0,125.5,Above the Break 3,3PT Field Goal,K. Albrecht
0.2,53.13010235415599,2.88,12.6,548.0,0,-1.6,1.2,Restricted Area,2PT Field Goal,L. Fitzgerald
4.7,26.18633104910394,4.03,10.8,537.0,0,20.9,42.5,In The Paint (Non-RA),2PT Field Goal,A. Kowalski
3.1,33.22635281684814,5.79,6.1,43.0,1,-16.9,25.8,Restricted Area,2PT Field Goal,D. Reyes
7.0,6.839508509818754,3.85,5.3,161.0,0,8.3,69.2,In The Paint (Non-RA),2PT Field Goal,B. Osei
2.2,3.6084688525663444,6.64,4.7,422.0,1,1.4,22.2,Restricted Area,2PT Field Goal,M. Okafor
17.4,45.18663054356557,5.07,1.0,409.0,1,-123.2,122.4,Mid-Range,2PT Field Goal,D. Reyes
15.4,51.717514119718636,7.96,2.9,118.0,1,121.0,95.5,Mid-Range,2PT Field Goal,R. Delgado
0.8,5.000644597558433,1.21,2.3,87.0,1,-0.7,8.0,Restricted Area,2PT Field Goal,A. Kowalski
0.4,63.43494882292201,4.63,7.1,281.0,1,-3.4,1.7,Restricted Area,2PT Field Goal,D. Reyes
22.5,51.35212422324793,5.89,2.6,372.0,0,175.7,140.5,Above the Break 3,3PT Field Goal,A. Kowalski
0.9,31.17134902771985,7.89,16.1,634.0,0,4.9,8.1,Restricted Area,2PT Field Goal,D. Reyes
3.6,45.55842071468516,0.3,17.3,25.0,1,-25.9,25.4,Restricted Area,2PT Field Goal,A. Kowalski
1.9,40.63474226497207,3.84,23.7,255.0,1,12.1,14.1,Restricted Area,2PT Field Goal,T. Nwosu
11.5,51.87630422344123,0.3,21.1,5.0,1,-90.6,71.1,In The Paint (Non-RA),2PT Field Goal,T. Nwosu
6.1,2.145255810722155,5.37,16.8,496.0,1,-2.3,61.4,In The Paint (Non-RA),2PT Field Goal,J. Carter
21.2,22.90717422493068,3.11,23.0,152.0,0,82.4,195.0,Mid-Range,2PT Field Goal,B. Osei
1.6,66.99112991717713,5.13,20.8,300.0,0,14.6,6.2,Restricted Area,2PT Field Goal,L. Fitzgerald
2.6,61.33604288971847,6.69,21.2,403.0,0,22.5,12.3,Restricted Area,2PT Field Goal,M. Okafor
24.4,52.392751687604004,6.37,0.6,364.0,0,193.3,148.9,Above the Break 3,3PT Field Goal,K. Albrecht
2.0,58.543176642444756,3.92,19.3,562.0,1,17.0,10.4,Restricted Area,2PT Field Goal,M. Okafor
2.3,52.21426203920676,5.8,8.8,156.0,0,-17.8,13.8,Restricted Area,2PT Field Goal,D. Reyes
7.0,61.324623321803024,11.47,7.5,157.0,1,-61.8,33.8,In The Paint (Non-RA),2PT Field Goal,K. Albrecht
2.9,52.80979385591095,3.29,21.3,421.0,0,-22.8,17.3,Restricted Area,2PT Field Goal,L. Fitzgerald
28.7,24.70967721640769,5.7,16.3,188.0,0,120.1,261.0,Above the Break 3,3PT Field Goal,A. Kowalski
2.4,62.02720733504795,3.28,17.5,440.0,1,-20.9,11.1,Restricted Area,2PT Field Goal,D. Reyes
3.0,40.56005983419405,6.32,22.3,260.0,1,-19.6,22.9,Restricted Area,2PT Field Goal,T. Nwosu
6.8,61.18185074265524,2.58,10.1,175.0,0,-59.8,32.9,In The Paint (Non-RA),2PT Field Goal,L. Fitzgerald
0.6,17.175903615746744,5.78,18.8,220.0,1,1.7,5.5,Restricted Area,2PT Field Goal,L. Fitzgerald
23.3,23.877495297679257,1.03,1.8,506.0,1,94.2,212.8,Above the Break 3,3PT Field Goal,R. Delgado
2.1,36.702855030163136,4.85,1.3,679.0,1,-12.3,16.5,Restricted Area,2PT Field Goal,J. Carter
6.1,34.03110980483864,10.16,5.2,713.0,1,-33.9,50.2,In The Paint (Non-RA),2PT Field Goal,K. Albrecht
12.1,64.66738304956002,1.81,6.8,345.0,0,109.0,51.6,In The Paint (Non-RA),2PT Field Goal,K. Albrecht
24.2,9.162347045721711,3.08,0.1,531.0,0,-38.5,238.7,Above the Break 3,3PT Field Goal,J. Carter
1.6,31.342357494187848,6.52,21.4,515.0,0,-8.1,13.3,Restricted Area,2PT Field Goal,R. Delgado
24.2,23.645622635101894,1.91,13.8,701.0,1,97.2,222.0,Above the Break 3,3PT Field Goal,S. Whitfield
26.4,29.86878134157133,0.3,12.2,410.0,0,131.4,228.8,Above the Break 3,3PT Field Goal,J. Carter
2.1,2.9842821435933775,0.64,3.7,692.0,0,1.1,21.1,Restricted Area,2PT Field Goal,M. Okafor
1.9,56.145996499311885,4.87,19.6,105.0,1,-16.1,10.8,Restricted Area,2PT Field Goal,L. Fitzgerald
25.4,32.65117119233468,6.93,17.0,340.0,0,-137.0,213.8,Above the Break 3,3PT Field Goal,A. Kowalski
1.2,41.05481377096244,4.63,10.0,219.0,1,8.1,9.3,Restricted Area,2PT Field Goal,A. Kowalski
1.6,30.15154798182211,4.57,3.4,419.0,1,-7.9,13.6,Restricted Area,2PT Field Goal,A. Kowalski
3.1,46.17446421446393,6.89,23.4,100.0,1,-22.4,21.5,Restricted Area,2PT Field Goal,A. Kowalski
21.3,30.051451112638613,4.34,21.5,427.0,0,-106.8,184.6,Mid-Range,2PT Field Goal,B. Osei
24.9,33.843093949156994,7.49,2.7,699.0,0,138.8,207.0,Above the Break 3,3PT Field Goal,B. Osei
22.8,55.73769158458865,7.82,9.8,415.0,1,188.2,128.2,Above the Break 3,3PT Field Goal,M. Okafor
15.0,50.92280870705616,3.7,12.1,326.0,1,116.5,94.6,Mid-Range,2PT Field Goal,K. Albrecht
13.5,52.951770134743136,7.34,15.1,571.0,1,107.7,81.3,In The Paint (Non-RA),2PT Field Goal,T. Nwosu
26.6,53.72879604649957,6.04,16.6,136.0,0,214.5,157.4,Above the Break 3,3PT Field Goal,M. Okafor
20.4,63.748379938787615,4.14,17.5,184.0,0,183.3,90.4,Mid-Range,2PT Field Goal,K. Albrecht
25.5,47.430234829861945,4.38,8.4,698.0,0,187.9,172.6,Above the Break 3,3PT Field Goal,R. Delgado
19.0,17.20266336686354,6.89,10.4,541.0,1,56.1,181.2,Mid-Range,2PT Field Goal,M. Okafor
16.6,27.242347488457995,1.6,3.0,412.0,0,-76.2,148.0,Mid-Range,2PT Field Goal,L. Fitzgerald
24.3,67.73014764618279,0.78,12.3,387.0,0,224.9,92.1,Above the Break 3,3PT Field Goal,K. Albrecht
1.3,37.98814172552489,7.09,19.5,562.0,0,-8.2,10.5,Restricted Area,2PT Field Goal,T. Nwosu
0.5,25.083594006190918,8.9,3.8,331.0,1,-2.2,4.7,Restricted Area,2PT Field Goal,M. Okafor
2.7,36.058759730642905,5.06,11.1,715.0,1,15.8,21.7,Restricted Area,2PT Field Goal,K. Albrecht
25.5,8.21255139329066,6.79,2.5,65.0,0,-36.5,252.9,Above the Break 3,3PT Field Goal,L. Fitzgerald
26.9,62.292991496133,0.68,5.0,319.0,1,-238.4,125.2,Above the Break 3,3PT Field Goal,D. Reyes
16.6,6.697762676259686,1.38,15.5,252.0,0,19.4,165.2,Mid-Range,2PT Field Goal,M. Okafor
3.1,51.483073692897236,3.16,1.8,458.0,1,24.5,19.5,Restricted Area,2PT Field Goal,K. Albrecht
1.7,3.0848123304975923,3.59,14.7,361.0,0,0.9,16.7,Restricted Area,2PT Field Goal,T. Nwosu
9.9,36.337789815361084,4.77,7.3,138.0,0,58.7,79.8,In The Paint (Non-RA),2PT Field Goal,M. Okafor
6.5,40.97173633351486,3.31,7.4,659.0,1,-42.9,49.4,In The Paint (Non-RA),2PT Field Goal,J. Carter
2.1,38.36748538486154,4.24,18.9,712.0,1,13.3,16.8,Restricted Area,2PT Field Goal,S. Whitfield
1.0,22.972721330828662,3.96,12.4,638.0,1,-3.9,9.2,Restricted Area,2PT Field Goal,B. Osei
15.2,19.450513207633822,5.81,13.6,95.0,0,-50.5,143.0,Mid-Range,2PT Field Goal,A. Kowalski
22.8,32.59812285145337,6.86,20.6,205.0,0,123.1,192.5,Above the Break 3,3PT Field Goal,T. Nwosu
1.8,8.222813890574903,6.42,18.1,376.0,1,2.5,17.3,Restricted Area,2PT Field Goal,B. Osei
3.3,9.262088147216202,7.61,0.5,614.0,0,-5.3,32.5,Restricted Area,2PT Field Goal,J. Carter
2.9,19.73268949966101,3.96,12.3,3.0,0,-9.9,27.6,Restricted Area,2PT Field Goal,L. Fitzgerald
17.6,25.704512276134757,3.35,8.5,522.0,0,-76.2,158.3,Mid-Range,2PT Field Goal,T. Nwosu
15.7,51.41429827444655,0.3,12.6,248.0,1,122.7,97.9,Mid-Range,2PT Field Goal,A. Kowalski
6.4,10.66343845954275,0.54,3.8,220.0,0,11.9,63.2,In The Paint (Non-RA),2PT Field Goal,B. Osei
22.7,36.763915967211716,6.23,9.5,117.0,0,135.9,181.9,Above the Break 3,3PT Field Goal,M. Okafor
10.9,61.859476870654944,5.48,3.3,12.0,1,96.1,51.4,In The Paint (Non-RA),2PT Field Goal,A. Kowalski
2.2,6.369439206112301,4.47,20.8,474.0,1,-2.4,21.5,Restricted Area,2PT Field Goal,K. Albrecht
23.7,29.32741668407782,3.65,10.3,546.0,0,115.9,206.3,Above the Break 3,3PT Field Goal,B. Osei
23.9,58.169747317051026,1.53,16.4,697.0,0,-203.3,126.2,Above the Break 3,3PT Field Goal,T. Nwosu
22.5,0.4328932078942258,0.3,11.4,588.0,1,-1.7,225.0,Above the Break 3,3PT Field Goal,M. Okafor
1.7,24.415548347685466,3.01,17.7,103.0,1,6.9,15.2,Restricted Area,2PT Field Goal,B. Osei
0.2,36.86989764584402,3.77,6.9,445.0,1,1.2,1.6,Restricted Area,2PT Field Goal,S. Whitfield
11.2,16.135279340622095,0.3,19.5,81.0,0,31.1,107.5,In The Paint (Non-RA),2PT Field Goal,R. Delgado
24.4,3.428476516014698,7.39,7.0,364.0,1,-14.6,243.7,Above the Break 3,3PT Field Goal,B. Osei
19.4,58.615294177429185,2.79,12.0,336.0,0,165.4,100.9,Mid-Range,2PT Field Goal,R. Delgado
21.6,43.853861478893755,5.35,12.3,72.0,0,-149.4,155.5,Mid-Range,2PT Field Goal,A. Kowalski
2.4,25.588513141316422,7.35,5.3,118.0,1,10.2,21.3,Restricted Area,2PT Field Goal,B. Osei
27.5,14.7838447839781,7.81,11.4,539.0,1,-70.2,266.0,Above the Break 3,3PT Field Goal,A. Kowalski
2.5,66.06042933600474,3.64,0.9,277.0,0,-23.2,10.3,Restricted Area,2PT Field Goal,S. Whitfield
16.4,67.53616599368146,6.58,16.5,252.0,1,151.4,62.6,Mid-Range,2PT Field Goal,D. Reyes
16.1,36.955477536664404,6.44,16.0,416.0,1,96.6,128.4,Mid-Range,2PT Field Goal,J. Carter
24.9,47.472599836534805,4.48,0.6,175.0,0,183.6,168.4,Above the Break 3,3PT Field Goal,B. Osei
27.3,52.895336443822934,5.09,8.5,379.0,1,-218.0,164.9,Above the Break 3,3PT Field Goal,J. Carter
12.2,43.80096107925455,2.31,7.7,497.0,0,84.2,87.8,In The Paint (Non-RA),2PT Field Goal,T. Nwosu
3.2,7.454298812748468,4.94,1.1,124.0,0,-4.2,32.1,Restricted Area,2PT Field Goal,R. Delgado
22.5,29.65326878164876,2.82,17.5,443.0,1,-111.3,195.5,Above the Break 3,3PT Field Goal,R. Delgado
18.2,7.621731599241124,3.83,2.2,348.0,1,24.1,180.1,Mid-Range,2PT Field Goal,A. Kowalski
4.0,47.53355888839457,4.58,12.1,330.0,0,29.5,27.0,In The Paint (Non-RA),2PT Field Goal,R. Delgado
2.4,60.284232409654265,6.52,23.0,568.0,1,21.2,12.1,Restricted Area,2PT Field Goal,K. Albrecht
25.3,0.8834947782011587,3.79,13.9,319.0,0,3.9,252.9,Above the Break 3,3PT Field Goal,T. Nwosu
28.0,34.4505611939987,3.72,16.2,655.0,0,158.4,230.9,Above the Break 3,3PT Field Goal,R. Delgado
14.9,45.35283548940466,3.37,11.3,588.0,1,106.2,104.9,Mid-Range,2PT Field Goal,T. Nwosu
5.4,19.718483844474243,10.66,19.5,710.0,1,18.1,50.5,In The Paint (Non-RA),2PT Field Goal,S. Whitfield
15.1,66.2796044276954,3.37,17.0,465.0,0,138.6,60.9,Mid-Range,2PT Field Goal,K. Albrecht
28.3,5.589868959827794,5.42,6.5,226.0,0,-27.6,282.0,Above the Break 3,3PT Field Goal,R. Delgado
15.4,54.15565341807459,0.86,10.7,687.0,0,-125.0,90.3,Mid-Range,2PT Field Goal,M. Okafor
24.6,7.333006567932169,4.45,14.9,62.0,0,-31.4,244.0,Above the Break 3,3PT Field Goal,J. Carter
24.0,3.4617340388870588,1.56,2.6,415.0,0,14.5,239.7,Above the Break 3,3PT Field Goal,S. Whitfield
26.2,35.1765960868119,3.03,8.8,382.0,0,150.9,214.1,Above the Break 3,3PT Field Goal,D. Reyes
6.0,45.06764551699113,6.06,21.5,646.0,1,42.4,42.3,In The Paint (Non-RA),2PT Field Goal,R. Delgado
3.1,61.873470654675415,8.32,21.2,713.0,0,-27.5,14.7,Restricted Area,2PT Field Goal,A. Kowalski
20.6,35.708805844071634,4.73,7.1,152.0,1,-120.4,167.5,Mid-Range,2PT Field Goal,D. Reyes
23.3,46.80837349811659,5.74,22.1,214.0,0,-169.9,159.5,Above the Break 3,3PT Field Goal,T. Nwosu
24.8,55.54253852252467,4.75,16.0,450.0,0,204.9,140.6,Above the Break 3,3PT Field Goal,T. Nwosu
0.7,54.46232220802562,3.31,19.7,551.0,1,-5.6,4.0,Restricted Area,2PT Field Goal,T. Nwosu
3.4,50.108496044514645,4.53,10.9,612.0,1,26.2,21.9,Restricted Area,2PT Field Goal,L. Fitzgerald
18.0,41.87378840937155,6.59,22.7,339.0,1,-120.3,134.2,Mid-Range,2PT Field Goal,K. Albrecht
22.5,49.94010148626754,4.81,12.4,492.0,0,172.2,144.8,Above the Break 3,3PT Field Goal,A. Kowalski
3.0,1.1381770074881843,3.45,7.2,701.0,1,0.6,30.2,Restricted Area,2PT Field Goal,R. Delgado
20.3,41.08502436995758,3.24,10.2,640.0,1,133.4,153.0,Mid-Range,2PT Field Goal,A. Kowalski
3.6,61.51632875180583,5.45,8.7,469.0,1,31.7,17.2,Restricted Area,2PT Field Goal,R. Delgado
25.6,66.27340680532504,3.58,12.1,440.0,1,234.8,103.2,Above the Break 3,3PT Field Goal,K. Albrecht
2.8,56.82148834060725,6.48,22.9,498.0,1,-23.4,15.3,Restricted Area,2PT Field Goal,K. Albrecht
2.5,52.04576912486749,1.08,3.9,409.0,1,20.0,15.6,Restricted Area,2PT Field Goal,M. Okafor
25.5,33.31009456313506,6.1,11.4,715.0,0,140.1,213.2,Above the Break 3,3PT Field Goal,R. Delgado
3.7,19.69505886886373,2.45,22.6,436.0,0,-12.6,35.2,Restricted Area,2PT Field Goal,B. Osei
7.4,39.68672089900332,4.16,22.5,428.0,1,-47.3,57.0,In The Paint (Non-RA),2PT Field Goal,M. Okafor
1.2,20.66612343095326,9.24,0.2,40.0,1,4.3,11.4,Restricted Area,2PT Field Goal,L. Fitzgerald
2.8,26.751075781585516,6.75,19.5,655.0,0,12.4,24.6,Restricted Area,2PT Field Goal,M. Okafor
3.3,49.45560283332632,3.15,2.8,19.0,1,-24.9,21.3,Restricted Area,2PT Field Goal,D. Reyes
1.1,31.054271116352783,3.45,4.8,297.0,0,5.6,9.3,Restricted Area,2PT Field Goal,T. Nwosu
20.7,7.145654798935428,6.42,0.4,230.0,0,25.7,205.0,Mid-Range,2PT Field Goal,K. Albrecht
0.7,24.590117166196013,6.52,6.2,178.0,0,2.7,5.9,Restricted Area,2PT Field Goal,T. Nwosu
16.4,45.02468581472115,4.28,17.3,680.0,0,116.1,116.0,Mid-Range,2PT Field Goal,A. Kowalski
28.4,5.185307990317968,6.08,18.2,480.0,1,-25.7,283.2,Above the Break 3,3PT Field Goal,K. Albrecht
15.4,57.7856097821696,3.38,16.3,614.0,0,130.3,82.1,Mid-Range,2PT Field Goal,R. Delgado
2.5,9.836554505438967,0.3,14.3,107.0,1,4.3,24.8,Restricted Area,2PT Field Goal,T. Nwosu
26.1,31.29450781717482,6.88,13.4,94.0,1,-135.8,223.4,Above the Break 3,3PT Field Goal,A. Kowalski
2.2,17.5924245621816,3.21,1.0,139.0,0,-6.5,20.5,Restricted Area,2PT Field Goal,S. Whitfield
2.7,27.78792807301526,5.73,2.5,406.0,1,-12.7,24.1,Restricted Area,2PT Field Goal,B. Osei
14.5,60.14225460368248,3.94,3.5,563.0,1,125.6,72.1,Mid-Range,2PT Field Goal,D. Reyes
19.9,21.18034135155762,3.68,23.2,375.0,1,71.8,185.3,Mid-Range,2PT Field Goal,R. Delgado
2.8,5.40100080017433,2.28,9.1,586.0,0,2.6,27.5,Restricted Area,2PT Field Goal,J. Carter
8.3,56.52093037343722,6.11,16.9,433.0,0,69.1,45.7,In The Paint (Non-RA),2PT Field Goal,L. Fitzgerald
18.3,14.294330819262667,6.29,21.2,456.0,1,45.2,177.4,Mid-Range,2PT Field Goal,T. Nwosu
12.1,1.2279160684734796,7.27,11.6,100.0,0,2.6,121.3,In The Paint (Non-RA),2PT Field Goal,L. Fitzgerald
1.1,7.253194612725333,5.98,12.1,189.0,0,-1.4,11.0,Restricted Area,2PT Field Goal,B. Osei
4.9,49.998572417468445,5.35,7.8,40.0,1,37.3,31.3,In The Paint (Non-RA),2PT Field Goal,T. Nwosu
7.0,2.3791153814117796,3.14,19.1,714.0,0,2.9,69.8,In The Paint (Non-RA),2PT Field Goal,K. Albrecht
2.4,17.90793286298781,4.45,12.8,666.0,0,-7.4,22.9,Restricted Area,2PT Field Goal,K. Albrecht
20.8,40.577410209094204,5.35,2.3,609.0,1,-135.4,158.1,Mid-Range,2PT Field Goal,L. Fitzgerald
5.2,28.00708828885992,0.3,2.0,29.0,1,-24.2,45.5,In The Paint (Non-RA),2PT Field Goal,B. Osei
12.0,37.78320368377994,1.65,11.9,474.0,1,73.8,95.2,In The Paint (Non-RA),2PT Field Goal,A. Kowalski
24.3,39.760311388545354,3.93,15.5,342.0,1,-155.5,186.9,Above the Break 3,3PT Field Goal,M. Okafor
25.3,47.8312649167205,6.24,11.7,536.0,0,187.8,170.1,Above the Break 3,3PT Field Goal,B. Osei
19.2,41.96729738382302,7.6,20.8,424.0,0,128.7,143.1,Mid-Range,2PT Field Goal,S. Whitfield
3.3,35.21759296819271,8.31,18.7,427.0,0,-19.2,27.2,Restricted Area,2PT Field Goal,T. Nwosu
23.2,52.41332456117994,2.58,19.3,435.0,1,-183.7,141.4,Above the Break 3,3PT Field Goal,B. Osei
1.6,46.781960590326634,4.5,0.4,253.0,1,11.6,10.9,Restricted Area,2PT Field Goal,R. Delgado
25.6,11.327518655025065,3.14,22.5,648.0,0,50.2,250.6,Above the Break 3,3PT Field Goal,B. Osei
11.1,47.04280508196822,2.45,23.3,252.0,1,81.3,75.7,In The Paint (Non-RA),2PT Field Goal,K. Albrecht
12.1,60.03733221938029,3.52,17.5,245.0,1,104.6,60.3,In The Paint (Non-RA),2PT Field Goal,A. Kowalski
25.1,43.321955701553335,4.6,21.4,503.0,0,-172.3,182.7,Above the Break 3,3PT Field Goal,M. Okafor
15.4,20.66520485643303,6.22,12.1,702.0,1,54.2,143.7,Mid-Range,2PT Field Goal,S. Whitfield
26.3,33.460135333191786,0.89,17.3,645.0,0,-144.8,219.1,Above the Break 3,3PT Field Goal,R. Delgado
27.2,0.5480665310847785,4.03,11.8,642.0,0,-2.6,271.8,Above the Break 3,3PT Field Goal,L. Fitzgerald
1.7,51.55418059039276,2.02,1.6,2.0,1,-13.1,10.4,Restricted Area,2PT Field Goal,A. Kowalski
7.2,40.644634863298826,7.59,13.8,225.0,1,46.7,54.4,In The Paint (Non-RA),2PT Field Goal,T. Nwosu
22.5,15.018360631150665,8.3,18.7,647.0,1,-58.3,217.3,Above the Break 3,3PT Field Goal,M. Okafor
0.7,47.95077910900635,3.23,9.1,196.0,0,-5.1,4.6,Restricted Area,2PT Field Goal,T. Nwosu
17.9,51.70056928798676,2.68,3.9,184.0,1,-140.3,110.8,Mid-Range,2PT Field Goal,M. Okafor
26.1,11.292708431396694,5.76,21.0,240.0,0,-51.1,255.9,Above the Break 3,3PT Field Goal,A. Kowalski
3.0,26.392474049839155,6.55,23.3,642.0,0,-13.2,26.6,Restricted Area,2PT Field Goal,J. Carter
4.0,27.71850162818336,2.02,21.8,92.0,1,18.6,35.4,In The Paint (Non-RA),2PT Field Goal,R. Delgado
0.4,45.0,3.32,19.4,174.0,1,-2.9,2.9,Restricted Area,2PT Field Goal,J. Carter
2.9,26.38848538927709,4.94,6.9,394.0,1,-12.9,26.0,Restricted Area,2PT Field Goal,D. Reyes
3.1,57.91545168925331,1.87,2.0,98.0,0,26.0,16.3,Restricted Area,2PT Field Goal,T. Nwosu
9.3,20.766264115081313,7.79,8.2,608.0,1,-32.8,86.5,In The Paint (Non-RA),2PT Field Goal,R. Delgado
26.8,50.67302213992532,4.41,5.6,437.0,1,-207.5,170.0,Above the Break 3,3PT Field Goal,A. Kowalski
12.9,42.19578860608268,4.46,5.3,393.0,0,-86.4,95.3,In The Paint (Non-RA),2PT Field Goal,S. Whitfield
17.2,54.72493246173864,1.61,21.4,7.0,0,140.8,99.6,Mid-Range,2PT Field Goal,R. Delgado
1.4,46.19348942398204,7.15,2.6,460.0,1,-9.8,9.4,Restricted Area,2PT Field Goal,J. Carter
1.6,39.62029840087459,1.18,2.9,100.0,0,-10.1,12.2,Restricted Area,2PT Field Goal,M. Okafor
23.3,10.915193809465523,2.62,8.4,55.0,0,44.2,229.2,Above the Break 3,3PT Field Goal,B. Osei
0.8,18.43494882292201,2.91,2.6,40.0,1,-2.5,7.5,Restricted Area,2PT Field Goal,K. Albrecht
28.9,61.82265694150463,3.99,9.6,107.0,1,-255.0,136.6,Above the Break 3,3PT Field Goal,T. Nwosu
1.1,11.513831184487012,0.96,23.3,648.0,0,-2.2,10.8,Restricted Area,2PT Field Goal,J. Carter
15.0,38.83928698054171,2.49,1.8,148.0,1,-93.8,116.5,Mid-Range,2PT Field Goal,D. Reyes
15.1,12.364519185890265,5.66,5.4,519.0,0,-32.4,147.8,Mid-Range,2PT Field Goal,D. Reyes
2.2,9.887988815577799,4.2,21.8,226.0,1,3.8,21.8,Restricted Area,2PT Field Goal,R. Delgado
2.8,0.824342820845153,4.57,3.8,52.0,1,-0.4,27.8,Restricted Area,2PT Field Goal,L. Fitzgerald
4.2,51.084693865268754,6.56,21.1,491.0,1,-32.7,26.4,In The Paint (Non-RA),2PT Field Goal,B. Osei
2.2,23.477399892092922,5.33,9.6,82.0,0,8.6,19.8,Restricted Area,2PT Field Goal,S. Whitfield
3.0,39.48969425285129,6.63,18.8,158.0,0,-19.2,23.3,Restricted Area,2PT Field Goal,M. Okafor
2.3,41.94950550585859,4.35,2.4,145.0,1,15.1,16.8,Restricted Area,2PT Field Goal,S. Whitfield
0.7,0.0,2.22,17.1,673.0,1,0.0,6.5,Restricted Area,2PT Field Goal,B. Osei
12.0,62.666210734595715,8.14,7.6,653.0,1,-106.6,55.1,In The Paint (Non-RA),2PT Field Goal,S. Whitfield
3.7,67.16634582208245,0.35,18.1,547.0,0,34.2,14.4,Restricted Area,2PT Field Goal,R. Delgado
3.4,34.716429348864715,1.1,0.4,526.0,0,-19.4,28.0,Restricted Area,2PT Field Goal,M. Okafor
11.7,67.16872640125315,1.62,10.0,330.0,1,-107.6,45.3,In The Paint (Non-RA),2PT Field Goal,A. Kowalski
19.6,47.310392219150124,9.77,11.2,56.0,0,144.4,133.2,Mid-Range,2PT Field Goal,S. Whitfield
1.2,9.700391943945801,4.47,9.1,677.0,1,-2.0,11.7,Restricted Area,2PT Field Goal,M. Okafor
24.2,17.50655691709563,6.79,23.8,650.0,1,-72.8,230.8,Above the Break 3,3PT Field Goal,A. Kowalski
8.3,35.34621391146346,0.67,18.5,563.0,0,48.3,68.1,In The Paint (Non-RA),2PT Field Goal,R. Delgado
29.0,67.91972757036659,1.74,6.4,1.0,0,268.7,109.0,Above the Break 3,3PT Field Goal,K. Albrecht
4.0,48.854528425718236,5.02,16.2,88.0,1,-30.1,26.3,In The Paint (Non-RA),2PT Field Goal,T. Nwosu
2.6,40.2625566519899,3.22,7.3,400.0,1,16.6,19.6,Restricted Area,2PT Field Goal,B. Osei
2.2,65.55604521958347,4.56,20.7,11.0,1,19.8,9.0,Restricted Area,2PT Field Goal,S. Whitfield
26.9,59.174991579420954,5.69,10.4,611.0,1,231.1,137.9,Above the Break 3,3PT Field Goal,D. Reyes
11.7,26.434189327321928,4.51,10.1,561.0,0,-52.3,105.2,In The Paint (Non-RA),2PT Field Goal,R. Delgado
27.2,61.13945195428499,4.5,2.0,245.0,0,-238.6,131.5,Above the Break 3,3PT Field Goal,J. Carter
19.3,0.9206927337912398,4.78,8.6,169.0,0,3.1,192.9,Mid-Range,2PT Field Goal,B. Osei
4.0,16.260204708311957,3.82,5.3,25.0,1,11.2,38.4,In The Paint (Non-RA),2PT Field Goal,L. Fitzgerald
0.2,36.86989764584402,5.02,17.5,33.0,1,-1.2,1.6,Restricted Area,2PT Field Goal,L. Fitzgerald
0.2,14.743562836470735,6.54,19.4,685.0,1,0.5,1.9,Restricted Area,2PT Field Goal,J. Carter
11.6,63.70051252730219,2.15,10.9,460.0,0,-103.8,51.3,In The Paint (Non-RA),2PT Field Goal,R. Delgado
26.0,48.74356974850796,4.94,19.4,475.0,0,195.4,171.4,Above the Break 3,3PT Field Goal,S. Whitfield
2.9,19.64032999812544,6.36,21.0,421.0,1,-9.6,26.9,Restricted Area,2PT Field Goal,S. Whitfield
27.3,61.20207014983125,3.86,4.3,425.0,0,-239.4,131.6,Above the Break 3,3PT Field Goal,M. Okafor
5.8,31.302981576716927,4.09,17.7,65.0,1,-30.1,49.5,In The Paint (Non-RA),2PT Field Goal,S. Whitfield
1.7,53.19611128752469,8.58,1.5,131.0,1,13.9,10.4,Restricted Area,2PT Field Goal,S. Whitfield
17.4,41.893972904383574,6.9,6.5,258.0,1,-115.9,129.2,Mid-Range,2PT Field Goal,L. Fitzgerald
0.9,32.99770510121629,9.61,2.9,719.0,0,-5.0,7.7,Restricted Area,2PT Field Goal,T. Nwosu
23.6,21.96346499877874,8.63,9.0,681.0,0,-88.4,219.2,Above the Break 3,3PT Field Goal,B. Osei
13.7,8.870316718806395,3.54,0.9,268.0,0,-21.1,135.2,In The Paint (Non-RA),2PT Field Goal,B. Osei
13.4,42.58134141177885,2.71,6.5,127.0,1,-90.7,98.7,In The Paint (Non-RA),2PT Field Goal,D. Reyes
3.8,37.17224723782069,3.65,16.6,425.0,0,-22.9,30.2,Restricted Area,2PT Field Goal,L. Fitzgerald
2.6,40.003239335428646,6.33,21.6,464.0,0,16.7,19.9,Restricted Area,2PT Field Goal,A. Kowalski
24.0,13.637519820189242,0.3,8.5,276.0,0,56.7,233.7,Above the Break 3,3PT Field Goal,B. Osei
15.0,38.91039738205412,4.43,23.2,542.0,0,-94.2,116.7,Mid-Range,2PT Field Goal,S. Whitfield
6.6,65.23095602398537,7.12,17.7,517.0,0,59.6,27.5,In The Paint (Non-RA),2PT Field Goal,B. Osei
22.5,21.593337249963298,4.43,20.6,364.0,0,-82.8,209.2,Above the Break 3,3PT Field Goal,D. Reyes
26.5,6.397549644005899,5.08,6.7,714.0,0,29.5,263.1,Above the Break 3,3PT Field Goal,K. Albrecht
0.5,18.43494882292201,3.79,23.5,389.0,0,1.7,5.1,Restricted Area,2PT Field Goal,S. Whitfield
24.2,65.24469010598861,0.46,2.3,164.0,1,219.9,101.4,Above the Break 3,3PT Field Goal,B. Osei
1.3,26.56505117707799,6.52,17.9,113.0,0,5.6,11.2,Restricted Area,2PT Field Goal,K. Albrecht
16.1,48.357571165231626,3.67,12.9,86.0,1,120.0,106.7,Mid-Range,2PT Field Goal,S. Whitfield
3.0,13.207928462779108,5.42,10.1,394.0,0,-6.9,29.4,Restricted Area,2PT Field Goal,B. Osei
4.0,26.757318171876562,4.38,22.3,479.0,1,-18.0,35.7,In The Paint (Non-RA),2PT Field Goal,S. Whitfield
13.5,35.3557870394772,8.84,6.2,26.0,1,78.4,110.5,In The Paint (Non-RA),2PT Field Goal,D. Reyes
17.5,14.781847683879983,5.42,20.3,542.0,1,44.7,169.4,Mid-Range,2PT Field Goal,T. Nwosu
9.5,7.898830468197655,5.33,17.2,296.0,0,-13.0,93.7,In The Paint (Non-RA),2PT Field Goal,A. Kowalski
26.9,53.99615026740512,4.11,20.2,236.0,0,-217.3,157.9,Above the Break 3,3PT Field Goal,L. Fitzgerald
26.6,6.7854065858964,2.44,23.7,297.0,0,-31.4,263.9,Above the Break 3,3PT Field Goal,D. Reyes
0.2,57.0947570770121,5.27,14.0,515.0,0,-1.7,1.1,Restricted Area,2PT Field Goal,A. Kowalski
2.3,30.878999523612414,6.84,19.5,45.0,0,11.9,19.9,Restricted Area,2PT Field Goal,K. Albrecht
19.9,37.08276380592405,4.35,17.0,66.0,0,-120.1,158.9,Mid-Range,2PT Field Goal,T. Nwosu
9.1,3.7805685343010915,0.3,12.6,611.0,0,6.0,90.8,In The Paint (Non-RA),2PT Field Goal,K. Albrecht
1.6,3.6214847041173397,2.53,17.6,116.0,1,-1.0,15.8,Restricted Area,2PT Field Goal,T. Nwosu
11.7,67.14740976410444,8.81,13.9,587.0,0,-108.2,45.6,In The Paint (Non-RA),2PT Field Goal,J. Carter
17.3,63.198251880727746,3.04,12.5,296.0,1,154.6,78.1,Mid-Range,2PT Field Goal,R. Delgado
23.1,40.66052619898444,4.76,8.3,294.0,1,-150.4,175.1,Above the Break 3,3PT Field Goal,K. Albrecht
26.8,32.14608073618228,0.3,19.2,165.0,0,142.4,226.6,Above the Break 3,3PT Field Goal,S. Whitfield
26.0,57.662498182819405,3.0,22.8,123.0,0,219.4,138.9,Above the Break 3,3PT Field Goal,A. Kowalski
0.2,2.862405226111748,2.34,14.9,316.0,1,-0.1,2.0,Restricted Area,2PT Field Goal,R. Delgado
25.9,23.66108891820538,6.17,5.3,177.0,1,-103.8,236.9,Above the Break 3,3PT Field Goal,A. Kowalski
26.3,56.68417265642416,5.78,14.5,551.0,1,-220.0,144.6,Above the Break 3,3PT Field Goal,B. Osei
1.8,27.263745560061462,5.6,7.4,78.0,1,-8.4,16.3,Restricted Area,2PT Field Goal,T. Nwosu
25.5,6.181064838222406,6.68,23.6,41.0,0,-27.4,253.0,Above the Break 3,3PT Field Goal,L. Fitzgerald
0.2,14.743562836470735,3.22,22.0,414.0,0,-0.5,1.9,Restricted Area,2PT Field Goal,T. Nwosu
20.0,38.33386165308735,8.26,8.9,218.0,0,-124.3,157.2,Mid-Range,2PT Field Goal,B. Osei
16.9,15.843082117687011,3.77,7.3,490.0,1,46.2,162.8,Mid-Range,2PT Field Goal,L. Fitzgerald
25.5,37.79032275538943,6.46,15.4,580.0,0,156.4,201.7,Above the Break 3,3PT Field Goal,K. Albrecht
18.8,14.464587538598112,9.22,5.3,680.0,1,-47.0,182.2,Mid-Range,2PT Field Goal,M. Okafor
27.4,36.451687704346924,3.13,18.0,604.0,0,-162.8,220.4,Above the Break 3,3PT Field Goal,S. Whitfield
1.4,27.474431626277134,5.2,8.2,384.0,0,-6.5,12.5,Restricted Area,2PT Field Goal,B. Osei
3.9,41.07611067724706,4.06,14.9,451.0,0,-25.8,29.6,Restricted Area,2PT Field Goal,D. Reyes
2.6,62.65678574524752,4.63,13.5,14.0,0,23.4,12.1,Restricted Area,2PT Field Goal,K. Albrecht
20.0,49.383156975590744,5.04,8.6,320.0,0,151.7,130.1,Mid-Range,2PT Field Goal,A. Kowalski
13.2,57.38515932964215,4.17,4.9,252.0,1,-110.8,70.9,In The Paint (Non-RA),2PT Field Goal,T. Nwosu
2.9,51.06663307360512,4.37,14.9,214.0,1,-22.9,18.5,Restricted Area,2PT Field Goal,T. Nwosu
2.7,43.66778014613036,5.97,11.8,9.0,1,18.9,19.8,Restricted Area,2PT Field Goal,K. Albrecht
17.4,1.9487585647180792,1.28,19.6,700.0,1,-5.9,173.4,Mid-Range,2PT Field Goal,M. Okafor
6.6,24.884960904074383,2.63,18.8,430.0,1,-27.6,59.5,In The Paint (Non-RA),2PT Field Goal,L. Fitzgerald
23.7,58.03304797573833,3.18,12.3,20.0,0,201.1,125.5,Above the Break 3,3PT Field Goal,T. Nwosu
5.2,12.731265451369705,1.16,20.9,181.0,1,-11.5,50.9,In The Paint (Non-RA),2PT Field Goal,R. Delgado
23.3,9.821627276436839,5.13,7.4,598.0,0,-39.8,229.9,Above the Break 3,3PT Field Goal,K. Albrecht
24.1,50.0272001386354,3.28,18.1,530.0,0,184.9,155.0,Above the Break 3,3PT Field Goal,B. Osei
12.4,32.407349056702024,2.35,15.9,269.0,0,66.4,104.6,In The Paint (Non-RA),2PT Field Goal,D. Reyes
2.4,5.384920269255168,1.19,6.8,207.0,0,2.3,24.4,Restricted Area,2PT Field Goal,M. Okafor
3.2,64.8084913535139,2.28,1.9,47.0,0,-28.7,13.5,Restricted Area,2PT Field Goal,D. Reyes
0.7,1.709814044141531,5.34,1.2,549.0,0,0.2,6.7,Restricted Area,2PT Field Goal,K. Albrecht
1.6,44.49741833327897,1.4,3.9,471.0,1,11.3,11.5,Restricted Area,2PT Field Goal,L. Fitzgerald
3.0,3.964654722856123,6.43,1.1,522.0,0,2.1,30.3,Restricted Area,2PT Field Goal,B. Osei
1.2,45.343084399523526,5.77,4.3,593.0,1,-8.4,8.3,Restricted Area,2PT Field Goal,R. Delgado
8.4,16.197633965948004,4.99,15.2,535.0,1,23.5,80.9,In The Paint (Non-RA),2PT Field Goal,K. Albrecht
1.5,37.54570118725154,0.44,9.5,672.0,0,9.3,12.1,Restricted Area,2PT Field Goal,M. Okafor
27.4,2.387687398089875,2.56,8.8,571.0,0,11.4,273.4,Above the Break 3,3PT Field Goal,T. Nwosu
17.8,0.6778339356415144,6.73,22.5,321.0,1,-2.1,177.5,Mid-Range,2PT Field Goal,R. Delgado
3.5,39.593050629528435,3.45,10.7,65.0,0,22.0,26.6,Restricted Area,2PT Field Goal,S. Whitfield
3.8,22.355778054909152,2.56,18.9,518.0,0,-14.6,35.5,Restricted Area,2PT Field Goal,B. Osei
1.3,28.679036269380642,2.65,18.9,576.0,1,-6.4,11.7,Restricted Area,2PT Field Goal,A. Kowalski
1.1,12.757532160876679,5.19,12.7,611.0,1,-2.4,10.6,Restricted Area,2PT Field Goal,K. Albrecht
9.5,20.739255795166223,0.3,18.3,435.0,1,-33.7,89.0,In The Paint (Non-RA),2PT Field Goal,S. Whitfield
2.7,22.61986494804043,6.68,8.4,458.0,1,10.5,25.2,Restricted Area,2PT Field Goal,T. Nwosu
2.4,35.17094467439808,4.84,17.0,39.0,0,13.6,19.3,Restricted Area,2PT Field Goal,L. Fitzgerald
24.9,1.8164793151182073,1.93,5.1,334.0,0,7.9,249.1,Above the Break 3,3PT Field Goal,K. Albrecht
8.8,57.91863689978849,5.72,17.1,181.0,1,74.5,46.7,In The Paint (Non-RA),2PT Field Goal,B. Osei
14.4,49.46759631692796,0.3,8.5,396.0,1,109.7,93.8,Mid-Range,2PT Field Goal,D. Reyes
12.8,48.13939307945173,1.46,15.0,94.0,1,95.2,85.3,In The Paint (Non-RA),2PT Field Goal,K. Albrecht
9.7,31.57261543535038,5.02,22.5,377.0,1,50.7,82.5,In The Paint (Non-RA),2PT Field Goal,L. Fitzgerald
1.3,60.989639737312594,7.75,2.8,652.0,1,11.0,6.1,Restricted Area,2PT Field Goal,J. Carter
11.0,28.7471343181002,1.56,1.3,277.0,0,-53.1,96.8,In The Paint (Non-RA),2PT Field Goal,K. Albrecht
11.7,26.214086013836372,1.04,7.7,395.0,1,51.6,104.8,In The Paint (Non-RA),2PT Field Goal,B. Osei
2.7,13.47949988286977,4.14,6.6,472.0,0,-6.4,26.7,Restricted Area,2PT Field Goal,M. Okafor
29.0,9.202051307285323,4.51,13.7,316.0,0,-46.3,285.8,Above the Break 3,3PT Field Goal,D. Reyes
2.7,64.19757638840353,2.54,8.0,54.0,1,24.2,11.7,Restricted Area,2PT Field Goal,R. Delgado
2.1,4.028263666485141,2.47,12.4,414.0,0,1.5,21.3,Restricted Area,2PT Field Goal,T. Nwosu
4.0,11.534620653644716,7.88,22.7,388.0,1,8.0,39.2,In The Paint (Non-RA),2PT Field Goal,T. Nwosu
22.5,52.457802968268005,2.14,4.4,155.0,0,-178.4,137.1,Above the Break 3,3PT Field Goal,D. Reyes
24.2,38.91479939737398,0.55,0.6,380.0,0,152.1,188.4,Above the Break 3,3PT Field Goal,T. Nwosu
14.9,29.921410328004363,3.33,16.2,452.0,1,-74.3,129.1,Mid-Range,2PT Field Goal,L. Fitzgerald
3.6,8.375049783212846,7.29,11.1,449.0,0,-5.3,36.0,Restricted Area,2PT Field Goal,T. Nwosu
19.4,34.4174641611796,5.88,22.9,314.0,0,-109.9,160.4,Mid-Range,2PT Field Goal,A. Kowalski
24.7,21.172426271882696,4.19,3.5,239.0,0,89.2,230.3,Above the Break 3,3PT Field Goal,L. Fitzgerald
3.0,37.13745437784499,1.29,16.5,102.0,0,-18.1,23.9,Restricted Area,2PT Field Goal,L. Fitzgerald
14.8,9.704640142405324,4.07,10.1,558.0,1,24.9,145.6,Mid-Range,2PT Field Goal,S. Whitfield
26.0,9.995206531741882,10.89,23.7,625.0,0,-45.1,255.9,Above the Break 3,3PT Field Goal,J. Carter
4.0,10.864059922087723,5.67,1.3,543.0,0,7.6,39.6,In The Paint (Non-RA),2PT Field Goal,M. Okafor
3.2,51.505626645683684,6.69,4.6,537.0,0,25.4,20.2,Restricted Area,2PT Field Goal,A. Kowalski
15.5,2.4028676778825693,0.61,5.7,277.0,0,-6.5,154.9,Mid-Range,2PT Field Goal,J. Carter
4.0,14.31387075367861,3.32,17.2,186.0,1,9.9,38.8,In The Paint (Non-RA),2PT Field Goal,J. Carter
3.3,11.950647266846147,2.98,19.7,578.0,1,6.9,32.6,Restricted Area,2PT Field Goal,M. Okafor
17.9,41.372791327439494,8.27,13.9,600.0,1,-118.2,134.2,Mid-Range,2PT Field Goal,J. Carter
27.9,45.856397072182084,3.6,6.2,497.0,0,200.3,194.4,Above the Break 3,3PT Field Goal,A. Kowalski
1.2,2.3859440303888126,4.12,0.5,166.0,0,0.5,12.0,Restricted Area,2PT Field Goal,M. Okafor
2.4,46.50304292128354,3.15,6.0,401.0,1,17.6,16.7,Restricted Area,2PT Field Goal,M. Okafor
21.4,60.62330859377923,0.3,22.9,525.0,0,-186.7,105.1,Mid-Range,2PT Field Goal,K. Albrecht
25.2,1.3433352783588157,6.9,17.2,115.0,1,5.9,251.6,Above the Break 3,3PT Field Goal,K. Albrecht
2.1,25.486387803244643,0.3,1.5,704.0,0,-9.2,19.3,Restricted Area,2PT Field Goal,R. Delgado
22.0,56.996899307923584,2.93,22.9,201.0,0,-184.3,119.7,Mid-Range,2PT Field Goal,M. Okafor
1.4,61.95189424544694,0.62,14.3,8.0,0,12.2,6.5,Restricted Area,2PT Field Goal,A. Kowalski
20.2,23.23956129094917,2.88,6.1,426.0,1,79.7,185.6,Mid-Range,2PT Field Goal,R. Delgado
2.4,52.25319461272534,3.19,18.0,661.0,0,18.6,14.4,Restricted Area,2PT Field Goal,K. Albrecht
16.9,12.826818130371453,3.07,6.5,74.0,1,37.5,164.7,Mid-Range,2PT Field Goal,D. Reyes
2.3,21.529006881839123,7.6,1.5,512.0,1,-8.6,21.8,Restricted Area,2PT Field Goal,D. Reyes
15.4,1.9326738830113441,1.49,17.1,678.0,1,-5.2,154.1,Mid-Range,2PT Field Goal,R. Delgado
2.0,53.18780201190451,3.54,22.4,665.0,0,-15.9,11.9,Restricted Area,2PT Field Goal,R. Delgado
1.5,16.105142084148863,5.5,17.3,40.0,1,4.1,14.2,Restricted Area,2PT Field Goal,J. Carter
3.0,23.173711757281637,3.3,1.2,680.0,0,11.9,27.8,Restricted Area,2PT Field Goal,A. Kowalski
0.2,5.710593137499643,3.05,19.6,338.0,1,0.2,2.0,Restricted Area,2PT Field Goal,R. Delgado
3.0,34.7431801583036,8.74,8.2,188.0,1,17.2,24.8,Restricted Area,2PT Field Goal,L. Fitzgerald
2.1,26.813621329137582,6.05,21.5,640.0,0,-9.3,18.4,Restricted Area,2PT Field Goal,A. Kowalski
17.3,54.26550983770031,2.32,7.3,614.0,0,140.1,100.8,Mid-Range,2PT Field Goal,B. Osei
9.6,23.550862352682806,4.85,11.0,172.0,1,38.4,88.1,In The Paint (Non-RA),2PT Field Goal,M. Okafor
23.7,35.973967360943625,2.17,22.4,655.0,0,-139.0,191.5,Above the Break 3,3PT Field Goal,R. Delgado
10.0,23.782915286459136,5.3,12.1,358.0,1,40.5,91.9,In The Paint (Non-RA),2PT Field Goal,R. Delgado
14.5,26.671056198610785,0.95,7.1,675.0,0,65.1,129.6,Mid-Range,2PT Field Goal,J. Carter
27.0,55.80394470017121,6.11,5.5,648.0,1,223.4,151.8,Above the Break 3,3PT Field Goal,B. Osei
28.3,2.511540709511786,5.12,9.9,214.0,0,-12.4,282.7,Above the Break 3,3PT Field Goal,R. Delgado
16.3,36.05325223587906,5.04,2.8,695.0,1,-95.8,131.6,Mid-Range,2PT Field Goal,M. Okafor
2.4,49.10999796127477,4.24,15.9,582.0,1,-17.9,15.5,Restricted Area,2PT Field Goal,M. Okafor
5.0,22.64610728796712,4.77,20.3,641.0,1,-19.4,46.5,In The Paint (Non-RA),2PT Field Goal,B. Osei
0.2,11.309932474020215,2.24,3.9,168.0,0,-0.4,2.0,Restricted Area,2PT Field Goal,B. Osei
19.7,33.56881535192554,4.39,9.8,49.0,0,108.7,163.8,Mid-Range,2PT Field Goal,K. Albrecht
4.0,59.650717758281225,5.63,4.7,254.0,1,-34.5,20.2,In The Paint (Non-RA),2PT Field Goal,B. Osei
19.0,52.954794016874814,5.25,20.4,613.0,1,-151.3,114.2,Mid-Range,2PT Field Goal,L. Fitzgerald
0.2,32.9052429229879,2.09,6.6,421.0,0,1.1,1.7,Restricted Area,2PT Field Goal,R. Delgado
22.5,40.819463281699704,5.56,23.6,395.0,0,-147.1,170.3,Above the Break 3,3PT Field Goal,J. Carter
1.0,64.91640599380908,1.47,10.8,59.0,1,-9.4,4.4,Restricted Area,2PT Field Goal,T. Nwosu
21.4,55.969022532851774,2.55,4.9,165.0,0,-177.7,120.0,Mid-Range,2PT Field Goal,K. Albrecht
26.5,20.46257335180203,2.26,16.7,55.0,1,92.8,248.7,Above the Break 3,3PT Field Goal,M. Okafor
2.8,12.151867229554378,2.83,5.5,47.0,1,5.9,27.4,Restricted Area,2PT Field Goal,L. Fitzgerald
16.5,58.77440334034168,3.95,20.6,276.0,0,141.2,85.6,Mid-Range,2PT Field Goal,J. Carter
1.3,48.33091738045005,5.8,14.8,136.0,1,-10.0,8.9,Restricted Area,2PT Field Goal,K. Albrecht
1.6,22.479434397103113,6.7,6.3,73.0,0,6.0,14.5,Restricted Area,2PT Field Goal,R. Delgado
0.2,59.53445508054013,5.27,19.4,684.0,0,-1.7,1.0,Restricted Area,2PT Field Goal,M. Okafor
1.5,42.89834567232871,2.53,3.7,703.0,1,10.5,11.3,Restricted Area,2PT Field Goal,J. Carter
17.3,1.1239507317588002,5.96,19.2,457.0,1,3.4,173.3,Mid-Range,2PT Field Goal,A. Kowalski
2.3,60.87283902179396,6.51,6.3,108.0,1,-20.1,11.2,Restricted Area,2PT Field Goal,S. Whitfield
2.8,67.48850305475342,2.47,4.3,211.0,1,-26.3,10.9,Restricted Area,2PT Field Goal,D. Reyes
1.7,61.04278240121176,1.48,0.9,315.0,1,15.0,8.3,Restricted Area,2PT Field Goal,M. Okafor
26.0,3.1932606302974715,3.87,23.4,297.0,0,-14.5,259.9,Above the Break 3,3PT Field Goal,M. Okafor
19.9,56.845615612999055,8.71,10.9,392.0,1,166.4,108.7,Mid-Range,2PT Field Goal,A. Kowalski
5.7,49.93570057145406,3.53,6.0,381.0,1,-43.4,36.5,In The Paint (Non-RA),2PT Field Goal,M. Okafor
16.0,3.4357725810808364,3.82,6.4,166.0,1,-9.6,159.9,Mid-Range,2PT Field Goal,D. Reyes
24.0,26.394242577036703,5.86,22.2,121.0,0,106.7,215.0,Above the Break 3,3PT Field Goal,B. Osei
15.9,59.82647997035567,1.5,12.0,537.0,0,-137.6,80.0,Mid-Range,2PT Field Goal,L. Fitzgerald
4.7,8.23402445212883,1.72,19.9,497.0,1,6.7,46.3,In The Paint (Non-RA),2PT Field Goal,R. Delgado
2.3,62.99166343563687,3.95,21.5,583.0,0,20.6,10.5,Restricted Area,2PT Field Goal,A. Kowalski
8.1,33.631522812519854,6.17,2.6,453.0,1,-45.1,67.8,In The Paint (Non-RA),2PT Field Goal,K. Albrecht
24.6,33.193482141647436,3.51,11.8,273.0,0,-134.9,206.2,Above the Break 3,3PT Field Goal,T. Nwosu
21.8,33.66095012052653,2.72,8.0,330.0,1,-121.0,181.7,Mid-Range,2PT Field Goal,R. Delgado
11.8,3.363599736707603,0.35,9.9,96.0,1,6.9,117.4,In The Paint (Non-RA),2PT Field Goal,D. Reyes
26.0,22.62325232451897,7.89,16.4,614.0,1,-100.1,240.2,Above the Break 3,3PT Field Goal,M. Okafor
2.6,12.359508726735436,1.31,5.1,666.0,1,5.5,25.1,Restricted Area,2PT Field Goal,R. Delgado
1.3,63.63812449438839,7.26,19.7,352.0,1,11.3,5.6,Restricted Area,2PT Field Goal,A. Kowalski
25.6,56.26639938171438,2.56,18.9,129.0,1,-212.5,141.9,Above the Break 3,3PT Field Goal,M. Okafor
25.1,59.96579151678099,6.87,7.5,352.0,0,216.9,125.4,Above the Break 3,3PT Field Goal,M. Okafor
1.2,38.047042531826094,8.17,9.1,495.0,1,7.2,9.2,Restricted Area,2PT Field Goal,T. Nwosu
4.0,17.75558406745676,2.19,8.9,56.0,0,12.2,38.1,In The Paint (Non-RA),2PT Field Goal,K. Albrecht
1.1,17.744671625056935,5.56,10.7,291.0,1,-3.2,10.0,Restricted Area,2PT Field Goal,D. Reyes
16.8,36.009808769003605,5.92,19.1,176.0,1,98.7,135.8,Mid-Range,2PT Field Goal,A. Kowalski
3.5,48.93722516482409,7.12,10.5,625.0,0,-26.4,23.0,Restricted Area,2PT Field Goal,B. Osei
21.0,65.20390476326425,3.5,15.1,498.0,0,-190.7,88.1,Mid-Range,2PT Field Goal,A. Kowalski
17.2,10.031104694379037,7.07,10.6,179.0,1,30.0,169.6,Mid-Range,2PT Field Goal,S. Whitfield
2.1,39.119837474117396,4.46,0.1,641.0,1,-13.5,16.6,Restricted Area,2PT Field Goal,M. Okafor
23.4,30.862942947818514,1.89,16.0,120.0,1,-120.0,200.8,Above the Break 3,3PT Field Goal,T. Nwosu
3.8,26.36187550561161,6.54,13.8,152.0,1,-16.8,33.9,Restricted Area,2PT Field Goal,S. Whitfield
21.2,22.258119849632713,7.14,6.1,274.0,0,-80.3,196.2,Mid-Range,2PT Field Goal,A. Kowalski
1.3,9.246112745563252,4.19,15.9,351.0,1,2.1,12.9,Restricted Area,2PT Field Goal,J. Carter
2.7,50.02907358178545,3.93,15.1,148.0,1,20.4,17.1,Restricted Area,2PT Field Goal,D. Reyes
6.5,54.78240703180729,6.01,15.6,64.0,0,52.7,37.2,In The Paint (Non-RA),2PT Field Goal,L. Fitzgerald
2.4,2.8155566842112285,8.12,14.8,73.0,1,1.2,24.4,Restricted Area,2PT Field Goal,B. Osei
12.7,47.326262329835956,1.35,14.3,3.0,0,-93.5,86.2,In The Paint (Non-RA),2PT Field Goal,K. Albrecht
1.8,20.256462174523122,6.67,22.8,436.0,0,-6.2,16.8,Restricted Area,2PT Field Goal,M. Okafor
2.4,63.43494882292201,8.91,21.9,311.0,1,21.6,10.8,Restricted Area,2PT Field Goal,R. Delgado
1.2,51.34019174590991,2.18,16.0,235.0,1,-9.0,7.2,Restricted Area,2PT Field Goal,T. Nwosu
2.0,41.07611067724706,5.55,20.7,334.0,0,12.9,14.8,Restricted Area,2PT Field Goal,J. Carter
20.6,10.133458902327503,4.36,10.7,117.0,0,36.3,203.1,Mid-Range,2PT Field Goal,B. Osei
26.0,36.92274945298884,5.04,7.0,583.0,0,156.3,208.0,Above the Break 3,3PT Field Goal,M. Okafor
1.6,40.640592155655185,7.11,16.6,447.0,1,10.3,12.0,Restricted Area,2PT Field Goal,T. Nwosu
24.3,8.543590499843297,0.52,0.2,638.0,0,36.1,240.3,Above the Break 3,3PT Field Goal,M. Okafor
16.3,43.53755221275285,3.04,15.7,114.0,0,112.6,118.5,Mid-Range,2PT Field Goal,T. Nwosu
2.9,41.84299991459485,1.02,20.3,109.0,0,19.7,22.0,Restricted Area,2PT Field Goal,A. Kowalski
1.9,46.041626676009976,3.48,1.0,495.0,0,14.0,13.5,Restricted Area,2PT Field Goal,S. Whitfield
25.7,51.50411275211203,8.54,14.4,465.0,1,200.8,159.7,Above the Break 3,3PT Field Goal,B. Osei
0.4,47.91083782616776,1.79,11.2,45.0,0,-3.1,2.8,Restricted Area,2PT Field Goal,D. Reyes
1.6,2.4742044681704494,3.12,13.0,319.0,0,-0.7,16.2,Restricted Area,2PT Field Goal,T. Nwosu
14.4,66.69173763325844,2.8,0.2,344.0,0,132.3,57.0,Mid-Range,2PT Field Goal,T. Nwosu
24.4,29.186653265730172,5.14,11.8,436.0,0,-119.2,213.4,Above the Break 3,3PT Field Goal,B. Osei
25.9,23.13458591199479,3.47,9.9,112.0,0,-101.6,237.8,Above the Break 3,3PT Field Goal,S. Whitfield
4.7,47.339071903555435,2.4,2.4,462.0,0,34.4,31.7,In The Paint (Non-RA),2PT Field Goal,K. Albrecht
1.9,37.046918028561585,2.43,0.4,322.0,1,11.7,15.5,Restricted Area,2PT Field Goal,D. Reyes
1.0,40.91438322002513,3.84,4.1,307.0,1,6.5,7.5,Restricted Area,2PT Field Goal,T. Nwosu
3.6,47.4604145385917,1.37,13.8,635.0,1,26.7,24.5,Restricted Area,2PT Field Goal,B. Osei
19.3,67.60373165469166,0.3,12.1,224.0,0,178.6,73.6,Mid-Range,2PT Field Goal,A. Kowalski
26.8,46.56935480474899,6.91,15.6,431.0,1,-195.0,184.6,Above the Break 3,3PT Field Goal,T. Nwosu
2.5,4.311761901982418,4.51,0.2,669.0,0,1.9,25.2,Restricted Area,2PT Field Goal,D. Reyes
7.4,12.245167553393696,2.82,7.9,74.0,1,-15.8,72.8,In The Paint (Non-RA),2PT Field Goal,B. Osei
3.0,13.488412072106668,3.83,3.4,696.0,0,-7.1,29.6,Restricted Area,2PT Field Goal,A. Kowalski
1.2,47.459043990104625,5.9,17.7,64.0,0,8.5,7.8,Restricted Area,2PT Field Goal,A. Kowalski
16.7,66.79241203361279,2.22,0.9,176.0,0,153.7,65.9,Mid-Range,2PT Field Goal,A. Kowalski
25.9,26.950509464055564,4.27,20.9,33.0,0,117.5,231.1,Above the Break 3,3PT Field Goal,M. Okafor
1.6,64.56776858128949,2.97,19.3,162.0,0,-14.3,6.8,Restricted Area,2PT Field Goal,T. Nwosu
26.7,11.47837467436381,7.04,1.0,373.0,0,-53.1,261.5,Above the Break 3,3PT Field Goal,J. Carter
23.0,61.049468718457575,0.3,14.8,400.0,1,201.2,111.3,Above the Break 3,3PT Field Goal,K. Albrecht
3.2,3.0035058293069614,0.96,21.9,689.0,1,1.7,32.4,Restricted Area,2PT Field Goal,M. Okafor
26.3,37.68798017230418,7.46,4.7,238.0,1,-161.0,208.4,Above the Break 3,3PT Field Goal,T. Nwosu
26.0,51.06850311109651,1.44,23.9,215.0,1,-202.4,163.5,Above the Break 3,3PT Field Goal,A. Kowalski
16.6,41.37051979223472,2.37,19.7,634.0,1,-110.0,124.9,Mid-Range,2PT Field Goal,D. Reyes
0.4,55.88552705465874,1.37,23.5,508.0,1,-3.1,2.1,Restricted Area,2PT Field Goal,K. Albrecht
2.5,43.37271667760641,0.3,10.2,651.0,1,17.1,18.1,Restricted Area,2PT Field Goal,A. Kowalski
2.2,23.477399892092922,3.97,11.7,409.0,1,8.6,19.8,Restricted Area,2PT Field Goal,S. Whitfield
24.4,17.899628801235156,5.77,19.0,634.0,0,74.9,231.9,Above the Break 3,3PT Field Goal,L. Fitzgerald
25.2,37.406418903680034,4.91,6.4,329.0,0,153.1,200.2,Above the Break 3,3PT Field Goal,K. Albrecht
1.5,5.088260197537607,1.33,2.2,410.0,0,-1.3,14.6,Restricted Area,2PT Field Goal,R. Delgado
19.7,38.76414724633687,2.96,2.8,28.0,0,123.5,153.8,Mid-Range,2PT Field Goal,J. Carter
2.2,41.061260916148804,8.0,7.4,582.0,0,14.2,16.3,Restricted Area,2PT Field Goal,S. Whitfield
22.5,24.41234506304915,3.75,8.6,14.0,0,93.0,204.9,Above the Break 3,3PT Field Goal,T. Nwosu
17.3,42.703772540518166,2.03,16.5,138.0,0,-117.3,127.1,Mid-Range,2PT Field Goal,D. Reyes
25.6,63.02520053886372,6.24,6.5,297.0,0,228.5,116.3,Above the Break 3,3PT Field Goal,T. Nwosu
24.8,0.6710426627794819,3.5,5.7,196.0,1,-2.9,247.6,Above the Break 3,3PT Field Goal,J. Carter
0.8,30.46554491945988,0.3,6.2,362.0,1,4.0,6.8,Restricted Area,2PT Field Goal,L. Fitzgerald
2.3,31.429565614838516,2.2,9.9,414.0,0,-12.1,19.8,Restricted Area,2PT Field Goal,K. Albrecht
16.2,52.76966739560216,6.3,11.1,612.0,0,-129.1,98.1,Mid-Range,2PT Field Goal,D. Reyes
22.5,60.643633663452874,3.8,11.7,529.0,0,-196.1,110.3,Above the Break 3,3PT Field Goal,K. Albrecht
0.6,60.1409838350769,3.96,15.8,240.0,1,-5.4,3.1,Restricted Area,2PT Field Goal,D. Reyes
0.6,64.35899417569472,5.66,7.8,593.0,1,5.0,2.4,Restricted Area,2PT Field Goal,M. Okafor
3.7,56.35288282543016,2.38,23.8,551.0,0,-30.8,20.5,Restricted Area,2PT Field Goal,A. Kowalski
1.2,48.638186577864666,0.7,16.3,679.0,0,-9.2,8.1,Restricted Area,2PT Field Goal,A. Kowalski
0.2,55.4914770123316,4.14,13.7,141.0,0,1.6,1.1,Restricted Area,2PT Field Goal,D. Reyes
3.2,66.80140948635182,2.71,20.1,7.0,1,-29.4,12.6,Restricted Area,2PT Field Goal,D. Reyes
1.1,45.0,4.15,12.7,459.0,0,8.1,8.1,Restricted Area,2PT Field Goal,D. Reyes
6.3,37.7398710909337,2.49,22.5,676.0,0,38.7,50.0,In The Paint (Non-RA),2PT Field Goal,R. Delgado
26.4,56.09933141838545,2.44,11.0,302.0,0,219.2,147.3,Above the Break 3,3PT Field Goal,R. Delgado
24.3,19.53665493812839,0.9,20.1,392.0,1,81.4,229.4,Above the Break 3,3PT Field Goal,R. Delgado
0.2,32.9052429229879,4.84,2.8,158.0,0,-1.1,1.7,Restricted Area,2PT Field Goal,M. Okafor
20.9,66.88425364366945,8.67,22.7,71.0,1,192.1,82.0,Mid-Range,2PT Field Goal,S. Whitfield
20.4,37.477668208087024,1.32,23.6,500.0,1,123.9,161.6,Mid-Range,2PT Field Goal,T. Nwosu
2.0,31.85275762473051,6.85,7.4,49.0,1,-10.5,16.9,Restricted Area,2PT Field Goal,M. Okafor
20.5,30.6899379214409,5.76,11.6,709.0,1,-104.4,175.9,Mid-Range,2PT Field Goal,S. Whitfield
3.1,36.214701282115406,2.69,18.9,422.0,0,18.6,25.4,Restricted Area,2PT Field Goal,L. Fitzgerald
2.5,6.9810574068297955,1.83,5.1,577.0,1,3.0,24.5,Restricted Area,2PT Field Goal,L. Fitzgerald
4.0,53.33053654732725,5.43,20.5,349.0,0,32.1,23.9,In The Paint (Non-RA),2PT Field Goal,A. Kowalski
26.0,19.25051682911173,3.37,12.0,304.0,0,-85.7,245.4,Above the Break 3,3PT Field Goal,L. Fitzgerald
1.9,41.383886103845285,3.53,17.7,207.0,1,-12.6,14.3,Restricted Area,2PT Field Goal,J. Carter
16.6,33.18295379529477,3.13,5.1,81.0,0,90.9,139.0,Mid-Range,2PT Field Goal,R. Delgado
21.8,59.509155992926836,8.61,4.7,576.0,1,-188.0,110.7,Mid-Range,2PT Field Goal,M. Okafor
2.8,26.472189379112567,0.46,0.9,414.0,0,-12.3,24.7,Restricted Area,2PT Field Goal,D. Reyes
25.1,11.251645841519492,5.2,15.6,217.0,0,-48.9,245.8,Above the Break 3,3PT Field Goal,T. Nwosu
0.9,7.943471810590411,8.58,12.5,106.0,0,1.2,8.6,Restricted Area,2PT Field Goal,K. Albrecht
2.2,2.2906100426385296,4.58,15.6,266.0,1,0.9,22.5,Restricted Area,2PT Field Goal,B. Osei
18.1,52.889285320563246,9.16,4.9,138.0,1,144.2,109.1,Mid-Range,2PT Field Goal,J. Carter
13.6,44.70158718000512,4.21,5.6,712.0,0,95.5,96.5,In The Paint (Non-RA),2PT Field Goal,K. Albrecht
26.4,45.56848331352335,4.6,11.1,293.0,0,-188.3,184.6,Above the Break 3,3PT Field Goal,B. Osei
3.9,48.46505515335765,6.02,8.1,377.0,0,-28.9,25.6,Restricted Area,2PT Field Goal,M. Okafor
2.6,21.72105080199731,2.54,2.3,265.0,0,9.8,24.6,Restricted Area,2PT Field Goal,J. Carter
25.6,16.979547749538497,4.29,20.0,103.0,0,-74.9,245.3,Above the Break 3,3PT Field Goal,B. Osei
5.7,65.42233302472343,5.55,22.5,271.0,1,51.6,23.6,In The Paint (Non-RA),2PT Field Goal,D. Reyes
25.0,27.23184751238745,2.67,23.4,296.0,0,-114.3,222.1,Above the Break 3,3PT Field Goal,R. Delgado
2.2,40.85016470901804,5.3,21.5,80.0,0,-14.7,17.0,Restricted Area,2PT Field Goal,A. Kowalski
0.2,20.224859431168078,6.75,7.0,491.0,1,-0.7,1.9,Restricted Area,2PT Field Goal,D. Reyes
26.4,27.75955191126225,1.52,17.0,611.0,0,122.9,233.5,Above the Break 3,3PT Field Goal,J. Carter
1.6,9.286927512496995,3.94,16.0,500.0,0,2.6,15.9,Restricted Area,2PT Field Goal,K. Albrecht
0.5,34.28687697720896,5.15,14.2,383.0,1,-3.0,4.4,Restricted Area,2PT Field Goal,S. Whitfield
3.0,55.56101069119639,2.56,5.9,687.0,1,24.5,16.8,Restricted Area,2PT Field Goal,R. Delgado
27.0,59.13088698205784,6.58,12.9,518.0,1,231.7,138.5,Above the Break 3,3PT Field Goal,B. Osei
1.2,41.91518766950241,7.09,0.8,89.0,0,7.9,8.8,Restricted Area,2PT Field Goal,S. Whitfield
16.5,27.464586144887125,2.93,17.4,424.0,0,-76.2,146.6,Mid-Range,2PT Field Goal,L. Fitzgerald
22.5,60.08453964513842,4.81,0.1,283.0,0,-195.0,112.2,Above the Break 3,3PT Field Goal,J. Carter
15.1,19.80172987210378,2.78,15.4,329.0,0,51.2,142.2,Mid-Range,2PT Field Goal,T. Nwosu
25.5,22.00553056520543,3.96,22.4,163.0,0,95.7,236.8,Above the Break 3,3PT Field Goal,A. Kowalski
24.4,53.89500179175665,5.33,6.1,84.0,1,197.3,143.9,Above the Break 3,3PT Field Goal,S. Whitfield
2.5,64.6758185980528,3.89,6.1,626.0,0,-22.4,10.6,Restricted Area,2PT Field Goal,D. Reyes
23.5,35.99689595590198,4.65,11.7,381.0,1,-138.1,190.1,Above the Break 3,3PT Field Goal,R. Delgado
20.5,59.127394677199085,3.22,22.1,476.0,0,175.8,105.1,Mid-Range,2PT Field Goal,R. Delgado
0.9,67.83365417791754,7.01,3.0,698.0,1,8.1,3.3,Restricted Area,2PT Field Goal,A. Kowalski
4.0,21.243092416281467,6.41,7.0,628.0,0,-14.5,37.3,In The Paint (Non-RA),2PT Field Goal,M. Okafor
0.7,50.41186915231703,2.82,4.3,540.0,0,5.2,4.3,Restricted Area,2PT Field Goal,S. Whitfield
2.2,43.71883830535794,5.55,1.8,520.0,1,15.3,16.0,Restricted Area,2PT Field Goal,L. Fitzgerald
27.8,52.79268497360348,10.37,5.3,446.0,0,-221.8,168.4,Above the Break 3,3PT Field Goal,T. Nwosu
19.6,36.44985669074711,3.19,19.5,666.0,1,116.7,158.0,Mid-Range,2PT Field Goal,M. Okafor
4.0,12.994616791916505,7.47,9.7,402.0,0,-9.0,39.0,In The Paint (Non-RA),2PT Field Goal,B. Osei
27.2,23.85351302054082,10.46,10.2,323.0,0,-110.1,249.0,Above the Break 3,3PT Field Goal,K. Albrecht
21.5,28.81896951054215,3.8,20.5,399.0,1,103.6,188.3,Mid-Range,2PT Field Goal,B. Osei
12.5,9.469845288275595,6.14,9.4,247.0,0,-20.6,123.5,In The Paint (Non-RA),2PT Field Goal,D. Reyes
2.3,52.03794076318467,0.3,21.7,199.0,1,18.2,14.2,Restricted Area,2PT Field Goal,S. Whitfield
9.2,29.72165014014807,7.48,11.5,516.0,0,-45.5,79.7,In The Paint (Non-RA),2PT Field Goal,K. Albrecht
23.6,34.93440856768953,5.79,3.1,377.0,0,-135.3,193.7,Above the Break 3,3PT Field Goal,M. Okafor
14.7,57.463238285565865,6.24,19.0,618.0,0,-124.3,79.3,Mid-Range,2PT Field Goal,T. Nwosu
6.7,47.66300076606714,4.75,3.3,491.0,1,49.5,45.1,In The Paint (Non-RA),2PT Field Goal,S. Whitfield
14.4,16.250679753365944,6.54,23.0,184.0,0,-40.4,138.6,Mid-Range,2PT Field Goal,J. Carter
21.1,59.6224880906543,6.89,17.8,186.0,1,-182.2,106.8,Mid-Range,2PT Field Goal,D. Reyes
16.0,64.87504218471818,5.95,4.3,111.0,1,145.0,68.0,Mid-Range,2PT Field Goal,S. Whitfield
1.0,46.97493401088198,3.67,7.7,309.0,1,-7.5,7.0,Restricted Area,2PT Field Goal,B. Osei
2.8,38.14567035930611,3.93,4.4,490.0,0,-17.2,21.9,Restricted Area,2PT Field Goal,R. Delgado
3.2,23.94446576676967,4.39,19.1,49.0,1,13.1,29.5,Restricted Area,2PT Field Goal,A. Kowalski
23.5,64.03516836508048,3.81,8.5,362.0,1,211.1,102.8,Above the Break 3,3PT Field Goal,M. Okafor
3.1,63.269114902460935,2.39,13.7,545.0,1,27.6,13.9,Restricted Area,2PT Field Goal,R. Delgado
0.2,66.03751102542182,1.37,13.6,441.0,1,1.8,0.8,Restricted Area,2PT Field Goal,K. Albrecht
16.7,21.417994869400097,4.07,17.6,216.0,0,-60.8,155.0,Mid-Range,2PT Field Goal,M. Okafor
8.2,20.09683598084407,2.18,21.6,682.0,1,-28.1,76.8,In The Paint (Non-RA),2PT Field Goal,S. Whitfield
27.0,59.78333138416592,3.46,5.4,692.0,0,-233.0,135.7,Above the Break 3,3PT Field Goal,M. Okafor
2.3,36.91941861839892,1.35,17.4,561.0,0,13.9,18.5,Restricted Area,2PT Field Goal,T. Nwosu
0.2,49.08561677997488,1.15,23.2,344.0,1,1.5,1.3,Restricted Area,2PT Field Goal,B. Osei
4.0,64.97444240892912,3.33,4.7,138.0,1,-36.2,16.9,In The Paint (Non-RA),2PT Field Goal,R. Delgado
5.3,23.382547681911802,3.76,14.9,182.0,1,-21.1,48.8,In The Paint (Non-RA),2PT Field Goal,L. Fitzgerald
2.1,53.18375007210458,9.32,15.1,343.0,1,17.1,12.8,Restricted Area,2PT Field Goal,B. Osei
10.1,11.900360011283103,4.11,4.3,395.0,0,-20.8,98.7,In The Paint (Non-RA),2PT Field Goal,L. Fitzgerald
15.0,39.83976877379361,6.73,22.6,409.0,1,96.2,115.3,Mid-Range,2PT Field Goal,J. Carter
1.5,11.086413011659632,5.45,23.6,657.0,1,-2.9,14.8,Restricted Area,2PT Field Goal,K. Albrecht
18.0,63.02234666657235,5.0,17.7,491.0,1,160.5,81.7,Mid-Range,2PT Field Goal,A. Kowalski
2.9,55.864059922087726,3.61,15.8,66.0,1,-23.6,16.0,Restricted Area,2PT Field Goal,J. Carter
15.7,31.710586591885942,5.79,20.2,480.0,0,82.3,133.2,Mid-Range,2PT Field Goal,L. Fitzgerald
24.4,59.86714343680797,5.52,15.6,643.0,0,210.7,122.3,Above the Break 3,3PT Field Goal,J. Carter
24.9,40.032373065296504,1.07,13.9,2.0,0,160.2,190.7,Above the Break 3,3PT Field Goal,M. Okafor
14.5,47.574615522619425,5.85,17.5,47.0,1,106.9,97.7,Mid-Range,2PT Field Goal,J. Carter
22.5,24.947664124305707,3.83,13.2,686.0,0,-94.9,204.0,Above the Break 3,3PT Field Goal,L. Fitzgerald
2.6,6.747898657459012,0.62,2.5,629.0,0,3.1,26.2,Restricted Area,2PT Field Goal,J. Carter
0.7,0.0,2.51,5.9,527.0,0,0.0,6.6,Restricted Area,2PT Field Goal,J. Carter
10.7,63.43494882292201,5.93,20.8,389.0,1,-95.4,47.7,In The Paint (Non-RA),2PT Field Goal,D. Reyes
8.4,39.75334952430453,6.47,3.8,352.0,1,53.9,64.8,In The Paint (Non-RA),2PT Field Goal,K. Albrecht
25.2,59.106315727543866,4.03,4.4,372.0,0,-216.6,129.6,Above the Break 3,3PT Field Goal,D. Reyes
11.9,37.29302092029397,7.12,18.9,47.0,0,-72.2,94.8,In The Paint (Non-RA),2PT Field Goal,K. Albrecht
4.0,29.012649667098042,6.13,17.4,80.0,0,-19.3,34.8,Restricted Area,2PT Field Goal,T. Nwosu
21.6,59.16793679279206,0.72,1.1,505.0,0,185.8,110.9,Mid-Range,2PT Field Goal,T. Nwosu
1.8,56.04094018032373,1.77,11.5,551.0,1,14.7,9.9,Restricted Area,2PT Field Goal,J. Carter
27.5,21.16000794260384,5.1,17.6,24.0,1,-99.4,256.8,Above the Break 3,3PT Field Goal,J. Carter
0.2,17.52556837372287,2.22,3.0,526.0,0,-0.6,1.9,Restricted Area,2PT Field Goal,D. Reyes
3.7,43.58153722811151,2.85,22.3,405.0,1,-25.6,26.9,Restricted Area,2PT Field Goal,B. Osei
3.9,30.203237754942652,4.98,3.2,553.0,0,-19.5,33.5,Restricted Area,2PT Field Goal,B. Osei
3.5,56.75894976673855,3.62,8.6,516.0,1,-29.6,19.4,Restricted Area,2PT Field Goal,L. Fitzgerald
15.1,56.44667631823829,2.69,6.4,478.0,0,125.9,83.5,Mid-Range,2PT Field Goal,D. Reyes
2.7,21.250505507133244,1.04,12.7,265.0,0,-9.8,25.2,Restricted Area,2PT Field Goal,T. Nwosu
1.0,40.539151741483444,9.04,0.5,491.0,1,-6.5,7.6,Restricted Area,2PT Field Goal,T. Nwosu
16.9,55.54027793215947,1.06,14.0,372.0,0,-139.6,95.8,Mid-Range,2PT Field Goal,R. Delgado
24.7,48.15613459618907,3.29,17.6,193.0,0,-183.7,164.5,Above the Break 3,3PT Field Goal,D. Reyes
3.2,63.35402263448662,6.82,18.7,17.0,1,-28.3,14.2,Restricted Area,2PT Field Goal,B. Osei
11.7,12.523481337547159,4.05,9.1,715.0,0,-25.3,113.9,In The Paint (Non-RA),2PT Field Goal,M. Okafor
4.0,44.08740104841614,2.08,23.1,496.0,1,27.8,28.7,In The Paint (Non-RA),2PT Field Goal,B. Osei
3.0,57.15091104091421,1.63,17.8,40.0,1,25.4,16.4,Restricted Area,2PT Field Goal,M. Okafor
4.0,34.81415721594299,6.96,4.3,12.0,1,-22.6,32.5,Restricted Area,2PT Field Goal,L. Fitzgerald
1.1,52.82907651005961,6.08,5.2,600.0,1,-9.1,6.9,Restricted Area,2PT Field Goal,B. Osei
25.3,16.78608885034159,0.3,21.0,607.0,0,-73.0,242.0,Above the Break 3,3PT Field Goal,S. Whitfield
3.3,65.23709427606286,1.07,1.8,227.0,0,-29.7,13.7,Restricted Area,2PT Field Goal,M. Okafor
15.6,42.48112939443542,5.75,9.3,46.0,0,105.4,115.1,Mid-Range,2PT Field Goal,J. Carter
28.6,26.287613613347528,8.04,8.0,25.0,0,-126.8,256.7,Above the Break 3,3PT Field Goal,A. Kowalski
10.7,26.541197814795364,3.01,8.8,657.0,0,-48.0,96.1,In The Paint (Non-RA),2PT Field Goal,L. Fitzgerald
11.5,51.837187939894385,6.49,2.2,281.0,0,90.6,71.2,In The Paint (Non-RA),2PT Field Goal,S. Whitfield
3.2,59.22246961446552,0.56,4.5,548.0,1,27.2,16.2,Restricted Area,2PT Field Goal,D. Reyes
0.3,54.68878656036681,0.38,4.5,688.0,1,2.4,1.7,Restricted Area,2PT Field Goal,S. Whitfield
0.2,0.0,1.36,13.9,273.0,0,0.0,2.0,Restricted Area,2PT Field Goal,K. Albrecht
27.1,22.38704259647438,5.43,5.5,389.0,1,-103.1,250.3,Above the Break 3,3PT Field Goal,R. Delgado
1.2,56.83677536786273,4.74,11.2,611.0,0,-10.1,6.6,Restricted Area,2PT Field Goal,M. Okafor
2.2,62.00582873368057,5.94,7.2,634.0,1,19.0,10.1,Restricted Area,2PT Field Goal,J. Carter
28.1,63.10613877690743,0.3,1.1,27.0,0,-250.2,126.9,Above the Break 3,3PT Field Goal,J. Carter
8.3,44.0704318582909,8.15,8.0,139.0,0,57.6,59.5,In The Paint (Non-RA),2PT Field Goal,K. Albrecht
5.6,48.212209760109225,3.31,16.6,357.0,1,41.4,37.0,In The Paint (Non-RA),2PT Field Goal,D. Reyes
2.6,42.34786786096274,10.46,11.6,127.0,0,17.5,19.2,Restricted Area,2PT Field Goal,R. Delgado
1.8,47.48955292199916,4.87,16.6,325.0,1,13.2,12.1,Restricted Area,2PT Field Goal,D. Reyes
26.6,9.97182475682709,0.3,3.4,115.0,0,-46.1,262.2,Above the Break 3,3PT Field Goal,K. Albrecht
2.0,49.492581479915316,4.17,20.6,703.0,1,15.1,12.9,Restricted Area,2PT Field Goal,A. Kowalski
1.9,19.093492000485615,2.29,17.7,690.0,0,-6.3,18.2,Restricted Area,2PT Field Goal,R. Delgado
27.7,60.208862701659534,7.86,1.9,522.0,1,240.0,137.4,Above the Break 3,3PT Field Goal,J. Carter
2.2,61.30509562065655,4.78,9.8,36.0,1,-19.0,10.4,Restricted Area,2PT Field Goal,M. Okafor
22.5,49.65001313443489,7.18,15.4,476.0,0,171.5,145.7,Above the Break 3,3PT Field Goal,J. Carter
2.8,16.65941401481843,2.39,21.7,571.0,1,-7.9,26.4,Restricted Area,2PT Field Goal,B. Osei
20.6,10.29489150760948,2.46,15.4,35.0,0,36.8,202.6,Mid-Range,2PT Field Goal,K. Albrecht
20.3,63.14398136867784,4.6,22.8,556.0,1,-180.7,91.5,Mid-Range,2PT Field Goal,T. Nwosu
9.3,66.30700351618802,4.43,4.5,122.0,0,-85.0,37.3,In The Paint (Non-RA),2PT Field Goal,J. Carter
24.0,54.21822857453061,2.08,12.0,558.0,1,-194.8,140.4,Above the Break 3,3PT Field Goal,T. Nwosu
2.7,37.17281812898977,5.48,1.8,275.0,0,-16.0,21.1,Restricted Area,2PT Field Goal,J. Carter
21.4,26.96109864463288,6.99,12.0,303.0,0,-96.8,190.3,Mid-Range,2PT Field Goal,K. Albrecht
22.5,19.16750914666126,3.43,0.0,370.0,0,73.9,212.6,Above the Break 3,3PT Field Goal,A. Kowalski
2.0,10.407711312490056,3.09,0.2,492.0,1,-3.6,19.6,Restricted Area,2PT Field Goal,T. Nwosu
17.8,15.910028140283494,3.1,3.4,130.0,0,48.8,171.2,Mid-Range,2PT Field Goal,J. Carter
8.6,30.84975791705714,5.5,8.4,327.0,1,-44.2,74.0,In The Paint (Non-RA),2PT Field Goal,T. Nwosu
5.5,53.90347524501073,3.95,7.9,302.0,0,-44.3,32.3,In The Paint (Non-RA),2PT Field Goal,K. Albrecht
20.3,35.69522765935668,5.27,23.9,482.0,0,118.4,164.8,Mid-Range,2PT Field Goal,L. Fitzgerald
20.5,12.258832770704897,6.84,2.6,509.0,1,43.5,200.2,Mid-Range,2PT Field Goal,T. Nwosu
29.0,50.750902138536695,3.53,4.5,582.0,1,224.6,183.5,Above the Break 3,3PT Field Goal,L. Fitzgerald
25.8,56.74076596570707,3.59,20.3,233.0,0,215.9,141.6,Above the Break 3,3PT Field Goal,D. Reyes
20.7,5.206949291153601,3.54,18.3,523.0,0,-18.8,206.3,Mid-Range,2PT Field Goal,R. Delgado
25.3,41.29260917363858,7.7,16.6,307.0,0,-166.7,189.8,Above the Break 3,3PT Field Goal,S. Whitfield
15.3,44.54844316867424,3.96,0.4,353.0,0,-107.0,108.7,Mid-Range,2PT Field Goal,T. Nwosu
2.4,7.0349759104311405,4.38,3.6,448.0,1,-2.9,23.5,Restricted Area,2PT Field Goal,J. Carter
1.5,28.07248693585296,3.52,19.1,258.0,1,-7.2,13.5,Restricted Area,2PT Field Goal,D. Reyes
3.0,28.777458020472427,6.32,1.6,287.0,1,14.5,26.4,Restricted Area,2PT Field Goal,A. Kowalski
1.5,4.69868051729944,5.18,14.4,240.0,1,-1.2,14.6,Restricted Area,2PT Field Goal,T. Nwosu
4.0,10.804394597539245,1.53,8.1,96.0,1,7.5,39.3,In The Paint (Non-RA),2PT Field Goal,S. Whitfield
17.9,20.95260125292011,6.44,9.0,172.0,1,-64.1,167.4,Mid-Range,2PT Field Goal,S. Whitfield
19.2,37.75744061663402,5.18,12.1,204.0,1,117.8,152.1,Mid-Range,2PT Field Goal,R. Delgado
16.4,2.0901591537106845,7.04,19.3,469.0,1,6.0,164.4,Mid-Range,2PT Field Goal,A. Kowalski
11.0,47.736862055019536,5.46,24.0,703.0,1,81.1,73.7,In The Paint (Non-RA),2PT Field Goal,T. Nwosu
8.4,3.7372890504046157,4.09,19.6,223.0,1,-5.5,84.2,In The Paint (Non-RA),2PT Field Goal,L. Fitzgerald
2.0,47.38594403038881,1.87,15.7,573.0,1,15.0,13.8,Restricted Area,2PT Field Goal,T. Nwosu
24.1,43.27039795621884,6.54,20.3,150.0,0,165.4,175.7,Above the Break 3,3PT Field Goal,M. Okafor
2.4,29.35775354279127,7.13,2.9,277.0,1,-11.7,20.8,Restricted Area,2PT Field Goal,A. Kowalski
1.2,27.897271030947632,2.17,11.0,696.0,0,-5.4,10.2,Restricted Area,2PT Field Goal,M. Okafor
20.3,66.51945894933236,4.07,23.6,28.0,0,186.0,80.8,Mid-Range,2PT Field Goal,M. Okafor
1.7,12.942624265794572,5.31,8.9,118.0,1,-3.7,16.1,Restricted Area,2PT Field Goal,L. Fitzgerald
23.7,17.286123267683777,3.91,2.4,336.0,0,70.3,225.9,Above the Break 3,3PT Field Goal,T. Nwosu
10.8,55.64510669695186,5.13,15.8,327.0,1,88.8,60.7,In The Paint (Non-RA),2PT Field Goal,M. Okafor
2.3,5.3321588816595575,3.33,5.5,54.0,1,2.1,22.5,Restricted Area,2PT Field Goal,J. Carter
2.1,58.89523691212835,2.71,22.2,137.0,0,-17.9,10.8,Restricted Area,2PT Field Goal,T. Nwosu
1.3,12.24633285968041,7.07,6.4,443.0,0,-2.8,12.9,Restricted Area,2PT Field Goal,J. Carter
19.1,3.9957880902935443,0.3,16.8,408.0,0,13.3,190.4,Mid-Range,2PT Field Goal,B. Osei
0.7,60.7807533095154,5.71,20.4,635.0,1,5.9,3.3,Restricted Area,2PT Field Goal,T. Nwosu
2.1,59.91907692859477,2.36,1.8,189.0,0,18.3,10.6,Restricted Area,2PT Field Goal,B. Osei
20.4,30.80978772698165,4.29,23.4,451.0,0,-104.6,175.4,Mid-Range,2PT Field Goal,B. Osei
2.2,52.77328271755125,2.64,10.7,667.0,0,-17.9,13.6,Restricted Area,2PT Field Goal,J. Carter
22.5,0.5856697915205902,4.57,13.0,484.0,0,-2.3,225.0,Above the Break 3,3PT Field Goal,R. Delgado
20.0,11.095933113179273,2.76,9.4,398.0,0,-38.4,195.8,Mid-Range,2PT Field Goal,T. Nwosu
29.0,34.9887832403116,4.84,0.4,642.0,0,166.3,237.6,Above the Break 3,3PT Field Goal,D. Reyes
25.3,2.284284110003999,0.87,22.3,152.0,0,-10.1,253.2,Above the Break 3,3PT Field Goal,T. Nwosu
25.6,46.32927677910784,1.7,3.9,622.0,0,-185.2,176.8,Above the Break 3,3PT Field Goal,J. Carter
2.7,13.831799092030453,3.88,11.1,697.0,0,-6.5,26.4,Restricted Area,2PT Field Goal,S. Whitfield
17.5,42.2648722362144,5.67,9.2,49.0,0,-117.6,129.4,Mid-Range,2PT Field Goal,B. Osei
3.5,39.28940686250036,2.23,11.6,555.0,0,22.5,27.5,Restricted Area,2PT Field Goal,B. Osei
1.7,3.7240579727482883,8.76,12.4,287.0,1,1.1,16.9,Restricted Area,2PT Field Goal,A. Kowalski
0.2,32.9052429229879,3.3,23.9,597.0,0,1.1,1.7,Restricted Area,2PT Field Goal,A. Kowalski
1.9,50.58260575653107,6.03,3.7,628.0,0,-14.6,12.0,Restricted Area,2PT Field Goal,L. Fitzgerald
0.2,67.16634582208245,0.3,9.4,501.0,1,1.9,0.8,Restricted Area,2PT Field Goal,L. Fitzgerald
0.5,7.523820438638627,1.86,20.7,664.0,1,-0.7,5.3,Restricted Area,2PT Field Goal,R. Delgado
14.9,17.015284710197797,1.84,18.0,374.0,0,43.7,142.8,Mid-Range,2PT Field Goal,A. Kowalski
3.3,39.203653140645145,1.46,19.8,123.0,0,20.8,25.5,Restricted Area,2PT Field Goal,A. Kowalski
2.7,27.593086966902,0.49,11.2,344.0,0,12.7,24.3,Restricted Area,2PT Field Goal,J. Carter
5.9,59.61799089199478,3.17,9.9,464.0,1,51.0,29.9,In The Paint (Non-RA),2PT Field Goal,K. Albrecht
1.3,47.489552921999156,2.19,7.7,717.0,1,-9.6,8.8,Restricted Area,2PT Field Goal,M. Okafor
15.9,34.17882537712447,7.98,8.1,703.0,1,89.5,131.8,Mid-Range,2PT Field Goal,D. Reyes
1.3,62.26182037161277,4.02,2.2,293.0,0,11.6,6.1,Restricted Area,2PT Field Goal,A. Kowalski
18.0,38.73951713860431,4.84,18.9,604.0,0,112.4,140.1,Mid-Range,2PT Field Goal,J. Carter
2.0,42.510447078000844,0.3,7.4,495.0,0,13.2,14.4,Restricted Area,2PT Field Goal,L. Fitzgerald
6.3,50.95879056324116,7.69,9.0,93.0,1,-49.2,39.9,In The Paint (Non-RA),2PT Field Goal,M. Okafor
23.0,34.13313867077538,7.8,5.9,513.0,1,-128.8,190.0,Above the Break 3,3PT Field Goal,A. Kowalski
0.2,66.03751102542182,1.59,16.9,174.0,1,1.8,0.8,Restricted Area,2PT Field Goal,S. Whitfield
21.6,22.721803742933623,1.68,7.2,79.0,1,-83.5,199.4,Mid-Range,2PT Field Goal,R. Delgado
4.9,18.508217043231436,2.38,11.1,84.0,0,15.7,46.9,In The Paint (Non-RA),2PT Field Goal,D. Reyes
2.6,10.246658493327583,7.51,6.9,341.0,0,4.7,26.0,Restricted Area,2PT Field Goal,R. Delgado
1.6,66.39053046156255,1.06,19.2,149.0,0,15.1,6.6,Restricted Area,2PT Field Goal,J. Carter
25.4,22.401014094393986,1.78,7.4,187.0,0,-96.7,234.6,Above the Break 3,3PT Field Goal,M. Okafor
4.0,33.88873448122989,0.45,13.7,151.0,1,-22.3,33.2,In The Paint (Non-RA),2PT Field Goal,L. Fitzgerald
15.7,0.5122091598553512,4.83,12.4,502.0,0,-1.4,156.6,Mid-Range,2PT Field Goal,T. Nwosu
13.1,42.24126522240378,6.16,0.6,33.0,0,87.9,96.8,In The Paint (Non-RA),2PT Field Goal,A. Kowalski
26.2,33.54432340913176,1.9,23.2,549.0,0,-144.6,218.1,Above the Break 3,3PT Field Goal,K. Albrecht
0.8,55.71312302279104,6.86,20.6,542.0,1,-6.6,4.5,Restricted Area,2PT Field Goal,D. Reyes
10.9,39.489171813226434,4.55,17.9,67.0,0,-69.3,84.1,In The Paint (Non-RA),2PT Field Goal,A. Kowalski
20.5,30.011387470997033,2.22,4.0,410.0,0,102.7,177.8,Mid-Range,2PT Field Goal,D. Reyes
25.3,54.37821837189882,5.49,20.5,495.0,0,-206.0,147.6,Above the Break 3,3PT Field Goal,S. Whitfield
3.3,12.37657750073719,7.17,23.3,519.0,1,7.0,31.9,Restricted Area,2PT Field Goal,S. Whitfield
1.3,64.0466242976358,7.18,20.8,601.0,1,11.3,5.5,Restricted Area,2PT Field Goal,J. Carter
7.1,53.081628778992574,5.42,15.2,508.0,1,56.7,42.6,In The Paint (Non-RA),2PT Field Goal,R. Delgado
16.1,32.383617610076996,7.3,19.6,673.0,1,-86.0,135.6,Mid-Range,2PT Field Goal,S. Whitfield
3.3,66.32071306636284,4.21,6.3,557.0,1,-30.1,13.2,Restricted Area,2PT Field Goal,S. Whitfield
18.7,64.03760751907384,4.94,18.3,603.0,0,-168.2,81.9,Mid-Range,2PT Field Goal,A. Kowalski
21.2,39.70181836053285,8.4,7.9,23.0,0,135.5,163.2,Mid-Range,2PT Field Goal,R. Delgado
26.6,42.05925644125265,3.94,8.5,524.0,0,178.2,197.5,Above the Break 3,3PT Field Goal,T. Nwosu
0.9,51.34019174590991,2.31,19.7,359.0,1,-7.0,5.6,Restricted Area,2PT Field Goal,B. Osei
4.5,19.236236153029026,1.35,2.2,667.0,1,14.9,42.7,In The Paint (Non-RA),2PT Field Goal,J. Carter
2.9,40.453516617282006,2.99,0.9,204.0,0,-19.1,22.4,Restricted Area,2PT Field Goal,K. Albrecht
7.4,24.720806038402674,0.3,16.0,87.0,0,-30.8,66.9,In The Paint (Non-RA),2PT Field Goal,T. Nwosu
1.5,6.340191745909909,2.01,20.9,680.0,1,1.7,15.3,Restricted Area,2PT Field Goal,D. Reyes
24.0,62.90048876999878,1.51,13.9,62.0,0,213.4,109.2,Above the Break 3,3PT Field Goal,K. Albrecht
1.1,60.124007308310574,3.78,14.4,451.0,1,-9.4,5.4,Restricted Area,2PT Field Goal,S. Whitfield
26.1,29.357753542791276,0.99,2.0,271.0,1,127.8,227.2,Above the Break 3,3PT Field Goal,S. Whitfield
1.9,52.09840428415822,3.93,12.6,559.0,0,14.9,11.6,Restricted Area,2PT Field Goal,A. Kowalski
2.6,4.781670569776547,4.19,22.7,76.0,0,-2.2,26.3,Restricted Area,2PT Field Goal,L. Fitzgerald
2.5,55.873520395255056,6.07,11.2,80.0,0,21.1,14.3,Restricted Area,2PT Field Goal,R. Delgado
4.0,16.005120458352653,6.64,13.4,442.0,0,-10.9,38.0,Restricted Area,2PT Field Goal,A. Kowalski
27.1,63.501142960263344,7.89,5.6,186.0,0,-242.5,120.9,Above the Break 3,3PT Field Goal,M. Okafor
26.5,11.318414454641164,3.62,3.4,306.0,0,-52.0,259.8,Above the Break 3,3PT Field Goal,T. Nwosu
26.2,1.203975557728782,0.97,21.6,49.0,0,-5.5,261.7,Above the Break 3,3PT Field Goal,K. Albrecht
11.8,14.330729873059274,6.03,4.7,119.0,1,29.2,114.3,In The Paint (Non-RA),2PT Field Goal,J. Carter
3.0,60.74461508066195,5.17,22.9,280.0,0,-26.6,14.9,Restricted Area,2PT Field Goal,A. Kowalski
17.6,61.948594598338985,3.2,21.5,320.0,1,-155.2,82.7,Mid-Range,2PT Field Goal,A. Kowalski
25.3,50.43805414051599,6.15,2.3,243.0,0,-195.0,161.1,Above the Break 3,3PT Field Goal,S. Whitfield
0.2,49.08561677997488,8.84,19.5,698.0,1,-1.5,1.3,Restricted Area,2PT Field Goal,D. Reyes
23.7,39.2298779177625,5.11,0.8,280.0,0,-149.9,183.6,Above the Break 3,3PT Field Goal,L. Fitzgerald
1.6,17.52556837372287,3.26,22.1,410.0,1,4.8,15.2,Restricted Area,2PT Field Goal,L. Fitzgerald
26.5,19.454436481674804,4.73,19.8,282.0,0,-88.2,249.7,Above the Break 3,3PT Field Goal,J. Carter
13.0,50.40337178615602,2.09,0.1,471.0,0,100.1,82.8,In The Paint (Non-RA),2PT Field Goal,R. Delgado
24.8,51.0945986328628,8.9,17.6,518.0,1,192.8,155.6,Above the Break 3,3PT Field Goal,D. Reyes
23.8,53.42884141217879,1.4,10.0,222.0,0,191.0,141.7,Above the Break 3,3PT Field Goal,B. Osei
0.2,49.08561677997488,1.85,4.0,113.0,1,1.5,1.3,Restricted Area,2PT Field Goal,T. Nwosu
5.7,67.69139522238002,6.63,10.0,357.0,1,52.4,21.5,In The Paint (Non-RA),2PT Field Goal,K. Albrecht
1.6,6.772159966113561,3.79,10.1,396.0,1,1.9,16.0,Restricted Area,2PT Field Goal,A. Kowalski
13.2,14.382469014544133,1.36,21.8,516.0,1,-32.9,128.3,In The Paint (Non-RA),2PT Field Goal,B. Osei
2.8,9.428776673502002,6.44,12.9,0.0,0,-4.6,27.7,Restricted Area,2PT Field Goal,T. Nwosu
0.5,53.615648184164115,6.96,21.6,71.0,0,-3.8,2.8,Restricted Area,2PT Field Goal,K. Albrecht
6.0,46.14441682413835,0.43,14.1,583.0,0,-43.4,41.7,In The Paint (Non-RA),2PT Field Goal,A. Kowalski
0.7,63.047821068771064,5.77,9.8,113.0,1,5.9,3.0,Restricted Area,2PT Field Goal,M. Okafor
4.4,28.273986208923052,6.58,4.7,431.0,1,20.6,38.3,In The Paint (Non-RA),2PT Field Goal,L. Fitzgerald
26.9,51.78647897391153,8.59,17.9,283.0,0,211.1,166.2,Above the Break 3,3PT Field Goal,K. Albrecht
2.2,52.25972404625981,5.37,14.2,456.0,0,17.7,13.7,Restricted Area,2PT Field Goal,L. Fitzgerald
22.6,45.12553045848555,6.02,0.6,15.0,0,160.1,159.4,Above the Break 3,3PT Field Goal,A. Kowalski
5.3,17.82254694806905,4.51,5.3,42.0,1,-16.3,50.7,In The Paint (Non-RA),2PT Field Goal,J. Carter
1.7,61.203774214890764,5.93,10.0,201.0,1,-15.1,8.3,Restricted Area,2PT Field Goal,R. Delgado
24.5,8.762173626965398,8.31,5.6,563.0,1,-37.3,242.0,Above the Break 3,3PT Field Goal,M. Okafor
4.2,65.397205841715,5.94,0.3,22.0,0,38.0,17.4,In The Paint (Non-RA),2PT Field Goal,J. Carter
6.4,51.52159521519016,2.82,23.8,642.0,1,-50.2,39.9,In The Paint (Non-RA),2PT Field Goal,J. Carter
4.0,5.0764016048688925,4.09,18.2,632.0,0,3.5,39.4,Restricted Area,2PT Field Goal,T. Nwosu
26.9,45.512363118481,8.87,16.6,118.0,0,-191.8,188.4,Above the Break 3,3PT Field Goal,T. Nwosu
2.5,42.854475645103,1.34,13.9,95.0,1,16.7,18.0,Restricted Area,2PT Field Goal,D. Reyes
2.7,46.79927572413408,2.86,15.2,367.0,1,19.7,18.5,Restricted Area,2PT Field Goal,J. Carter
4.0,52.41394240868558,2.71,4.6,500.0,1,-31.7,24.4,In The Paint (Non-RA),2PT Field Goal,S. Whitfield
1.5,17.81888891452278,7.35,8.2,529.0,1,4.5,14.0,Restricted Area,2PT Field Goal,L. Fitzgerald
27.2,66.876103377061,2.2,11.6,418.0,0,250.1,106.8,Above the Break 3,3PT Field Goal,S. Whitfield
11.7,24.76829764762797,3.28,20.8,643.0,0,-49.0,106.2,In The Paint (Non-RA),2PT Field Goal,K. Albrecht
15.8,0.1817753403578469,4.12,7.4,29.0,0,-0.5,157.6,Mid-Range,2PT Field Goal,K. Albrecht
24.8,8.623259114992125,5.57,18.0,465.0,0,-37.2,245.3,Above the Break 3,3PT Field Goal,D. Reyes
8.8,15.918525910937234,5.71,1.8,570.0,1,-24.1,84.5,In The Paint (Non-RA),2PT Field Goal,K. Albrecht
2.1,0.27678905217775984,1.58,16.4,707.0,1,0.1,20.7,Restricted Area,2PT Field Goal,L. Fitzgerald
16.5,41.01251033837109,1.58,1.3,552.0,1,-108.1,124.3,Mid-Range,2PT Field Goal,J. Carter
11.9,0.7209658824038782,0.91,10.7,633.0,0,1.5,119.2,In The Paint (Non-RA),2PT Field Goal,D. Reyes
0.9,7.853313301978219,6.95,2.3,351.0,1,-1.2,8.7,Restricted Area,2PT Field Goal,D. Reyes
2.4,60.19524852681989,3.67,7.7,505.0,1,20.6,11.8,Restricted Area,2PT Field Goal,K. Albrecht
3.3,15.255118703057777,4.68,21.7,697.0,1,-8.7,31.9,Restricted Area,2PT Field Goal,T. Nwosu
25.6,55.7450628088454,4.26,18.2,660.0,0,211.6,144.1,Above the Break 3,3PT Field Goal,R. Delgado
3.7,28.227340016950453,0.78,22.5,538.0,1,17.5,32.6,Restricted Area,2PT Field Goal,M. Okafor
26.5,57.156783990435095,0.4,17.6,229.0,0,222.3,143.5,Above the Break 3,3PT Field Goal,K. Albrecht
2.0,61.02791496942638,1.62,11.5,129.0,1,17.7,9.8,Restricted Area,2PT Field Goal,R. Delgado
1.2,50.67741666204533,8.81,5.6,97.0,1,9.4,7.7,Restricted Area,2PT Field Goal,B. Osei
1.2,3.4832714689976694,3.34,20.0,642.0,1,-0.7,11.5,Restricted Area,2PT Field Goal,R. Delgado
4.9,24.222439170579722,5.42,4.5,45.0,0,20.2,44.9,In The Paint (Non-RA),2PT Field Goal,D. Reyes
0.4,43.99491399474582,1.88,6.4,640.0,0,-2.8,2.9,Restricted Area,2PT Field Goal,A. Kowalski
20.0,61.4971572652722,10.33,14.0,642.0,1,175.5,95.3,Mid-Range,2PT Field Goal,R. Delgado
25.4,47.71719133468048,4.46,5.1,248.0,0,187.6,170.6,Above the Break 3,3PT Field Goal,T. Nwosu
2.2,3.108030934999836,0.57,17.6,646.0,1,-1.2,22.1,Restricted Area,2PT Field Goal,A. Kowalski
24.1,41.888246996237925,3.1,2.0,191.0,0,160.9,179.4,Above the Break 3,3PT Field Goal,D. Reyes
3.7,18.14062377736352,5.01,2.3,206.0,1,11.5,35.1,Restricted Area,2PT Field Goal,D. Reyes
11.5,59.59266190366083,6.59,6.6,524.0,0,-99.0,58.1,In The Paint (Non-RA),2PT Field Goal,K. Albrecht
0.2,26.56505117707799,3.42,9.9,76.0,1,-0.9,1.8,Restricted Area,2PT Field Goal,J. Carter
26.3,60.311932895871934,5.79,5.2,134.0,1,-228.2,130.1,Above the Break 3,3PT Field Goal,A. Kowalski
0.2,20.224859431168078,4.92,2.7,67.0,0,0.7,1.9,Restricted Area,2PT Field Goal,L. Fitzgerald
25.8,48.11357007996982,4.75,11.0,529.0,1,191.9,172.1,Above the Break 3,3PT Field Goal,J. Carter
3.7,47.808484877346,3.27,23.5,553.0,1,-27.8,25.2,Restricted Area,2PT Field Goal,M. Okafor
19.4,52.1769382010351,5.14,21.1,118.0,1,-152.9,118.7,Mid-Range,2PT Field Goal,J. Carter
0.2,59.53445508054013,6.83,20.4,597.0,1,-1.7,1.0,Restricted Area,2PT Field Goal,S. Whitfield
5.4,1.9233891775196486,4.22,16.6,39.0,0,1.8,53.6,In The Paint (Non-RA),2PT Field Goal,J. Carter
19.0,64.45894120581471,3.45,7.5,48.0,0,171.6,82.0,Mid-Range,2PT Field Goal,L. Fitzgerald
2.5,60.832386620422206,10.74,10.0,503.0,1,21.5,12.0,Restricted Area,2PT Field Goal,B. Osei
15.7,21.991129917177126,5.85,18.7,76.0,1,58.8,145.6,Mid-Range,2PT Field Goal,T. Nwosu
25.7,22.949492739908813,5.77,14.9,202.0,1,-100.1,236.4,Above the Break 3,3PT Field Goal,J. Carter
0.6,51.49934627965457,0.84,3.8,76.0,1,4.4,3.5,Restricted Area,2PT Field Goal,D. Reyes
7.2,65.20824553848281,6.79,6.6,632.0,0,-65.6,30.3,In The Paint (Non-RA),2PT Field Goal,S. Whitfield
3.0,1.3322198538696386,0.5,17.6,420.0,0,-0.7,30.1,Restricted Area,2PT Field Goal,J. Carter
3.0,11.309932474020215,7.02,17.2,153.0,0,5.9,29.5,Restricted Area,2PT Field Goal,M. Okafor
13.3,66.7788520940082,5.02,7.8,569.0,0,122.6,52.6,In The Paint (Non-RA),2PT Field Goal,D. Reyes
11.3,21.161259816828274,3.11,16.6,524.0,1,-40.8,105.4,In The Paint (Non-RA),2PT Field Goal,J. Carter
20.0,65.68620351343456,2.63,1.9,335.0,0,182.6,82.5,Mid-Range,2PT Field Goal,J. Carter
27.5,15.375748914249245,4.63,9.7,676.0,0,-72.9,265.1,Above the Break 3,3PT Field Goal,R. Delgado
26.0,61.73203577956233,3.32,1.1,91.0,0,229.3,123.3,Above the Break 3,3PT Field Goal,D. Reyes
2.3,11.901606238167568,0.3,1.3,386.0,0,4.7,22.3,Restricted Area,2PT Field Goal,R. Delgado
11.3,23.957342493004575,6.72,23.8,463.0,1,-45.9,103.3,In The Paint (Non-RA),2PT Field Goal,R. Delgado
20.7,6.266845364580315,0.68,6.0,457.0,0,22.6,205.8,Mid-Range,2PT Field Goal,T. Nwosu
24.7,15.61987333481484,3.83,14.8,343.0,0,66.4,237.5,Above the Break 3,3PT Field Goal,K. Albrecht
17.7,13.83203730484339,3.11,18.4,581.0,0,-42.3,171.8,Mid-Range,2PT Field Goal,S. Whitfield
10.5,49.80867541787654,7.85,4.3,656.0,1,-79.9,67.5,In The Paint (Non-RA),2PT Field Goal,L. Fitzgerald
3.1,64.68940044560355,0.66,13.6,672.0,0,-27.7,13.1,Restricted Area,2PT Field Goal,T. Nwosu
25.8,3.870255845894746,6.55,21.4,292.0,0,17.4,257.2,Above the Break 3,3PT Field Goal,S. Whitfield
2.1,61.38954033403479,5.31,13.1,623.0,1,18.7,10.2,Restricted Area,2PT Field Goal,S. Whitfield
7.7,52.35406735975968,0.3,20.5,652.0,0,-60.8,46.9,In The Paint (Non-RA),2PT Field Goal,B. Osei
29.0,30.93663427160799,0.93,18.2,321.0,1,-149.0,248.6,Above the Break 3,3PT Field Goal,L. Fitzgerald
2.7,7.305759533310827,2.6,8.4,472.0,1,3.5,27.3,Restricted Area,2PT Field Goal,K. Albrecht
24.2,41.212659332606776,1.76,7.8,39.0,1,-159.4,182.0,Above the Break 3,3PT Field Goal,D. Reyes
4.0,7.178298211576967,4.72,22.7,632.0,0,-5.0,39.7,In The Paint (Non-RA),2PT Field Goal,K. Albrecht
3.4,50.38931175997341,5.52,10.9,224.0,1,26.1,21.6,Restricted Area,2PT Field Goal,J. Carter
10.3,8.72921084899268,6.65,22.5,362.0,0,-15.6,101.6,In The Paint (Non-RA),2PT Field Goal,K. Albrecht
25.0,43.50960894680971,2.51,3.8,361.0,0,172.2,181.4,Above the Break 3,3PT Field Goal,T. Nwosu
8.3,58.740480146649496,5.43,5.9,457.0,1,71.0,43.1,In The Paint (Non-RA),2PT Field Goal,D. Reyes
24.0,54.59804799698944,3.67,5.0,285.0,0,196.0,139.3,Above the Break 3,3PT Field Goal,T. Nwosu
11.9,16.04456920283843,5.4,18.3,625.0,0,-32.9,114.4,In The Paint (Non-RA),2PT Field Goal,S. Whitfield
26.1,30.207482620431136,4.06,8.4,705.0,1,131.4,225.7,Above the Break 3,3PT Field Goal,L. Fitzgerald
1.3,18.152705886651155,4.16,2.8,543.0,1,-4.0,12.2,Restricted Area,2PT Field Goal,B. Osei
1.1,37.69424046668917,3.44,22.8,244.0,1,6.8,8.8,Restricted Area,2PT Field Goal,D. Reyes
1.8,19.955718484065773,5.41,18.3,669.0,0,6.1,16.8,Restricted Area,2PT Field Goal,S. Whitfield
23.2,24.401058023136056,4.48,12.8,10.0,0,95.9,211.4,Above the Break 3,3PT Field Goal,D. Reyes
10.7,32.18068557904276,1.95,1.5,76.0,0,-57.2,90.9,In The Paint (Non-RA),2PT Field Goal,R. Delgado
16.2,24.698574998194886,0.3,7.3,430.0,0,-67.7,147.2,Mid-Range,2PT Field Goal,S. Whitfield
1.8,57.016162092683224,6.55,11.3,490.0,0,15.1,9.8,Restricted Area,2PT Field Goal,R. Delgado
26.3,40.80458767085382,6.0,12.8,182.0,0,171.8,199.0,Above the Break 3,3PT Field Goal,D. Reyes
26.9,21.951947729561713,4.02,9.6,143.0,0,-100.4,249.1,Above the Break 3,3PT Field Goal,R. Delgado
2.2,28.822429766272286,6.95,19.6,665.0,1,10.4,18.9,Restricted Area,2PT Field Goal,R. Delgado
1.4,56.42710159394514,4.1,1.9,299.0,0,-11.3,7.5,Restricted Area,2PT Field Goal,T. Nwosu
24.1,26.660774499121143,3.93,9.4,472.0,0,-108.1,215.3,Above the Break 3,3PT Field Goal,S. Whitfield
24.0,11.530317804771629,3.23,16.2,19.0,0,-47.9,234.8,Above the Break 3,3PT Field Goal,T. Nwosu
22.8,8.343228883305454,7.19,7.0,118.0,0,33.1,225.7,Above the Break 3,3PT Field Goal,L. Fitzgerald
2.9,25.041109782453944,8.44,1.9,182.0,0,12.1,25.9,Restricted Area,2PT Field Goal,A. Kowalski
18.9,57.759508954422486,3.75,12.4,269.0,1,-159.5,100.6,Mid-Range,2PT Field Goal,L. Fitzgerald
2.1,8.930590100418994,2.77,18.5,690.0,1,-3.3,21.0,Restricted Area,2PT Field Goal,R. Delgado
12.9,39.68035949569676,6.71,15.9,614.0,1,-82.3,99.2,In The Paint (Non-RA),2PT Field Goal,K. Albrecht
20.3,64.42009661548613,6.32,17.8,65.0,0,183.0,87.6,Mid-Range,2PT Field Goal,J. Carter
2.5,61.498640385317415,5.72,0.6,20.0,0,-22.1,12.0,Restricted Area,2PT Field Goal,L. Fitzgerald
12.4,24.616543459705934,0.91,18.8,309.0,1,-51.5,112.4,In The Paint (Non-RA),2PT Field Goal,L. Fitzgerald
2.1,32.85090839255866,4.93,15.7,72.0,1,-11.3,17.5,Restricted Area,2PT Field Goal,T. Nwosu
2.8,50.48129659469735,4.69,13.4,608.0,0,-21.7,17.9,Restricted Area,2PT Field Goal,B. Osei
0.6,30.96375653207352,3.57,19.5,211.0,1,-3.3,5.5,Restricted Area,2PT Field Goal,L. Fitzgerald
25.6,41.320857573340945,5.3,2.3,477.0,0,-168.8,192.0,Above the Break 3,3PT Field Goal,B. Osei
4.0,14.106073755731591,3.89,10.4,54.0,1,9.7,38.6,Restricted Area,2PT Field Goal,S. Whitfield
23.5,7.7607690512975305,5.17,17.5,379.0,0,31.7,232.6,Above the Break 3,3PT Field Goal,R. Delgado
24.4,23.133730891211627,4.22,20.7,148.0,0,95.7,224.0,Above the Break 3,3PT Field Goal,B. Osei
24.7,67.45855401190757,3.6,9.3,19.0,1,228.4,94.8,Above the Break 3,3PT Field Goal,R. Delgado
24.2,16.192135039906006,8.22,0.5,272.0,1,-67.6,232.8,Above the Break 3,3PT Field Goal,M. Okafor
2.5,46.95250904939961,4.16,13.1,412.0,0,18.2,17.0,Restricted Area,2PT Field Goal,M. Okafor
2.6,25.585731522738506,5.69,14.9,661.0,1,11.3,23.6,Restricted Area,2PT Field Goal,L. Fitzgerald
2.8,37.92854777963162,6.44,6.8,243.0,0,17.3,22.2,Restricted Area,2PT Field Goal,R. Delgado
3.4,25.047637052065852,2.06,23.4,145.0,0,14.3,30.6,Restricted Area,2PT Field Goal,S. Whitfield
3.0,61.18920625702693,3.84,11.5,699.0,0,-26.0,14.3,Restricted Area,2PT Field Goal,A. Kowalski
27.0,59.39668112095791,2.25,12.1,119.0,0,232.3,137.4,Above the Break 3,3PT Field Goal,B. Osei
28.4,14.790865418379623,3.87,21.0,563.0,0,72.4,274.2,Above the Break 3,3PT Field Goal,B. Osei
22.5,63.98158248881048,1.54,6.0,545.0,0,202.2,98.7,Above the Break 3,3PT Field Goal,S. Whitfield
2.4,58.787852916326784,6.29,2.1,178.0,0,20.3,12.3,Restricted Area,2PT Field Goal,L. Fitzgerald
24.0,61.397154644035226,4.27,7.7,64.0,1,-210.9,115.0,Above the Break 3,3PT Field Goal,R. Delgado
25.9,31.520670791147182,1.41,19.7,20.0,1,-135.6,221.1,Above the Break 3,3PT Field Goal,S. Whitfield
1.9,3.9980420992033783,5.35,16.8,506.0,1,-1.3,18.6,Restricted Area,2PT Field Goal,B. Osei
0.2,46.97493401088198,1.95,18.4,666.0,1,1.5,1.4,Restricted Area,2PT Field Goal,T. Nwosu
2.3,47.59471023879494,0.94,9.9,647.0,0,-17.3,15.8,Restricted Area,2PT Field Goal,R. Delgado
12.4,13.441770612376578,5.24,3.6,88.0,0,28.8,120.5,In The Paint (Non-RA),2PT Field Goal,B. Osei
23.6,38.23498139493486,4.38,9.2,500.0,1,-146.0,185.3,Above the Break 3,3PT Field Goal,J. Carter
1.7,13.873702685485215,2.58,10.6,84.0,0,-4.1,16.6,Restricted Area,2PT Field Goal,J. Carter
4.9,26.254507987572094,5.92,3.2,513.0,1,-21.9,44.4,In The Paint (Non-RA),2PT Field Goal,D. Reyes
1.7,51.182930165948264,5.32,12.5,154.0,1,-13.3,10.7,Restricted Area,2PT Field Goal,B. Osei
24.5,52.32172521172355,4.67,15.4,469.0,1,194.1,149.9,Above the Break 3,3PT Field Goal,J. Carter
4.0,22.65293292023247,6.62,6.9,675.0,1,15.4,36.9,In The Paint (Non-RA),2PT Field Goal,J. Carter
17.6,57.5711549146801,4.96,16.2,244.0,1,148.9,94.6,Mid-Range,2PT Field Goal,A. Kowalski
0.2,45.0,7.16,3.7,679.0,0,-1.4,1.4,Restricted Area,2PT Field Goal,T. Nwosu
18.5,20.091681311516734,5.07,15.8,268.0,0,63.5,173.6,Mid-Range,2PT Field Goal,S. Whitfield
25.9,8.001643721032389,5.06,1.0,418.0,0,36.0,256.1,Above the Break 3,3PT Field Goal,A. Kowalski
28.0,52.868143192984796,0.3,13.9,200.0,1,223.2,169.0,Above the Break 3,3PT Field Goal,J. Carter
27.6,42.32813540672742,3.48,4.8,717.0,0,-185.9,204.1,Above the Break 3,3PT Field Goal,J. Carter
2.2,36.71059561097432,8.7,17.6,480.0,1,-12.9,17.3,Restricted Area,2PT Field Goal,A. Kowalski
3.5,13.212746878335242,2.95,22.1,470.0,0,-8.1,34.5,Restricted Area,2PT Field Goal,M. Okafor
3.2,66.91753372847067,3.97,8.3,667.0,1,29.8,12.7,Restricted Area,2PT Field Goal,A. Kowalski
3.6,39.436058468544466,3.26,4.1,470.0,0,-22.7,27.6,Restricted Area,2PT Field Goal,L. Fitzgerald
0.6,1.0050860052541812,0.3,13.3,314.0,0,0.1,5.7,Restricted Area,2PT Field Goal,L. Fitzgerald
25.0,29.99540283454354,5.66,0.8,505.0,1,-124.8,216.2,Above the Break 3,3PT Field Goal,A. Kowalski
0.9,62.0710212913191,8.65,15.8,687.0,1,-8.3,4.4,Restricted Area,2PT Field Goal,R. Delgado
2.8,45.85937224364468,8.13,2.2,536.0,1,20.3,19.7,Restricted Area,2PT Field Goal,M. Okafor
25.7,8.539575940023326,3.75,16.7,558.0,0,-38.2,254.4,Above the Break 3,3PT Field Goal,B. Osei
24.8,18.354692467077857,2.22,19.1,126.0,0,-78.2,235.7,Above the Break 3,3PT Field Goal,B. Osei
25.2,52.68398182973396,3.01,11.1,193.0,1,200.2,152.6,Above the Break 3,3PT Field Goal,B. Osei
4.2,19.855214369321057,5.45,14.5,87.0,0,14.3,39.6,In The Paint (Non-RA),2PT Field Goal,S. Whitfield
1.7,61.36313675087477,3.36,18.4,109.0,1,15.2,8.3,Restricted Area,2PT Field Goal,S. Whitfield
23.4,45.46806403421339,6.08,19.0,267.0,1,-166.6,163.9,Above the Break 3,3PT Field Goal,K. Albrecht
4.0,37.184706453233126,4.93,1.7,554.0,1,24.2,31.9,In The Paint (Non-RA),2PT Field Goal,A. Kowalski
22.5,49.2357296595839,1.43,6.3,665.0,1,-170.4,146.9,Above the Break 3,3PT Field Goal,M. Okafor
2.4,36.24083075026458,1.62,17.6,131.0,1,14.0,19.1,Restricted Area,2PT Field Goal,S. Whitfield
2.3,6.91122711902468,6.22,11.3,471.0,1,-2.8,23.1,Restricted Area,2PT Field Goal,D. Reyes
20.0,53.60593188884433,6.24,17.4,198.0,1,160.9,118.6,Mid-Range,2PT Field Goal,R. Delgado
21.3,18.927547893866322,4.31,13.2,504.0,0,-69.2,201.8,Mid-Range,2PT Field Goal,M. Okafor
14.6,42.09197382264308,7.68,13.5,181.0,0,98.1,108.6,Mid-Range,2PT Field Goal,T. Nwosu
19.5,20.683239097275308,4.14,13.8,561.0,0,-68.9,182.5,Mid-Range,2PT Field Goal,R. Delgado
14.5,57.12009970179847,3.61,6.9,601.0,1,-121.9,78.8,Mid-Range,2PT Field Goal,L. Fitzgerald
2.6,15.46569362352889,4.18,16.9,313.0,1,7.0,25.3,Restricted Area,2PT Field Goal,J. Carter
1.8,36.740562020121196,5.55,16.7,552.0,1,-10.6,14.2,Restricted Area,2PT Field Goal,T. Nwosu
2.2,36.10258933075433,0.3,18.6,460.0,1,13.2,18.1,Restricted Area,2PT Field Goal,J. Carter
16.2,38.16121127193828,4.59,16.5,481.0,1,99.8,127.0,Mid-Range,2PT Field Goal,B. Osei
1.3,16.74197038529311,4.62,6.6,89.0,1,-3.7,12.3,Restricted Area,2PT Field Goal,J. Carter
2.1,43.814739181377604,2.33,14.4,385.0,1,-14.2,14.8,Restricted Area,2PT Field Goal,D. Reyes
7.8,42.460945552880716,2.31,7.4,657.0,1,52.8,57.7,In The Paint (Non-RA),2PT Field Goal,R. Delgado
13.4,57.13682445529228,7.12,10.5,520.0,1,113.0,73.0,In The Paint (Non-RA),2PT Field Goal,J. Carter
1.5,59.55357279071254,3.19,18.0,578.0,0,13.1,7.7,Restricted Area,2PT Field Goal,D. Reyes
24.8,37.02683405378094,3.58,7.1,670.0,1,149.5,198.2,Above the Break 3,3PT Field Goal,B. Osei
27.2,40.48952262355533,6.41,22.9,413.0,0,-176.9,207.2,Above the Break 3,3PT Field Goal,D. Reyes
2.4,49.889504806703044,1.43,19.5,440.0,0,18.4,15.5,Restricted Area,2PT Field Goal,J. Carter
10.1,14.036243467926479,9.97,17.9,445.0,0,-24.4,97.6,In The Paint (Non-RA),2PT Field Goal,K. Albrecht
0.4,0.0,2.56,4.3,295.0,1,-0.0,4.0,Restricted Area,2PT Field Goal,R. Delgado
0.3,33.17851165939274,2.8,15.3,625.0,1,-1.7,2.6,Restricted Area,2PT Field Goal,L. Fitzgerald
2.7,35.00973688924728,0.93,5.1,69.0,1,15.2,21.7,Restricted Area,2PT Field Goal,B. Osei
2.4,64.19307179074994,2.84,1.2,481.0,1,21.3,10.3,Restricted Area,2PT Field Goal,L. Fitzgerald
0.9,17.860094070679057,2.05,10.1,675.0,0,-2.9,9.0,Restricted Area,2PT Field Goal,R. Delgado
1.8,41.89397290438357,3.19,4.5,543.0,1,-12.2,13.6,Restricted Area,2PT Field Goal,T. Nwosu
19.4,3.1242698012048895,1.7,18.0,469.0,1,-10.6,194.2,Mid-Range,2PT Field Goal,K. Albrecht
0.8,42.5940294833547,0.3,17.0,371.0,0,-5.7,6.2,Restricted Area,2PT Field Goal,D. Reyes
26.9,48.21413044955315,6.97,17.6,300.0,0,-200.3,179.0,Above the Break 3,3PT Field Goal,A. Kowalski
22.5,3.670069068193544,5.99,23.0,624.0,1,-14.4,224.5,Above the Break 3,3PT Field Goal,R. Delgado
4.0,7.036185754164081,5.77,2.4,166.0,0,-4.9,39.7,In The Paint (Non-RA),2PT Field Goal,M. Okafor
15.4,66.38127402224391,5.5,13.8,276.0,1,-141.1,61.7,Mid-Range,2PT Field Goal,D. Reyes
25.1,62.293465408593434,5.63,10.1,491.0,1,222.6,116.9,Above the Break 3,3PT Field Goal,L. Fitzgerald
0.2,66.80140948635182,2.62,0.8,401.0,0,2.1,0.9,Restricted Area,2PT Field Goal,J. Carter
19.3,43.9728531168603,10.91,3.4,392.0,0,134.2,139.1,Mid-Range,2PT Field Goal,L. Fitzgerald
9.8,26.669844438394033,2.87,23.7,433.0,1,-43.9,87.4,In The Paint (Non-RA),2PT Field Goal,D. Reyes
4.0,18.661413175263196,1.45,23.1,41.0,1,12.8,37.9,In The Paint (Non-RA),2PT Field Goal,S. Whitfield
1.1,57.44999650780661,8.96,1.6,44.0,1,9.4,6.0,Restricted Area,2PT Field Goal,T. Nwosu
2.6,40.95864414556851,3.32,6.1,556.0,1,17.1,19.7,Restricted Area,2PT Field Goal,R. Delgado
20.3,64.40897179000896,4.37,3.6,97.0,0,182.7,87.5,Mid-Range,2PT Field Goal,L. Fitzgerald
1.8,32.446633449869424,1.91,0.9,584.0,0,9.6,15.1,Restricted Area,2PT Field Goal,L. Fitzgerald
12.3,23.99098724604706,3.64,2.0,565.0,1,-49.8,111.9,In The Paint (Non-RA),2PT Field Goal,T. Nwosu
24.4,30.060010742406195,5.35,0.1,243.0,0,-122.0,210.8,Above the Break 3,3PT Field Goal,B. Osei
1.6,36.104143030336694,5.0,1.1,259.0,0,-9.7,13.3,Restricted Area,2PT Field Goal,M. Okafor
3.2,64.30780867997541,1.42,19.6,579.0,1,29.1,14.0,Restricted Area,2PT Field Goal,D. Reyes
26.0,14.223256912063393,5.99,12.2,304.0,1,-63.9,252.1,Above the Break 3,3PT Field Goal,K. Albrecht
19.5,12.742895008351823,2.44,18.5,715.0,0,42.9,189.7,Mid-Range,2PT Field Goal,J. Carter
20.6,35.589447174329095,0.63,0.5,255.0,0,119.8,167.4,Mid-Range,2PT Field Goal,D. Reyes
3.1,62.51896062614369,6.33,7.8,457.0,0,-27.3,14.2,Restricted Area,2PT Field Goal,D. Reyes
18.9,30.599416914804095,5.0,3.4,314.0,0,-96.1,162.5,Mid-Range,2PT Field Goal,D. Reyes
1.8,54.235559093165925,3.71,4.6,155.0,1,14.3,10.3,Restricted Area,2PT Field Goal,J. Carter
18.0,7.330009318626675,2.44,19.8,256.0,0,-23.0,178.8,Mid-Range,2PT Field Goal,D. Reyes
10.3,27.73014440718566,6.01,18.9,138.0,1,-48.1,91.5,In The Paint (Non-RA),2PT Field Goal,D. Reyes
1.0,20.224859431168078,3.62,14.8,73.0,0,3.5,9.5,Restricted Area,2PT Field Goal,K. Albrecht
23.5,38.941395127166544,2.63,18.4,270.0,0,-147.8,182.9,Above the Break 3,3PT Field Goal,R. Delgado
21.9,35.0477741488241,5.53,15.5,666.0,0,125.7,179.2,Mid-Range,2PT Field Goal,A. Kowalski
27.1,21.601445557576113,4.89,4.8,578.0,0,99.9,252.3,Above the Break 3,3PT Field Goal,J. Carter
4.0,53.33053654732725,1.45,2.1,73.0,0,32.1,23.9,In The Paint (Non-RA),2PT Field Goal,A. Kowalski
3.8,40.83067314880664,7.12,22.5,120.0,0,-24.8,28.7,Restricted Area,2PT Field Goal,T. Nwosu
2.3,48.74298829568714,0.37,18.4,611.0,1,-17.1,15.0,Restricted Area,2PT Field Goal,R. Delgado
1.7,26.418888791298514,2.37,15.9,212.0,0,7.8,15.7,Restricted Area,2PT Field Goal,A. Kowalski
2.5,7.964985291044911,5.07,13.7,206.0,1,3.4,24.3,Restricted Area,2PT Field Goal,S. Whitfield
2.2,57.2491234197558,4.02,13.2,611.0,1,18.5,11.9,Restricted Area,2PT Field Goal,T. Nwosu
3.5,59.45242825109298,6.07,22.9,570.0,0,30.5,18.0,Restricted Area,2PT Field Goal,A. Kowalski
0.9,56.64597424848322,5.57,8.5,98.0,1,7.9,5.2,Restricted Area,2PT Field Goal,M. Okafor
25.1,63.19014014563569,0.3,22.4,301.0,0,-224.2,113.3,Above the Break 3,3PT Field Goal,K. Albrecht
5.1,31.827446576673108,7.3,12.8,6.0,0,27.0,43.5,In The Paint (Non-RA),2PT Field Goal,S. Whitfield
26.5,40.41390110382914,3.08,12.7,545.0,0,172.0,202.0,Above the Break 3,3PT Field Goal,S. Whitfield
2.1,22.95117042507435,4.23,20.0,687.0,1,8.3,19.6,Restricted Area,2PT Field Goal,S. Whitfield
1.2,34.911830216609985,2.48,8.4,606.0,0,-6.7,9.6,Restricted Area,2PT Field Goal,S. Whitfield
27.1,12.418583909548031,1.74,14.1,173.0,0,-58.2,264.3,Above the Break 3,3PT Field Goal,L. Fitzgerald
3.7,5.152081702206226,5.72,18.5,343.0,1,-3.3,36.6,Restricted Area,2PT Field Goal,S. Whitfield
4.0,50.06616866256446,5.34,9.3,571.0,1,-30.7,25.7,In The Paint (Non-RA),2PT Field Goal,B. Osei
8.7,17.252262992641004,4.82,16.1,373.0,0,25.9,83.4,In The Paint (Non-RA),2PT Field Goal,L. Fitzgerald
2.0,38.704570572727775,2.74,4.5,232.0,1,-12.5,15.6,Restricted Area,2PT Field Goal,D. Reyes
2.8,37.03621293928123,7.87,6.6,5.0,0,-16.6,22.0,Restricted Area,2PT Field Goal,B. Osei
16.7,20.50393629777667,5.12,14.8,474.0,0,58.6,156.7,Mid-Range,2PT Field Goal,J. Carter
15.4,18.977015302058362,5.61,4.0,521.0,0,-50.0,145.4,Mid-Range,2PT Field Goal,D. Reyes
3.8,44.5724274931666,4.45,15.9,650.0,1,26.6,27.0,Restricted Area,2PT Field Goal,B. Osei
18.0,66.8474974891826,4.94,16.5,486.0,0,-165.1,70.6,Mid-Range,2PT Field Goal,B. Osei
12.7,61.63493235925608,6.93,13.7,593.0,1,111.5,60.2,In The Paint (Non-RA),2PT Field Goal,A. Kowalski
22.5,26.7813895390285,6.67,0.8,437.0,0,101.4,200.9,Above the Break 3,3PT Field Goal,D. Reyes
1.7,25.392922556142913,6.82,4.3,565.0,1,-7.5,15.8,Restricted Area,2PT Field Goal,S. Whitfield
1.0,12.339087278326197,4.53,12.4,35.0,0,-2.1,9.6,Restricted Area,2PT Field Goal,M. Okafor
18.7,51.99598412748579,4.58,10.5,482.0,1,147.3,115.1,Mid-Range,2PT Field Goal,S. Whitfield
3.4,60.995059956250905,1.59,3.1,524.0,0,29.4,16.3,Restricted Area,2PT Field Goal,J. Carter
25.1,28.065773583235273,3.82,18.1,182.0,1,-118.1,221.5,Above the Break 3,3PT Field Goal,L. Fitzgerald
28.2,22.02770985462619,2.97,4.2,418.0,0,105.8,261.5,Above the Break 3,3PT Field Goal,B. Osei
2.7,3.378854299298168,2.35,16.6,527.0,1,-1.6,27.1,Restricted Area,2PT Field Goal,M. Okafor
25.5,30.28229192873741,4.27,6.6,601.0,1,128.7,220.4,Above the Break 3,3PT Field Goal,T. Nwosu
1.9,35.143529178637316,4.44,2.9,541.0,0,10.7,15.2,Restricted Area,2PT Field Goal,A. Kowalski
27.4,9.930369582043207,2.63,24.0,113.0,1,-47.2,269.6,Above the Break 3,3PT Field Goal,R. Delgado
3.9,48.045893690510404,0.35,8.0,272.0,0,-28.7,25.8,Restricted Area,2PT Field Goal,D. Reyes
2.4,50.592735397002436,3.66,12.8,452.0,0,-18.5,15.2,Restricted Area,2PT Field Goal,R. Delgado
0.2,45.0,4.27,15.8,265.0,0,1.4,1.4,Restricted Area,2PT Field Goal,L. Fitzgerald
12.1,6.14081163297766,4.98,13.6,250.0,0,-12.9,119.9,In The Paint (Non-RA),2PT Field Goal,K. Albrecht
2.5,45.481465805838354,2.21,23.8,589.0,0,18.0,17.7,Restricted Area,2PT Field Goal,B. Osei
26.2,45.401310858425454,1.23,9.4,646.0,0,186.9,184.3,Above the Break 3,3PT Field Goal,K. Albrecht
16.9,31.027722158055475,0.3,6.7,189.0,0,87.1,144.8,Mid-Range,2PT Field Goal,M. Okafor
21.6,44.400458461193935,4.21,16.3,294.0,1,-151.3,154.5,Mid-Range,2PT Field Goal,K. Albrecht
16.7,66.8059262998634,2.88,9.5,636.0,0,153.1,65.6,Mid-Range,2PT Field Goal,M. Okafor
4.6,11.23694425934477,5.59,7.2,335.0,1,-9.0,45.3,In The Paint (Non-RA),2PT Field Goal,A. Kowalski
24.6,63.76836294348216,0.95,13.0,69.0,0,220.6,108.7,Above the Break 3,3PT Field Goal,M. Okafor
26.0,66.15610322950067,7.28,15.9,75.0,0,-237.8,105.1,Above the Break 3,3PT Field Goal,K. Albrecht
14.0,35.59959855377399,3.79,13.6,296.0,1,81.4,113.7,In The Paint (Non-RA),2PT Field Goal,R. Delgado
2.0,51.77956794514996,3.73,15.0,638.0,0,16.0,12.6,Restricted Area,2PT Field Goal,S. Whitfield
4.0,45.8097804169109,4.56,13.0,71.0,1,28.7,27.9,In The Paint (Non-RA),2PT Field Goal,B. Osei
2.1,20.427795227816002,5.84,2.6,21.0,0,7.3,19.6,Restricted Area,2PT Field Goal,L. Fitzgerald
1.9,67.56962019665843,6.06,10.1,76.0,0,17.2,7.1,Restricted Area,2PT Field Goal,T. Nwosu
2.6,34.95639957553638,0.3,1.3,187.0,0,-15.1,21.6,Restricted Area,2PT Field Goal,M. Okafor
27.4,6.878500702756139,2.91,23.3,365.0,0,-32.8,271.9,Above the Break 3,3PT Field Goal,J. Carter
2.4,36.53595433603732,5.24,18.9,58.0,1,-14.3,19.3,Restricted Area,2PT Field Goal,M. Okafor
15.5,41.676542647703066,5.55,3.0,530.0,1,103.0,115.7,Mid-Range,2PT Field Goal,J. Carter
0.4,8.130102354155978,4.73,11.9,403.0,1,0.6,4.2,Restricted Area,2PT Field Goal,S. Whitfield
18.3,38.07278187399084,2.18,10.5,272.0,0,112.8,144.0,Mid-Range,2PT Field Goal,A. Kowalski
15.8,57.84067901209279,5.19,12.2,685.0,0,-133.6,84.0,Mid-Range,2PT Field Goal,A. Kowalski
2.3,61.95740911127113,3.8,20.5,145.0,0,-19.9,10.6,Restricted Area,2PT Field Goal,K. Albrecht
27.8,56.795623568586116,4.22,12.6,152.0,0,-232.7,152.3,Above the Break 3,3PT Field Goal,M. Okafor
1.7,48.7826454465963,7.03,20.9,625.0,1,12.9,11.3,Restricted Area,2PT Field Goal,R. Delgado
3.8,4.387114058468844,3.98,5.8,227.0,0,2.9,37.8,Restricted Area,2PT Field Goal,T. Nwosu
28.1,59.59235987490142,5.27,6.0,642.0,0,-242.3,142.2,Above the Break 3,3PT Field Goal,D. Reyes
4.0,60.36161631184866,7.58,12.7,655.0,1,-34.8,19.8,In The Paint (Non-RA),2PT Field Goal,B. Osei
23.5,31.850306594217507,6.53,8.2,171.0,1,124.0,199.6,Above the Break 3,3PT Field Goal,T. Nwosu
0.8,43.42344994481627,1.34,4.6,559.0,0,-5.3,5.6,Restricted Area,2PT Field Goal,R. Delgado
1.0,23.039435979903537,1.77,17.2,573.0,0,3.7,8.7,Restricted Area,2PT Field Goal,R. Delgado
19.0,41.52597229044295,0.3,0.6,221.0,1,-126.1,142.4,Mid-Range,2PT Field Goal,B. Osei
27.0,54.625248156123924,6.65,9.1,675.0,0,220.0,156.2,Above the Break 3,3PT Field Goal,L. Fitzgerald
23.0,22.208181885342544,3.82,9.8,604.0,1,-87.0,213.1,Above the Break 3,3PT Field Goal,K. Albrecht
1.1,35.71995431229032,2.97,21.1,299.0,1,6.4,8.9,Restricted Area,2PT Field Goal,J. Carter
16.3,26.157147261563836,4.02,11.2,173.0,0,-72.0,146.6,Mid-Range,2PT Field Goal,R. Delgado
9.2,66.99740340664216,1.53,10.6,241.0,0,-84.8,36.0,In The Paint (Non-RA),2PT Field Goal,B. Osei
16.9,46.14863365586551,5.52,14.4,688.0,0,-122.1,117.3,Mid-Range,2PT Field Goal,S. Whitfield
1.3,40.69553103949202,2.17,5.2,238.0,1,8.6,10.0,Restricted Area,2PT Field Goal,K. Albrecht
25.3,20.824177528253383,6.29,21.6,4.0,0,-89.8,236.1,Above the Break 3,3PT Field Goal,J. Carter
25.1,27.483337663972215,4.82,6.2,79.0,1,115.9,222.8,Above the Break 3,3PT Field Goal,S. Whitfield
1.3,42.78524487268077,4.07,23.3,143.0,0,-8.7,9.4,Restricted Area,2PT Field Goal,D. Reyes
2.2,7.943471810590411,5.5,15.5,219.0,0,-3.0,21.5,Restricted Area,2PT Field Goal,K. Albrecht
3.4,6.896084194653518,3.65,3.7,571.0,1,4.1,33.9,Restricted Area,2PT Field Goal,M. Okafor
26.6,35.319995411363955,4.15,16.0,521.0,0,153.9,217.2,Above the Break 3,3PT Field Goal,K. Albrecht
6.9,58.936549197025585,6.99,18.1,573.0,1,59.1,35.6,In The Paint (Non-RA),2PT Field Goal,R. Delgado
19.5,18.081734669766135,8.08,10.4,681.0,1,-60.5,185.3,Mid-Range,2PT Field Goal,A. Kowalski
26.1,27.892698525509584,5.5,15.7,493.0,1,-121.9,230.3,Above the Break 3,3PT Field Goal,A. Kowalski
8.3,38.59515252131667,7.44,18.8,426.0,1,-51.8,64.9,In The Paint (Non-RA),2PT Field Goal,J. Carter
27.7,26.18628743309355,0.61,23.7,686.0,0,122.4,248.9,Above the Break 3,3PT Field Goal,A. Kowalski
0.5,23.749494492866763,4.55,3.8,634.0,0,2.2,5.0,Restricted Area,2PT Field Goal,T. Nwosu
0.3,31.328692867804172,4.2,13.2,446.0,1,-1.4,2.3,Restricted Area,2PT Field Goal,J. Carter
0.2,40.91438322002513,3.16,5.4,77.0,0,-1.3,1.5,Restricted Area,2PT Field Goal,K. Albrecht
19.4,54.63366075085301,5.47,17.8,186.0,0,-158.5,112.5,Mid-Range,2PT Field Goal,A. Kowalski
13.4,51.59347530092958,8.65,14.6,545.0,1,-105.2,83.4,In The Paint (Non-RA),2PT Field Goal,L. Fitzgerald
24.4,36.06190971576901,5.43,15.4,340.0,1,143.6,197.2,Above the Break 3,3PT Field Goal,A. Kowalski
14.4,40.45866060622411,6.83,18.6,428.0,1,93.3,109.4,Mid-Range,2PT Field Goal,S. Whitfield
18.5,3.8079013853849175,7.43,0.2,42.0,0,-12.3,184.8,Mid-Range,2PT Field Goal,R. Delgado
3.4,36.603252545801084,7.31,7.4,314.0,0,20.5,27.6,Restricted Area,2PT Field Goal,A. Kowalski
18.5,4.208984924170216,4.44,22.8,63.0,0,13.6,184.8,Mid-Range,2PT Field Goal,M. Okafor
16.9,14.028007765882712,2.89,20.0,620.0,0,40.9,163.7,Mid-Range,2PT Field Goal,K. Albrecht
3.7,50.590796015997434,6.9,2.8,653.0,1,28.6,23.5,Restricted Area,2PT Field Goal,T. Nwosu
13.0,5.178422264901311,6.29,4.8,696.0,0,-11.7,129.1,In The Paint (Non-RA),2PT Field Goal,R. Delgado
27.0,3.8634592208828518,3.25,5.8,249.0,1,18.2,269.5,Above the Break 3,3PT Field Goal,J. Carter
26.2,67.0570514645024,8.0,0.4,26.0,1,241.2,102.1,Above the Break 3,3PT Field Goal,D. Reyes
0.3,66.25050550713324,2.41,1.7,53.0,1,2.5,1.1,Restricted Area,2PT Field Goal,K. Albrecht
0.2,14.743562836470735,1.5,9.5,696.0,1,0.5,1.9,Restricted Area,2PT Field Goal,T. Nwosu
25.5,0.29209360036394694,4.16,7.8,627.0,1,-1.3,255.0,Above the Break 3,3PT Field Goal,L. Fitzgerald
7.6,65.84490794724024,1.3,21.0,409.0,1,-68.9,30.9,In The Paint (Non-RA),2PT Field Goal,M. Okafor
23.3,5.903614436347227,3.95,13.9,82.0,0,-24.0,232.1,Above the Break 3,3PT Field Goal,L. Fitzgerald
26.5,28.836351507751083,4.16,12.6,32.0,1,-127.9,232.3,Above the Break 3,3PT Field Goal,M. Okafor
2.3,7.344299289502675,2.98,15.5,477.0,1,-2.9,22.5,Restricted Area,2PT Field Goal,S. Whitfield
26.1,36.05646655959653,4.46,13.8,642.0,0,-153.4,210.7,Above the Break 3,3PT Field Goal,A. Kowalski
17.0,66.2158737475487,1.43,16.7,324.0,1,155.2,68.4,Mid-Range,2PT Field Goal,A. Kowalski
26.9,36.20117198100412,0.3,19.0,475.0,0,-158.9,217.1,Above the Break 3,3PT Field Goal,K. Albrecht
25.4,22.06507702679504,6.16,23.5,237.0,0,95.5,235.6,Above the Break 3,3PT Field Goal,D. Reyes
18.8,64.20990380112912,6.41,4.4,654.0,0,-169.7,82.0,Mid-Range,2PT Field Goal,S. Whitfield
25.0,12.481636396005316,6.25,3.3,97.0,0,-54.1,244.4,Above the Break 3,3PT Field Goal,A. Kowalski
10.4,67.21454077455675,3.37,23.9,432.0,0,95.7,40.2,In The Paint (Non-RA),2PT Field Goal,D. Reyes
3.4,15.784259139500191,5.34,0.7,394.0,0,-9.3,32.9,Restricted Area,2PT Field Goal,K. Albrecht
20.3,55.313789153181176,3.54,3.0,464.0,0,-166.6,115.3,Mid-Range,2PT Field Goal,K. Albrecht
4.7,24.2831249445447,7.0,23.3,417.0,1,19.4,43.0,In The Paint (Non-RA),2PT Field Goal,L. Fitzgerald
26.2,48.51361482463801,1.62,12.2,446.0,1,196.2,173.5,Above the Break 3,3PT Field Goal,B. Osei
20.2,62.270457904545445,4.96,6.0,344.0,0,-179.2,94.2,Mid-Range,2PT Field Goal,D. Reyes
26.3,16.053015938318598,3.25,3.2,523.0,0,72.8,253.0,Above the Break 3,3PT Field Goal,R. Delgado
26.7,56.70830891299866,5.91,10.9,700.0,0,-223.4,146.7,Above the Break 3,3PT Field Goal,L. Fitzgerald
20.8,40.056463798837704,4.47,10.3,83.0,0,133.6,158.9,Mid-Range,2PT Field Goal,T. Nwosu
28.9,14.834370708808015,0.3,8.6,713.0,1,74.0,279.4,Above the Break 3,3PT Field Goal,S. Whitfield
24.4,43.886471164425686,3.58,1.8,435.0,0,169.0,175.7,Above the Break 3,3PT Field Goal,R. Delgado
29.0,60.79186031475059,2.08,8.7,442.0,1,253.1,141.5,Above the Break 3,3PT Field Goal,L. Fitzgerald
3.3,33.49940007834755,5.34,10.5,156.0,0,18.4,27.8,Restricted Area,2PT Field Goal,B. Osei
2.3,40.680724972372,6.25,21.0,128.0,0,15.3,17.8,Restricted Area,2PT Field Goal,D. Reyes
18.3,9.26628122791396,1.58,16.8,435.0,0,-29.4,180.2,Mid-Range,2PT Field Goal,L. Fitzgerald
2.9,24.993305262259735,5.27,23.7,2.0,1,-12.4,26.6,Restricted Area,2PT Field Goal,D. Reyes
22.5,59.171632282550505,2.01,14.5,624.0,0,193.2,115.3,Above the Break 3,3PT Field Goal,D. Reyes
11.9,25.318752948102723,3.16,19.7,177.0,1,-51.0,107.8,In The Paint (Non-RA),2PT Field Goal,B. Osei
27.2,51.563745408743905,4.67,19.6,380.0,1,213.2,169.2,Above the Break 3,3PT Field Goal,L. Fitzgerald
2.5,5.029073581785447,7.06,7.5,235.0,1,-2.2,25.0,Restricted Area,2PT Field Goal,L. Fitzgerald
16.1,64.87103246476782,5.37,15.3,70.0,0,-145.4,68.2,Mid-Range,2PT Field Goal,M. Okafor
24.0,13.064339226252512,5.78,19.7,488.0,1,54.3,234.0,Above the Break 3,3PT Field Goal,B. Osei
29.0,34.194139030029184,3.21,17.1,392.0,0,163.0,239.9,Above the Break 3,3PT Field Goal,K. Albrecht
1.4,64.67262805459285,3.98,1.7,651.0,1,-13.1,6.2,Restricted Area,2PT Field Goal,K. Albrecht
4.8,66.56393179327601,5.71,10.3,382.0,0,43.6,18.9,In The Paint (Non-RA),2PT Field Goal,M. Okafor
19.9,22.096083143425368,4.68,1.4,671.0,0,-74.7,184.0,Mid-Range,2PT Field Goal,D. Reyes
4.0,5.739098498089606,4.67,17.1,173.0,1,-4.0,39.8,In The Paint (Non-RA),2PT Field Goal,J. Carter
11.2,33.19173210956638,5.22,22.8,281.0,1,61.1,93.4,In The Paint (Non-RA),2PT Field Goal,T. Nwosu
23.9,11.145384449922256,8.07,23.7,31.0,0,46.2,234.5,Above the Break 3,3PT Field Goal,J. Carter
27.4,3.74591362931529,7.42,20.2,45.0,0,-17.9,273.4,Above the Break 3,3PT Field Goal,T. Nwosu
2.1,63.55633800467277,7.54,18.7,156.0,0,18.9,9.4,Restricted Area,2PT Field Goal,A. Kowalski
15.3,50.11298847330751,5.2,20.4,348.0,0,-117.5,98.2,Mid-Range,2PT Field Goal,L. Fitzgerald
23.7,29.69993168834509,2.58,11.7,302.0,0,117.5,206.0,Above the Break 3,3PT Field Goal,M. Okafor
0.8,65.73870914752221,1.67,14.3,624.0,1,-7.1,3.2,Restricted Area,2PT Field Goal,R. Delgado
23.5,36.523039643651664,4.66,13.7,504.0,0,139.6,188.5,Above the Break 3,3PT Field Goal,J. Carter
26.9,29.172364703180108,2.08,9.5,457.0,0,131.3,235.2,Above the Break 3,3PT Field Goal,S. Whitfield
27.1,12.182010216368525,0.3,8.6,292.0,0,-57.1,264.5,Above the Break 3,3PT Field Goal,R. Delgado
1.6,11.888658039627977,3.65,23.4,648.0,1,-3.2,15.2,Restricted Area,2PT Field Goal,D. Reyes
24.2,9.714930329706625,9.39,20.2,104.0,0,40.9,238.9,Above the Break 3,3PT Field Goal,K. Albrecht
29.0,54.616225427154156,4.37,1.4,452.0,0,236.4,167.9,Above the Break 3,3PT Field Goal,K. Albrecht
0.3,46.54815769897797,4.68,4.3,448.0,1,-1.9,1.8,Restricted Area,2PT Field Goal,B. Osei
14.2,15.489441442245363,4.2,22.3,169.0,0,-37.8,136.4,Mid-Range,2PT Field Goal,L. Fitzgerald
2.1,5.657070706068332,4.71,9.2,200.0,1,-2.1,21.2,Restricted Area,2PT Field Goal,M. Okafor
15.1,19.88592374714918,1.33,19.0,527.0,0,-51.4,142.1,Mid-Range,2PT Field Goal,M. Okafor
24.9,35.214278263272405,4.95,10.9,147.0,0,-143.7,203.6,Above the Break 3,3PT Field Goal,B. Osei
28.3,1.842389099177921,6.15,9.6,626.0,0,-9.1,282.9,Above the Break 3,3PT Field Goal,L. Fitzgerald
23.7,22.318262005746515,4.95,7.6,14.0,0,-89.9,219.0,Above the Break 3,3PT Field Goal,M. Okafor
3.4,12.293173120616519,5.02,1.5,546.0,0,7.3,33.5,Restricted Area,2PT Field Goal,T. Nwosu
0.6,8.673174047879765,4.43,19.6,361.0,0,-0.9,5.9,Restricted Area,2PT Field Goal,S. Whitfield
23.8,45.11933051969233,6.0,6.4,130.0,1,168.4,167.7,Above the Break 3,3PT Field Goal,R. Delgado
3.5,45.70154591234523,1.78,5.1,88.0,1,24.8,24.2,Restricted Area,2PT Field Goal,M. Okafor
4.0,6.023993082319619,0.3,23.4,6.0,1,4.2,39.8,In The Paint (Non-RA),2PT Field Goal,M. Okafor
2.6,50.99252744787896,3.25,12.8,444.0,1,20.0,16.2,Restricted Area,2PT Field Goal,D. Reyes
25.7,1.2283762348805587,4.3,22.4,178.0,1,5.5,256.5,Above the Break 3,3PT Field Goal,M. Okafor
7.2,19.798876354524932,5.74,10.8,41.0,1,-24.3,67.5,In The Paint (Non-RA),2PT Field Goal,K. Albrecht
23.7,10.194445942136444,2.67,4.5,130.0,0,41.9,233.0,Above the Break 3,3PT Field Goal,R. Delgado
14.4,47.72364085785111,4.74,18.9,275.0,0,106.8,97.1,Mid-Range,2PT Field Goal,L. Fitzgerald
26.3,6.152621241561346,4.26,7.1,50.0,0,28.2,261.6,Above the Break 3,3PT Field Goal,B. Osei
22.5,41.1068568964137,5.99,20.8,413.0,0,147.9,169.5,Above the Break 3,3PT Field Goal,L. Fitzgerald
25.8,19.950876345897047,3.3,8.7,451.0,0,-88.1,242.7,Above the Break 3,3PT Field Goal,S. Whitfield
0.7,22.680559607024914,5.77,7.6,256.0,1,2.8,6.7,Restricted Area,2PT Field Goal,D. Reyes
1.1,8.94538183353896,6.03,9.4,196.0,0,1.7,10.8,Restricted Area,2PT Field Goal,A. Kowalski
17.4,21.01146856720763,3.72,12.4,382.0,1,62.3,162.2,Mid-Range,2PT Field Goal,B. Osei
17.2,7.398304834138895,4.01,12.1,106.0,0,-22.1,170.2,Mid-Range,2PT Field Goal,J. Carter
24.5,50.2363774889428,3.31,10.0,271.0,0,-188.2,156.6,Above the Break 3,3PT Field Goal,A. Kowalski
23.8,65.80742839025466,2.74,15.0,268.0,0,-216.8,97.4,Above the Break 3,3PT Field Goal,B. Osei
1.7,56.2169199266474,2.91,4.1,243.0,1,-14.2,9.5,Restricted Area,2PT Field Goal,J. Carter
0.6,58.52316065041602,1.9,23.3,400.0,0,-4.9,3.0,Restricted Area,2PT Field Goal,A. Kowalski
25.9,10.263253162681446,5.97,8.9,406.0,1,-46.1,254.6,Above the Break 3,3PT Field Goal,T. Nwosu
21.7,16.69924423399362,5.26,15.1,407.0,0,-62.4,208.0,Mid-Range,2PT Field Goal,M. Okafor
0.6,18.138082155597317,4.05,22.2,647.0,1,1.9,5.8,Restricted Area,2PT Field Goal,S. Whitfield
1.8,61.87143238432718,4.58,8.3,649.0,0,15.9,8.5,Restricted Area,2PT Field Goal,B. Osei
1.9,11.546690545927321,4.42,2.5,377.0,1,-3.8,18.6,Restricted Area,2PT Field Goal,A. Kowalski
2.8,23.860175191342343,7.72,0.5,284.0,0,-11.5,26.0,Restricted Area,2PT Field Goal,M. Okafor
0.7,16.29404745659891,6.32,23.4,134.0,1,1.9,6.5,Restricted Area,2PT Field Goal,D. Reyes
4.0,3.299113319173966,3.59,6.2,366.0,1,2.3,39.9,In The Paint (Non-RA),2PT Field Goal,D. Reyes
3.4,60.86328678614749,5.89,16.9,384.0,1,-29.6,16.5,Restricted Area,2PT Field Goal,J. Carter
3.2,39.39072555355419,0.62,18.7,90.0,0,20.2,24.6,Restricted Area,2PT Field Goal,B. Osei
1.3,20.20361516832514,3.22,2.0,492.0,0,-4.6,12.5,Restricted Area,2PT Field Goal,S. Whitfield
4.0,6.166329224481412,2.59,2.0,133.0,0,4.3,39.8,In The Paint (Non-RA),2PT Field Goal,J. Carter
1.7,20.241452474293272,5.05,16.8,452.0,1,5.9,16.0,Restricted Area,2PT Field Goal,K. Albrecht
5.5,58.64430084124643,3.08,10.3,192.0,0,47.1,28.7,In The Paint (Non-RA),2PT Field Goal,R. Delgado
25.1,24.563017646582708,2.54,8.2,412.0,1,-104.3,228.2,Above the Break 3,3PT Field Goal,K. Albrecht
24.7,4.530427742661714,2.67,2.0,394.0,0,-19.5,246.1,Above the Break 3,3PT Field Goal,L. Fitzgerald
5.4,50.51797810576479,1.08,20.5,540.0,0,42.0,34.6,In The Paint (Non-RA),2PT Field Goal,M. Okafor
4.0,61.001022853846,1.33,12.2,602.0,0,35.0,19.4,In The Paint (Non-RA),2PT Field Goal,A. Kowalski
3.4,31.397588065758537,2.1,11.3,460.0,1,17.7,29.0,Restricted Area,2PT Field Goal,T. Nwosu
20.8,44.416163759219536,5.13,21.3,159.0,1,145.7,148.7,Mid-Range,2PT Field Goal,M. Okafor
13.7,63.37894123615405,4.89,19.5,560.0,1,-122.7,61.5,In The Paint (Non-RA),2PT Field Goal,K. Albrecht
20.6,10.563325653478785,5.98,10.5,599.0,1,37.8,202.7,Mid-Range,2PT Field Goal,M. Okafor
26.9,26.726688360574563,8.06,8.4,174.0,0,-121.2,240.7,Above the Break 3,3PT Field Goal,A. Kowalski
19.9,13.25371562649537,6.34,7.4,281.0,1,45.6,193.6,Mid-Range,2PT Field Goal,R. Delgado
26.0,18.086862099923007,0.3,13.0,201.0,0,80.8,247.4,Above the Break 3,3PT Field Goal,S. Whitfield
1.0,13.366930696316848,2.89,7.0,268.0,0,-2.4,10.1,Restricted Area,2PT Field Goal,A. Kowalski
1.6,48.882898560363685,7.7,6.7,302.0,1,11.8,10.3,Restricted Area,2PT Field Goal,D. Reyes
4.0,42.87140219208092,4.65,2.4,37.0,1,27.2,29.3,In The Paint (Non-RA),2PT Field Goal,L. Fitzgerald
15.5,59.933106471987145,5.14,8.5,22.0,0,-133.7,77.4,Mid-Range,2PT Field Goal,D. Reyes
15.2,52.972242432186576,4.77,20.0,516.0,1,121.7,91.8,Mid-Range,2PT Field Goal,D. Reyes
3.3,33.06731183877347,1.18,2.4,465.0,0,18.1,27.8,Restricted Area,2PT Field Goal,M. Okafor
1.9,47.52611691161956,5.22,18.3,271.0,1,14.2,13.0,Restricted Area,2PT Field Goal,S. Whitfield
6.2,26.441480312928743,3.95,16.2,709.0,0,-27.7,55.7,In The Paint (Non-RA),2PT Field Goal,R. Delgado
2.4,12.739646792482093,2.05,22.4,655.0,1,-5.2,23.0,Restricted Area,2PT Field Goal,D. Reyes
2.4,33.55493622107899,5.12,2.5,647.0,1,13.0,19.6,Restricted Area,2PT Field Goal,M. Okafor
8.7,49.80621775359439,8.13,18.0,488.0,0,66.4,56.1,In The Paint (Non-RA),2PT Field Goal,T. Nwosu
26.2,28.07248693585296,3.86,6.4,322.0,1,-123.2,231.0,Above the Break 3,3PT Field Goal,M. Okafor
1.2,24.403971688851616,1.4,15.4,443.0,1,4.9,10.8,Restricted Area,2PT Field Goal,B. Osei
27.9,14.689172759437435,3.99,17.8,246.0,0,-70.7,269.7,Above the Break 3,3PT Field Goal,T. Nwosu
1.9,4.281536235070609,2.25,1.3,654.0,1,-1.4,18.7,Restricted Area,2PT Field Goal,K. Albrecht
5.6,1.6483445048961347,0.3,5.2,341.0,0,-1.6,55.6,In The Paint (Non-RA),2PT Field Goal,B. Osei
1.3,15.407703640642021,3.16,3.4,163.0,1,-3.5,12.7,Restricted Area,2PT Field Goal,M. Okafor
1.6,52.84469609952958,5.12,3.3,639.0,0,12.8,9.7,Restricted Area,2PT Field Goal,S. Whitfield
25.4,45.75069627613581,2.11,14.9,502.0,1,181.7,177.0,Above the Break 3,3PT Field Goal,S. Whitfield
8.9,62.08266273842996,4.03,5.8,323.0,1,-78.7,41.7,In The Paint (Non-RA),2PT Field Goal,T. Nwosu
2.7,59.40399053293733,3.94,15.1,507.0,1,-23.0,13.6,Restricted Area,2PT Field Goal,J. Carter
27.0,57.04550960578902,3.21,2.1,248.0,0,-226.6,146.9,Above the Break 3,3PT Field Goal,K. Albrecht
24.7,48.11261782889182,3.34,2.6,232.0,0,-184.2,165.2,Above the Break 3,3PT Field Goal,T. Nwosu
1.0,38.65980825409009,3.51,5.0,337.0,1,-6.0,7.5,Restricted Area,2PT Field Goal,J. Carter
12.2,41.11080348642598,3.61,23.8,378.0,0,-80.2,91.9,In The Paint (Non-RA),2PT Field Goal,K. Albrecht
20.6,29.45795539214133,3.92,21.0,83.0,0,-101.1,179.0,Mid-Range,2PT Field Goal,D. Reyes
3.0,14.919076928594771,5.38,4.4,12.0,1,-7.7,28.9,Restricted Area,2PT Field Goal,M. Okafor
6.5,30.47898096537471,3.12,9.4,408.0,1,32.9,55.9,In The Paint (Non-RA),2PT Field Goal,S. Whitfield
2.2,13.109208198154292,2.36,14.1,380.0,0,5.1,21.9,Restricted Area,2PT Field Goal,D. Reyes
26.6,50.98348587477124,5.33,6.6,269.0,0,-206.6,167.4,Above the Break 3,3PT Field Goal,S. Whitfield
3.0,23.521170532556642,2.72,8.4,31.0,0,12.1,27.8,Restricted Area,2PT Field Goal,D. Reyes
26.4,10.986999135777868,9.01,12.4,113.0,1,50.4,259.6,Above the Break 3,3PT Field Goal,B. Osei
3.2,67.62966747651845,3.66,15.5,217.0,0,-29.4,12.1,Restricted Area,2PT Field Goal,S. Whitfield
3.6,50.17408961873716,8.67,11.1,235.0,1,27.7,23.1,Restricted Area,2PT Field Goal,K. Albrecht
2.9,39.6266022604061,4.8,3.8,66.0,1,-18.3,22.1,Restricted Area,2PT Field Goal,T. Nwosu
24.5,0.11688229301070402,4.91,12.1,535.0,0,0.5,245.1,Above the Break 3,3PT Field Goal,J. Carter
22.8,2.4906453730355573,6.24,21.0,394.0,0,9.9,227.6,Above the Break 3,3PT Field Goal,M. Okafor
3.0,60.06341459362279,5.18,7.5,242.0,0,-25.7,14.8,Restricted Area,2PT Field Goal,T. Nwosu
20.1,48.2670382405149,3.93,6.6,235.0,0,-150.0,133.8,Mid-Range,2PT Field Goal,T. Nwosu
11.1,44.74535376772715,3.46,3.4,273.0,0,-78.4,79.1,In The Paint (Non-RA),2PT Field Goal,S. Whitfield
14.4,57.25998751292458,2.17,13.7,67.0,1,121.0,77.8,Mid-Range,2PT Field Goal,K. Albrecht
1.9,54.2167202483914,2.08,4.2,514.0,1,15.4,11.1,Restricted Area,2PT Field Goal,R. Delgado
23.2,51.94957524067157,6.13,22.0,41.0,0,182.7,143.0,Above the Break 3,3PT Field Goal,A. Kowalski
2.8,34.371452006313746,0.3,18.7,57.0,0,-15.8,23.1,Restricted Area,2PT Field Goal,D. Reyes
23.8,11.239132881363004,8.06,16.7,716.0,1,-46.4,233.5,Above the Break 3,3PT Field Goal,D. Reyes
1.0,6.095861544595817,6.31,4.5,421.0,1,1.1,10.3,Restricted Area,2PT Field Goal,L. Fitzgerald
17.3,60.505334935278476,3.52,4.3,505.0,0,-150.8,85.3,Mid-Range,2PT Field Goal,L. Fitzgerald
7.6,49.67013035930096,8.1,22.2,191.0,1,-57.6,48.9,In The Paint (Non-RA),2PT Field Goal,M. Okafor
16.2,3.5121981603882775,8.42,1.1,224.0,1,-9.9,161.3,Mid-Range,2PT Field Goal,D. Reyes
18.4,53.03058742250429,6.71,7.2,503.0,0,-147.2,110.8,Mid-Range,2PT Field Goal,L. Fitzgerald
17.6,5.276885770337853,0.3,18.6,366.0,1,-16.2,175.4,Mid-Range,2PT Field Goal,M. Okafor
1.8,4.108112177135867,0.3,10.2,237.0,0,1.3,18.1,Restricted Area,2PT Field Goal,D. Reyes
3.0,63.85935424228349,5.66,18.4,438.0,0,-27.1,13.3,Restricted Area,2PT Field Goal,M. Okafor
26.5,37.4538661167068,1.51,7.6,57.0,0,161.1,210.3,Above the Break 3,3PT Field Goal,D. Reyes
2.1,15.524110996754258,5.09,21.9,594.0,0,-5.5,19.8,Restricted Area,2PT Field Goal,J. Carter
2.7,3.455173367719379,3.25,6.6,602.0,1,-1.6,26.5,Restricted Area,2PT Field Goal,D. Reyes
0.8,21.425293798087385,5.05,7.3,696.0,0,3.1,7.9,Restricted Area,2PT Field Goal,K. Albrecht
17.7,50.446831590023955,3.43,2.6,126.0,1,136.7,112.9,Mid-Range,2PT Field Goal,J. Carter
25.3,46.34788728019859,4.17,0.7,142.0,0,-182.7,174.3,Above the Break 3,3PT Field Goal,M. Okafor
5.2,43.61034798442285,0.35,7.6,607.0,0,-36.2,38.0,In The Paint (Non-RA),2PT Field Goal,B. Osei
3.8,18.29038450518821,4.04,1.0,190.0,1,11.8,35.7,Restricted Area,2PT Field Goal,T. Nwosu
1.4,52.72661761909723,2.15,19.2,291.0,1,11.3,8.6,Restricted Area,2PT Field Goal,S. Whitfield
2.6,38.418055344821994,6.48,24.0,305.0,1,-16.1,20.3,Restricted Area,2PT Field Goal,L. Fitzgerald
2.1,4.398705354995532,2.61,9.1,445.0,1,-1.6,20.8,Restricted Area,2PT Field Goal,A. Kowalski
3.2,62.563296054516684,5.13,18.6,244.0,1,-28.7,14.9,Restricted Area,2PT Field Goal,L. Fitzgerald
1.7,66.84691843588647,5.43,15.9,479.0,1,-15.2,6.5,Restricted Area,2PT Field Goal,K. Albrecht
25.0,58.18196855421135,3.78,1.9,316.0,0,212.1,131.6,Above the Break 3,3PT Field Goal,M. Okafor
0.9,35.61085243866875,2.24,1.6,645.0,0,5.3,7.4,Restricted Area,2PT Field Goal,A. Kowalski
19.0,26.72717037521097,4.42,13.7,256.0,1,85.3,169.4,Mid-Range,2PT Field Goal,K. Albrecht
0.2,59.53445508054013,3.8,2.0,557.0,0,-1.7,1.0,Restricted Area,2PT Field Goal,S. Whitfield
1.7,27.299572211332805,5.84,17.6,390.0,1,8.0,15.5,Restricted Area,2PT Field Goal,R. Delgado
26.4,29.707128164872074,2.0,20.6,210.0,1,130.6,228.9,Above the Break 3,3PT Field Goal,R. Delgado
0.7,21.644435140714,1.46,23.3,303.0,1,-2.5,6.3,Restricted Area,2PT Field Goal,A. Kowalski
2.8,41.90991116722916,5.65,3.1,106.0,1,18.4,20.5,Restricted Area,2PT Field Goal,B. Osei
26.8,67.60707389484347,4.63,15.6,370.0,1,247.8,102.1,Above the Break 3,3PT Field Goal,M. Okafor
3.8,34.18612248637504,6.74,20.2,218.0,1,-21.6,31.8,Restricted Area,2PT Field Goal,R. Delgado
0.2,63.43494882292201,7.12,15.8,484.0,1,-1.8,0.9,Restricted Area,2PT Field Goal,D. Reyes
28.0,28.688857490944685,0.3,3.6,78.0,0,-134.4,245.6,Above the Break 3,3PT Field Goal,K. Albrecht
0.6,24.27444113443946,4.63,6.8,258.0,1,2.3,5.1,Restricted Area,2PT Field Goal,D. Reyes
24.4,54.396878741895996,4.4,5.1,114.0,0,198.6,142.2,Above the Break 3,3PT Field Goal,R. Delgado
2.5,60.02605133976395,4.23,17.7,357.0,1,21.5,12.4,Restricted Area,2PT Field Goal,A. Kowalski
20.2,42.45118702236839,6.16,18.1,528.0,0,136.3,149.0,Mid-Range,2PT Field Goal,J. Carter
3.6,15.31098975264578,8.42,8.5,229.0,0,9.5,34.7,Restricted Area,2PT Field Goal,T. Nwosu
2.5,39.273152741088715,3.64,8.0,384.0,0,-15.7,19.2,Restricted Area,2PT Field Goal,R. Delgado
26.5,24.571107397149564,3.76,22.6,175.0,1,-110.1,240.8,Above the Break 3,3PT Field Goal,J. Carter
26.8,39.57258470680527,5.52,23.1,526.0,1,-170.5,206.3,Above the Break 3,3PT Field Goal,L. Fitzgerald
2.5,10.36632260345049,5.74,19.9,573.0,0,4.5,24.6,Restricted Area,2PT Field Goal,D. Reyes
23.8,54.960631189249106,3.77,9.7,666.0,1,-194.8,136.6,Above the Break 3,3PT Field Goal,B. Osei
2.7,40.236358309273825,5.99,15.0,615.0,0,17.6,20.8,Restricted Area,2PT Field Goal,M. Okafor
2.8,19.791190803999186,7.11,1.7,329.0,0,9.5,26.4,Restricted Area,2PT Field Goal,K. Albrecht
4.0,40.135485562239474,2.85,18.5,501.0,0,25.8,30.6,In The Paint (Non-RA),2PT Field Goal,R. Delgado
21.1,28.482693191250775,6.88,7.8,102.0,1,100.7,185.6,Mid-Range,2PT Field Goal,M. Okafor
25.7,22.496471500232584,2.29,2.5,262.0,0,98.4,237.6,Above the Break 3,3PT Field Goal,K. Albrecht
23.9,25.028504153155257,6.92,13.1,48.0,0,-100.9,216.1,Above the Break 3,3PT Field Goal,D. Reyes
25.1,55.25863554662506,2.02,10.1,446.0,0,206.2,143.0,Above the Break 3,3PT Field Goal,M. Okafor
12.1,35.90576336256901,2.12,2.6,173.0,0,71.1,98.2,In The Paint (Non-RA),2PT Field Goal,B. Osei
2.9,51.402912880695176,0.94,3.0,265.0,0,-22.3,17.8,Restricted Area,2PT Field Goal,S. Whitfield
0.6,36.50144112050632,3.31,21.2,356.0,0,-3.7,5.0,Restricted Area,2PT Field Goal,D. Reyes
7.4,54.793507996441,3.9,11.9,222.0,0,-60.8,42.9,In The Paint (Non-RA),2PT Field Goal,L. Fitzgerald
26.2,24.055569879019494,3.67,5.5,668.0,0,107.0,239.7,Above the Break 3,3PT Field Goal,A. Kowalski
10.4,6.242770748167016,3.16,5.7,487.0,1,-11.3,103.3,In The Paint (Non-RA),2PT Field Goal,L. Fitzgerald
17.9,35.992041973643765,3.43,15.8,557.0,1,-105.1,144.7,Mid-Range,2PT Field Goal,S. Whitfield
22.5,28.057503338424432,2.86,17.6,44.0,0,105.8,198.5,Above the Break 3,3PT Field Goal,B. Osei
23.9,52.86198668334377,3.11,1.5,398.0,1,-190.8,144.5,Above the Break 3,3PT Field Goal,M. Okafor
24.1,66.29150146032887,4.29,1.4,268.0,0,220.2,96.7,Above the Break 3,3PT Field Goal,R. Delgado
17.0,61.82458781006676,2.7,8.8,62.0,1,150.1,80.4,Mid-Range,2PT Field Goal,T. Nwosu
1.5,54.764557879888415,4.31,10.5,177.0,1,-12.6,8.9,Restricted Area,2PT Field Goal,B. Osei
25.7,24.22774531795417,1.53,8.2,326.0,0,105.3,234.0,Above the Break 3,3PT Field Goal,J. Carter
13.5,15.043312194501416,0.95,20.4,251.0,0,35.1,130.6,In The Paint (Non-RA),2PT Field Goal,T. Nwosu
24.2,26.798218064023906,5.68,1.8,329.0,0,-109.0,215.8,Above the Break 3,3PT Field Goal,J. Carter
2.4,22.56411169332522,2.16,11.3,402.0,1,-9.1,21.9,Restricted Area,2PT Field Goal,R. Delgado
26.2,62.083375748947084,4.17,17.6,214.0,1,231.2,122.5,Above the Break 3,3PT Field Goal,S. Whitfield
1.1,56.87026453158791,1.69,0.1,301.0,0,-9.5,6.2,Restricted Area,2PT Field Goal,D. Reyes
24.0,54.51235732199167,0.57,14.4,661.0,1,195.1,139.1,Above the Break 3,3PT Field Goal,D. Reyes
24.6,1.259045207175268,0.87,13.0,418.0,0,-5.4,245.7,Above the Break 3,3PT Field Goal,K. Albrecht
1.8,6.691264432552285,1.95,4.5,465.0,1,2.1,17.9,Restricted Area,2PT Field Goal,S. Whitfield
26.6,0.8406226733292516,6.84,14.6,694.0,1,3.9,265.8,Above the Break 3,3PT Field Goal,T. Nwosu
20.8,38.865860967073196,2.33,5.3,202.0,0,130.8,162.3,Mid-Range,2PT Field Goal,R. Delgado
14.2,42.002211390634535,4.45,20.7,651.0,1,-95.0,105.5,Mid-Range,2PT Field Goal,M. Okafor
1.5,36.482769891693074,3.04,18.0,25.0,1,-8.8,11.9,Restricted Area,2PT Field Goal,M. Okafor
1.3,52.6789638073687,4.16,6.5,142.0,1,-10.1,7.7,Restricted Area,2PT Field Goal,J. Carter
2.9,6.811927773881142,1.19,18.0,280.0,1,-3.5,29.3,Restricted Area,2PT Field Goal,D. Reyes
11.2,62.52194595610659,6.36,20.6,167.0,1,-99.6,51.8,In The Paint (Non-RA),2PT Field Goal,B. Osei
20.2,63.714500197267036,4.37,2.8,569.0,1,180.8,89.3,Mid-Range,2PT Field Goal,S. Whitfield
26.1,8.22646037999945,2.88,16.8,579.0,0,-37.3,258.0,Above the Break 3,3PT Field Goal,J. Carter
25.8,20.36869423079591,5.72,11.0,259.0,1,-89.7,241.6,Above the Break 3,3PT Field Goal,B. Osei
1.6,58.438188158350655,0.46,21.5,57.0,0,14.0,8.6,Restricted Area,2PT Field Goal,J. Carter
0.8,48.54476645559488,2.29,19.0,432.0,1,6.0,5.3,Restricted Area,2PT Field Goal,A. Kowalski
25.4,38.18126960487978,4.7,20.8,233.0,0,-157.2,199.9,Above the Break 3,3PT Field Goal,J. Carter
27.3,57.509485841792774,7.46,3.5,32.0,0,-230.2,146.6,Above the Break 3,3PT Field Goal,A. Kowalski
1.3,29.631536678203886,2.78,8.4,299.0,1,6.2,10.9,Restricted Area,2PT Field Goal,B. Osei
7.3,19.25305017634618,8.0,18.3,147.0,0,-24.1,69.0,In The Paint (Non-RA),2PT Field Goal,M. Okafor
2.2,44.436453129185985,6.59,16.6,89.0,0,15.1,15.4,Restricted Area,2PT Field Goal,L. Fitzgerald
28.0,16.502905548349677,1.93,4.7,589.0,0,-79.4,268.0,Above the Break 3,3PT Field Goal,R. Delgado
4.0,27.07775140292654,5.09,7.8,316.0,1,-18.2,35.6,In The Paint (Non-RA),2PT Field Goal,L. Fitzgerald
24.8,5.522354946217232,6.49,2.2,431.0,0,-23.9,247.2,Above the Break 3,3PT Field Goal,S. Whitfield
24.2,62.13227429556242,1.76,5.8,120.0,0,-213.9,113.1,Above the Break 3,3PT Field Goal,S. Whitfield
2.4,44.164843707779106,7.3,10.0,353.0,0,-16.9,17.4,Restricted Area,2PT Field Goal,S. Whitfield
14.4,47.638233515238035,0.45,8.8,187.0,0,-106.7,97.3,Mid-Range,2PT Field Goal,B. Osei
3.9,28.27095043862048,7.06,2.3,245.0,0,18.5,34.4,Restricted Area,2PT Field Goal,A. Kowalski
16.4,27.128906145484105,6.54,6.5,116.0,0,-74.6,145.6,Mid-Range,2PT Field Goal,T. Nwosu
10.2,42.884810689199675,7.71,15.7,576.0,1,69.1,74.4,In The Paint (Non-RA),2PT Field Goal,T. Nwosu
23.6,60.99484360860593,5.87,5.1,525.0,0,206.7,114.6,Above the Break 3,3PT Field Goal,R. Delgado
11.5,0.7978008917422703,4.59,15.3,277.0,1,-1.6,114.9,In The Paint (Non-RA),2PT Field Goal,M. Okafor
28.6,42.5769026208037,0.4,22.4,61.0,0,-193.5,210.6,Above the Break 3,3PT Field Goal,B. Osei
21.4,65.99943351687293,7.96,16.0,577.0,1,-195.4,87.0,Mid-Range,2PT Field Goal,A. Kowalski
2.7,62.77314581986668,5.45,17.4,232.0,0,24.1,12.4,Restricted Area,2PT Field Goal,A. Kowalski
23.9,51.60979933216661,5.89,23.3,573.0,0,-187.3,148.4,Above the Break 3,3PT Field Goal,S. Whitfield
0.2,32.9052429229879,2.69,20.7,276.0,1,1.1,1.7,Restricted Area,2PT Field Goal,R. Delgado
23.1,65.34077959029285,0.3,9.9,636.0,0,-210.2,96.5,Above the Break 3,3PT Field Goal,R. Delgado
26.0,56.44450115465819,5.09,4.7,158.0,1,216.5,143.6,Above the Break 3,3PT Field Goal,L. Fitzgerald
27.4,7.999871444087646,1.99,21.3,158.0,0,38.1,271.1,Above the Break 3,3PT Field Goal,D. Reyes
16.5,21.491635818908094,3.92,6.6,326.0,1,60.4,153.4,Mid-Range,2PT Field Goal,T. Nwosu
14.4,15.841529989439653,5.26,9.7,19.0,0,39.3,138.5,Mid-Range,2PT Field Goal,S. Whitfield
23.3,35.983951051989784,1.06,7.2,696.0,0,-136.8,188.4,Above the Break 3,3PT Field Goal,R. Delgado
6.2,51.92111763843501,5.01,11.0,467.0,1,-48.5,38.0,In The Paint (Non-RA),2PT Field Goal,M. Okafor
25.3,45.54504693347593,2.27,19.5,430.0,0,180.4,177.0,Above the Break 3,3PT Field Goal,K. Albrecht
22.9,7.3667692581698985,2.7,11.5,149.0,1,29.4,227.4,Above the Break 3,3PT Field Goal,J. Carter
24.3,9.372997876624275,5.71,21.7,618.0,0,39.5,239.3,Above the Break 3,3PT Field Goal,T. Nwosu
13.5,52.70726294948548,0.67,13.5,442.0,0,-107.8,82.1,In The Paint (Non-RA),2PT Field Goal,T. Nwosu
15.0,60.737857115672284,2.69,11.0,605.0,1,131.0,73.4,Mid-Range,2PT Field Goal,K. Albrecht
2.6,26.86450374409462,3.44,17.1,30.0,0,11.6,22.9,Restricted Area,2PT Field Goal,K. Albrecht
1.1,10.587321318237136,6.28,2.7,590.0,1,-2.0,10.7,Restricted Area,2PT Field Goal,L. Fitzgerald
0.5,61.29404745659892,3.79,21.1,434.0,0,-4.2,2.3,Restricted Area,2PT Field Goal,A. Kowalski
28.4,4.076996120100149,5.49,16.9,389.0,0,-20.2,283.4,Above the Break 3,3PT Field Goal,K. Albrecht
0.8,65.32313682966294,1.49,23.1,585.0,0,7.4,3.4,Restricted Area,2PT Field Goal,J. Carter
25.8,35.50152903998018,0.58,5.0,17.0,0,149.8,210.0,Above the Break 3,3PT Field Goal,A. Kowalski
4.0,64.84462756613166,3.61,1.5,406.0,0,-36.2,17.0,In The Paint (Non-RA),2PT Field Goal,T. Nwosu
0.2,35.21759296819271,7.5,8.1,382.0,1,1.2,1.7,Restricted Area,2PT Field Goal,K. Albrecht
25.0,50.41424385379288,5.14,0.7,682.0,0,192.9,159.5,Above the Break 3,3PT Field Goal,T. Nwosu
6.3,33.08137032604579,2.99,13.0,539.0,1,-34.2,52.5,In The Paint (Non-RA),2PT Field Goal,T. Nwosu
1.4,46.48401467566211,2.55,2.8,4.0,1,9.9,9.4,Restricted Area,2PT Field Goal,J. Carter
25.6,64.13486244663292,7.01,11.5,76.0,0,230.6,111.8,Above the Break 3,3PT Field Goal,D. Reyes
3.5,11.181754210196678,5.4,0.7,696.0,1,-6.8,34.4,Restricted Area,2PT Field Goal,L. Fitzgerald
26.0,53.949942918519675,0.73,14.9,599.0,0,-210.2,153.0,Above the Break 3,3PT Field Goal,K. Albrecht
2.9,17.565014687292972,0.3,12.6,256.0,0,-8.8,27.8,Restricted Area,2PT Field Goal,T. Nwosu
25.3,55.154501771998376,8.34,15.8,516.0,0,207.7,144.6,Above the Break 3,3PT Field Goal,L. Fitzgerald
4.4,4.850634646483321,4.33,16.7,349.0,1,-3.7,43.6,In The Paint (Non-RA),2PT Field Goal,T. Nwosu
23.4,27.29957221133281,4.01,21.2,655.0,1,-107.2,207.7,Above the Break 3,3PT Field Goal,L. Fitzgerald
0.2,8.530765609948133,4.79,19.6,59.0,1,-0.3,2.0,Restricted Area,2PT Field Goal,M. Okafor
23.4,45.242630404819174,3.78,22.0,69.0,0,166.0,164.6,Above the Break 3,3PT Field Goal,T. Nwosu
2.0,14.669709075474609,3.64,10.3,412.0,1,5.0,19.1,Restricted Area,2PT Field Goal,A. Kowalski
9.3,52.319019375590436,3.83,17.0,42.0,1,-73.8,57.0,In The Paint (Non-RA),2PT Field Goal,D. Reyes
21.7,24.76589931415188,0.3,8.9,405.0,0,-90.7,196.6,Mid-Range,2PT Field Goal,B. Osei
17.3,29.11577967632172,3.22,18.1,699.0,1,-84.1,151.0,Mid-Range,2PT Field Goal,A. Kowalski
16.9,36.288371876927734,2.91,0.6,151.0,0,100.3,136.6,Mid-Range,2PT Field Goal,K. Albrecht
21.2,1.726716759407771,6.39,12.8,278.0,0,6.4,212.3,Mid-Range,2PT Field Goal,B. Osei
1.5,57.912940753851046,6.19,7.1,29.0,0,-12.6,7.9,Restricted Area,2PT Field Goal,K. Albrecht
1.9,65.48035731180924,3.11,5.2,217.0,1,-17.1,7.8,Restricted Area,2PT Field Goal,T. Nwosu
29.0,18.45369130819169,3.68,20.0,249.0,1,-91.8,275.1,Above the Break 3,3PT Field Goal,M. Okafor
20.8,9.190436652253254,4.15,11.6,707.0,0,33.2,205.2,Mid-Range,2PT Field Goal,B. Osei
16.0,10.311261132813692,8.42,3.0,71.0,1,28.6,157.2,Mid-Range,2PT Field Goal,K. Albrecht
8.7,15.657389381579891,6.39,5.4,456.0,1,-23.6,84.2,In The Paint (Non-RA),2PT Field Goal,S. Whitfield
24.1,12.00851327788889,2.45,18.6,243.0,0,-50.2,236.0,Above the Break 3,3PT Field Goal,R. Delgado
3.0,26.82007521776553,7.24,23.9,37.0,0,-13.6,26.9,Restricted Area,2PT Field Goal,M. Okafor
27.6,46.48082548528119,1.86,13.0,520.0,1,-200.4,190.3,Above the Break 3,3PT Field Goal,R. Delgado
1.4,23.30489053920311,6.53,20.5,148.0,0,-5.6,13.0,Restricted Area,2PT Field Goal,T. Nwosu
15.0,21.36752050562203,4.21,20.5,189.0,0,54.5,139.3,Mid-Range,2PT Field Goal,T. Nwosu
24.2,27.951395586503594,1.32,22.1,657.0,0,-113.5,213.9,Above the Break 3,3PT Field Goal,K. Albrecht
1.7,55.388857815469606,2.98,23.9,692.0,0,14.2,9.8,Restricted Area,2PT Field Goal,S. Whitfield
27.8,8.223285080722041,3.55,13.7,59.0,0,39.8,275.4,Above the Break 3,3PT Field Goal,L. Fitzgerald
3.9,46.04542739106331,6.4,5.4,308.0,1,-27.9,26.9,Restricted Area,2PT Field Goal,K. Albrecht
0.2,5.710593137499643,6.94,7.9,641.0,0,-0.2,2.0,Restricted Area,2PT Field Goal,J. Carter
5.6,44.05123942229978,0.3,20.4,611.0,1,-38.6,39.9,In The Paint (Non-RA),2PT Field Goal,K. Albrecht
21.2,50.118168613407256,2.87,13.4,346.0,0,-162.4,135.7,Mid-Range,2PT Field Goal,M. Okafor
1.7,53.06123726771017,6.41,11.5,452.0,1,-13.3,10.0,Restricted Area,2PT Field Goal,L. Fitzgerald
26.7,44.878803397021365,5.12,12.1,395.0,0,-188.7,189.5,Above the Break 3,3PT Field Goal,M. Okafor
2.7,42.431726111487755,5.15,19.6,583.0,1,-18.1,19.8,Restricted Area,2PT Field Goal,R. Delgado
0.6,63.43494882292201,5.45,4.4,136.0,1,5.4,2.7,Restricted Area,2PT Field Goal,J. Carter
1.3,61.15194071463095,5.7,15.8,99.0,1,-11.8,6.5,Restricted Area,2PT Field Goal,T. Nwosu
0.5,6.5819446551780105,6.92,3.8,146.0,1,-0.6,5.2,Restricted Area,2PT Field Goal,T. Nwosu
2.3,20.32313682966294,3.09,11.6,348.0,0,8.0,21.6,Restricted Area,2PT Field Goal,S. Whitfield
1.4,58.530493102322886,0.3,20.3,68.0,0,-11.6,7.1,Restricted Area,2PT Field Goal,M. Okafor
3.1,23.468735779122053,5.07,18.0,180.0,1,-12.2,28.1,Restricted Area,2PT Field Goal,T. Nwosu
3.3,13.122909858996271,2.53,15.9,437.0,0,-7.6,32.6,Restricted Area,2PT Field Goal,S. Whitfield
17.0,3.530224455212321,0.3,4.4,396.0,0,-10.5,170.2,Mid-Range,2PT Field Goal,S. Whitfield
2.2,24.312341429565148,4.08,14.1,667.0,1,8.9,19.7,Restricted Area,2PT Field Goal,S. Whitfield
25.1,1.6196402752340944,2.27,16.9,409.0,1,7.1,251.1,Above the Break 3,3PT Field Goal,B. Osei
8.8,3.0502914306713804,3.82,21.1,703.0,1,4.7,88.2,In The Paint (Non-RA),2PT Field Goal,A. Kowalski
1.7,29.831105128786646,0.3,0.7,221.0,0,-8.2,14.3,Restricted Area,2PT Field Goal,A. Kowalski
2.4,60.57782577431102,5.15,4.1,385.0,1,-21.1,11.9,Restricted Area,2PT Field Goal,D. Reyes
2.2,21.850296658373043,3.83,1.7,224.0,1,8.1,20.2,Restricted Area,2PT Field Goal,M. Okafor
29.0,3.5985200648758506,4.38,6.4,557.0,0,18.2,289.4,Above the Break 3,3PT Field Goal,K. Albrecht
6.7,1.9602510683729206,2.3,7.8,501.0,0,2.3,67.2,In The Paint (Non-RA),2PT Field Goal,A. Kowalski
0.6,10.7842978675626,2.12,10.4,532.0,0,1.2,6.3,Restricted Area,2PT Field Goal,S. Whitfield
3.4,59.29575956719582,6.11,13.2,207.0,1,29.3,17.4,Restricted Area,2PT Field Goal,A. Kowalski
23.8,34.98413961549673,5.39,7.3,154.0,0,136.6,195.2,Above the Break 3,3PT Field Goal,K. Albrecht
25.1,1.3024718206739372,3.36,3.2,181.0,1,-5.7,250.7,Above the Break 3,3PT Field Goal,D. Reyes
17.7,40.04613397661976,1.22,12.3,561.0,0,-113.8,135.4,Mid-Range,2PT Field Goal,T. Nwosu
24.0,45.591702859834285,5.1,23.3,489.0,1,-171.2,167.7,Above the Break 3,3PT Field Goal,A. Kowalski
2.4,10.649219659244945,2.82,7.2,490.0,1,4.4,23.4,Restricted Area,2PT Field Goal,J. Carter
24.1,38.262674728803184,5.85,1.6,630.0,0,149.3,189.3,Above the Break 3,3PT Field Goal,L. Fitzgerald
3.1,23.640073227921626,2.36,15.5,649.0,1,12.3,28.1,Restricted Area,2PT Field Goal,L. Fitzgerald
15.3,35.61621292640542,4.35,1.8,699.0,1,88.9,124.1,Mid-Range,2PT Field Goal,M. Okafor
0.5,57.33908727832619,4.75,8.6,712.0,0,-3.9,2.5,Restricted Area,2PT Field Goal,S. Whitfield
17.3,56.659292653523,2.7,7.8,717.0,0,-144.4,95.0,Mid-Range,2PT Field Goal,M. Okafor
3.2,8.897410669245675,5.15,23.8,126.0,1,4.9,31.3,Restricted Area,2PT Field Goal,A. Kowalski
4.0,36.984317422873595,0.85,9.7,286.0,0,24.1,32.0,In The Paint (Non-RA),2PT Field Goal,K. Albrecht
21.1,40.780591374175685,6.9,1.0,83.0,0,-138.1,160.1,Mid-Range,2PT Field Goal,D. Reyes
24.8,66.44719438467551,3.0,6.3,123.0,0,227.8,99.3,Above the Break 3,3PT Field Goal,B. Osei
2.9,4.014175695411026,2.98,10.2,553.0,0,-2.0,28.5,Restricted Area,2PT Field Goal,S. Whitfield
0.4,59.85861444792466,3.53,23.9,571.0,1,-3.1,1.8,Restricted Area,2PT Field Goal,T. Nwosu
2.2,13.971721220974873,3.13,22.6,104.0,1,5.2,20.9,Restricted Area,2PT Field Goal,B. Osei
21.3,67.82349256741763,2.35,19.4,21.0,0,197.0,80.3,Mid-Range,2PT Field Goal,M. Okafor
23.8,65.98860090070815,4.37,17.2,361.0,0,217.3,96.8,Above the Break 3,3PT Field Goal,L. Fitzgerald
2.0,64.4400348281762,2.54,14.4,506.0,0,18.4,8.8,Restricted Area,2PT Field Goal,A. Kowalski
2.4,7.75428569582291,3.26,6.2,332.0,1,-3.2,23.5,Restricted Area,2PT Field Goal,B. Osei
1.8,51.43804951499844,4.31,22.0,117.0,0,14.3,11.4,Restricted Area,2PT Field Goal,J. Carter
24.9,22.16871247092027,3.47,6.7,634.0,0,-94.0,230.7,Above the Break 3,3PT Field Goal,K. Albrecht
2.7,50.546763697156315,2.13,6.6,113.0,0,20.9,17.2,Restricted Area,2PT Field Goal,M. Okafor
1.5,2.602562202499806,5.72,17.5,25.0,1,0.7,15.4,Restricted Area,2PT Field Goal,K. Albrecht
28.3,16.028763452206324,8.33,11.9,22.0,1,-78.2,272.2,Above the Break 3,3PT Field Goal,R. Delgado
22.5,62.1821592964199,2.59,1.6,385.0,0,-199.0,105.0,Above the Break 3,3PT Field Goal,A. Kowalski
23.3,14.902846273470875,5.89,10.9,475.0,0,-59.8,224.7,Above the Break 3,3PT Field Goal,M. Okafor
2.4,22.915106287261178,2.34,17.1,388.0,1,9.3,22.0,Restricted Area,2PT Field Goal,K. Albrecht
12.1,42.86159444773929,3.33,0.2,593.0,0,-82.5,88.9,In The Paint (Non-RA),2PT Field Goal,J. Carter
15.5,6.955638139692044,1.5,14.9,176.0,1,-18.8,154.1,Mid-Range,2PT Field Goal,D. Reyes
23.8,34.398129021904744,2.63,18.8,670.0,0,-134.4,196.3,Above the Break 3,3PT Field Goal,D. Reyes
24.7,45.525634606457615,2.24,1.1,347.0,0,-176.0,172.8,Above the Break 3,3PT Field Goal,M. Okafor
1.3,21.551937422042183,3.71,22.1,465.0,0,-4.7,11.9,Restricted Area,2PT Field Goal,L. Fitzgerald
8.9,45.590657214646676,3.19,11.8,698.0,0,-63.7,62.4,In The Paint (Non-RA),2PT Field Goal,A. Kowalski
27.3,12.45824644000489,8.81,4.3,644.0,1,58.9,266.6,Above the Break 3,3PT Field Goal,B. Osei
19.1,22.38501918625114,1.99,1.2,630.0,0,72.9,177.0,Mid-Range,2PT Field Goal,K. Albrecht
15.1,22.58199596511243,5.33,0.7,390.0,0,-58.1,139.7,Mid-Range,2PT Field Goal,S. Whitfield
26.8,55.94208640143981,5.8,23.6,6.0,0,-221.9,150.0,Above the Break 3,3PT Field Goal,S. Whitfield
26.4,26.263599585792186,0.3,9.0,186.0,0,-116.6,236.3,Above the Break 3,3PT Field Goal,B. Osei
25.9,50.066777367379906,0.3,18.2,104.0,1,-198.3,166.0,Above the Break 3,3PT Field Goal,L. Fitzgerald
18.0,18.07359270621648,5.9,22.2,358.0,1,56.0,171.6,Mid-Range,2PT Field Goal,B. Osei
2.2,51.01853460858131,1.33,7.2,4.0,0,17.3,14.0,Restricted Area,2PT Field Goal,K. Albrecht
3.3,60.1048491125757,3.25,8.6,527.0,0,-28.7,16.5,Restricted Area,2PT Field Goal,D. Reyes
1.5,7.594643368591445,0.3,8.9,66.0,1,-2.0,15.0,Restricted Area,2PT Field Goal,M. Okafor
20.3,1.5260189766992023,1.55,9.3,492.0,0,-5.4,202.7,Mid-Range,2PT Field Goal,J. Carter
29.0,62.34819130842762,3.41,23.2,193.0,1,-256.9,134.6,Above the Break 3,3PT Field Goal,T. Nwosu
23.5,66.24067791098688,6.5,16.3,497.0,0,214.9,94.6,Above the Break 3,3PT Field Goal,A. Kowalski
23.4,52.00066557828237,8.54,15.3,205.0,0,-184.7,144.3,Above the Break 3,3PT Field Goal,R. Delgado
2.9,52.10777416479603,2.59,18.2,658.0,1,-23.0,17.9,Restricted Area,2PT Field Goal,R. Delgado
1.0,58.94059117029002,7.25,17.7,340.0,1,-8.8,5.3,Restricted Area,2PT Field Goal,A. Kowalski
1.7,16.898648694038226,3.99,12.8,28.0,1,-4.8,15.8,Restricted Area,2PT Field Goal,A. Kowalski
16.1,22.14556389353677,3.48,6.7,207.0,0,60.6,148.9,Mid-Range,2PT Field Goal,L. Fitzgerald
25.5,3.761670629001942,3.52,5.5,380.0,0,16.7,254.0,Above the Break 3,3PT Field Goal,A. Kowalski
25.9,10.401931001210729,3.48,8.7,508.0,0,-46.7,254.4,Above the Break 3,3PT Field Goal,L. Fitzgerald
9.2,34.824489156956794,0.61,12.0,624.0,0,-52.8,75.9,In The Paint (Non-RA),2PT Field Goal,D. Reyes
1.8,45.44414443311193,3.84,9.6,147.0,1,13.0,12.8,Restricted Area,2PT Field Goal,D. Reyes
25.1,34.27314603756096,1.48,5.6,277.0,0,-141.2,207.2,Above the Break 3,3PT Field Goal,J. Carter
24.0,7.08651112653126,4.79,24.0,72.0,1,-29.6,238.1,Above the Break 3,3PT Field Goal,R. Delgado
23.2,23.763991036916977,10.1,23.6,76.0,1,93.3,211.9,Above the Break 3,3PT Field Goal,A. Kowalski
3.6,64.78200232187685,1.1,1.0,165.0,1,-32.7,15.4,Restricted Area,2PT Field Goal,R. Delgado
5.4,47.01085934266552,7.74,5.4,15.0,0,-39.8,37.1,In The Paint (Non-RA),2PT Field Goal,S. Whitfield
18.7,5.366304641924307,1.51,10.8,420.0,0,-17.5,186.3,Mid-Range,2PT Field Goal,M. Okafor
25.0,31.191680927299426,3.28,14.0,194.0,0,-129.5,213.9,Above the Break 3,3PT Field Goal,J. Carter
1.2,42.240892341379734,6.34,21.4,350.0,1,-7.9,8.7,Restricted Area,2PT Field Goal,L. Fitzgerald
13.5,63.62529954955177,5.18,1.4,523.0,0,120.6,59.8,In The Paint (Non-RA),2PT Field Goal,K. Albrecht
3.6,66.08630106146845,6.71,5.5,116.0,1,-32.7,14.5,Restricted Area,2PT Field Goal,T. Nwosu
0.3,26.56505117707799,7.06,9.1,110.0,1,-1.5,3.0,Restricted Area,2PT Field Goal,L. Fitzgerald
1.9,45.0,3.41,13.5,201.0,0,-13.5,13.5,Restricted Area,2PT Field Goal,R. Delgado
24.2,38.96999119171855,2.85,19.6,662.0,0,-152.4,188.4,Above the Break 3,3PT Field Goal,A. Kowalski
15.6,59.2320069698837,5.45,7.6,177.0,1,133.7,79.6,Mid-Range,2PT Field Goal,J. Carter
6.5,18.851133606088514,5.18,5.2,699.0,1,-21.1,61.8,In The Paint (Non-RA),2PT Field Goal,T. Nwosu
9.8,11.789670612647592,7.87,2.5,209.0,0,20.1,96.3,In The Paint (Non-RA),2PT Field Goal,T. Nwosu
3.2,16.853218785877964,0.3,17.6,303.0,0,9.3,30.7,Restricted Area,2PT Field Goal,T. Nwosu
24.6,55.90354049283844,6.34,22.4,196.0,1,204.0,138.1,Above the Break 3,3PT Field Goal,B. Osei
11.8,57.85006115825217,5.17,15.1,346.0,1,99.6,62.6,In The Paint (Non-RA),2PT Field Goal,M. Okafor
2.9,21.07938369483425,3.39,9.7,6.0,1,-10.6,27.5,Restricted Area,2PT Field Goal,L. Fitzgerald
16.2,21.729314629108966,2.23,0.7,317.0,0,60.1,150.8,Mid-Range,2PT Field Goal,B. Osei
23.6,54.117443548080765,2.27,18.7,419.0,0,-190.9,138.1,Above the Break 3,3PT Field Goal,R. Delgado
0.9,21.921778593959143,2.29,17.6,412.0,0,3.3,8.2,Restricted Area,2PT Field Goal,D. Reyes
27.9,35.353816159180084,7.67,3.3,165.0,0,-161.4,227.5,Above the Break 3,3PT Field Goal,A. Kowalski
0.6,66.31791227546155,4.11,12.1,696.0,1,-5.7,2.5,Restricted Area,2PT Field Goal,J. Carter
3.2,36.65273211782626,3.45,10.1,20.0,0,18.9,25.4,Restricted Area,2PT Field Goal,R. Delgado
26.3,67.42202037369368,4.18,12.6,262.0,0,242.9,101.0,Above the Break 3,3PT Field Goal,S. Whitfield
28.8,27.04532122203386,5.32,18.8,719.0,1,131.0,256.6,Above the Break 3,3PT Field Goal,L. Fitzgerald
0.6,38.65980825409009,5.75,22.5,425.0,1,3.6,4.5,Restricted Area,2PT Field Goal,K. Albrecht
24.6,58.852296175747576,4.03,19.1,296.0,0,210.3,127.1,Above the Break 3,3PT Field Goal,S. Whitfield
19.1,20.605138843237103,3.61,17.4,289.0,0,-67.3,179.0,Mid-Range,2PT Field Goal,J. Carter
9.2,51.622338829447656,2.32,15.2,296.0,0,72.1,57.1,In The Paint (Non-RA),2PT Field Goal,R. Delgado
25.6,1.0294227557041202,3.97,10.4,107.0,0,-4.6,256.0,Above the Break 3,3PT Field Goal,A. Kowalski
16.7,2.128719233041119,3.76,6.2,570.0,0,6.2,166.8,Mid-Range,2PT Field Goal,L. Fitzgerald
2.8,58.12463724841096,2.68,18.3,316.0,1,-23.8,14.8,Restricted Area,2PT Field Goal,J. Carter
7.2,30.090329700694067,3.37,21.3,390.0,0,-36.1,62.3,In The Paint (Non-RA),2PT Field Goal,A. Kowalski
25.1,13.808836437454122,6.87,12.9,494.0,1,-59.8,243.3,Above the Break 3,3PT Field Goal,R. Delgado
15.7,6.677931376422235,5.85,12.7,541.0,0,18.3,156.3,Mid-Range,2PT Field Goal,K. Albrecht
16.6,37.1742548335911,4.7,23.1,483.0,0,-100.1,132.0,Mid-Range,2PT Field Goal,K. Albrecht
25.5,64.7797674113845,6.76,11.5,595.0,1,231.0,108.8,Above the Break 3,3PT Field Goal,D. Reyes
1.5,50.24433811071516,4.35,10.5,260.0,1,11.3,9.4,Restricted Area,2PT Field Goal,S. Whitfield
2.1,48.29814299368441,6.68,9.2,467.0,1,-15.6,13.9,Restricted Area,2PT Field Goal,S. Whitfield
4.0,53.13010235415598,4.05,1.8,267.0,0,-32.0,24.0,In The Paint (Non-RA),2PT Field Goal,J. Carter
20.1,61.13924265119321,7.33,16.5,426.0,0,-176.0,97.0,Mid-Range,2PT Field Goal,B. Osei
10.4,41.46483507781515,5.3,5.0,301.0,0,-69.1,78.2,In The Paint (Non-RA),2PT Field Goal,A. Kowalski
25.0,37.29094699700277,3.39,10.4,78.0,0,151.7,199.2,Above the Break 3,3PT Field Goal,K. Albrecht
25.2,35.960517196644886,1.41,20.1,513.0,0,-148.0,204.0,Above the Break 3,3PT Field Goal,J. Carter
4.0,12.919099897857256,4.39,2.1,234.0,0,8.9,38.8,Restricted Area,2PT Field Goal,D. Reyes
3.1,8.467285031840941,4.4,11.8,298.0,1,4.6,30.9,Restricted Area,2PT Field Goal,R. Delgado
11.2,62.67838586488227,1.64,6.6,352.0,1,99.3,51.3,In The Paint (Non-RA),2PT Field Goal,T. Nwosu
17.3,9.158138143979993,3.6,20.4,584.0,0,-27.6,171.2,Mid-Range,2PT Field Goal,S. Whitfield
22.5,39.66210369926889,2.74,6.1,625.0,0,-143.6,173.2,Above the Break 3,3PT Field Goal,R. Delgado
18.8,2.255294150792672,4.7,20.9,160.0,1,7.4,187.9,Mid-Range,2PT Field Goal,T. Nwosu
0.4,17.5924245621816,1.21,1.4,533.0,0,-1.3,4.1,Restricted Area,2PT Field Goal,L. Fitzgerald
16.1,52.17502356248633,4.04,13.3,296.0,0,-127.0,98.6,Mid-Range,2PT Field Goal,D. Reyes
2.5,51.84277341263095,8.38,22.0,25.0,0,19.6,15.4,Restricted Area,2PT Field Goal,A. Kowalski
19.0,20.53485334056718,6.26,17.3,27.0,1,-66.6,177.8,Mid-Range,2PT Field Goal,B. Osei
2.2,66.8709431652166,4.03,23.4,334.0,1,-19.9,8.5,Restricted Area,2PT Field Goal,J. Carter
14.3,47.685980794433945,7.52,4.3,716.0,0,106.0,96.5,Mid-Range,2PT Field Goal,R. Delgado
5.4,47.10440992605864,3.24,4.6,205.0,0,39.5,36.7,In The Paint (Non-RA),2PT Field Goal,L. Fitzgerald
14.5,14.785918986384171,5.96,9.3,381.0,0,-36.9,139.8,Mid-Range,2PT Field Goal,B. Osei
15.7,39.68903114332136,4.77,16.1,352.0,0,100.5,121.1,Mid-Range,2PT Field Goal,R. Delgado
20.3,0.22557276963405185,3.12,22.7,656.0,0,-0.8,203.2,Mid-Range,2PT Field Goal,D. Reyes
25.0,14.73073742461267,5.21,16.7,326.0,0,63.6,241.9,Above the Break 3,3PT Field Goal,D. Reyes
2.0,4.354221063069611,9.41,19.3,604.0,1,-1.5,19.7,Restricted Area,2PT Field Goal,L. Fitzgerald
26.7,50.63068275763526,2.16,14.3,664.0,0,-206.7,169.6,Above the Break 3,3PT Field Goal,R. Delgado
15.4,61.32124272819688,2.11,22.8,680.0,0,135.1,73.9,Mid-Range,2PT Field Goal,T. Nwosu
17.4,65.88666243422342,7.91,4.2,260.0,1,-158.4,70.9,Mid-Range,2PT Field Goal,T. Nwosu
6.6,64.10023876571483,2.64,7.6,476.0,0,-58.9,28.6,In The Paint (Non-RA),2PT Field Goal,R. Delgado
3.7,6.952957468173916,3.84,5.0,619.0,0,-4.5,36.9,Restricted Area,2PT Field Goal,L. Fitzgerald
22.5,41.070921664694126,3.07,7.0,590.0,0,-147.8,169.6,Above the Break 3,3PT Field Goal,D. Reyes
24.9,45.667904621097236,2.42,12.5,454.0,0,177.9,173.8,Above the Break 3,3PT Field Goal,L. Fitzgerald
26.5,50.44612489598722,5.18,12.8,552.0,0,204.5,168.9,Above the Break 3,3PT Field Goal,B. Osei
5.8,26.257484762830387,1.83,23.9,145.0,1,-25.8,52.3,In The Paint (Non-RA),2PT Field Goal,A. Kowalski
27.8,55.703044745980115,1.77,11.8,227.0,1,-229.3,156.4,Above the Break 3,3PT Field Goal,M. Okafor
25.3,6.320219361703408,3.53,2.1,6.0,0,27.9,251.9,Above the Break 3,3PT Field Goal,S. Whitfield
21.9,16.601713212094214,5.32,11.4,492.0,1,-62.7,210.3,Mid-Range,2PT Field Goal,A. Kowalski
26.3,66.5526594739234,7.32,19.1,49.0,1,241.4,104.7,Above the Break 3,3PT Field Goal,M. Okafor
28.6,16.0800928267028,4.03,18.6,13.0,1,-79.3,275.1,Above the Break 3,3PT Field Goal,A. Kowalski
0.2,17.52556837372287,6.17,2.1,461.0,1,0.6,1.9,Restricted Area,2PT Field Goal,S. Whitfield
2.5,62.71363719005001,7.18,0.8,433.0,1,22.1,11.4,Restricted Area,2PT Field Goal,M. Okafor
4.2,54.91916641857195,5.15,2.3,684.0,1,34.6,24.3,In The Paint (Non-RA),2PT Field Goal,B. Osei
15.9,49.19112704970255,6.0,19.4,511.0,1,-120.1,103.7,Mid-Range,2PT Field Goal,M. Okafor
15.2,9.44990035900331,3.64,4.2,419.0,0,-24.9,149.6,Mid-Range,2PT Field Goal,B. Osei
16.2,3.3249419898903674,0.48,0.4,129.0,0,9.4,161.8,Mid-Range,2PT Field Goal,M. Okafor
27.8,34.632629175190075,5.86,5.8,157.0,1,158.1,228.9,Above the Break 3,3PT Field Goal,M. Okafor
24.7,48.62853215543643,1.54,22.2,413.0,0,185.3,163.2,Above the Break 3,3PT Field Goal,B. Osei
2.3,54.19665589162891,5.37,4.8,510.0,0,18.3,13.2,Restricted Area,2PT Field Goal,B. Osei
1.2,12.162203519681835,2.24,15.5,425.0,1,2.5,11.6,Restricted Area,2PT Field Goal,A. Kowalski
24.4,42.26106079360558,1.45,22.9,499.0,0,164.2,180.7,Above the Break 3,3PT Field Goal,B. Osei
27.3,50.30183990720578,3.83,13.0,439.0,0,210.2,174.5,Above the Break 3,3PT Field Goal,L. Fitzgerald
4.0,53.33053654732725,1.24,7.7,455.0,0,-32.1,23.9,In The Paint (Non-RA),2PT Field Goal,T. Nwosu
18.3,65.3300736446151,4.27,20.2,153.0,0,165.9,76.2,Mid-Range,2PT Field Goal,M. Okafor
0.6,22.932100437589785,3.66,9.0,18.0,1,-2.2,5.2,Restricted Area,2PT Field Goal,A. Kowalski
10.2,65.71853990448906,3.6,14.0,120.0,0,-93.1,42.0,In The Paint (Non-RA),2PT Field Goal,T. Nwosu
25.9,30.755022748416213,7.52,13.9,194.0,0,-132.4,222.5,Above the Break 3,3PT Field Goal,T. Nwosu
2.1,20.304473709960437,5.93,22.9,535.0,0,7.4,20.0,Restricted Area,2PT Field Goal,K. Albrecht
24.5,16.388222007730672,3.55,22.5,1.0,0,-69.2,235.3,Above the Break 3,3PT Field Goal,J. Carter
14.0,12.764317187366247,5.94,6.5,157.0,0,30.9,136.4,In The Paint (Non-RA),2PT Field Goal,B. Osei
25.1,39.323147117420085,5.0,3.6,594.0,1,159.0,194.1,Above the Break 3,3PT Field Goal,D. Reyes
26.1,24.844236343405125,3.35,20.1,494.0,0,-109.5,236.5,Above the Break 3,3PT Field Goal,M. Okafor
2.2,40.00625601417661,1.07,2.4,259.0,0,-14.1,16.8,Restricted Area,2PT Field Goal,T. Nwosu
21.2,33.600027087509126,2.46,3.1,182.0,0,117.2,176.4,Mid-Range,2PT Field Goal,L. Fitzgerald
25.1,56.37315188951316,8.51,1.0,27.0,0,-209.3,139.2,Above the Break 3,3PT Field Goal,R. Delgado
0.2,57.0947570770121,4.21,23.2,75.0,1,1.7,1.1,Restricted Area,2PT Field Goal,S. Whitfield
25.0,45.40451021997874,5.36,21.3,414.0,1,178.3,175.8,Above the Break 3,3PT Field Goal,L. Fitzgerald
0.4,20.924501744921166,7.95,1.6,237.0,0,-1.3,3.4,Restricted Area,2PT Field Goal,B. Osei
0.9,0.0,2.46,6.0,89.0,1,0.0,9.2,Restricted Area,2PT Field Goal,K. Albrecht
3.1,32.183997806341324,6.54,10.4,674.0,0,16.3,25.9,Restricted Area,2PT Field Goal,K. Albrecht
3.2,54.64681603034853,0.3,20.2,19.0,0,26.5,18.8,Restricted Area,2PT Field Goal,L. Fitzgerald
25.1,65.47853423113297,1.77,20.3,572.0,0,228.2,104.1,Above the Break 3,3PT Field Goal,S. Whitfield
2.8,0.6095065766751959,0.3,7.3,409.0,0,0.3,28.2,Restricted Area,2PT Field Goal,S. Whitfield
6.7,11.226435331856198,4.07,9.7,499.0,1,-13.1,66.0,In The Paint (Non-RA),2PT Field Goal,M. Okafor
13.4,59.697319279511916,4.13,11.4,99.0,1,-115.5,67.5,In The Paint (Non-RA),2PT Field Goal,T. Nwosu
14.3,67.30283372337207,2.43,2.1,535.0,1,131.5,55.0,Mid-Range,2PT Field Goal,J. Carter
22.8,31.553260460745562,2.63,21.7,81.0,0,-119.5,194.6,Above the Break 3,3PT Field Goal,T. Nwosu
18.3,38.12549451986989,10.71,5.1,649.0,0,-112.7,143.6,Mid-Range,2PT Field Goal,S. Whitfield
28.6,52.88572944426293,5.02,8.6,693.0,0,228.1,172.6,Above the Break 3,3PT Field Goal,J. Carter
2.4,34.08887161571662,5.29,6.8,21.0,1,13.4,19.8,Restricted Area,2PT Field Goal,B. Osei
14.1,1.7823204228917575,2.08,19.8,22.0,1,-4.4,141.4,Mid-Range,2PT Field Goal,L. Fitzgerald
0.2,20.224859431168078,2.31,12.0,673.0,1,0.7,1.9,Restricted Area,2PT Field Goal,D. Reyes
27.7,58.96879911454428,4.54,22.2,642.0,0,237.2,142.7,Above the Break 3,3PT Field Goal,D. Reyes
21.9,3.921819272946006,3.37,5.2,589.0,1,-15.0,218.8,Mid-Range,2PT Field Goal,A. Kowalski
2.4,59.953564753189504,3.71,1.9,13.0,1,-20.4,11.8,Restricted Area,2PT Field Goal,S. Whitfield
28.2,67.92701281577423,3.43,16.2,73.0,0,261.4,106.0,Above the Break 3,3PT Field Goal,D. Reyes
17.7,64.17523819461485,0.3,23.7,487.0,1,158.9,76.9,Mid-Range,2PT Field Goal,B. Osei
7.9,54.85254505469076,4.93,12.2,34.0,0,64.2,45.2,In The Paint (Non-RA),2PT Field Goal,L. Fitzgerald
1.5,41.14936117608925,4.59,19.9,52.0,1,-9.7,11.1,Restricted Area,2PT Field Goal,M. Okafor
25.3,27.214382308429336,5.35,15.8,470.0,1,-115.5,224.6,Above the Break 3,3PT Field Goal,K. Albrecht
13.1,61.326853510565016,5.68,0.0,574.0,0,-115.2,63.0,In The Paint (Non-RA),2PT Field Goal,L. Fitzgerald
25.7,9.894430977095883,8.22,13.9,255.0,1,44.2,253.4,Above the Break 3,3PT Field Goal,B. Osei
3.5,58.11534823772925,3.2,10.3,152.0,1,29.9,18.6,Restricted Area,2PT Field Goal,R. Delgado
19.4,5.766405465949907,4.56,11.7,428.0,0,19.5,193.1,Mid-Range,2PT Field Goal,A. Kowalski
3.7,52.94597086321294,7.18,3.1,309.0,0,-29.8,22.5,Restricted Area,2PT Field Goal,A. Kowalski
16.1,49.975203399900586,3.26,1.3,345.0,0,-123.0,103.3,Mid-Range,2PT Field Goal,R. Delgado
17.8,35.76224855018375,6.71,9.0,677.0,1,104.0,144.4,Mid-Range,2PT Field Goal,S. Whitfield
26.5,36.446580077694286,3.0,1.5,70.0,1,-157.6,213.4,Above the Break 3,3PT Field Goal,B. Osei
27.0,36.26640385377494,3.09,0.8,697.0,0,159.5,217.4,Above the Break 3,3PT Field Goal,K. Albrecht
4.0,12.575465499744428,1.66,11.1,126.0,1,8.7,39.0,In The Paint (Non-RA),2PT Field Goal,L. Fitzgerald
22.5,15.228317841437324,3.79,5.6,143.0,1,-59.1,217.1,Above the Break 3,3PT Field Goal,J. Carter
3.0,7.58183411785178,8.8,3.3,248.0,1,-3.9,29.3,Restricted Area,2PT Field Goal,S. Whitfield
3.1,44.34447048640969,8.26,21.6,589.0,0,21.6,22.1,Restricted Area,2PT Field Goal,S. Whitfield
0.8,63.13018691250094,4.32,1.0,450.0,0,7.5,3.8,Restricted Area,2PT Field Goal,T. Nwosu
2.2,47.03879463926717,5.28,12.9,560.0,1,-16.0,14.9,Restricted Area,2PT Field Goal,T. Nwosu
26.1,37.89613806810909,6.72,14.9,2.0,1,160.5,206.2,Above the Break 3,3PT Field Goal,K. Albrecht
20.6,15.72370553213149,1.7,2.6,144.0,0,55.8,198.2,Mid-Range,2PT Field Goal,T. Nwosu
4.9,35.94211187138234,3.18,10.2,282.0,1,-29.0,40.0,In The Paint (Non-RA),2PT Field Goal,A. Kowalski
23.7,40.810928393346,3.69,15.7,409.0,0,-155.0,179.5,Above the Break 3,3PT Field Goal,M. Okafor
25.4,38.550465296157725,0.3,13.0,622.0,0,-158.1,198.4,Above the Break 3,3PT Field Goal,S. Whitfield
14.9,61.97713736374554,2.32,6.3,179.0,0,131.9,70.2,Mid-Range,2PT Field Goal,S. Whitfield
15.7,30.676217394902284,2.69,2.9,8.0,0,80.2,135.2,Mid-Range,2PT Field Goal,D. Reyes
24.3,67.73907876116701,3.35,19.2,531.0,0,-225.0,92.1,Above the Break 3,3PT Field Goal,T. Nwosu
0.6,10.738897100905444,3.61,20.8,337.0,1,-1.1,5.8,Restricted Area,2PT Field Goal,M. Okafor
28.5,32.81602811349471,0.3,7.2,679.0,0,154.7,239.9,Above the Break 3,3PT Field Goal,B. Osei
3.2,40.28916546437953,5.09,0.5,304.0,0,-20.6,24.3,Restricted Area,2PT Field Goal,T. Nwosu
0.6,8.004728857292855,2.95,7.0,184.0,0,-0.9,6.4,Restricted Area,2PT Field Goal,M. Okafor
26.5,24.472631344344897,5.13,8.5,348.0,1,-109.6,240.8,Above the Break 3,3PT Field Goal,A. Kowalski
1.8,0.31308857502065557,5.42,23.3,696.0,0,0.1,18.3,Restricted Area,2PT Field Goal,J. Carter
1.1,55.00797980144134,3.66,4.3,272.0,1,-9.0,6.3,Restricted Area,2PT Field Goal,K. Albrecht
7.2,22.023887449932523,8.11,11.2,459.0,1,26.9,66.5,In The Paint (Non-RA),2PT Field Goal,J. Carter
1.5,53.80679269443531,0.3,1.3,351.0,0,-12.3,9.0,Restricted Area,2PT Field Goal,S. Whitfield
12.5,1.1494400642920333,3.95,6.3,71.0,0,2.5,124.6,In The Paint (Non-RA),2PT Field Goal,T. Nwosu
2.6,45.45835645800043,4.22,12.4,403.0,1,-18.9,18.6,Restricted Area,2PT Field Goal,A. Kowalski
1.4,13.93779720825424,7.3,19.7,244.0,1,3.4,13.7,Restricted Area,2PT Field Goal,B. Osei
16.4,58.390212777500544,3.82,20.0,539.0,1,-139.9,86.1,Mid-Range,2PT Field Goal,M. Okafor
13.1,34.12733867633216,5.28,23.9,240.0,0,-73.4,108.3,In The Paint (Non-RA),2PT Field Goal,B. Osei
2.4,37.25800875967439,4.47,2.7,692.0,1,14.3,18.8,Restricted Area,2PT Field Goal,T. Nwosu
25.4,53.85509867337478,8.69,6.6,81.0,1,-205.5,150.1,Above the Break 3,3PT Field Goal,D. Reyes
12.0,39.396714763746466,3.29,20.6,405.0,1,-76.3,92.9,In The Paint (Non-RA),2PT Field Goal,S. Whitfield
0.9,15.945395900922854,2.01,2.9,595.0,1,2.4,8.4,Restricted Area,2PT Field Goal,D. Reyes
28.0,12.273470719251394,2.92,8.6,451.0,0,59.5,273.5,Above the Break 3,3PT Field Goal,S. Whitfield
10.8,58.8818077785542,5.0,22.8,315.0,1,-92.6,55.9,In The Paint (Non-RA),2PT Field Goal,S. Whitfield
3.8,5.9061411137704996,7.28,23.4,547.0,0,3.9,37.7,Restricted Area,2PT Field Goal,A. Kowalski
1.3,58.134022306396325,0.3,1.0,623.0,0,11.1,6.9,Restricted Area,2PT Field Goal,D. Reyes
3.3,52.20050481577993,1.11,18.0,545.0,0,-26.3,20.4,Restricted Area,2PT Field Goal,J. Carter
4.0,16.850094429871493,7.26,16.5,594.0,1,-11.6,38.3,In The Paint (Non-RA),2PT Field Goal,S. Whitfield
0.2,63.43494882292201,3.08,21.0,525.0,1,-1.8,0.9,Restricted Area,2PT Field Goal,T. Nwosu
0.9,21.921778593959143,2.37,5.2,508.0,0,3.3,8.2,Restricted Area,2PT Field Goal,L. Fitzgerald
1.8,56.05145702666544,2.99,1.0,629.0,0,-15.3,10.3,Restricted Area,2PT Field Goal,D. Reyes
20.6,15.015736296810896,2.02,18.9,387.0,0,-53.3,198.7,Mid-Range,2PT Field Goal,T. Nwosu
3.5,42.35037547207829,1.61,22.3,291.0,1,-23.7,26.0,Restricted Area,2PT Field Goal,T. Nwosu
1.5,35.49322801073432,4.24,1.1,62.0,1,8.7,12.2,Restricted Area,2PT Field Goal,M. Okafor
2.6,42.455195620186906,2.29,18.3,574.0,1,-17.2,18.8,Restricted Area,2PT Field Goal,A. Kowalski
1.2,28.26851278712913,7.95,19.7,192.0,1,-5.7,10.6,Restricted Area,2PT Field Goal,J. Carter
2.8,23.605706680769075,0.3,22.9,623.0,0,11.1,25.4,Restricted Area,2PT Field Goal,T. Nwosu
21.2,57.24691192955808,5.26,13.6,203.0,1,-178.3,114.7,Mid-Range,2PT Field Goal,K. Albrecht
25.4,6.245422109104868,2.43,0.5,491.0,0,27.6,252.2,Above the Break 3,3PT Field Goal,L. Fitzgerald
24.2,46.037974782190254,7.87,9.6,8.0,1,-174.2,168.0,Above the Break 3,3PT Field Goal,K. Albrecht
7.1,43.63064055909281,1.79,22.7,338.0,1,-49.0,51.4,In The Paint (Non-RA),2PT Field Goal,A. Kowalski
25.2,67.55175743785081,5.18,17.9,86.0,0,232.6,96.1,Above the Break 3,3PT Field Goal,J. Carter
24.8,57.122085241963745,7.76,4.3,34.0,0,-208.7,134.9,Above the Break 3,3PT Field Goal,S. Whitfield
20.0,33.80923494880782,5.32,16.3,531.0,0,-111.3,166.2,Mid-Range,2PT Field Goal,L. Fitzgerald
25.6,21.439546216643755,2.6,23.9,49.0,0,-93.5,238.1,Above the Break 3,3PT Field Goal,R. Delgado
0.6,29.054604099077146,3.62,3.1,55.0,1,3.0,5.4,Restricted Area,2PT Field Goal,M. Okafor
27.0,41.5313168232416,4.49,1.7,690.0,1,-179.0,202.1,Above the Break 3,3PT Field Goal,K. Albrecht
16.0,50.28633736196879,7.39,15.4,243.0,0,-122.8,102.0,Mid-Range,2PT Field Goal,L. Fitzgerald
25.3,31.282408558664816,4.37,14.0,637.0,0,-131.3,216.1,Above the Break 3,3PT Field Goal,B. Osei
25.4,13.83370835643113,5.46,12.0,24.0,1,60.7,246.5,Above the Break 3,3PT Field Goal,T. Nwosu
3.1,63.84714156432433,1.52,10.1,254.0,0,27.9,13.7,Restricted Area,2PT Field Goal,J. Carter
27.3,10.700863665369797,4.19,0.3,22.0,0,50.7,268.3,Above the Break 3,3PT Field Goal,T. Nwosu
0.2,66.03751102542182,6.9,11.9,27.0,1,-1.8,0.8,Restricted Area,2PT Field Goal,S. Whitfield
13.8,16.44558444349662,3.4,16.1,187.0,1,-39.2,132.8,In The Paint (Non-RA),2PT Field Goal,A. Kowalski
16.5,6.045309313645739,2.93,18.6,714.0,0,17.4,164.3,Mid-Range,2PT Field Goal,K. Albrecht
26.0,41.150705751150646,3.18,1.5,280.0,0,171.2,195.9,Above the Break 3,3PT Field Goal,R. Delgado
0.2,66.03751102542182,6.68,11.8,111.0,0,1.8,0.8,Restricted Area,2PT Field Goal,B. Osei
19.9,49.46747651239412,5.21,9.9,599.0,0,-151.1,129.2,Mid-Range,2PT Field Goal,D. Reyes
4.0,42.87140219208092,4.96,3.5,669.0,1,27.2,29.3,In The Paint (Non-RA),2PT Field Goal,K. Albrecht
2.3,28.233388625371298,2.38,12.0,678.0,0,10.9,20.3,Restricted Area,2PT Field Goal,R. Delgado
1.0,19.88516511385544,0.3,22.0,640.0,1,3.4,9.4,Restricted Area,2PT Field Goal,S. Whitfield
17.6,6.768920319676508,6.45,11.6,243.0,1,20.7,174.4,Mid-Range,2PT Field Goal,L. Fitzgerald
4.0,20.20361516832514,3.04,5.3,596.0,0,13.8,37.5,In The Paint (Non-RA),2PT Field Goal,J. Carter
27.2,24.00099994828715,5.98,16.3,699.0,0,-110.6,248.4,Above the Break 3,3PT Field Goal,B. Osei
3.4,58.48169134507995,5.22,0.3,173.0,1,-28.7,17.6,Restricted Area,2PT Field Goal,K. Albrecht
3.5,32.63594413353941,2.7,17.8,461.0,1,-18.7,29.2,Restricted Area,2PT Field Goal,R. Delgado
1.6,64.7406094801911,1.53,10.8,641.0,1,-14.2,6.7,Restricted Area,2PT Field Goal,M. Okafor
2.8,38.15722658736907,6.15,4.3,540.0,1,17.6,22.4,Restricted Area,2PT Field Goal,T. Nwosu
25.7,31.578338896764233,0.3,13.5,454.0,0,-134.8,219.3,Above the Break 3,3PT Field Goal,L. Fitzgerald
23.2,56.351078448644024,0.3,20.7,531.0,0,192.9,128.4,Above the Break 3,3PT Field Goal,D. Reyes
23.5,9.602615217347497,7.6,16.4,632.0,0,39.2,231.7,Above the Break 3,3PT Field Goal,M. Okafor
2.7,26.56505117707799,2.14,20.1,174.0,1,12.1,24.2,Restricted Area,2PT Field Goal,K. Albrecht
22.5,1.3984208199891566,4.44,7.3,117.0,0,5.5,225.3,Above the Break 3,3PT Field Goal,K. Albrecht
0.2,49.08561677997488,6.46,19.2,536.0,1,1.5,1.3,Restricted Area,2PT Field Goal,K. Albrecht
2.8,35.89266568774559,8.8,3.1,551.0,1,16.5,22.8,Restricted Area,2PT Field Goal,K. Albrecht
16.8,50.39112557764421,1.71,3.7,122.0,1,-129.3,107.0,Mid-Range,2PT Field Goal,M. Okafor
1.9,25.18469710363354,3.61,4.2,696.0,0,7.9,16.8,Restricted Area,2PT Field Goal,J. Carter
3.7,44.66753305735396,6.09,5.3,487.0,0,25.7,26.0,Restricted Area,2PT Field Goal,M. Okafor
27.5,27.002486088600286,3.99,13.4,672.0,0,125.0,245.3,Above the Break 3,3PT Field Goal,A. Kowalski
3.7,45.10997257035167,2.2,5.5,688.0,0,26.1,26.0,Restricted Area,2PT Field Goal,T. Nwosu
26.2,25.52999204425447,6.18,22.7,239.0,1,113.1,236.8,Above the Break 3,3PT Field Goal,A. Kowalski
9.7,6.190730484744648,0.3,12.0,432.0,0,-10.5,96.8,In The Paint (Non-RA),2PT Field Goal,J. Carter
1.3,57.901072745214805,6.26,4.1,218.0,0,-11.0,6.9,Restricted Area,2PT Field Goal,K. Albrecht
12.2,35.72338319539418,3.91,14.0,655.0,0,-71.2,99.0,In The Paint (Non-RA),2PT Field Goal,R. Delgado
1.3,29.79759129082386,4.0,5.5,621.0,0,6.7,11.7,Restricted Area,2PT Field Goal,M. Okafor
2.3,27.999905546361244,2.42,16.6,364.0,1,-10.9,20.5,Restricted Area,2PT Field Goal,M. Okafor
2.9,35.83765295427829,3.44,16.1,348.0,1,16.9,23.4,Restricted Area,2PT Field Goal,D. Reyes
8.0,42.51485173508881,6.4,19.0,621.0,1,54.0,58.9,In The Paint (Non-RA),2PT Field Goal,B. Osei
1.6,67.32442697081395,4.58,3.9,357.0,1,14.6,6.1,Restricted Area,2PT Field Goal,A. Kowalski
1.9,53.7778173861372,6.57,9.5,81.0,1,15.7,11.5,Restricted Area,2PT Field Goal,R. Delgado
24.7,65.01540798497783,5.33,13.5,372.0,0,223.4,104.1,Above the Break 3,3PT Field Goal,M. Okafor
23.7,34.85551714950814,3.13,1.7,495.0,0,-135.6,194.7,Above the Break 3,3PT Field Goal,D. Reyes
26.1,55.23416743548435,3.38,14.3,291.0,0,-214.8,149.1,Above the Break 3,3PT Field Goal,K. Albrecht
2.8,45.85937224364468,4.11,4.1,501.0,1,20.3,19.7,Restricted Area,2PT Field Goal,J. Carter
25.3,23.713788949466924,2.97,11.7,672.0,0,-101.6,231.3,Above the Break 3,3PT Field Goal,R. Delgado
22.0,52.77014999366616,7.19,13.1,190.0,0,174.9,132.9,Mid-Range,2PT Field Goal,M. Okafor
16.1,29.359697947701548,1.36,2.4,262.0,0,78.7,139.9,Mid-Range,2PT Field Goal,D. Reyes
2.6,65.90306673675055,7.92,2.5,694.0,0,23.7,10.6,Restricted Area,2PT Field Goal,T. Nwosu
3.5,39.91016349071214,2.4,4.4,666.0,1,-22.5,26.9,Restricted Area,2PT Field Goal,B. Osei
13.4,29.707696946832545,1.97,9.6,82.0,0,-66.3,116.2,In The Paint (Non-RA),2PT Field Goal,K. Albrecht
2.4,24.842389105455187,3.93,12.0,74.0,1,10.0,21.6,Restricted Area,2PT Field Goal,J. Carter
26.1,66.79852348527064,1.05,17.6,83.0,0,-239.6,102.7,Above the Break 3,3PT Field Goal,J. Carter
10.2,24.6108352197183,7.8,5.7,26.0,1,42.6,93.0,In The Paint (Non-RA),2PT Field Goal,D. Reyes
20.2,6.7247214054944155,7.74,14.6,176.0,0,23.7,201.0,Mid-Range,2PT Field Goal,T. Nwosu
24.0,1.7914024721587938,7.27,12.5,357.0,1,-7.5,239.8,Above the Break 3,3PT Field Goal,K. Albrecht
15.4,58.156212769854235,8.03,11.9,384.0,0,-130.9,81.3,Mid-Range,2PT Field Goal,T. Nwosu
1.0,33.5304696671331,6.86,4.9,77.0,1,5.5,8.3,Restricted Area,2PT Field Goal,K. Albrecht
0.2,59.53445508054013,0.3,15.9,430.0,0,-1.7,1.0,Restricted Area,2PT Field Goal,D. Reyes
23.5,26.782904802175153,5.53,10.1,493.0,1,106.0,210.0,Above the Break 3,3PT Field Goal,J. Carter
3.1,41.57163144114504,2.36,16.0,174.0,0,20.4,23.0,Restricted Area,2PT Field Goal,R. Delgado
1.7,33.3106308245608,5.97,20.2,503.0,1,-9.2,14.0,Restricted Area,2PT Field Goal,D. Reyes
21.3,49.684656657340234,3.36,7.7,538.0,0,162.4,137.8,Mid-Range,2PT Field Goal,M. Okafor
28.3,36.363764349347875,2.97,13.0,383.0,0,-167.8,227.9,Above the Break 3,3PT Field Goal,S. Whitfield
23.8,16.75227878616854,1.89,18.8,309.0,0,-68.6,227.9,Above the Break 3,3PT Field Goal,B. Osei
25.5,41.641013592734055,5.32,18.6,708.0,1,169.2,190.3,Above the Break 3,3PT Field Goal,S. Whitfield
27.9,52.44393355510892,6.51,18.1,346.0,1,221.1,170.0,Above the Break 3,3PT Field Goal,R. Delgado
1.7,57.555296740788556,1.52,6.1,373.0,0,14.0,8.9,Restricted Area,2PT Field Goal,R. Delgado
1.7,37.00252652819617,4.86,22.8,465.0,1,10.4,13.8,Restricted Area,2PT Field Goal,R. Delgado
16.3,65.19782384744003,5.03,15.2,374.0,1,-147.8,68.3,Mid-Range,2PT Field Goal,K. Albrecht
0.2,46.97493401088198,3.74,10.2,164.0,0,1.5,1.4,Restricted Area,2PT Field Goal,R. Delgado
22.5,49.43461707748396,3.54,18.3,144.0,0,170.9,146.3,Above the Break 3,3PT Field Goal,T. Nwosu
1.6,55.91411300581077,6.71,15.3,180.0,0,13.3,9.0,Restricted Area,2PT Field Goal,K. Albrecht
0.2,20.224859431168078,7.01,10.9,80.0,1,-0.7,1.9,Restricted Area,2PT Field Goal,L. Fitzgerald
26.7,49.366179978829024,5.68,5.3,315.0,0,-203.0,174.2,Above the Break 3,3PT Field Goal,T. Nwosu
1.6,42.443849921421716,5.62,12.3,638.0,1,10.7,11.7,Restricted Area,2PT Field Goal,M. Okafor
21.4,30.490020415306837,5.74,10.2,79.0,0,-108.4,184.1,Mid-Range,2PT Field Goal,K. Albrecht
1.0,12.339087278326197,2.68,18.0,645.0,1,-2.1,9.6,Restricted Area,2PT Field Goal,R. Delgado
25.6,53.80987363327447,3.85,16.8,188.0,1,206.8,151.3,Above the Break 3,3PT Field Goal,M. Okafor
4.0,43.47923033885623,4.09,13.5,457.0,1,-27.5,29.0,In The Paint (Non-RA),2PT Field Goal,L. Fitzgerald
19.7,30.055326660997434,1.89,5.1,549.0,1,-98.6,170.4,Mid-Range,2PT Field Goal,M. Okafor
25.2,22.81714084005801,5.82,1.4,215.0,0,-97.9,232.7,Above the Break 3,3PT Field Goal,B. Osei
2.6,42.229784202799806,8.31,18.4,419.0,1,17.7,19.5,Restricted Area,2PT Field Goal,D. Reyes
1.8,61.03726505711444,8.66,4.5,379.0,1,15.9,8.8,Restricted Area,2PT Field Goal,K. Albrecht
2.3,45.17738574753226,3.5,18.6,697.0,1,-16.2,16.1,Restricted Area,2PT Field Goal,A. Kowalski
3.0,29.577838681261333,2.93,5.0,333.0,1,-14.7,25.9,Restricted Area,2PT Field Goal,A. Kowalski
26.0,36.87871984602268,2.17,8.5,265.0,0,155.9,207.8,Above the Break 3,3PT Field Goal,D. Reyes
21.0,38.88997902108728,5.57,9.3,203.0,1,-131.8,163.4,Mid-Range,2PT Field Goal,S. Whitfield
23.4,13.376607482502736,3.84,0.6,114.0,0,54.1,227.5,Above the Break 3,3PT Field Goal,K. Albrecht
19.1,6.041986009488306,6.66,3.9,51.0,0,-20.1,189.9,Mid-Range,2PT Field Goal,R. Delgado
14.8,46.14794882392453,1.51,16.4,263.0,0,106.9,102.7,Mid-Range,2PT Field Goal,B. Osei
1.2,32.16439051359856,4.37,4.9,422.0,1,-6.1,9.7,Restricted Area,2PT Field Goal,K. Albrecht
1.8,3.1798301198642345,2.64,7.2,261.0,1,1.0,18.0,Restricted Area,2PT Field Goal,S. Whitfield
22.5,11.84931195357763,4.6,5.8,123.0,1,46.2,220.2,Above the Break 3,3PT Field Goal,D. Reyes
28.9,62.47626169850163,3.51,2.1,56.0,0,-256.0,133.4,Above the Break 3,3PT Field Goal,A. Kowalski
11.1,59.09810839168532,0.3,9.6,38.0,0,-95.4,57.1,In The Paint (Non-RA),2PT Field Goal,M. Okafor
25.0,40.195971253336104,5.89,17.0,242.0,0,-161.3,190.9,Above the Break 3,3PT Field Goal,A. Kowalski
27.1,62.35670088360924,4.13,18.7,171.0,0,-240.0,125.7,Above the Break 3,3PT Field Goal,A. Kowalski
1.6,15.561510325328486,4.39,2.2,587.0,0,-4.4,15.8,Restricted Area,2PT Field Goal,J. Carter
4.0,8.615648184164113,3.82,23.5,23.0,0,6.0,39.6,In The Paint (Non-RA),2PT Field Goal,B. Osei
27.5,1.856351040833436,1.85,6.5,329.0,0,-8.9,274.6,Above the Break 3,3PT Field Goal,M. Okafor
26.0,18.818075984599368,4.08,19.8,268.0,1,83.9,246.2,Above the Break 3,3PT Field Goal,T. Nwosu
26.3,10.754758187592117,5.79,4.6,309.0,1,49.1,258.5,Above the Break 3,3PT Field Goal,B. Osei
2.2,29.285737769361692,7.82,14.2,403.0,1,10.6,18.9,Restricted Area,2PT Field Goal,K. Albrecht
0.2,49.08561677997488,4.5,16.2,308.0,0,1.5,1.3,Restricted Area,2PT Field Goal,K. Albrecht
3.1,65.02841752828093,2.8,11.3,70.0,0,-27.7,12.9,Restricted Area,2PT Field Goal,B. Osei
4.0,59.0116846269474,6.69,10.4,392.0,1,-34.3,20.6,In The Paint (Non-RA),2PT Field Goal,L. Fitzgerald
26.8,64.03793927445922,3.55,13.3,113.0,0,-240.7,117.2,Above the Break 3,3PT Field Goal,S. Whitfield
0.9,7.594643368591445,3.48,7.5,91.0,0,1.2,9.0,Restricted Area,2PT Field Goal,D. Reyes
28.3,46.860528020754835,4.0,12.3,705.0,1,-206.6,193.6,Above the Break 3,3PT Field Goal,L. Fitzgerald
4.0,1.4320961841646465,5.42,4.0,535.0,1,-1.0,40.0,In The Paint (Non-RA),2PT Field Goal,S. Whitfield
26.4,30.27832607020828,1.26,15.1,448.0,0,-133.0,227.8,Above the Break 3,3PT Field Goal,A. Kowalski
5.4,10.833686511060721,4.28,21.7,636.0,0,-10.2,53.3,In The Paint (Non-RA),2PT Field Goal,K. Albrecht
27.7,8.495038689886625,3.9,20.9,96.0,0,-41.0,274.5,Above the Break 3,3PT Field Goal,M. Okafor
17.2,12.814614935167542,3.04,0.9,20.0,0,38.1,167.5,Mid-Range,2PT Field Goal,T. Nwosu
25.0,64.73783380500014,7.84,22.6,379.0,0,-225.9,106.6,Above the Break 3,3PT Field Goal,B. Osei
2.0,0.0,0.45,4.8,382.0,1,0.0,20.0,Restricted Area,2PT Field Goal,K. Albrecht
3.3,26.952178931228943,3.95,7.9,449.0,0,-15.0,29.5,Restricted Area,2PT Field Goal,T. Nwosu
1.4,7.485038950373337,4.48,16.0,249.0,0,1.8,13.7,Restricted Area,2PT Field Goal,R. Delgado
24.7,13.721774053588454,4.5,16.6,56.0,1,-58.7,240.4,Above the Break 3,3PT Field Goal,B. Osei
25.7,65.34343561029903,7.39,6.5,373.0,1,-233.1,107.0,Above the Break 3,3PT Field Goal,L. Fitzgerald
26.2,7.650974282200407,0.3,19.8,416.0,0,-34.9,259.8,Above the Break 3,3PT Field Goal,B. Osei
21.8,6.864656745866095,3.26,23.4,462.0,0,26.1,216.8,Mid-Range,2PT Field Goal,T. Nwosu
1.7,49.64797069138704,2.04,23.9,453.0,1,13.3,11.3,Restricted Area,2PT Field Goal,R. Delgado
26.5,3.3372093079813387,0.82,15.1,145.0,0,-15.4,264.1,Above the Break 3,3PT Field Goal,K. Albrecht
15.0,29.88233781730326,2.66,23.3,617.0,0,-74.7,130.0,Mid-Range,2PT Field Goal,L. Fitzgerald
18.3,64.64188370613425,4.95,18.5,484.0,1,-165.0,78.2,Mid-Range,2PT Field Goal,J. Carter
29.0,46.007048659982736,3.38,3.0,691.0,0,-208.4,201.2,Above the Break 3,3PT Field Goal,R. Delgado
0.6,61.14433878028348,8.42,9.0,210.0,1,4.9,2.7,Restricted Area,2PT Field Goal,L. Fitzgerald
18.2,6.127818497797747,0.57,10.5,393.0,1,19.4,180.7,Mid-Range,2PT Field Goal,T. Nwosu
17.5,55.90126765303007,4.79,11.3,556.0,1,144.9,98.1,Mid-Range,2PT Field Goal,D. Reyes
27.0,53.100391233284654,4.72,4.6,332.0,0,-215.9,162.1,Above the Break 3,3PT Field Goal,J. Carter
0.8,46.041626676009976,4.31,9.3,563.0,1,-5.6,5.4,Restricted Area,2PT Field Goal,L. Fitzgerald
25.6,51.59524170491279,5.49,12.8,4.0,0,200.7,159.1,Above the Break 3,3PT Field Goal,L. Fitzgerald
29.0,61.941460146942696,3.49,17.2,354.0,0,-255.9,136.4,Above the Break 3,3PT Field Goal,D. Reyes
16.2,3.140700346529575,5.21,13.4,712.0,0,-8.9,162.2,Mid-Range,2PT Field Goal,K. Albrecht
0.2,20.224859431168078,3.51,0.9,466.0,1,0.7,1.9,Restricted Area,2PT Field Goal,A. Kowalski
26.1,4.066837949244324,2.97,13.7,578.0,0,18.5,260.2,Above the Break 3,3PT Field Goal,A. Kowalski
3.5,22.076134080823355,1.99,18.4,624.0,1,13.1,32.3,Restricted Area,2PT Field Goal,K. Albrecht
0.7,61.1134182330893,3.13,23.5,546.0,0,-5.8,3.2,Restricted Area,2PT Field Goal,D. Reyes
26.1,6.7444094144503,5.71,5.1,615.0,1,30.7,259.6,Above the Break 3,3PT Field Goal,R. Delgado
16.5,4.561439123779157,2.98,9.3,509.0,0,13.1,164.2,Mid-Range,2PT Field Goal,J. Carter
2.5,37.77568430595466,5.73,3.4,121.0,1,15.5,20.0,Restricted Area,2PT Field Goal,M. Okafor
26.4,2.3678619520239264,3.68,22.9,276.0,0,-10.9,263.6,Above the Break 3,3PT Field Goal,B. Osei
15.6,23.891767266146527,4.1,15.6,178.0,1,-63.3,142.9,Mid-Range,2PT Field Goal,M. Okafor
2.5,6.238332689639313,7.04,14.2,352.0,0,-2.7,24.7,Restricted Area,2PT Field Goal,R. Delgado
1.3,45.31654804727301,1.48,8.7,207.0,0,-9.1,9.0,Restricted Area,2PT Field Goal,D. Reyes
24.9,37.89112103400147,3.93,7.7,498.0,0,153.0,196.6,Above the Break 3,3PT Field Goal,K. Albrecht
23.6,5.112977245465366,6.16,18.3,648.0,1,21.0,234.7,Above the Break 3,3PT Field Goal,J. Carter
2.1,31.6075022462489,5.41,8.8,86.0,0,-11.2,18.2,Restricted Area,2PT Field Goal,A. Kowalski
16.1,26.40589664333333,5.0,23.2,361.0,0,71.6,144.2,Mid-Range,2PT Field Goal,B. Osei
25.7,25.449945674951937,7.3,19.9,134.0,0,-110.6,232.4,Above the Break 3,3PT Field Goal,K. Albrecht
2.0,0.8769077414306452,3.15,19.2,292.0,0,0.3,19.6,Restricted Area,2PT Field Goal,S. Whitfield
1.5,66.5953104489677,4.44,16.8,113.0,1,13.4,5.8,Restricted Area,2PT Field Goal,B. Osei
8.1,58.86730105248618,8.15,4.0,322.0,0,69.7,42.1,In The Paint (Non-RA),2PT Field Goal,R. Delgado
25.0,7.207628413459044,1.56,13.6,120.0,1,-31.3,247.5,Above the Break 3,3PT Field Goal,R. Delgado
24.0,32.370335686003074,5.43,12.9,464.0,1,-128.3,202.4,Above the Break 3,3PT Field Goal,L. Fitzgerald
2.1,32.94504086484837,5.54,5.3,99.0,1,11.6,17.9,Restricted Area,2PT Field Goal,B. Osei
25.7,63.93316043553565,4.93,20.3,681.0,1,231.0,113.0,Above the Break 3,3PT Field Goal,J. Carter
14.3,49.281385175653455,5.17,8.1,649.0,1,108.4,93.3,Mid-Range,2PT Field Goal,B. Osei
2.1,12.994616791916505,2.33,23.6,11.0,0,4.8,20.8,Restricted Area,2PT Field Goal,D. Reyes
0.8,34.47221388003644,4.56,15.1,538.0,1,4.6,6.7,Restricted Area,2PT Field Goal,S. Whitfield
0.5,67.75097634278764,3.96,10.7,604.0,1,4.4,1.8,Restricted Area,2PT Field Goal,S. Whitfield
5.0,27.85527852913845,5.07,18.4,550.0,0,-23.2,43.9,In The Paint (Non-RA),2PT Field Goal,B. Osei
1.0,55.37584492005106,4.6,10.5,342.0,0,-8.4,5.8,Restricted Area,2PT Field Goal,A. Kowalski
2.2,34.190142678587996,8.39,23.3,534.0,1,12.5,18.4,Restricted Area,2PT Field Goal,A. Kowalski
25.1,57.40301367681206,6.49,7.9,279.0,0,211.9,135.5,Above the Break 3,3PT Field Goal,R. Delgado
24.4,10.703164168415494,9.02,14.6,35.0,1,45.4,240.2,Above the Break 3,3PT Field Goal,M. Okafor
7.5,26.70090339318091,6.52,3.1,285.0,1,-33.9,67.4,In The Paint (Non-RA),2PT Field Goal,B. Osei
22.5,15.308724593712887,5.24,13.3,217.0,1,-59.4,217.0,Above the Break 3,3PT Field Goal,L. Fitzgerald
20.0,67.28312828384706,5.94,5.8,648.0,0,-184.4,77.2,Mid-Range,2PT Field Goal,R. Delgado
25.2,33.444164402709085,7.25,12.8,318.0,1,138.9,210.3,Above the Break 3,3PT Field Goal,S. Whitfield
28.6,65.35900534202528,2.48,10.5,355.0,0,260.3,119.4,Above the Break 3,3PT Field Goal,J. Carter
21.1,48.60502290444317,0.93,0.6,230.0,1,-158.6,139.8,Mid-Range,2PT Field Goal,L. Fitzgerald
15.8,11.602218971742316,1.07,16.6,99.0,0,31.7,154.4,Mid-Range,2PT Field Goal,B. Osei
27.1,8.898946357103052,5.99,6.0,437.0,1,-41.9,267.6,Above the Break 3,3PT Field Goal,B. Osei
27.4,18.296218393034408,3.52,1.0,663.0,0,86.1,260.4,Above the Break 3,3PT Field Goal,L. Fitzgerald
25.5,63.907874794236406,3.63,11.4,340.0,1,228.7,112.0,Above the Break 3,3PT Field Goal,M. Okafor
3.8,43.927170724208466,4.54,6.8,496.0,1,26.2,27.2,Restricted Area,2PT Field Goal,B. Osei
3.9,17.17845975134679,6.06,22.7,625.0,0,11.5,37.2,Restricted Area,2PT Field Goal,A. Kowalski
2.5,62.91409244842006,3.4,17.5,16.0,1,-21.9,11.2,Restricted Area,2PT Field Goal,K. Albrecht
27.4,22.341443222943113,2.47,22.2,423.0,0,-104.1,253.3,Above the Break 3,3PT Field Goal,M. Okafor
24.3,23.495745862995417,3.17,14.9,634.0,0,-96.9,222.9,Above the Break 3,3PT Field Goal,L. Fitzgerald
9.7,30.273479334208446,5.98,9.3,692.0,1,48.8,83.6,In The Paint (Non-RA),2PT Field Goal,K. Albrecht
6.9,49.2906172338626,3.86,4.4,279.0,1,-52.3,45.0,In The Paint (Non-RA),2PT Field Goal,S. Whitfield
3.2,35.7022021912167,5.62,21.4,157.0,0,-18.9,26.3,Restricted Area,2PT Field Goal,M. Okafor
24.7,52.32245386407281,6.54,8.0,594.0,0,-195.4,150.9,Above the Break 3,3PT Field Goal,J. Carter
14.5,25.82099197418928,3.68,0.0,181.0,0,63.0,130.2,Mid-Range,2PT Field Goal,L. Fitzgerald
26.4,67.6670452564749,2.43,21.0,306.0,0,-244.4,100.4,Above the Break 3,3PT Field Goal,R. Delgado
17.1,16.779584889613137,1.52,13.8,511.0,1,-49.3,163.5,Mid-Range,2PT Field Goal,J. Carter
4.1,20.44059619431062,3.07,10.6,563.0,1,-14.2,38.1,In The Paint (Non-RA),2PT Field Goal,R. Delgado
23.0,53.444417740719885,1.93,20.4,700.0,0,184.5,136.8,Above the Break 3,3PT Field Goal,A. Kowalski
25.6,60.6215224527567,4.68,22.1,93.0,1,-223.1,125.6,Above the Break 3,3PT Field Goal,J. Carter
26.0,32.261936722078254,1.32,5.8,529.0,0,139.0,220.2,Above the Break 3,3PT Field Goal,L. Fitzgerald
2.2,6.965418490055107,4.61,16.5,435.0,1,-2.7,22.1,Restricted Area,2PT Field Goal,S. Whitfield
8.3,24.158562741845806,3.29,7.0,452.0,1,-34.0,75.8,In The Paint (Non-RA),2PT Field Goal,B. Osei
28.5,63.54281649500394,5.98,11.9,301.0,1,-255.2,127.0,Above the Break 3,3PT Field Goal,S. Whitfield
11.6,14.647918942640276,1.76,8.6,110.0,1,-29.3,112.1,In The Paint (Non-RA),2PT Field Goal,A. Kowalski
24.3,63.64617654620601,4.42,16.4,445.0,1,217.4,107.7,Above the Break 3,3PT Field Goal,T. Nwosu
14.9,33.44411850869961,5.8,23.5,181.0,1,81.9,124.0,Mid-Range,2PT Field Goal,M. Okafor
26.3,46.57400303524726,0.63,20.4,555.0,0,-190.7,180.5,Above the Break 3,3PT Field Goal,K. Albrecht
3.4,50.663706258020575,4.97,6.9,218.0,0,-26.6,21.8,Restricted Area,2PT Field Goal,S. Whitfield
2.2,5.4037913602497145,2.95,14.0,215.0,1,2.1,22.2,Restricted Area,2PT Field Goal,D. Reyes
2.6,19.427598149510413,2.12,8.0,522.0,0,8.5,24.1,Restricted Area,2PT Field Goal,B. Osei
7.8,58.26730337636506,0.8,19.4,708.0,0,66.3,41.0,In The Paint (Non-RA),2PT Field Goal,A. Kowalski
1.7,60.751173663453024,4.3,6.2,416.0,1,15.0,8.4,Restricted Area,2PT Field Goal,T. Nwosu
24.3,50.09802217652644,2.82,5.8,186.0,0,186.8,156.2,Above the Break 3,3PT Field Goal,J. Carter
24.5,50.54132745210215,3.32,10.9,343.0,0,-189.4,155.9,Above the Break 3,3PT Field Goal,T. Nwosu
2.1,7.503087391049607,5.8,13.8,72.0,0,-2.7,20.5,Restricted Area,2PT Field Goal,T. Nwosu
22.5,38.25019037759488,0.3,15.6,562.0,0,-139.3,176.7,Above the Break 3,3PT Field Goal,M. Okafor
11.8,15.46421088545005,6.13,1.1,536.0,1,31.4,113.5,In The Paint (Non-RA),2PT Field Goal,M. Okafor
23.8,33.690067525979785,9.22,9.7,109.0,0,-132.2,198.3,Above the Break 3,3PT Field Goal,R. Delgado
4.0,9.203386594263764,3.97,10.2,136.0,0,-6.4,39.5,In The Paint (Non-RA),2PT Field Goal,B. Osei
27.6,53.51694905996594,3.24,9.6,164.0,0,221.5,163.8,Above the Break 3,3PT Field Goal,M. Okafor
0.6,31.798912824294426,3.88,17.8,562.0,1,-3.1,5.0,Restricted Area,2PT Field Goal,S. Whitfield
7.9,51.38559251256707,6.13,0.2,351.0,0,61.6,49.2,In The Paint (Non-RA),2PT Field Goal,T. Nwosu
2.1,15.109575122340466,9.62,23.7,649.0,1,5.4,20.0,Restricted Area,2PT Field Goal,K. Albrecht
1.3,32.14190982700182,2.29,8.6,412.0,1,-7.1,11.3,Restricted Area,2PT Field Goal,L. Fitzgerald
3.3,24.67686317033706,0.3,3.5,335.0,1,13.6,29.6,Restricted Area,2PT Field Goal,L. Fitzgerald
9.5,21.241132220133245,4.79,6.7,112.0,1,34.4,88.5,In The Paint (Non-RA),2PT Field Goal,J. Carter
7.0,14.847351904007725,3.94,1.1,17.0,1,-18.0,67.9,In The Paint (Non-RA),2PT Field Goal,B. Osei
17.4,46.466414434238395,3.75,6.4,216.0,0,126.2,119.9,Mid-Range,2PT Field Goal,A. Kowalski
26.4,35.37386800437483,3.61,12.4,145.0,1,153.0,215.5,Above the Break 3,3PT Field Goal,L. Fitzgerald
25.8,12.9746333783759,0.3,0.0,2.0,0,57.9,251.3,Above the Break 3,3PT Field Goal,D. Reyes
29.0,24.010634991337216,4.8,22.8,583.0,1,118.0,264.9,Above the Break 3,3PT Field Goal,S. Whitfield
16.0,43.78757191005508,2.49,13.8,300.0,1,111.0,115.8,Mid-Range,2PT Field Goal,A. Kowalski
4.0,10.21524188216718,4.76,8.1,686.0,0,7.1,39.4,In The Paint (Non-RA),2PT Field Goal,B. Osei
18.6,31.264671431617185,3.02,12.4,203.0,0,96.6,159.1,Mid-Range,2PT Field Goal,B. Osei
4.9,1.41152002782616,2.08,3.3,300.0,0,-1.2,48.7,In The Paint (Non-RA),2PT Field Goal,L. Fitzgerald
1.7,7.1672387285197665,0.3,12.0,128.0,0,-2.1,16.7,Restricted Area,2PT Field Goal,L. Fitzgerald
0.2,17.52556837372287,7.22,5.4,290.0,0,-0.6,1.9,Restricted Area,2PT Field Goal,B. Osei
2.8,17.281498371816646,3.92,1.0,655.0,0,-8.4,27.0,Restricted Area,2PT Field Goal,M. Okafor
19.9,44.45124556759489,4.89,2.4,516.0,0,139.6,142.3,Mid-Range,2PT Field Goal,S. Whitfield
2.8,18.75503364670368,7.57,19.8,43.0,1,-9.1,26.8,Restricted Area,2PT Field Goal,S. Whitfield
21.0,8.704699173572141,5.23,4.9,251.0,0,31.8,207.7,Mid-Range,2PT Field Goal,S. Whitfield
11.8,16.518134819276437,4.65,18.0,202.0,0,-33.6,113.3,In The Paint (Non-RA),2PT Field Goal,A. Kowalski
0.2,11.309932474020215,0.3,8.1,168.0,1,0.4,2.0,Restricted Area,2PT Field Goal,M. Okafor
1.8,50.984952315115414,6.67,9.8,118.0,1,-13.7,11.1,Restricted Area,2PT Field Goal,M. Okafor
26.5,63.889898145716835,6.08,15.4,60.0,0,-237.7,116.5,Above the Break 3,3PT Field Goal,B. Osei
19.7,19.05021884509792,1.59,3.9,416.0,0,-64.4,186.5,Mid-Range,2PT Field Goal,R. Delgado
2.0,32.24997416418362,0.67,7.5,408.0,1,-10.6,16.8,Restricted Area,2PT Field Goal,M. Okafor
20.6,48.55795345528025,4.96,9.2,694.0,0,154.6,136.5,Mid-Range,2PT Field Goal,K. Albrecht
23.3,37.78442819328832,3.71,4.8,586.0,1,142.8,184.2,Above the Break 3,3PT Field Goal,D. Reyes
0.2,49.08561677997488,7.34,14.8,235.0,1,1.5,1.3,Restricted Area,2PT Field Goal,A. Kowalski
9.1,2.070030653041098,1.12,20.6,129.0,0,-3.3,91.3,In The Paint (Non-RA),2PT Field Goal,D. Reyes
2.9,20.740497796087585,3.94,15.5,317.0,0,10.3,27.2,Restricted Area,2PT Field Goal,A. Kowalski
22.0,35.23138347106947,5.53,19.7,347.0,1,126.7,179.4,Mid-Range,2PT Field Goal,M. Okafor
25.1,24.35344615377788,5.1,5.3,415.0,0,-103.7,229.1,Above the Break 3,3PT Field Goal,L. Fitzgerald
2.6,53.699102084626084,1.3,13.3,456.0,1,-21.1,15.5,Restricted Area,2PT Field Goal,D. Reyes
2.4,63.651566995033,0.87,4.2,201.0,1,21.2,10.5,Restricted Area,2PT Field Goal,A. Kowalski
0.8,58.64291477599008,3.04,19.7,403.0,1,6.4,3.9,Restricted Area,2PT Field Goal,D. Reyes
17.2,58.78504795713301,8.88,7.1,365.0,1,-147.2,89.2,Mid-Range,2PT Field Goal,R. Delgado
1.2,44.31793960682735,2.27,17.3,317.0,1,-8.3,8.5,Restricted Area,2PT Field Goal,L. Fitzgerald
15.3,45.45155683132577,3.06,4.4,266.0,0,108.7,107.0,Mid-Range,2PT Field Goal,R. Delgado
25.4,21.688350651373103,6.03,6.4,32.0,0,93.9,236.1,Above the Break 3,3PT Field Goal,D. Reyes
28.4,39.779709762713345,5.11,1.8,459.0,0,181.5,218.0,Above the Break 3,3PT Field Goal,J. Carter
15.4,2.089342877616525,7.17,13.0,356.0,1,-5.6,153.5,Mid-Range,2PT Field Goal,R. Delgado
1.3,37.67809171302629,2.55,12.2,629.0,1,-7.8,10.1,Restricted Area,2PT Field Goal,J. Carter
11.9,43.574688195130854,2.59,3.2,175.0,0,-82.3,86.5,In The Paint (Non-RA),2PT Field Goal,A. Kowalski
2.7,55.71312302279104,5.93,7.0,190.0,1,22.0,15.0,Restricted Area,2PT Field Goal,K. Albrecht
11.8,5.763515582323432,3.57,22.4,612.0,0,11.9,117.9,In The Paint (Non-RA),2PT Field Goal,L. Fitzgerald
0.8,3.4064437549947186,4.06,14.3,183.0,0,0.5,8.4,Restricted Area,2PT Field Goal,S. Whitfield
3.9,14.931417178137554,1.79,22.9,533.0,1,10.0,37.5,Restricted Area,2PT Field Goal,S. Whitfield
23.9,25.02123768762336,2.35,4.8,324.0,0,101.1,216.6,Above the Break 3,3PT Field Goal,S. Whitfield
26.3,30.608258575991606,2.32,14.7,444.0,0,-133.7,226.0,Above the Break 3,3PT Field Goal,B. Osei
2.5,57.0613094570445,2.67,4.1,374.0,0,-21.3,13.8,Restricted Area,2PT Field Goal,J. Carter
27.2,57.34816628241974,2.49,19.6,468.0,0,229.4,147.0,Above the Break 3,3PT Field Goal,J. Carter
0.2,45.0,3.36,3.4,542.0,1,-1.4,1.4,Restricted Area,2PT Field Goal,A. Kowalski
4.0,32.53715056506522,3.3,11.0,198.0,1,21.5,33.7,In The Paint (Non-RA),2PT Field Goal,S. Whitfield
24.1,7.759805762148233,6.49,6.2,359.0,1,-32.5,238.5,Above the Break 3,3PT Field Goal,B. Osei
25.7,23.368607164528488,8.05,5.0,360.0,0,-101.8,235.6,Above the Break 3,3PT Field Goal,L. Fitzgerald
11.8,57.51016280921965,3.33,17.2,529.0,0,99.4,63.3,In The Paint (Non-RA),2PT Field Goal,A. Kowalski
22.5,30.79345481570219,7.59,17.7,353.0,1,115.2,193.3,Above the Break 3,3PT Field Goal,T. Nwosu
7.8,37.559644456554935,5.18,9.6,189.0,1,47.6,61.9,In The Paint (Non-RA),2PT Field Goal,J. Carter
25.7,28.23125875711873,0.3,17.8,562.0,0,-121.5,226.3,Above the Break 3,3PT Field Goal,R. Delgado
2.3,29.3991621933845,4.69,0.3,13.0,0,11.1,19.7,Restricted Area,2PT Field Goal,R. Delgado
1.4,18.56606021766922,0.86,5.1,585.0,1,-4.4,13.1,Restricted Area,2PT Field Goal,S. Whitfield
2.2,34.77783136636388,6.54,18.8,632.0,1,12.5,18.0,Restricted Area,2PT Field Goal,L. Fitzgerald
17.7,50.24411808759946,2.91,20.7,591.0,1,136.2,113.3,Mid-Range,2PT Field Goal,M. Okafor
19.6,56.220522194115,7.61,0.4,593.0,1,-162.5,108.7,Mid-Range,2PT Field Goal,D. Reyes
22.5,41.7752241893971,7.27,21.9,599.0,1,149.9,167.8,Above the Break 3,3PT Field Goal,M. Okafor
0.2,20.224859431168078,2.98,1.8,350.0,1,-0.7,1.9,Restricted Area,2PT Field Goal,T. Nwosu
24.8,62.86717139568543,1.9,13.8,269.0,0,-220.9,113.2,Above the Break 3,3PT Field Goal,L. Fitzgerald
28.6,27.04033786675069,6.49,9.0,170.0,0,129.9,254.5,Above the Break 3,3PT Field Goal,M. Okafor
26.2,42.513130029908844,2.13,10.4,299.0,1,177.3,193.4,Above the Break 3,3PT Field Goal,B. Osei
2.3,35.62453337907568,3.9,9.6,594.0,0,-13.4,18.7,Restricted Area,2PT Field Goal,J. Carter
0.2,23.962488974578186,6.31,12.8,217.0,0,0.8,1.8,Restricted Area,2PT Field Goal,T. Nwosu
0.8,20.045249425421005,3.82,15.3,49.0,0,2.7,7.4,Restricted Area,2PT Field Goal,J. Carter
3.7,7.82718187101023,5.7,11.2,304.0,1,5.1,37.1,Restricted Area,2PT Field Goal,A. Kowalski
25.6,53.30464761962064,8.44,3.7,355.0,1,205.3,153.0,Above the Break 3,3PT Field Goal,A. Kowalski
3.6,32.28968567675532,4.88,5.8,118.0,1,19.4,30.7,Restricted Area,2PT Field Goal,L. Fitzgerald
6.9,6.376697494084439,5.68,7.3,374.0,1,7.7,68.9,In The Paint (Non-RA),2PT Field Goal,T. Nwosu
1.6,64.2197734259139,2.81,12.8,652.0,1,14.7,7.1,Restricted Area,2PT Field Goal,K. Albrecht
20.7,64.16692523707539,0.3,9.6,468.0,1,-185.9,90.0,Mid-Range,2PT Field Goal,L. Fitzgerald
0.9,19.69862137458028,4.47,5.9,229.0,1,2.9,8.1,Restricted Area,2PT Field Goal,R. Delgado
25.8,23.621742196040213,4.16,13.8,485.0,0,103.3,236.2,Above the Break 3,3PT Field Goal,K. Albrecht
15.3,23.939717916819777,5.33,10.3,343.0,1,62.2,140.1,Mid-Range,2PT Field Goal,S. Whitfield
3.2,38.43730149106254,4.21,0.1,124.0,1,20.0,25.2,Restricted Area,2PT Field Goal,S. Whitfield
18.2,0.37797656964246473,2.75,8.8,165.0,0,-1.2,181.9,Mid-Range,2PT Field Goal,K. Albrecht
2.0,49.056737861294884,2.78,20.7,646.0,0,-15.1,13.1,Restricted Area,2PT Field Goal,D. Reyes
14.6,18.84410887118782,4.29,19.2,17.0,0,47.2,138.3,Mid-Range,2PT Field Goal,S. Whitfield
18.6,56.968377370211634,2.12,7.2,480.0,1,-155.8,101.3,Mid-Range,2PT Field Goal,S. Whitfield
2.3,47.44406805763541,1.04,12.8,85.0,0,17.1,15.7,Restricted Area,2PT Field Goal,S. Whitfield
6.3,29.267995214892697,4.69,22.8,67.0,0,30.6,54.6,In The Paint (Non-RA),2PT Field Goal,K. Albrecht
29.0,52.734965311648494,4.06,10.0,339.0,0,-230.8,175.6,Above the Break 3,3PT Field Goal,B. Osei
26.5,28.373994016731807,5.39,5.4,89.0,1,125.9,233.1,Above the Break 3,3PT Field Goal,A. Kowalski
27.4,38.901850981861976,2.91,21.1,469.0,0,-171.8,212.9,Above the Break 3,3PT Field Goal,D. Reyes
20.9,39.64778983281908,3.81,16.0,241.0,0,133.5,161.1,Mid-Range,2PT Field Goal,S. Whitfield
24.7,62.34718498253792,2.05,16.5,488.0,0,-219.1,114.8,Above the Break 3,3PT Field Goal,R. Delgado
2.8,64.97090294817332,3.23,11.6,166.0,0,-25.7,12.0,Restricted Area,2PT Field Goal,B. Osei
24.7,15.929490127217559,6.0,12.9,219.0,0,-67.9,237.9,Above the Break 3,3PT Field Goal,T. Nwosu
0.7,10.375844920051051,7.96,14.0,193.0,1,-1.3,7.1,Restricted Area,2PT Field Goal,R. Delgado
23.7,13.125370800269211,3.49,7.0,12.0,1,-53.7,230.3,Above the Break 3,3PT Field Goal,L. Fitzgerald
25.2,67.21046615565697,5.12,22.8,104.0,1,-232.3,97.6,Above the Break 3,3PT Field Goal,T. Nwosu
8.7,67.95358119025805,2.48,17.8,477.0,0,-80.5,32.6,In The Paint (Non-RA),2PT Field Goal,D. Reyes
24.3,4.49106816512295,0.85,5.1,669.0,0,-19.0,241.9,Above the Break 3,3PT Field Goal,J. Carter
27.3,24.929279496206664,2.86,2.7,653.0,1,114.9,247.2,Above the Break 3,3PT Field Goal,K. Albrecht
3.0,62.678890047171336,3.59,15.0,466.0,1,27.1,14.0,Restricted Area,2PT Field Goal,A. Kowalski
16.8,39.55164479481678,3.43,23.3,467.0,1,106.7,129.2,Mid-Range,2PT Field Goal,D. Reyes
0.2,23.962488974578186,2.33,23.0,348.0,1,-0.8,1.8,Restricted Area,2PT Field Goal,K. Albrecht
19.4,4.459805140154743,4.52,11.2,418.0,1,-15.1,193.6,Mid-Range,2PT Field Goal,J. Carter
3.9,32.05232130204484,6.65,8.8,212.0,1,20.6,32.9,Restricted Area,2PT Field Goal,J. Carter
19.1,22.125111011272036,2.92,2.0,487.0,0,-71.8,176.6,Mid-Range,2PT Field Goal,J. Carter
0.2,14.743562836470735,5.03,1.4,573.0,1,0.5,1.9,Restricted Area,2PT Field Goal,D. Reyes
10.0,13.717783014011431,5.41,0.7,582.0,0,-23.8,97.5,In The Paint (Non-RA),2PT Field Goal,R. Delgado
26.7,31.48357399912319,6.36,7.9,602.0,0,139.2,227.3,Above the Break 3,3PT Field Goal,S. Whitfield
1.3,18.292775964565042,5.59,18.9,72.0,1,-4.0,12.1,Restricted Area,2PT Field Goal,L. Fitzgerald
25.3,52.935358141721096,6.35,14.8,667.0,0,-201.9,152.5,Above the Break 3,3PT Field Goal,R. Delgado
12.6,6.505626645683682,4.3,5.1,66.0,1,-14.3,125.4,In The Paint (Non-RA),2PT Field Goal,K. Albrecht
1.2,7.532601400947365,1.29,5.3,687.0,1,-1.6,12.1,Restricted Area,2PT Field Goal,M. Okafor
24.5,8.268752852096052,1.72,19.8,699.0,1,35.3,242.9,Above the Break 3,3PT Field Goal,R. Delgado
3.0,27.515572676779296,3.14,22.4,115.0,1,-13.7,26.3,Restricted Area,2PT Field Goal,J. Carter
19.3,23.471351277222176,1.97,1.2,359.0,0,-76.9,177.1,Mid-Range,2PT Field Goal,T. Nwosu
22.5,39.4990574108946,2.44,21.4,594.0,0,143.1,173.6,Above the Break 3,3PT Field Goal,T. Nwosu
24.5,36.56999608369124,3.7,13.4,86.0,0,145.7,196.4,Above the Break 3,3PT Field Goal,T. Nwosu
15.5,62.755649548572144,4.07,4.4,154.0,0,-137.5,70.8,Mid-Range,2PT Field Goal,T. Nwosu
3.0,0.5748547522429523,3.22,13.2,356.0,1,-0.3,29.9,Restricted Area,2PT Field Goal,J. Carter
14.0,37.03383362055236,4.91,8.3,2.0,0,84.2,111.6,In The Paint (Non-RA),2PT Field Goal,J. Carter
2.5,60.05647142738797,8.44,16.6,348.0,1,-21.7,12.5,Restricted Area,2PT Field Goal,D. Reyes
2.7,5.668877979589724,1.95,6.4,297.0,0,-2.7,27.2,Restricted Area,2PT Field Goal,R. Delgado
2.6,42.229784202799806,2.92,1.8,235.0,0,-17.7,19.5,Restricted Area,2PT Field Goal,J. Carter
2.0,5.856013585428958,1.56,15.0,553.0,0,2.0,19.5,Restricted Area,2PT Field Goal,L. Fitzgerald
0.2,14.743562836470735,6.65,20.9,331.0,1,-0.5,1.9,Restricted Area,2PT Field Goal,D. Reyes
26.1,18.115019414614444,6.09,18.2,509.0,0,81.0,247.6,Above the Break 3,3PT Field Goal,J. Carter
0.2,17.52556837372287,1.2,11.2,304.0,1,0.6,1.9,Restricted Area,2PT Field Goal,S. Whitfield
18.1,59.63407187107261,5.21,9.4,313.0,1,-156.0,91.4,Mid-Range,2PT Field Goal,M. Okafor
0.2,17.52556837372287,1.05,13.1,216.0,1,-0.6,1.9,Restricted Area,2PT Field Goal,J. Carter
14.4,60.132060946585646,5.01,0.5,562.0,1,-125.2,71.9,Mid-Range,2PT Field Goal,L. Fitzgerald
17.3,61.86518849343269,4.2,18.4,673.0,1,152.6,81.6,Mid-Range,2PT Field Goal,J. Carter
11.3,61.50690808721663,4.29,5.0,236.0,1,-99.3,53.9,In The Paint (Non-RA),2PT Field Goal,D. Reyes
26.7,41.672772022065665,0.3,15.0,664.0,0,-177.4,199.3,Above the Break 3,3PT Field Goal,A. Kowalski
14.4,51.557267161361146,4.58,3.4,365.0,0,-113.0,89.7,Mid-Range,2PT Field Goal,M. Okafor
22.5,50.266170882153155,4.58,1.9,14.0,0,-173.0,143.8,Above the Break 3,3PT Field Goal,A. Kowalski
21.7,7.033416459694935,7.1,17.7,282.0,1,26.6,215.6,Mid-Range,2PT Field Goal,K. Albrecht
22.5,34.86266573441383,4.45,12.8,355.0,1,-128.6,184.6,Above the Break 3,3PT Field Goal,J. Carter
25.8,30.194067037133255,4.07,21.5,688.0,0,129.7,222.9,Above the Break 3,3PT Field Goal,R. Delgado
23.7,64.72288559338853,2.62,2.0,226.0,0,214.1,101.1,Above the Break 3,3PT Field Goal,A. Kowalski
2.0,44.59365376669096,5.37,16.3,649.0,0,14.0,14.2,Restricted Area,2PT Field Goal,J. Carter
9.7,26.45909516376517,6.0,11.9,46.0,1,-43.1,86.6,In The Paint (Non-RA),2PT Field Goal,S. Whitfield
1.8,33.69006752597979,5.85,11.8,498.0,0,-9.8,14.7,Restricted Area,2PT Field Goal,L. Fitzgerald
25.1,47.54838388948027,6.19,23.3,347.0,0,-185.4,169.6,Above the Break 3,3PT Field Goal,M. Okafor
16.8,29.592296359357977,3.83,10.2,216.0,1,82.8,145.8,Mid-Range,2PT Field Goal,K. Albrecht
24.7,54.96992469312051,1.06,5.3,254.0,1,-202.0,141.6,Above the Break 3,3PT Field Goal,R. Delgado
1.9,66.44055910310267,4.37,18.8,572.0,0,17.2,7.5,Restricted Area,2PT Field Goal,M. Okafor
2.3,42.73721019286054,7.43,14.3,65.0,1,15.8,17.1,Restricted Area,2PT Field Goal,S. Whitfield
16.0,30.36739534399742,6.96,15.2,196.0,1,80.8,137.9,Mid-Range,2PT Field Goal,L. Fitzgerald
26.6,60.90557078164605,2.69,12.9,640.0,0,232.0,129.1,Above the Break 3,3PT Field Goal,R. Delgado
1.8,66.80140948635182,8.79,14.4,113.0,1,-16.1,6.9,Restricted Area,2PT Field Goal,T. Nwosu
0.8,48.54476645559488,7.27,14.1,335.0,0,-6.0,5.3,Restricted Area,2PT Field Goal,S. Whitfield
0.2,0.0,6.08,15.5,126.0,1,-0.0,2.0,Restricted Area,2PT Field Goal,A. Kowalski
0.2,22.833654177917545,2.03,4.9,287.0,1,0.8,1.9,Restricted Area,2PT Field Goal,B. Osei
3.6,53.54760905272988,5.73,10.7,700.0,1,-28.7,21.2,Restricted Area,2PT Field Goal,R. Delgado
3.2,4.6888430654472595,6.32,19.4,148.0,0,2.6,31.7,Restricted Area,2PT Field Goal,R. Delgado
0.4,59.03624346792648,9.12,20.9,57.0,1,-3.0,1.8,Restricted Area,2PT Field Goal,D. Reyes
1.7,15.343766047763872,3.26,19.6,304.0,0,-4.5,16.4,Restricted Area,2PT Field Goal,D. Reyes
2.6,48.89696198010361,3.62,0.3,85.0,1,-19.6,17.1,Restricted Area,2PT Field Goal,K. Albrecht
4.0,39.017483074142525,6.89,6.9,646.0,1,25.2,31.1,In The Paint (Non-RA),2PT Field Goal,T. Nwosu
1.3,35.53767779197438,6.8,6.6,428.0,0,7.5,10.5,Restricted Area,2PT Field Goal,R. Delgado
22.5,43.721369063072075,6.22,3.7,248.0,0,155.5,162.6,Above the Break 3,3PT Field Goal,D. Reyes
21.2,13.211146980230101,3.12,0.4,521.0,0,-48.5,206.6,Mid-Range,2PT Field Goal,A. Kowalski
17.5,46.22973269046309,2.82,13.9,254.0,1,-126.1,120.8,Mid-Range,2PT Field Goal,R. Delgado
6.9,34.58992724088419,4.82,2.1,416.0,0,39.1,56.7,In The Paint (Non-RA),2PT Field Goal,S. Whitfield
2.3,9.920012962402048,5.3,5.3,101.0,1,-3.9,22.3,Restricted Area,2PT Field Goal,D. Reyes
3.5,50.80281966470886,6.27,17.3,546.0,1,-27.1,22.1,Restricted Area,2PT Field Goal,S. Whitfield
0.2,66.03751102542182,2.64,23.0,599.0,0,-1.8,0.8,Restricted Area,2PT Field Goal,B. Osei
24.5,27.998193014381545,0.73,0.0,389.0,0,-115.0,216.3,Above the Break 3,3PT Field Goal,A. Kowalski
27.2,15.641434683792237,6.69,3.3,99.0,0,73.3,261.8,Above the Break 3,3PT Field Goal,R. Delgado
18.1,1.3933208020375683,4.04,18.6,196.0,0,-4.4,180.9,Mid-Range,2PT Field Goal,A. Kowalski
20.9,13.419113350522142,3.94,12.5,274.0,0,-48.6,203.7,Mid-Range,2PT Field Goal,L. Fitzgerald
25.9,66.35667922341153,6.38,11.5,155.0,0,-237.1,103.8,Above the Break 3,3PT Field Goal,K. Albrecht
24.0,5.442591818399594,1.05,11.9,333.0,0,22.8,239.3,Above the Break 3,3PT Field Goal,M. Okafor
1.1,68.00887008282287,4.2,14.7,446.0,1,10.4,4.2,Restricted Area,2PT Field Goal,S. Whitfield
26.3,43.337041258657734,3.47,12.1,199.0,0,-180.6,191.4,Above the Break 3,3PT Field Goal,D. Reyes
18.2,38.14306768251705,5.27,0.8,555.0,0,112.3,143.0,Mid-Range,2PT Field Goal,B. Osei
2.0,56.86773189756608,4.16,12.2,341.0,1,-16.7,10.9,Restricted Area,2PT Field Goal,J. Carter
1.1,34.95065141187513,5.75,23.6,287.0,1,6.5,9.3,Restricted Area,2PT Field Goal,M. Okafor
4.0,10.21524188216718,1.38,2.3,494.0,0,-7.1,39.4,In The Paint (Non-RA),2PT Field Goal,L. Fitzgerald
17.1,30.619779598996804,3.29,21.6,193.0,0,87.3,147.5,Mid-Range,2PT Field Goal,M. Okafor
26.0,19.37528143724057,2.3,4.3,572.0,0,86.3,245.4,Above the Break 3,3PT Field Goal,D. Reyes
23.9,21.676930955758557,6.65,3.9,533.0,1,-88.4,222.4,Above the Break 3,3PT Field Goal,D. Reyes
3.1,46.163862501664,7.08,6.8,136.0,0,22.6,21.7,Restricted Area,2PT Field Goal,K. Albrecht
2.3,5.511477416020616,4.44,13.7,657.0,1,-2.2,22.8,Restricted Area,2PT Field Goal,R. Delgado
0.8,65.89776549883887,5.81,23.5,10.0,1,7.6,3.4,Restricted Area,2PT Field Goal,T. Nwosu
3.1,37.199812115818304,3.78,20.6,662.0,1,18.9,24.9,Restricted Area,2PT Field Goal,S. Whitfield
2.8,65.60626061383684,2.84,8.7,265.0,1,-25.8,11.7,Restricted Area,2PT Field Goal,R. Delgado
26.7,35.19390724010291,7.31,10.6,110.0,0,154.1,218.5,Above the Break 3,3PT Field Goal,K. Albrecht
1.4,11.148989696441802,4.05,13.2,142.0,1,2.7,13.7,Restricted Area,2PT Field Goal,R. Delgado
19.9,55.19195211509471,7.29,11.5,207.0,1,163.4,113.6,Mid-Range,2PT Field Goal,L. Fitzgerald
1.5,13.196463192218477,9.61,15.7,269.0,1,3.4,14.5,Restricted Area,2PT Field Goal,T. Nwosu
26.7,15.795114165982595,1.67,0.1,620.0,0,72.7,257.0,Above the Break 3,3PT Field Goal,B. Osei
16.4,14.899933512526067,5.58,9.6,274.0,1,42.2,158.6,Mid-Range,2PT Field Goal,R. Delgado
0.2,39.0938588862295,3.55,1.6,163.0,1,-1.3,1.6,Restricted Area,2PT Field Goal,J. Carter
25.3,2.2679545359058344,5.17,3.1,78.0,0,-10.0,252.5,Above the Break 3,3PT Field Goal,A. Kowalski
1.9,51.063625368511744,0.3,14.4,321.0,0,15.1,12.2,Restricted Area,2PT Field Goal,T. Nwosu
9.8,46.31880657507413,5.63,15.2,551.0,1,-71.1,67.9,In The Paint (Non-RA),2PT Field Goal,K. Albrecht
3.1,15.239010809326095,2.37,11.5,289.0,1,-8.2,30.1,Restricted Area,2PT Field Goal,D. Reyes
6.8,38.11016254381182,4.94,8.3,211.0,1,42.2,53.8,In The Paint (Non-RA),2PT Field Goal,B. Osei
3.3,51.66665989090137,5.26,18.7,540.0,1,25.8,20.4,Restricted Area,2PT Field Goal,T. Nwosu
2.8,43.974353924034844,6.15,11.7,18.0,0,-19.2,19.9,Restricted Area,2PT Field Goal,S. Whitfield
3.1,31.827446576673108,4.32,16.5,43.0,0,-16.2,26.1,Restricted Area,2PT Field Goal,K. Albrecht
27.2,33.33931721207527,4.99,0.9,131.0,0,149.4,227.1,Above the Break 3,3PT Field Goal,B. Osei
1.3,34.66729948407822,3.64,14.1,46.0,1,7.4,10.7,Restricted Area,2PT Field Goal,J. Carter
1.4,30.284928349402225,0.91,15.5,610.0,1,-7.3,12.5,Restricted Area,2PT Field Goal,K. Albrecht
12.7,50.621742863884585,2.92,20.5,218.0,0,-98.2,80.6,In The Paint (Non-RA),2PT Field Goal,J. Carter
3.5,56.62375598406565,3.18,9.3,595.0,1,-29.6,19.5,Restricted Area,2PT Field Goal,D. Reyes
2.6,57.10565602675949,3.55,12.7,58.0,0,21.8,14.1,Restricted Area,2PT Field Goal,J. Carter
6.3,62.249969726320856,4.63,6.0,400.0,0,55.5,29.2,In The Paint (Non-RA),2PT Field Goal,L. Fitzgerald
15.2,65.94572159000897,4.81,17.5,391.0,1,-138.9,62.0,Mid-Range,2PT Field Goal,D. Reyes
19.7,15.634420539549899,6.66,11.3,584.0,1,-53.2,190.1,Mid-Range,2PT Field Goal,J. Carter
1.0,29.267995214892697,8.7,4.0,203.0,1,-5.1,9.1,Restricted Area,2PT Field Goal,R. Delgado
18.0,9.865806943084367,1.98,12.0,702.0,0,-30.8,177.1,Mid-Range,2PT Field Goal,K. Albrecht
23.4,5.192214578092891,4.63,17.5,248.0,0,21.2,233.3,Above the Break 3,3PT Field Goal,R. Delgado
2.7,2.7979434724964216,5.27,17.1,364.0,1,-1.3,26.6,Restricted Area,2PT Field Goal,K. Albrecht
3.1,9.156421326484065,3.75,12.2,643.0,1,4.9,30.4,Restricted Area,2PT Field Goal,J. Carter
22.0,3.9129054045196017,5.81,18.8,54.0,1,15.0,219.3,Mid-Range,2PT Field Goal,D. Reyes
8.1,5.098391821152299,0.3,17.3,623.0,0,7.2,80.7,In The Paint (Non-RA),2PT Field Goal,D. Reyes
26.9,54.7547462252797,5.79,19.8,13.0,0,219.5,155.1,Above the Break 3,3PT Field Goal,A. Kowalski
2.9,29.98817401520707,3.83,12.4,617.0,0,-14.6,25.3,Restricted Area,2PT Field Goal,T. Nwosu
18.4,41.866658310415374,0.3,7.5,651.0,1,-122.6,136.8,Mid-Range,2PT Field Goal,J. Carter
2.2,48.3664606634298,3.71,5.1,639.0,1,16.2,14.4,Restricted Area,2PT Field Goal,T. Nwosu
1.4,1.236407602856143,8.6,8.6,487.0,1,-0.3,13.9,Restricted Area,2PT Field Goal,S. Whitfield
25.2,55.57120261531789,4.05,5.5,423.0,0,-207.6,142.3,Above the Break 3,3PT Field Goal,D. Reyes
2.5,31.118819156236615,8.9,16.5,583.0,1,13.1,21.7,Restricted Area,2PT Field Goal,R. Delgado
23.8,8.70779822882245,9.25,0.4,646.0,0,36.1,235.7,Above the Break 3,3PT Field Goal,D. Reyes
24.4,29.259458627248854,4.97,3.7,686.0,0,119.5,213.3,Above the Break 3,3PT Field Goal,B. Osei
27.6,31.97896440672209,3.63,3.6,502.0,0,-146.1,234.0,Above the Break 3,3PT Field Goal,S. Whitfield
4.0,52.41394240868558,5.87,23.1,50.0,0,31.7,24.4,In The Paint (Non-RA),2PT Field Goal,A. Kowalski
2.2,43.71883830535794,7.57,20.2,235.0,1,-15.3,16.0,Restricted Area,2PT Field Goal,S. Whitfield
1.2,41.951625059701705,8.35,0.3,586.0,1,8.0,8.9,Restricted Area,2PT Field Goal,K. Albrecht
2.5,27.085907551579947,5.1,4.9,523.0,1,-11.2,21.9,Restricted Area,2PT Field Goal,T. Nwosu
24.5,49.36576072889159,2.39,16.1,625.0,0,186.1,159.7,Above the Break 3,3PT Field Goal,J. Carter
21.2,44.77035882680335,7.75,9.9,525.0,0,149.1,150.3,Mid-Range,2PT Field Goal,J. Carter
0.5,40.85537625889571,0.3,16.4,313.0,1,3.2,3.7,Restricted Area,2PT Field Goal,L. Fitzgerald
2.3,27.781574079020437,3.84,15.3,600.0,0,10.8,20.5,Restricted Area,2PT Field Goal,M. Okafor
24.9,38.426139975714165,4.49,19.3,130.0,0,154.7,195.0,Above the Break 3,3PT Field Goal,B. Osei
14.3,40.33256688330816,5.47,1.5,3.0,0,92.8,109.3,Mid-Range,2PT Field Goal,R. Delgado
1.7,30.43051234692974,3.0,9.9,355.0,1,8.4,14.3,Restricted Area,2PT Field Goal,L. Fitzgerald
14.2,55.07747331996729,4.68,11.5,551.0,0,-116.3,81.2,Mid-Range,2PT Field Goal,M. Okafor
3.2,16.92013434177791,6.38,11.1,336.0,1,-9.4,30.9,Restricted Area,2PT Field Goal,R. Delgado
2.2,51.00900595749453,4.45,20.1,622.0,1,16.8,13.6,Restricted Area,2PT Field Goal,R. Delgado
3.3,65.045249425421,2.47,15.9,265.0,1,-30.3,14.1,Restricted Area,2PT Field Goal,A. Kowalski
24.3,44.18463442557114,6.11,4.2,80.0,1,-169.7,174.6,Above the Break 3,3PT Field Goal,T. Nwosu
6.2,44.54579608711836,4.72,9.7,639.0,1,43.8,44.5,In The Paint (Non-RA),2PT Field Goal,R. Delgado
16.8,50.89291036016361,2.15,20.5,118.0,1,130.4,106.0,Mid-Range,2PT Field Goal,M. Okafor
4.0,37.58605759131443,2.74,18.6,193.0,1,24.4,31.7,In The Paint (Non-RA),2PT Field Goal,L. Fitzgerald
1.8,23.797181356190332,8.56,0.5,355.0,1,7.1,16.1,Restricted Area,2PT Field Goal,J. Carter
20.7,8.45539810646429,3.96,0.6,680.0,0,30.4,204.5,Mid-Range,2PT Field Goal,M. Okafor
24.1,32.766660362452235,5.56,14.4,657.0,0,-130.4,202.6,Above the Break 3,3PT Field Goal,D. Reyes
27.2,18.261890535611386,3.27,21.7,182.0,1,-85.3,258.5,Above the Break 3,3PT Field Goal,J. Carter
1.0,32.56043798115345,4.01,8.2,502.0,1,-5.3,8.3,Restricted Area,2PT Field Goal,A. Kowalski
2.6,8.595911436920971,4.25,3.7,418.0,1,-3.9,25.8,Restricted Area,2PT Field Goal,D. Reyes
6.2,13.676180465476,3.22,11.7,199.0,1,14.6,60.0,In The Paint (Non-RA),2PT Field Goal,A. Kowalski
1.9,1.7899106082460694,6.07,14.1,598.0,1,-0.6,19.2,Restricted Area,2PT Field Goal,S. Whitfield
29.0,67.90141970458453,6.74,19.7,669.0,1,268.7,109.1,Above the Break 3,3PT Field Goal,R. Delgado
2.2,46.101706115206376,6.2,3.0,149.0,1,15.9,15.3,Restricted Area,2PT Field Goal,R. Delgado
1.3,10.344857481475202,3.46,1.7,546.0,0,2.3,12.6,Restricted Area,2PT Field Goal,L. Fitzgerald
11.6,49.80989924815031,2.93,21.9,401.0,1,-88.9,75.1,In The Paint (Non-RA),2PT Field Goal,K. Albrecht
17.8,31.421936349968416,0.3,23.3,196.0,0,-92.8,151.9,Mid-Range,2PT Field Goal,B. Osei
2.7,51.996096458275346,6.78,17.2,345.0,1,-21.5,16.8,Restricted Area,2PT Field Goal,M. Okafor
2.1,41.74588385830621,3.65,3.5,487.0,0,-14.1,15.8,Restricted Area,2PT Field Goal,K. Albrecht
27.9,17.895725634647448,1.62,7.4,336.0,0,-85.7,265.4,Above the Break 3,3PT Field Goal,A. Kowalski
0.2,49.08561677997488,1.77,13.2,274.0,0,-1.5,1.3,Restricted Area,2PT Field Goal,A. Kowalski
26.4,41.28590345518202,6.15,0.2,108.0,0,-174.3,198.5,Above the Break 3,3PT Field Goal,J. Carter
1.7,66.54097591853844,3.71,3.4,384.0,0,15.9,6.9,Restricted Area,2PT Field Goal,J. Carter
2.4,3.2838622879063566,6.05,9.7,249.0,1,-1.4,24.4,Restricted Area,2PT Field Goal,S. Whitfield
18.9,50.05062620860101,4.77,19.9,412.0,1,-144.7,121.2,Mid-Range,2PT Field Goal,J. Carter
26.9,49.197392310082456,6.46,15.2,246.0,1,203.3,175.5,Above the Break 3,3PT Field Goal,B. Osei
6.0,3.807747304828162,4.93,13.8,149.0,0,-4.0,60.1,In The Paint (Non-RA),2PT Field Goal,D. Reyes
7.2,60.235409113359445,0.3,21.9,362.0,1,62.6,35.8,In The Paint (Non-RA),2PT Field Goal,R. Delgado
4.4,21.825382614456224,7.4,5.9,253.0,1,16.5,41.2,In The Paint (Non-RA),2PT Field Goal,B. Osei
3.5,20.92000548976967,1.45,16.5,632.0,0,12.5,32.7,Restricted Area,2PT Field Goal,L. Fitzgerald
1.3,42.83308531681335,7.75,18.5,377.0,0,8.9,9.6,Restricted Area,2PT Field Goal,A. Kowalski
24.9,57.84826150672613,4.67,18.7,262.0,1,-210.8,132.5,Above the Break 3,3PT Field Goal,D. Reyes
24.6,4.587834981602721,2.6,3.9,86.0,0,19.7,245.5,Above the Break 3,3PT Field Goal,L. Fitzgerald
1.0,43.025065989118026,3.19,7.8,476.0,0,7.0,7.5,Restricted Area,2PT Field Goal,T. Nwosu
23.4,64.53980970252896,2.49,21.9,682.0,0,-211.5,100.7,Above the Break 3,3PT Field Goal,B. Osei
3.5,26.04688641963692,5.18,10.4,335.0,0,15.2,31.1,Restricted Area,2PT Field Goal,A. Kowalski
28.1,2.40888341121558,5.51,9.7,178.0,1,11.8,280.5,Above the Break 3,3PT Field Goal,M. Okafor
1.3,39.22567409733672,1.35,23.0,170.0,1,-8.0,9.8,Restricted Area,2PT Field Goal,D. Reyes
13.1,39.95664359830411,0.3,12.9,272.0,0,-84.2,100.5,In The Paint (Non-RA),2PT Field Goal,L. Fitzgerald
13.0,66.05990793598188,7.24,21.7,476.0,0,118.7,52.7,In The Paint (Non-RA),2PT Field Goal,J. Carter
7.8,54.711395381344246,5.21,10.9,442.0,1,63.3,44.8,In The Paint (Non-RA),2PT Field Goal,J. Carter
24.9,55.41685158193682,1.36,16.5,231.0,0,205.1,141.4,Above the Break 3,3PT Field Goal,D. Reyes
2.2,57.488085768948515,6.63,8.3,151.0,0,-18.2,11.6,Restricted Area,2PT Field Goal,R. Delgado
2.6,25.585731522738506,7.03,9.0,26.0,1,11.3,23.6,Restricted Area,2PT Field Goal,M. Okafor
2.9,2.3293915309038216,5.42,13.9,251.0,1,1.2,29.5,Restricted Area,2PT Field Goal,T. Nwosu
24.2,58.565951848829435,5.51,23.3,275.0,0,-206.8,126.4,Above the Break 3,3PT Field Goal,D. Reyes
2.0,39.23011494212035,3.13,17.5,486.0,1,12.9,15.8,Restricted Area,2PT Field Goal,D. Reyes
0.6,52.59464336859145,0.3,15.0,2.0,1,-5.1,3.9,Restricted Area,2PT Field Goal,A. Kowalski
3.3,39.068473075080234,5.98,7.9,704.0,1,20.7,25.5,Restricted Area,2PT Field Goal,S. Whitfield
24.4,46.79510138369056,2.54,21.0,492.0,0,-177.7,166.9,Above the Break 3,3PT Field Goal,D. Reyes
13.2,59.393592968490516,8.86,5.5,269.0,0,113.6,67.2,In The Paint (Non-RA),2PT Field Goal,T. Nwosu
1.5,29.505151400861372,3.41,15.1,236.0,0,7.3,12.9,Restricted Area,2PT Field Goal,M. Okafor
16.9,2.1700274597435993,5.63,20.2,643.0,0,-6.4,168.9,Mid-Range,2PT Field Goal,R. Delgado
1.4,12.619322293430772,2.61,4.0,18.0,0,-3.0,13.4,Restricted Area,2PT Field Goal,D. Reyes
16.8,8.681192249678514,1.05,20.5,232.0,0,25.3,165.7,Mid-Range,2PT Field Goal,S. Whitfield
25.9,59.62548988311455,3.15,15.2,559.0,0,-223.0,130.7,Above the Break 3,3PT Field Goal,D. Reyes
16.6,51.36707602486459,9.12,10.6,428.0,1,130.0,103.9,Mid-Range,2PT Field Goal,R. Delgado
16.3,38.63781160308783,4.38,3.7,475.0,1,101.6,127.1,Mid-Range,2PT Field Goal,J. Carter
24.5,46.04042587165271,0.3,4.9,659.0,1,176.6,170.3,Above the Break 3,3PT Field Goal,K. Albrecht
6.3,55.82952898772268,6.69,23.4,4.0,0,52.0,35.3,In The Paint (Non-RA),2PT Field Goal,J. Carter
6.5,20.54576794982587,7.03,0.9,686.0,0,22.9,61.1,In The Paint (Non-RA),2PT Field Goal,S. Whitfield
25.5,13.747889970988739,2.48,17.8,69.0,1,60.7,248.1,Above the Break 3,3PT Field Goal,K. Albrecht
25.8,35.95065040075753,4.58,17.3,70.0,0,151.5,208.9,Above the Break 3,3PT Field Goal,T. Nwosu
27.9,17.206952432774365,4.32,5.8,238.0,0,-82.5,266.4,Above the Break 3,3PT Field Goal,S. Whitfield
4.0,52.92946762816281,2.56,9.5,537.0,1,31.9,24.1,In The Paint (Non-RA),2PT Field Goal,T. Nwosu
9.6,35.802546905333585,4.52,8.0,480.0,1,-55.9,77.5,In The Paint (Non-RA),2PT Field Goal,K. Albrecht
3.1,15.81919394750014,0.71,14.6,696.0,1,8.5,30.0,Restricted Area,2PT Field Goal,L. Fitzgerald
0.7,4.899092453787765,5.14,20.8,440.0,0,0.6,7.0,Restricted Area,2PT Field Goal,A. Kowalski
23.3,42.84416407677763,6.6,17.3,272.0,0,158.5,170.9,Above the Break 3,3PT Field Goal,K. Albrecht
6.2,55.97487325541109,2.37,12.1,587.0,0,51.1,34.5,In The Paint (Non-RA),2PT Field Goal,M. Okafor
26.0,22.941453196259,5.84,8.1,228.0,0,-101.5,239.8,Above the Break 3,3PT Field Goal,M. Okafor
14.3,0.5212208445153318,6.07,20.2,409.0,1,-1.3,142.9,Mid-Range,2PT Field Goal,S. Whitfield
19.4,16.14806848861782,5.6,18.8,57.0,0,-54.0,186.5,Mid-Range,2PT Field Goal,T. Nwosu
24.3,24.82295161306448,7.62,13.8,162.0,1,-101.9,220.3,Above the Break 3,3PT Field Goal,M. Okafor
13.1,59.09641228751283,4.31,9.8,500.0,0,112.1,67.1,In The Paint (Non-RA),2PT Field Goal,T. Nwosu
16.5,19.876117276343702,2.57,4.3,327.0,0,56.0,154.9,Mid-Range,2PT Field Goal,J. Carter
13.7,35.10506326149004,6.11,1.5,646.0,0,78.8,112.1,In The Paint (Non-RA),2PT Field Goal,A. Kowalski
1.4,44.714948722416175,5.5,17.1,135.0,1,-10.0,10.1,Restricted Area,2PT Field Goal,J. Carter
24.7,47.99729936809103,0.3,11.1,712.0,0,183.9,165.6,Above the Break 3,3PT Field Goal,D. Reyes
1.7,41.46770541610911,4.46,23.1,84.0,1,11.4,12.9,Restricted Area,2PT Field Goal,S. Whitfield
28.4,36.95464868424914,2.56,5.0,101.0,1,-170.7,226.9,Above the Break 3,3PT Field Goal,S. Whitfield
26.6,34.96734045997108,3.43,0.1,232.0,0,-152.6,218.2,Above the Break 3,3PT Field Goal,K. Albrecht
24.8,6.523733390950416,4.51,18.7,38.0,0,28.2,246.6,Above the Break 3,3PT Field Goal,L. Fitzgerald
5.2,15.418518402955618,7.79,18.0,700.0,1,13.9,50.4,In The Paint (Non-RA),2PT Field Goal,A. Kowalski
8.5,22.02727866917134,5.24,6.8,627.0,0,-31.8,78.6,In The Paint (Non-RA),2PT Field Goal,J. Carter
8.2,55.38402068762015,2.74,20.4,91.0,0,67.8,46.8,In The Paint (Non-RA),2PT Field Goal,R. Delgado
13.9,43.628432382924274,2.99,3.1,642.0,0,95.8,100.5,In The Paint (Non-RA),2PT Field Goal,B. Osei
1.1,10.587321318237136,4.76,19.1,108.0,1,-2.0,10.7,Restricted Area,2PT Field Goal,T. Nwosu
26.4,56.062995396856664,5.21,3.9,405.0,0,-218.9,147.3,Above the Break 3,3PT Field Goal,K. Albrecht
25.5,35.76775908681411,10.52,1.6,621.0,1,-148.9,206.7,Above the Break 3,3PT Field Goal,A. Kowalski
13.9,32.417292231948004,2.11,12.6,371.0,1,-74.3,117.0,In The Paint (Non-RA),2PT Field Goal,T. Nwosu
27.5,17.68352862252358,2.99,20.5,633.0,0,83.5,261.9,Above the Break 3,3PT Field Goal,D. Reyes
0.2,11.309932474020215,6.5,16.9,522.0,1,0.4,2.0,Restricted Area,2PT Field Goal,S. Whitfield
24.6,65.04629262734927,3.49,11.9,678.0,0,223.5,104.0,Above the Break 3,3PT Field Goal,J. Carter
26.4,9.02681127477401,4.7,22.9,132.0,0,41.4,260.6,Above the Break 3,3PT Field Goal,S. Whitfield
21.3,13.932093108633499,0.58,7.7,5.0,0,-51.4,207.2,Mid-Range,2PT Field Goal,B. Osei
25.1,2.301536358403434,0.54,4.4,19.0,0,10.1,251.3,Above the Break 3,3PT Field Goal,K. Albrecht
25.5,37.95175329633129,5.85,11.9,207.0,0,157.0,201.3,Above the Break 3,3PT Field Goal,D. Reyes
18.7,29.60445074600491,1.96,23.7,330.0,0,92.5,162.8,Mid-Range,2PT Field Goal,R. Delgado
4.6,48.42836855885496,6.03,23.6,371.0,0,34.5,30.6,In The Paint (Non-RA),2PT Field Goal,R. Delgado
3.0,15.138832850375694,3.18,10.7,440.0,0,-7.9,29.2,Restricted Area,2PT Field Goal,J. Carter
3.0,11.572927647678242,5.0,12.3,285.0,1,6.0,29.3,Restricted Area,2PT Field Goal,L. Fitzgerald
25.2,39.067436531429905,7.01,15.8,639.0,0,159.1,196.0,Above the Break 3,3PT Field Goal,J. Carter
2.3,55.4914770123316,2.45,7.3,140.0,1,-19.2,13.2,Restricted Area,2PT Field Goal,T. Nwosu
15.2,3.8365761210690565,2.48,7.7,278.0,1,-10.2,152.1,Mid-Range,2PT Field Goal,D. Reyes
1.5,22.706370840305922,6.91,22.4,430.0,1,5.9,14.1,Restricted Area,2PT Field Goal,S. Whitfield
24.4,43.58905917961727,4.32,1.1,563.0,1,168.3,176.8,Above the Break 3,3PT Field Goal,R. Delgado
25.7,64.54144627623776,3.94,18.9,379.0,0,232.1,110.5,Above the Break 3,3PT Field Goal,D. Reyes
16.4,56.173838241814735,6.32,8.9,495.0,0,-135.8,91.0,Mid-Range,2PT Field Goal,S. Whitfield
2.3,62.98733465206146,2.03,9.0,15.0,0,20.4,10.4,Restricted Area,2PT Field Goal,K. Albrecht
27.3,62.49498755519353,4.2,14.2,573.0,1,-241.8,125.9,Above the Break 3,3PT Field Goal,S. Whitfield
13.6,34.68712928692159,1.39,10.1,702.0,1,77.1,111.4,In The Paint (Non-RA),2PT Field Goal,J. Carter
24.4,58.710497125751125,1.23,19.6,528.0,1,-208.8,126.9,Above the Break 3,3PT Field Goal,A. Kowalski
2.8,54.958070598460985,5.77,12.9,273.0,1,-23.1,16.2,Restricted Area,2PT Field Goal,M. Okafor
0.7,19.17900802581072,7.04,18.4,570.0,1,-2.4,6.9,Restricted Area,2PT Field Goal,B. Osei
24.8,44.39622176879482,4.7,1.3,671.0,0,173.7,177.4,Above the Break 3,3PT Field Goal,S. Whitfield
26.2,24.351539390267625,0.92,23.9,63.0,0,-107.9,238.4,Above the Break 3,3PT Field Goal,J. Carter
24.2,67.07209619455972,3.98,5.5,631.0,1,-222.7,94.2,Above the Break 3,3PT Field Goal,J. Carter
15.5,0.4079242237109128,5.01,23.1,14.0,0,1.1,154.5,Mid-Range,2PT Field Goal,M. Okafor
20.0,15.187413975200494,4.2,12.5,105.0,1,-52.5,193.4,Mid-Range,2PT Field Goal,B. Osei
27.1,52.53726252629513,6.93,17.5,29.0,0,-214.8,164.6,Above the Break 3,3PT Field Goal,K. Albrecht
16.0,67.355382880715,2.38,7.4,248.0,0,-147.9,61.7,Mid-Range,2PT Field Goal,S. Whitfield
1.6,32.79953127261921,4.98,3.3,416.0,0,8.7,13.5,Restricted Area,2PT Field Goal,T. Nwosu
1.3,23.08513367280828,3.46,16.4,329.0,1,-5.2,12.2,Restricted Area,2PT Field Goal,K. Albrecht
2.9,25.591028209991034,4.06,18.5,156.0,0,-12.5,26.1,Restricted Area,2PT Field Goal,B. Osei
2.3,6.098211947823488,3.47,1.7,629.0,1,-2.5,23.4,Restricted Area,2PT Field Goal,D. Reyes
0.4,53.97262661489639,5.38,23.9,399.0,1,-3.3,2.4,Restricted Area,2PT Field Goal,D. Reyes
10.5,30.72913139181604,1.49,0.2,547.0,0,53.5,90.0,In The Paint (Non-RA),2PT Field Goal,L. Fitzgerald
18.5,12.192272492616139,3.56,18.8,64.0,1,39.0,180.5,Mid-Range,2PT Field Goal,A. Kowalski
26.8,37.974484724576,5.04,20.5,217.0,0,-164.7,211.0,Above the Break 3,3PT Field Goal,T. Nwosu
8.7,16.60476958149249,6.23,23.8,567.0,0,24.9,83.5,In The Paint (Non-RA),2PT Field Goal,T. Nwosu
1.3,9.612114754365889,6.71,7.2,592.0,1,-2.1,12.4,Restricted Area,2PT Field Goal,A. Kowalski
22.5,17.404154822688223,4.68,0.1,70.0,1,-67.3,214.7,Above the Break 3,3PT Field Goal,R. Delgado
24.4,2.3301088010643127,6.87,3.5,559.0,1,-9.9,243.3,Above the Break 3,3PT Field Goal,B. Osei
23.6,47.98932116436977,7.17,2.2,195.0,1,175.3,157.9,Above the Break 3,3PT Field Goal,M. Okafor
4.0,64.52433459007334,3.98,15.2,182.0,0,-36.1,17.2,In The Paint (Non-RA),2PT Field Goal,T. Nwosu
17.5,64.24187827802439,8.76,13.3,641.0,1,-157.3,75.9,Mid-Range,2PT Field Goal,T. Nwosu
16.9,23.176394892416692,7.76,1.3,294.0,0,-66.7,155.8,Mid-Range,2PT Field Goal,R. Delgado
20.9,33.58379566676872,3.6,14.5,272.0,0,-115.8,174.4,Mid-Range,2PT Field Goal,K. Albrecht
0.8,5.640549432156824,3.98,17.0,697.0,0,-0.8,8.1,Restricted Area,2PT Field Goal,D. Reyes
27.0,32.22368179484396,3.18,1.9,194.0,0,143.9,228.3,Above the Break 3,3PT Field Goal,B. Osei
18.1,2.2172026339028226,3.99,16.7,447.0,0,-7.0,180.8,Mid-Range,2PT Field Goal,J. Carter
2.2,19.253404284610625,5.06,12.2,494.0,1,-7.3,20.9,Restricted Area,2PT Field Goal,M. Okafor
1.2,18.43494882292201,4.88,14.7,648.0,1,3.9,11.7,Restricted Area,2PT Field Goal,J. Carter
27.2,30.092583666420104,3.35,22.5,319.0,0,136.3,235.2,Above the Break 3,3PT Field Goal,R. Delgado
3.6,60.49376687316762,5.37,23.6,214.0,1,31.1,17.6,Restricted Area,2PT Field Goal,L. Fitzgerald
23.4,20.550310767366902,7.01,8.7,504.0,0,82.1,219.0,Above the Break 3,3PT Field Goal,D. Reyes
1.9,56.555484311419335,6.32,3.5,181.0,0,16.2,10.7,Restricted Area,2PT Field Goal,B. Osei
8.4,62.576649292890494,5.76,8.7,264.0,0,-74.2,38.5,In The Paint (Non-RA),2PT Field Goal,M. Okafor
1.5,37.568592028827496,3.5,1.5,102.0,1,9.0,11.7,Restricted Area,2PT Field Goal,L. Fitzgerald
0.6,50.063616853030084,3.57,6.9,477.0,1,-4.3,3.6,Restricted Area,2PT Field Goal,T. Nwosu
24.3,34.416202605313686,8.05,0.2,368.0,0,-137.3,200.4,Above the Break 3,3PT Field Goal,K. Albrecht
1.7,65.5283794662951,4.36,20.2,169.0,1,15.6,7.1,Restricted Area,2PT Field Goal,M. Okafor
25.4,61.18228086109445,2.53,6.5,677.0,1,222.3,122.3,Above the Break 3,3PT Field Goal,S. Whitfield
24.9,19.579399901155096,6.32,2.9,188.0,0,-83.3,234.2,Above the Break 3,3PT Field Goal,L. Fitzgerald
3.1,42.87890360333855,8.01,15.1,576.0,1,20.8,22.4,Restricted Area,2PT Field Goal,B. Osei
2.9,4.414078517898174,0.84,11.2,409.0,1,-2.2,28.5,Restricted Area,2PT Field Goal,J. Carter
16.5,44.97542008751688,8.02,16.8,285.0,0,-116.5,116.6,Mid-Range,2PT Field Goal,K. Albrecht
0.4,55.88552705465874,2.03,12.7,15.0,1,-3.1,2.1,Restricted Area,2PT Field Goal,K. Albrecht
26.8,17.352748759905666,6.22,10.6,403.0,0,-79.9,255.7,Above the Break 3,3PT Field Goal,R. Delgado
4.0,27.536073108157158,4.44,17.7,582.0,1,-18.3,35.1,Restricted Area,2PT Field Goal,S. Whitfield
27.3,9.396659662989231,2.87,15.6,363.0,0,44.5,268.9,Above the Break 3,3PT Field Goal,S. Whitfield
1.7,18.329431852868485,2.1,8.8,104.0,0,5.4,16.3,Restricted Area,2PT Field Goal,A. Kowalski
0.7,64.88516511385544,1.94,22.5,245.0,0,6.4,3.0,Restricted Area,2PT Field Goal,T. Nwosu
2.2,6.863691914627042,1.42,1.1,689.0,1,-2.6,21.6,Restricted Area,2PT Field Goal,D. Reyes
26.6,34.401891181010065,3.41,20.0,396.0,0,150.1,219.2,Above the Break 3,3PT Field Goal,M. Okafor
15.4,34.475883481390056,6.55,4.7,324.0,1,87.0,126.7,Mid-Range,2PT Field Goal,D. Reyes
16.4,19.54090757521054,3.67,12.6,719.0,1,-54.8,154.4,Mid-Range,2PT Field Goal,T. Nwosu
1.2,58.483060027405266,8.65,19.4,631.0,1,-10.6,6.5,Restricted Area,2PT Field Goal,J. Carter
1.3,16.61442448912639,3.69,13.3,188.0,0,3.7,12.4,Restricted Area,2PT Field Goal,D. Reyes
27.5,49.831041250552076,2.67,13.8,578.0,0,209.8,177.1,Above the Break 3,3PT Field Goal,R. Delgado
15.5,12.43266721990112,4.23,5.7,5.0,1,-33.4,151.5,Mid-Range,2PT Field Goal,A. Kowalski
27.2,44.70189769762416,8.0,7.6,321.0,1,-191.2,193.2,Above the Break 3,3PT Field Goal,S. Whitfield
12.6,50.59178235436839,2.58,22.7,163.0,0,-97.0,79.7,In The Paint (Non-RA),2PT Field Goal,M. Okafor
1.2,29.054604099077146,4.23,1.6,256.0,0,-6.0,10.8,Restricted Area,2PT Field Goal,M. Okafor
25.4,67.27251791262286,6.54,21.0,135.0,0,234.2,98.1,Above the Break 3,3PT Field Goal,M. Okafor
1.9,50.731681020063476,3.11,22.5,458.0,0,14.8,12.1,Restricted Area,2PT Field Goal,D. Reyes
1.4,59.743562836470744,5.41,3.7,239.0,1,12.0,7.0,Restricted Area,2PT Field Goal,R. Delgado
19.3,37.955634243288685,3.86,23.1,439.0,0,-118.8,152.3,Mid-Range,2PT Field Goal,J. Carter
0.2,17.52556837372287,3.78,0.3,204.0,0,-0.6,1.9,Restricted Area,2PT Field Goal,B. Osei
24.7,23.478257844527842,3.94,1.1,614.0,0,98.6,227.0,Above the Break 3,3PT Field Goal,R. Delgado
24.2,45.016738468560646,3.67,11.1,364.0,0,-171.2,171.1,Above the Break 3,3PT Field Goal,K. Albrecht
5.3,55.40771131249006,5.95,8.5,382.0,1,-43.5,30.0,In The Paint (Non-RA),2PT Field Goal,R. Delgado
8.0,55.15501237622382,0.67,17.6,670.0,1,-65.5,45.6,In The Paint (Non-RA),2PT Field Goal,B. Osei
5.0,3.6692540956394217,1.33,22.6,355.0,1,-3.2,49.9,In The Paint (Non-RA),2PT Field Goal,J. Carter
2.7,12.109748123115095,3.15,1.2,464.0,1,5.6,26.1,Restricted Area,2PT Field Goal,R. Delgado
1.4,28.24425107080102,0.74,16.1,163.0,1,-6.5,12.1,Restricted Area,2PT Field Goal,S. Whitfield
3.5,36.86989764584402,2.06,7.0,436.0,0,21.0,28.0,Restricted Area,2PT Field Goal,R. Delgado
2.7,4.070366373224806,1.46,17.6,555.0,1,1.9,26.7,Restricted Area,2PT Field Goal,K. Albrecht
2.8,18.239400846651154,3.92,14.1,131.0,1,-8.7,26.4,Restricted Area,2PT Field Goal,K. Albrecht
2.2,37.94215335011893,0.35,5.4,223.0,1,-13.8,17.7,Restricted Area,2PT Field Goal,A. Kowalski
19.9,30.38254349247211,3.52,18.8,526.0,0,100.9,172.1,Mid-Range,2PT Field Goal,L. Fitzgerald
8.0,14.52415193741919,2.69,4.1,475.0,1,-20.0,77.2,In The Paint (Non-RA),2PT Field Goal,T. Nwosu
3.6,48.91824886406737,6.5,5.5,366.0,0,27.3,23.8,Restricted Area,2PT Field Goal,A. Kowalski
27.0,63.55845138967377,0.53,21.9,273.0,0,241.5,120.1,Above the Break 3,3PT Field Goal,S. Whitfield
27.1,22.86544698910501,0.41,3.8,570.0,1,105.3,249.7,Above the Break 3,3PT Field Goal,J. Carter
18.8,35.76478733515207,0.58,10.0,368.0,0,109.7,152.3,Mid-Range,2PT Field Goal,M. Okafor
19.7,8.940856983590074,1.58,1.1,357.0,0,-30.6,194.5,Mid-Range,2PT Field Goal,D. Reyes
1.6,41.72232404780973,2.06,20.1,503.0,1,10.7,12.0,Restricted Area,2PT Field Goal,A. Kowalski
27.3,26.31182217493033,5.46,11.3,447.0,0,-121.1,244.9,Above the Break 3,3PT Field Goal,T. Nwosu
20.0,47.35218702050044,2.25,8.4,218.0,0,-147.0,135.4,Mid-Range,2PT Field Goal,S. Whitfield
0.8,24.26129085247779,3.61,0.4,442.0,0,3.2,7.1,Restricted Area,2PT Field Goal,J. Carter
18.6,24.028202292011397,3.77,7.4,148.0,0,75.7,169.8,Mid-Range,2PT Field Goal,J. Carter
15.5,23.009336065072862,5.32,6.6,199.0,1,-60.6,142.7,Mid-Range,2PT Field Goal,T. Nwosu
19.1,24.99698088294445,0.89,16.8,173.0,0,80.8,173.3,Mid-Range,2PT Field Goal,K. Albrecht
12.0,57.210277358125275,2.2,6.4,160.0,0,100.9,65.0,In The Paint (Non-RA),2PT Field Goal,A. Kowalski
24.9,26.99661093881135,4.0,7.7,526.0,1,-113.2,222.2,Above the Break 3,3PT Field Goal,D. Reyes
24.8,31.4426945526094,7.12,1.5,257.0,0,129.5,211.8,Above the Break 3,3PT Field Goal,D. Reyes
14.2,3.029765288563262,2.52,4.1,428.0,1,-7.5,141.7,Mid-Range,2PT Field Goal,A. Kowalski
2.4,20.885801460693035,2.37,5.2,55.0,1,-8.7,22.8,Restricted Area,2PT Field Goal,T. Nwosu
0.2,63.43494882292201,5.69,5.2,480.0,1,1.8,0.9,Restricted Area,2PT Field Goal,L. Fitzgerald
26.0,21.441140665529286,4.24,17.6,222.0,0,95.0,241.9,Above the Break 3,3PT Field Goal,D. Reyes
12.3,63.01901580633581,4.05,0.0,557.0,0,-109.8,55.9,In The Paint (Non-RA),2PT Field Goal,S. Whitfield
17.8,32.735226272107596,8.16,13.3,412.0,0,96.3,149.8,Mid-Range,2PT Field Goal,R. Delgado
1.6,44.47914362549805,2.39,5.7,341.0,0,10.9,11.1,Restricted Area,2PT Field Goal,K. Albrecht
15.3,1.574487547372683,5.76,16.3,277.0,0,-4.2,152.8,Mid-Range,2PT Field Goal,L. Fitzgerald
19.6,56.967542556353735,8.36,20.7,386.0,1,-164.1,106.7,Mid-Range,2PT Field Goal,M. Okafor
27.7,36.75011858115846,3.05,12.3,648.0,0,166.0,222.3,Above the Break 3,3PT Field Goal,S. Whitfield
26.2,12.096287331258655,9.22,13.0,157.0,0,-54.8,255.7,Above the Break 3,3PT Field Goal,L. Fitzgerald
5.4,42.38045120460532,5.73,21.8,169.0,0,36.5,40.0,In The Paint (Non-RA),2PT Field Goal,K. Albrecht
2.3,13.182965158540851,4.85,0.2,437.0,0,-5.2,22.2,Restricted Area,2PT Field Goal,R. Delgado
1.5,8.075896334838298,7.41,2.6,27.0,0,-2.1,14.8,Restricted Area,2PT Field Goal,A. Kowalski
3.6,31.376345028155576,4.62,1.4,31.0,0,18.6,30.5,Restricted Area,2PT Field Goal,A. Kowalski
6.5,31.58437346376796,0.3,11.5,194.0,0,-34.0,55.3,In The Paint (Non-RA),2PT Field Goal,B. Osei
25.9,51.9408485157843,4.73,19.4,362.0,1,204.1,159.8,Above the Break 3,3PT Field Goal,B. Osei
11.0,32.91038478598344,3.76,8.7,298.0,0,-59.8,92.4,In The Paint (Non-RA),2PT Field Goal,T. Nwosu
19.3,50.118560599967296,0.85,11.6,648.0,0,148.4,124.0,Mid-Range,2PT Field Goal,D. Reyes
24.1,38.02747123829437,5.75,21.6,215.0,1,148.2,189.5,Above the Break 3,3PT Field Goal,L. Fitzgerald
2.9,28.61045966596522,2.91,17.6,22.0,1,-13.8,25.3,Restricted Area,2PT Field Goal,J. Carter
2.2,30.7354877019201,2.16,16.7,594.0,1,11.0,18.5,Restricted Area,2PT Field Goal,K. Albrecht
16.7,12.700530276647678,9.1,8.2,443.0,1,36.6,162.4,Mid-Range,2PT Field Goal,S. Whitfield
1.5,18.79229832348605,6.76,22.3,266.0,0,-4.9,14.4,Restricted Area,2PT Field Goal,L. Fitzgerald
3.4,6.471560810363689,7.64,1.8,183.0,1,3.8,33.5,Restricted Area,2PT Field Goal,L. Fitzgerald
26.3,45.72366526204644,8.19,1.2,652.0,0,-188.4,183.7,Above the Break 3,3PT Field Goal,B. Osei
18.7,65.82260614137661,1.25,18.8,580.0,0,-170.4,76.5,Mid-Range,2PT Field Goal,K. Albrecht
1.2,64.09349200048563,8.39,21.5,36.0,1,10.5,5.1,Restricted Area,2PT Field Goal,R. Delgado
1.5,27.420148573344715,1.85,10.2,157.0,0,6.9,13.3,Restricted Area,2PT Field Goal,D. Reyes
26.5,36.848260267902425,1.83,22.7,658.0,1,158.8,211.9,Above the Break 3,3PT Field Goal,T. Nwosu
5.7,20.46227152342221,4.97,18.6,158.0,1,-20.0,53.6,In The Paint (Non-RA),2PT Field Goal,J. Carter
2.9,66.31477844734493,3.4,21.7,578.0,0,-26.9,11.8,Restricted Area,2PT Field Goal,S. Whitfield
23.8,63.864927839127894,8.06,19.0,180.0,1,-214.0,105.0,Above the Break 3,3PT Field Goal,M. Okafor
19.7,26.356798465760843,3.38,17.7,431.0,0,-87.4,176.4,Mid-Range,2PT Field Goal,R. Delgado
28.6,33.86762505795171,5.66,2.6,231.0,0,-159.6,237.8,Above the Break 3,3PT Field Goal,K. Albrecht
2.8,0.20834737080620067,4.16,6.4,190.0,1,-0.1,27.5,Restricted Area,2PT Field Goal,D. Reyes
23.9,30.622396010105142,2.5,6.1,674.0,1,-121.7,205.6,Above the Break 3,3PT Field Goal,B. Osei
4.5,56.06251238544637,3.59,11.6,432.0,1,37.3,25.1,In The Paint (Non-RA),2PT Field Goal,J. Carter
4.0,16.5756437508413,3.23,12.3,17.0,1,-11.4,38.3,In The Paint (Non-RA),2PT Field Goal,A. Kowalski
12.7,22.598998504223744,4.57,22.1,3.0,0,-48.7,117.0,In The Paint (Non-RA),2PT Field Goal,K. Albrecht
1.7,18.746900982783288,3.87,2.6,474.0,0,-5.6,16.5,Restricted Area,2PT Field Goal,T. Nwosu
0.2,36.86989764584402,6.12,23.3,357.0,1,-1.2,1.6,Restricted Area,2PT Field Goal,M. Okafor
2.8,51.308589002554875,3.57,11.5,631.0,1,-22.1,17.7,Restricted Area,2PT Field Goal,D. Reyes
18.1,20.218600675443007,4.85,23.2,694.0,1,62.5,169.7,Mid-Range,2PT Field Goal,R. Delgado
27.2,22.960482430542815,7.9,6.1,491.0,0,-106.0,250.2,Above the Break 3,3PT Field Goal,R. Delgado
3.6,13.45201035713517,5.31,15.3,544.0,1,-8.3,34.7,Restricted Area,2PT Field Goal,D. Reyes
1.8,55.60587231286241,10.5,15.6,491.0,0,14.9,10.2,Restricted Area,2PT Field Goal,L. Fitzgerald
25.2,35.71766948514477,4.49,11.2,486.0,0,146.9,204.3,Above the Break 3,3PT Field Goal,R. Delgado
4.2,58.10920819815429,4.94,17.4,112.0,0,36.0,22.4,In The Paint (Non-RA),2PT Field Goal,T. Nwosu
3.9,19.12522602078709,5.6,15.7,237.0,1,12.9,37.2,Restricted Area,2PT Field Goal,L. Fitzgerald
25.8,37.58483654945914,6.86,9.1,316.0,0,157.4,204.5,Above the Break 3,3PT Field Goal,L. Fitzgerald
16.0,34.45330525329718,5.98,1.5,345.0,1,90.7,132.2,Mid-Range,2PT Field Goal,J. Carter
14.9,6.590760972834137,4.17,6.1,518.0,0,-17.1,148.0,Mid-Range,2PT Field Goal,R. Delgado
21.0,50.99889553241629,3.79,18.2,553.0,0,163.0,132.0,Mid-Range,2PT Field Goal,D. Reyes
4.0,20.924501744921166,3.34,1.4,233.0,0,-14.3,37.4,In The Paint (Non-RA),2PT Field Goal,K. Albrecht
12.9,26.306963825741803,4.24,10.0,313.0,1,-57.2,115.7,In The Paint (Non-RA),2PT Field Goal,S. Whitfield
24.1,7.693507560942195,0.8,9.5,366.0,0,32.3,239.1,Above the Break 3,3PT Field Goal,A. Kowalski
14.7,12.892370824739258,1.47,11.1,628.0,0,32.8,143.3,Mid-Range,2PT Field Goal,L. Fitzgerald
24.5,17.659231316310947,1.63,12.3,204.0,0,74.4,233.7,Above the Break 3,3PT Field Goal,L. Fitzgerald
1.2,13.684019752247501,7.44,10.7,539.0,1,2.8,11.5,Restricted Area,2PT Field Goal,A. Kowalski
10.0,58.42631830571063,4.81,11.0,290.0,1,-85.1,52.3,In The Paint (Non-RA),2PT Field Goal,S. Whitfield
1.4,43.854237161824905,6.55,15.0,580.0,1,9.8,10.2,Restricted Area,2PT Field Goal,A. Kowalski
0.5,36.119340849479755,3.7,23.1,700.0,1,2.7,3.7,Restricted Area,2PT Field Goal,L. Fitzgerald
2.7,59.98986235968179,4.97,20.5,580.0,1,23.2,13.4,Restricted Area,2PT Field Goal,M. Okafor
2.9,28.689422928421354,2.36,0.1,36.0,1,-13.9,25.4,Restricted Area,2PT Field Goal,L. Fitzgerald
2.8,33.63254166226414,0.3,2.3,717.0,0,-15.3,23.0,Restricted Area,2PT Field Goal,K. Albrecht
8.0,36.46671711139644,3.64,21.5,368.0,1,47.3,64.0,In The Paint (Non-RA),2PT Field Goal,L. Fitzgerald
7.0,50.739387878020985,3.08,15.8,314.0,1,-54.2,44.3,In The Paint (Non-RA),2PT Field Goal,D. Reyes
26.8,18.87489595522093,2.81,1.2,415.0,0,-86.6,253.3,Above the Break 3,3PT Field Goal,M. Okafor
25.2,64.45252884550383,1.07,4.4,494.0,0,227.2,108.6,Above the Break 3,3PT Field Goal,K. Albrecht
15.6,18.783600378598067,5.53,8.8,168.0,0,-50.2,147.6,Mid-Range,2PT Field Goal,D. Reyes
20.2,2.0383369313980695,5.97,4.5,47.0,0,7.2,202.3,Mid-Range,2PT Field Goal,K. Albrecht
7.9,8.856103180129262,5.43,9.8,707.0,0,-12.2,78.3,In The Paint (Non-RA),2PT Field Goal,B. Osei
0.5,34.69515353123397,6.64,7.3,121.0,0,2.7,3.9,Restricted Area,2PT Field Goal,B. Osei
13.0,25.478537340064666,2.35,21.5,34.0,0,55.8,117.1,In The Paint (Non-RA),2PT Field Goal,B. Osei
14.4,17.339777271265138,5.54,5.1,693.0,1,-42.9,137.4,Mid-Range,2PT Field Goal,T. Nwosu
24.9,31.22793587441729,4.06,3.7,489.0,1,129.2,213.1,Above the Break 3,3PT Field Goal,K. Albrecht
27.1,7.783258118848577,3.12,3.9,158.0,0,36.7,268.5,Above the Break 3,3PT Field Goal,B. Osei
1.1,16.389540334034784,4.24,17.2,144.0,1,-3.0,10.2,Restricted Area,2PT Field Goal,K. Albrecht
15.1,17.16670306396788,2.06,14.4,360.0,1,-44.7,144.7,Mid-Range,2PT Field Goal,L. Fitzgerald
0.2,4.969740728110304,3.46,23.3,604.0,1,-0.2,2.3,Restricted Area,2PT Field Goal,L. Fitzgerald
17.0,6.2581702539638995,4.16,11.7,488.0,0,-18.5,168.7,Mid-Range,2PT Field Goal,R. Delgado
26.8,66.7564672231791,0.3,1.7,143.0,0,-246.1,105.7,Above the Break 3,3PT Field Goal,M. Okafor
15.2,65.89595523424607,7.58,18.0,169.0,1,-138.8,62.1,Mid-Range,2PT Field Goal,L. Fitzgerald
0.2,40.91438322002513,6.39,5.9,701.0,0,-1.3,1.5,Restricted Area,2PT Field Goal,J. Carter
9.8,25.020429599771337,6.0,17.9,74.0,1,41.4,88.7,In The Paint (Non-RA),2PT Field Goal,K. Albrecht
0.3,63.43494882292201,8.08,20.0,301.0,0,3.0,1.5,Restricted Area,2PT Field Goal,J. Carter
14.3,67.03248195478021,5.71,1.3,6.0,0,-131.9,55.9,Mid-Range,2PT Field Goal,K. Albrecht
25.8,67.35794458850167,5.56,1.0,150.0,0,-238.3,99.4,Above the Break 3,3PT Field Goal,M. Okafor
25.9,4.200497748428501,7.91,23.7,213.0,0,19.0,258.7,Above the Break 3,3PT Field Goal,L. Fitzgerald
0.2,45.0,3.13,20.4,658.0,0,1.4,1.4,Restricted Area,2PT Field Goal,K. Albrecht
20.2,49.49715161466778,1.2,19.4,503.0,0,153.6,131.2,Mid-Range,2PT Field Goal,R. Delgado
1.8,49.08561677997488,6.33,13.0,228.0,1,-13.5,11.7,Restricted Area,2PT Field Goal,A. Kowalski
28.6,25.542661447378197,3.67,13.6,713.0,1,-123.2,257.8,Above the Break 3,3PT Field Goal,B. Osei
25.2,21.438676034713787,6.53,19.9,262.0,0,92.2,234.8,Above the Break 3,3PT Field Goal,L. Fitzgerald
2.5,45.160491959834616,5.69,4.0,641.0,1,17.9,17.8,Restricted Area,2PT Field Goal,J. Carter
15.4,49.2694609002771,2.65,19.0,283.0,0,116.6,100.4,Mid-Range,2PT Field Goal,T. Nwosu
26.2,21.484794161373422,4.07,17.9,470.0,0,-96.0,243.9,Above the Break 3,3PT Field Goal,J. Carter
2.8,23.983415116640078,1.74,7.5,485.0,1,11.3,25.4,Restricted Area,2PT Field Goal,D. Reyes
2.0,13.755039445994909,4.32,0.9,346.0,1,4.7,19.2,Restricted Area,2PT Field Goal,A. Kowalski
1.2,38.047042531826094,3.84,18.8,572.0,0,-7.2,9.2,Restricted Area,2PT Field Goal,D. Reyes
26.3,34.034708729443324,6.03,4.1,260.0,0,147.1,217.8,Above the Break 3,3PT Field Goal,K. Albrecht
2.0,48.65222278030634,8.46,23.0,565.0,1,-15.0,13.2,Restricted Area,2PT Field Goal,B. Osei
5.4,26.236038832363636,4.83,6.4,397.0,1,24.1,48.9,In The Paint (Non-RA),2PT Field Goal,D. Reyes
23.0,14.271456399307938,3.6,12.6,700.0,1,-56.8,223.3,Above the Break 3,3PT Field Goal,R. Delgado
2.7,37.504142360270144,4.49,23.5,377.0,1,16.5,21.5,Restricted Area,2PT Field Goal,L. Fitzgerald
22.5,39.75340994182724,4.03,1.5,714.0,1,143.9,173.0,Above the Break 3,3PT Field Goal,D. Reyes
9.6,47.73832940643726,3.2,21.4,17.0,1,-71.2,64.7,In The Paint (Non-RA),2PT Field Goal,K. Albrecht
7.1,6.615778319628691,4.77,21.9,522.0,1,8.2,70.7,In The Paint (Non-RA),2PT Field Goal,T. Nwosu
13.0,53.24453531517765,1.7,1.9,256.0,0,104.3,77.9,In The Paint (Non-RA),2PT Field Goal,B. Osei
1.6,21.087682448249115,2.34,14.4,331.0,0,5.9,15.3,Restricted Area,2PT Field Goal,J. Carter
25.8,8.14898277290792,4.78,17.9,201.0,0,-36.5,254.9,Above the Break 3,3PT Field Goal,T. Nwosu
21.3,42.22304561293208,6.35,16.1,417.0,1,-143.2,157.8,Mid-Range,2PT Field Goal,M. Okafor
5.6,44.782697200524474,5.39,1.2,244.0,0,-39.4,39.7,In The Paint (Non-RA),2PT Field Goal,J. Carter
2.1,6.370716931894014,3.61,4.9,305.0,0,2.3,20.6,Restricted Area,2PT Field Goal,S. Whitfield
9.0,39.05970250751808,6.75,8.4,605.0,1,56.4,69.5,In The Paint (Non-RA),2PT Field Goal,B. Osei
27.1,42.36481541754857,4.95,22.2,98.0,1,182.4,200.0,Above the Break 3,3PT Field Goal,T. Nwosu
25.9,43.88836023638218,8.12,2.0,269.0,0,179.4,186.5,Above the Break 3,3PT Field Goal,T. Nwosu
1.6,17.543257715400127,5.37,23.2,622.0,0,4.9,15.5,Restricted Area,2PT Field Goal,K. Albrecht
1.4,62.676108698653465,4.21,2.9,363.0,0,12.0,6.2,Restricted Area,2PT Field Goal,M. Okafor
4.2,7.326406660169546,1.53,0.4,284.0,0,5.4,42.0,In The Paint (Non-RA),2PT Field Goal,B. Osei
6.6,4.928593410339647,7.09,5.3,337.0,0,5.7,66.1,In The Paint (Non-RA),2PT Field Goal,M. Okafor
2.0,60.6728205095432,6.45,4.0,671.0,0,17.8,10.0,Restricted Area,2PT Field Goal,J. Carter
0.6,40.39990433373672,7.32,14.6,636.0,1,4.0,4.7,Restricted Area,2PT Field Goal,L. Fitzgerald
14.4,43.1414970003889,3.0,20.7,445.0,1,98.4,105.0,Mid-Range,2PT Field Goal,D. Reyes
24.6,16.69477811976827,1.8,6.8,388.0,1,-70.6,235.4,Above the Break 3,3PT Field Goal,J. Carter
24.4,7.617952653538486,7.31,17.6,584.0,0,32.3,241.5,Above the Break 3,3PT Field Goal,B. Osei
16.2,53.66814155419362,4.23,0.8,13.0,0,-130.4,95.9,Mid-Range,2PT Field Goal,M. Okafor
18.6,43.384617296727725,0.3,0.2,348.0,0,127.5,134.9,Mid-Range,2PT Field Goal,T. Nwosu
3.3,30.606407031509484,5.69,11.6,631.0,1,-16.8,28.4,Restricted Area,2PT Field Goal,M. Okafor
0.2,20.224859431168078,1.37,1.6,15.0,0,0.7,1.9,Restricted Area,2PT Field Goal,S. Whitfield
2.6,63.63458487744639,7.39,8.0,565.0,1,-23.0,11.4,Restricted Area,2PT Field Goal,J. Carter
0.3,20.136303428248137,6.68,4.9,636.0,0,-1.1,3.0,Restricted Area,2PT Field Goal,K. Albrecht
11.1,49.02312936003858,0.3,5.9,665.0,1,-83.7,72.7,In The Paint (Non-RA),2PT Field Goal,B. Osei
10.1,16.147195427811305,4.99,3.8,415.0,0,-28.2,97.4,In The Paint (Non-RA),2PT Field Goal,S. Whitfield
3.9,17.919628642824378,4.19,22.8,483.0,1,11.9,36.8,Restricted Area,2PT Field Goal,J. Carter
3.1,3.913159524987399,5.61,6.8,122.0,0,2.1,30.7,Restricted Area,2PT Field Goal,J. Carter
27.0,60.81124299350969,1.5,6.6,342.0,1,-235.4,131.5,Above the Break 3,3PT Field Goal,S. Whitfield
25.0,1.4670382192462703,1.01,12.7,711.0,0,6.4,249.9,Above the Break 3,3PT Field Goal,T. Nwosu
14.8,65.35736937550281,6.25,14.2,512.0,1,-134.5,61.7,Mid-Range,2PT Field Goal,S. Whitfield
1.0,8.049061701674503,0.3,11.0,106.0,1,-1.4,9.9,Restricted Area,2PT Field Goal,R. Delgado
13.2,39.277181154905456,3.99,5.0,416.0,1,83.5,102.1,In The Paint (Non-RA),2PT Field Goal,K. Albrecht
22.7,10.03139809248411,5.2,4.1,164.0,1,39.5,223.3,Above the Break 3,3PT Field Goal,L. Fitzgerald
17.8,16.960937269615254,5.88,3.1,230.0,1,-52.0,170.5,Mid-Range,2PT Field Goal,L. Fitzgerald
17.9,19.73137883331071,5.0,0.7,121.0,0,60.4,168.4,Mid-Range,2PT Field Goal,L. Fitzgerald
26.7,9.645510254178104,9.39,20.3,499.0,0,44.8,263.6,Above the Break 3,3PT Field Goal,J. Carter
25.9,14.828991621218213,6.93,1.6,644.0,0,-66.4,250.8,Above the Break 3,3PT Field Goal,L. Fitzgerald
18.8,14.693937315820518,3.87,22.8,614.0,0,-47.7,181.9,Mid-Range,2PT Field Goal,B. Osei
1.4,23.720395572304596,3.91,19.5,19.0,0,5.8,13.2,Restricted Area,2PT Field Goal,M. Okafor
5.6,18.59818422034095,2.57,19.5,532.0,1,17.7,52.6,In The Paint (Non-RA),2PT Field Goal,B. Osei
26.2,20.323136829662943,4.66,9.3,494.0,0,91.0,245.7,Above the Break 3,3PT Field Goal,L. Fitzgerald
0.6,49.707852244372226,9.0,2.3,50.0,0,-4.6,3.9,Restricted Area,2PT Field Goal,A. Kowalski
1.9,59.44403572449223,5.82,17.8,611.0,1,16.6,9.8,Restricted Area,2PT Field Goal,B. Osei
2.5,50.34074059050171,4.01,8.0,403.0,0,19.3,16.0,Restricted Area,2PT Field Goal,J. Carter
4.0,46.21456954794371,1.53,20.3,503.0,0,-28.9,27.7,In The Paint (Non-RA),2PT Field Goal,B. Osei
0.3,35.75388725443675,0.3,7.9,625.0,1,1.8,2.5,Restricted Area,2PT Field Goal,D. Reyes
27.4,18.44819027854785,4.04,6.0,227.0,0,-86.6,259.6,Above the Break 3,3PT Field Goal,S. Whitfield
21.4,42.747211944047386,2.49,5.7,215.0,0,145.3,157.2,Mid-Range,2PT Field Goal,A. Kowalski
27.9,0.7606097267104721,5.06,2.1,4.0,0,3.7,278.7,Above the Break 3,3PT Field Goal,J. Carter
17.3,18.644822534489563,1.69,23.0,459.0,0,55.2,163.6,Mid-Range,2PT Field Goal,J. Carter
3.5,14.941874520513329,5.9,3.0,463.0,0,9.1,34.1,Restricted Area,2PT Field Goal,D. Reyes
26.5,19.493963071571073,3.69,2.1,669.0,0,88.5,250.0,Above the Break 3,3PT Field Goal,J. Carter
1.3,16.74197038529311,2.82,8.1,615.0,0,3.7,12.3,Restricted Area,2PT Field Goal,A. Kowalski
2.3,20.212789538885474,4.91,16.6,680.0,1,8.1,22.0,Restricted Area,2PT Field Goal,L. Fitzgerald
8.6,2.650689683421822,3.14,22.3,578.0,1,-4.0,86.4,In The Paint (Non-RA),2PT Field Goal,R. Delgado
21.3,2.3175291830875424,4.11,22.9,182.0,1,8.6,212.5,Mid-Range,2PT Field Goal,A. Kowalski
25.2,48.681559745104586,2.53,6.7,381.0,0,-189.4,166.5,Above the Break 3,3PT Field Goal,L. Fitzgerald
15.7,17.13482594315416,5.26,11.7,139.0,1,46.4,150.5,Mid-Range,2PT Field Goal,M. Okafor
19.2,15.908555010406872,0.39,13.8,166.0,0,-52.7,184.9,Mid-Range,2PT Field Goal,K. Albrecht
3.1,60.53112995782573,3.97,20.2,114.0,1,-26.9,15.2,Restricted Area,2PT Field Goal,K. Albrecht
17.4,37.70488144914251,5.48,15.3,410.0,1,106.6,137.9,Mid-Range,2PT Field Goal,T. Nwosu
22.5,22.666881681368963,6.17,15.5,99.0,1,86.7,207.6,Above the Break 3,3PT Field Goal,K. Albrecht
5.0,17.35402463626132,5.44,20.4,661.0,0,-15.0,48.0,In The Paint (Non-RA),2PT Field Goal,L. Fitzgerald
26.0,22.626633898273344,7.15,13.1,688.0,1,100.2,240.4,Above the Break 3,3PT Field Goal,S. Whitfield
11.0,67.17902749064763,4.77,8.4,123.0,1,101.0,42.5,In The Paint (Non-RA),2PT Field Goal,M. Okafor
5.0,48.215483991748215,10.04,22.1,129.0,1,-37.6,33.6,In The Paint (Non-RA),2PT Field Goal,L. Fitzgerald
20.2,32.9430471267552,3.03,16.6,73.0,1,109.9,169.6,Mid-Range,2PT Field Goal,J. Carter
2.7,67.76000925766047,0.3,23.6,429.0,1,24.7,10.1,Restricted Area,2PT Field Goal,S. Whitfield
2.5,52.90273934316542,0.3,23.6,659.0,0,-20.1,15.2,Restricted Area,2PT Field Goal,M. Okafor
1.8,37.13092444820949,0.3,10.3,584.0,1,-10.6,14.0,Restricted Area,2PT Field Goal,D. Reyes
18.2,23.65827212327177,4.13,21.7,124.0,1,-72.9,166.4,Mid-Range,2PT Field Goal,K. Albrecht
20.8,63.11513886231994,0.31,0.3,658.0,0,185.8,94.2,Mid-Range,2PT Field Goal,S. Whitfield
25.3,66.95624647220691,0.85,15.1,617.0,0,-232.5,98.9,Above the Break 3,3PT Field Goal,T. Nwosu
2.0,4.90729984228815,5.75,23.8,628.0,0,1.7,19.8,Restricted Area,2PT Field Goal,R. Delgado
2.2,34.198381764309296,0.3,15.5,215.0,0,-12.3,18.1,Restricted Area,2PT Field Goal,S. Whitfield
3.5,47.56030089390866,4.32,6.5,651.0,1,-25.7,23.5,Restricted Area,2PT Field Goal,A. Kowalski
15.2,66.73229518994304,6.14,5.6,276.0,1,-140.0,60.2,Mid-Range,2PT Field Goal,J. Carter
13.2,13.542869507163875,6.83,12.2,32.0,1,-31.0,128.7,In The Paint (Non-RA),2PT Field Goal,A. Kowalski
0.2,26.56505117707799,4.7,1.9,562.0,0,-0.9,1.8,Restricted Area,2PT Field Goal,A. Kowalski
1.4,18.82471001824007,1.01,0.3,106.0,0,-4.5,13.2,Restricted Area,2PT Field Goal,L. Fitzgerald
27.9,40.56115125383712,1.92,10.1,672.0,0,181.2,211.7,Above the Break 3,3PT Field Goal,R. Delgado
8.9,10.06787344695898,7.42,8.1,245.0,1,-15.5,87.3,In The Paint (Non-RA),2PT Field Goal,T. Nwosu
27.8,15.851928154286954,7.77,13.2,596.0,0,-75.9,267.3,Above the Break 3,3PT Field Goal,L. Fitzgerald
0.5,4.969740728110304,3.2,9.1,100.0,0,0.4,4.6,Restricted Area,2PT Field Goal,J. Carter
0.8,1.4144232114021553,6.15,5.9,181.0,1,-0.2,8.1,Restricted Area,2PT Field Goal,K. Albrecht
26.4,29.413383943165282,5.88,22.3,316.0,0,129.5,229.7,Above the Break 3,3PT Field Goal,D. Reyes
28.0,14.886517643606972,3.38,1.9,424.0,0,71.8,270.1,Above the Break 3,3PT Field Goal,M. Okafor
1.0,9.648045316098155,6.54,4.6,707.0,0,-1.7,10.0,Restricted Area,2PT Field Goal,B. Osei
25.4,67.27251791262286,2.15,2.0,552.0,1,234.2,98.1,Above the Break 3,3PT Field Goal,B. Osei
16.1,62.94199147121005,5.51,23.2,488.0,1,143.5,73.3,Mid-Range,2PT Field Goal,M. Okafor
25.4,21.220192133339502,5.54,12.6,596.0,0,92.1,237.2,Above the Break 3,3PT Field Goal,T. Nwosu
24.0,43.380762546125816,3.83,15.3,466.0,1,165.0,174.6,Above the Break 3,3PT Field Goal,A. Kowalski
9.4,44.78444127469099,2.89,6.5,391.0,1,-66.2,66.7,In The Paint (Non-RA),2PT Field Goal,K. Albrecht
25.0,59.7485177900052,7.69,8.8,249.0,1,215.7,125.8,Above the Break 3,3PT Field Goal,J. Carter
3.4,51.28689336173646,2.37,18.9,642.0,1,26.2,21.0,Restricted Area,2PT Field Goal,J. Carter
7.7,2.985341365408666,2.15,15.8,301.0,1,4.0,76.7,In The Paint (Non-RA),2PT Field Goal,S. Whitfield
8.0,35.00377800252107,0.99,4.5,682.0,0,-45.8,65.4,In The Paint (Non-RA),2PT Field Goal,M. Okafor
4.0,6.751701318436935,3.67,17.4,518.0,1,4.7,39.7,In The Paint (Non-RA),2PT Field Goal,M. Okafor
12.7,32.854147479637085,3.75,2.1,150.0,0,69.1,107.0,In The Paint (Non-RA),2PT Field Goal,K. Albrecht
25.9,3.9626883259883456,2.33,1.2,80.0,0,17.9,258.4,Above the Break 3,3PT Field Goal,R. Delgado
3.7,8.615648184164113,6.73,0.3,409.0,0,5.5,36.3,Restricted Area,2PT Field Goal,R. Delgado
11.6,14.180081942770897,4.47,9.6,150.0,1,-28.4,112.4,In The Paint (Non-RA),2PT Field Goal,R. Delgado
18.4,18.020484343859966,5.52,21.2,642.0,1,56.8,174.6,Mid-Range,2PT Field Goal,D. Reyes
0.5,40.48601154199874,1.04,21.6,546.0,0,3.5,4.1,Restricted Area,2PT Field Goal,K. Albrecht
19.1,44.29897427740194,3.46,3.0,426.0,0,133.2,136.5,Mid-Range,2PT Field Goal,K. Albrecht
2.1,39.38557290095442,7.76,11.3,326.0,1,-13.3,16.2,Restricted Area,2PT Field Goal,D. Reyes
17.0,46.87982648220358,6.61,22.1,115.0,0,124.3,116.4,Mid-Range,2PT Field Goal,A. Kowalski
20.4,19.712314147555382,5.27,4.0,523.0,1,68.9,192.3,Mid-Range,2PT Field Goal,R. Delgado
27.4,22.193600835067222,6.84,3.8,313.0,0,-103.5,253.7,Above the Break 3,3PT Field Goal,R. Delgado
24.2,49.16783039432251,5.9,21.5,685.0,0,183.3,158.4,Above the Break 3,3PT Field Goal,A. Kowalski
26.9,38.56683343993597,4.94,10.0,112.0,1,-168.0,210.7,Above the Break 3,3PT Field Goal,L. Fitzgerald
7.9,49.06729151369221,5.17,15.0,591.0,0,-59.5,51.6,In The Paint (Non-RA),2PT Field Goal,J. Carter
0.6,34.75591255354137,5.35,20.6,691.0,1,3.4,4.9,Restricted Area,2PT Field Goal,M. Okafor
2.5,65.44450263594315,3.35,2.3,673.0,1,23.2,10.6,Restricted Area,2PT Field Goal,T. Nwosu
29.0,25.266310117575102,8.27,10.1,340.0,0,-123.8,262.3,Above the Break 3,3PT Field Goal,L. Fitzgerald
23.1,1.2625807078147553,9.78,2.5,113.0,0,5.1,231.4,Above the Break 3,3PT Field Goal,M. Okafor
25.1,21.262340788102062,4.66,6.7,265.0,0,-90.9,233.6,Above the Break 3,3PT Field Goal,S. Whitfield
25.6,16.194760730193714,4.23,12.2,170.0,1,71.3,245.5,Above the Break 3,3PT Field Goal,K. Albrecht
17.0,49.35855670730227,9.67,3.8,604.0,1,129.2,110.9,Mid-Range,2PT Field Goal,R. Delgado
27.3,51.73670733974114,5.35,7.6,561.0,0,214.4,169.1,Above the Break 3,3PT Field Goal,R. Delgado
21.5,23.640073227921622,5.66,9.2,498.0,0,86.1,196.7,Mid-Range,2PT Field Goal,B. Osei
21.4,26.62479649381058,5.41,4.3,401.0,1,96.1,191.7,Mid-Range,2PT Field Goal,A. Kowalski
29.0,22.293080699775338,4.55,4.3,656.0,0,-110.0,268.3,Above the Break 3,3PT Field Goal,A. Kowalski
14.3,11.137544160878932,3.57,20.9,566.0,1,-27.7,140.7,Mid-Range,2PT Field Goal,B. Osei
27.7,61.85330995601191,6.16,20.1,606.0,1,-244.3,130.7,Above the Break 3,3PT Field Goal,A. Kowalski
25.5,45.85937224364468,1.01,12.9,86.0,0,-182.7,177.3,Above the Break 3,3PT Field Goal,S. Whitfield
12.2,39.76335315710663,6.77,22.3,516.0,1,-77.8,93.5,In The Paint (Non-RA),2PT Field Goal,J. Carter
24.0,16.941401987814174,7.8,3.5,384.0,0,70.0,229.8,Above the Break 3,3PT Field Goal,M. Okafor
3.6,17.114535228830274,3.85,22.6,356.0,1,10.5,34.1,Restricted Area,2PT Field Goal,B. Osei
7.8,63.59959141432948,3.51,4.7,139.0,1,-69.7,34.6,In The Paint (Non-RA),2PT Field Goal,A. Kowalski
25.4,33.62756533683847,8.86,12.5,135.0,1,-140.8,211.7,Above the Break 3,3PT Field Goal,D. Reyes
25.5,27.823543378891593,3.99,22.2,237.0,0,118.8,225.1,Above the Break 3,3PT Field Goal,L. Fitzgerald
26.0,47.420387912157615,3.11,1.8,349.0,1,191.1,175.6,Above the Break 3,3PT Field Goal,L. Fitzgerald
23.9,25.483925071946523,6.52,0.2,701.0,0,103.0,216.1,Above the Break 3,3PT Field Goal,R. Delgado
28.2,4.878287047576226,1.87,14.3,17.0,0,24.0,281.2,Above the Break 3,3PT Field Goal,L. Fitzgerald
24.2,64.04794059904056,0.3,23.3,636.0,0,-218.0,106.1,Above the Break 3,3PT Field Goal,M. Okafor
19.1,2.905769197420087,4.39,19.7,162.0,0,-9.7,191.1,Mid-Range,2PT Field Goal,R. Delgado
2.7,67.76868481989742,3.2,5.4,710.0,1,25.2,10.3,Restricted Area,2PT Field Goal,D. Reyes
3.1,45.921921477638826,2.6,13.0,218.0,0,-22.1,21.4,Restricted Area,2PT Field Goal,T. Nwosu
26.7,35.943847305143876,2.69,22.9,562.0,0,-156.9,216.4,Above the Break 3,3PT Field Goal,M. Okafor
25.9,42.29303261761846,2.96,18.9,146.0,0,174.3,191.6,Above the Break 3,3PT Field Goal,T. Nwosu
23.6,39.373170063145054,3.69,9.9,26.0,0,149.6,182.3,Above the Break 3,3PT Field Goal,R. Delgado
20.9,42.496966114863106,0.3,19.0,192.0,0,141.1,154.0,Mid-Range,2PT Field Goal,J. Carter
14.4,8.945745634744812,6.15,10.5,330.0,1,-22.4,142.3,Mid-Range,2PT Field Goal,A. Kowalski
25.6,64.6240677483354,3.6,19.8,409.0,0,-231.7,109.9,Above the Break 3,3PT Field Goal,M. Okafor
19.9,38.75871800747487,3.5,10.0,517.0,1,124.6,155.2,Mid-Range,2PT Field Goal,J. Carter
18.7,56.82939543290132,3.65,2.8,24.0,0,156.2,102.1,Mid-Range,2PT Field Goal,A. Kowalski
1.8,6.305445977268624,6.23,2.6,283.0,1,2.0,18.1,Restricted Area,2PT Field Goal,T. Nwosu
18.1,14.786967503874022,5.05,0.2,303.0,0,-46.3,175.4,Mid-Range,2PT Field Goal,A. Kowalski
16.2,48.604420539175706,9.43,6.5,224.0,0,-121.5,107.1,Mid-Range,2PT Field Goal,A. Kowalski
19.9,29.712696678206687,0.3,16.8,86.0,0,-98.5,172.6,Mid-Range,2PT Field Goal,K. Albrecht
0.2,2.862405226111748,6.24,6.2,296.0,1,0.1,2.0,Restricted Area,2PT Field Goal,D. Reyes
0.2,36.86989764584402,6.58,14.2,432.0,0,1.2,1.6,Restricted Area,2PT Field Goal,D. Reyes
15.8,53.92986458942777,0.3,3.2,416.0,0,-127.4,92.8,Mid-Range,2PT Field Goal,B. Osei
1.9,3.3664606634298018,5.64,4.5,581.0,0,-1.1,18.7,Restricted Area,2PT Field Goal,M. Okafor
25.6,65.40020939484253,4.07,16.7,619.0,0,-232.4,106.4,Above the Break 3,3PT Field Goal,J. Carter
2.7,6.573860024285839,4.02,23.9,457.0,0,3.1,26.9,Restricted Area,2PT Field Goal,A. Kowalski
25.2,0.2274532692766832,4.3,19.4,696.0,0,-1.0,251.9,Above the Break 3,3PT Field Goal,A. Kowalski
3.6,2.252044345402555,5.23,17.4,468.0,1,-1.4,35.6,Restricted Area,2PT Field Goal,S. Whitfield
27.0,33.89644229294381,3.44,3.2,653.0,0,-150.3,223.7,Above the Break 3,3PT Field Goal,R. Delgado
1.6,49.12229781178364,2.66,5.7,446.0,0,-11.9,10.3,Restricted Area,2PT Field Goal,D. Reyes
2.1,51.9810574068298,6.53,23.0,567.0,1,16.5,12.9,Restricted Area,2PT Field Goal,A. Kowalski
15.5,60.33328479305356,4.32,7.7,487.0,1,134.3,76.5,Mid-Range,2PT Field Goal,M. Okafor
24.7,6.678639563407384,6.24,23.1,84.0,0,28.7,245.1,Above the Break 3,3PT Field Goal,L. Fitzgerald
2.3,61.6657575168754,10.43,3.3,719.0,1,20.4,11.0,Restricted Area,2PT Field Goal,S. Whitfield
4.8,13.97836896284898,1.2,6.4,128.0,0,-11.6,46.6,In The Paint (Non-RA),2PT Field Goal,D. Reyes
16.8,16.24519938570268,2.25,15.2,92.0,1,-47.0,161.3,Mid-Range,2PT Field Goal,K. Albrecht
3.3,18.325396796745498,2.67,5.4,329.0,0,-10.4,31.4,Restricted Area,2PT Field Goal,R. Delgado
6.3,56.61321563797359,4.06,1.6,22.0,0,-52.5,34.6,In The Paint (Non-RA),2PT Field Goal,A. Kowalski
21.9,21.932420948981974,8.14,15.7,213.0,0,-81.9,203.4,Mid-Range,2PT Field Goal,T. Nwosu
1.9,10.546034013090217,5.32,4.8,639.0,1,-3.5,18.8,Restricted Area,2PT Field Goal,S. Whitfield
0.6,27.758540601060023,6.81,6.6,134.0,0,3.0,5.7,Restricted Area,2PT Field Goal,S. Whitfield
29.0,26.476700006530542,8.65,1.9,246.0,0,-129.3,259.6,Above the Break 3,3PT Field Goal,M. Okafor
3.3,15.285226834555033,0.3,16.9,367.0,1,-8.8,32.2,Restricted Area,2PT Field Goal,M. Okafor
27.5,34.908451476865395,3.48,0.8,208.0,0,157.5,225.7,Above the Break 3,3PT Field Goal,S. Whitfield
23.9,0.6951866391895741,2.72,3.8,220.0,0,-2.9,239.0,Above the Break 3,3PT Field Goal,S. Whitfield
8.2,15.114942094236303,5.26,8.1,266.0,0,21.5,79.6,In The Paint (Non-RA),2PT Field Goal,D. Reyes
22.5,10.835516483478694,1.92,17.0,562.0,0,-42.3,221.0,Above the Break 3,3PT Field Goal,J. Carter
2.5,41.76638787511214,8.02,9.0,465.0,0,-16.7,18.7,Restricted Area,2PT Field Goal,M. Okafor
17.2,13.141573431415518,3.13,18.0,692.0,0,-39.2,167.9,Mid-Range,2PT Field Goal,M. Okafor
2.5,7.441405489743717,2.52,15.4,413.0,0,3.2,24.5,Restricted Area,2PT Field Goal,A. Kowalski
0.4,49.68589983950271,1.87,3.2,505.0,0,3.3,2.8,Restricted Area,2PT Field Goal,L. Fitzgerald
27.7,17.102728969052375,1.26,8.4,32.0,1,-81.6,265.2,Above the Break 3,3PT Field Goal,L. Fitzgerald
2.0,50.71059313749964,4.17,20.0,509.0,1,-15.4,12.6,Restricted Area,2PT Field Goal,R. Delgado
26.0,64.30329924564587,2.91,14.7,474.0,0,-234.0,112.6,Above the Break 3,3PT Field Goal,L. Fitzgerald
0.2,66.03751102542182,4.99,12.0,546.0,1,1.8,0.8,Restricted Area,2PT Field Goal,L. Fitzgerald
15.1,16.807937247995778,3.16,0.9,254.0,0,43.8,145.0,Mid-Range,2PT Field Goal,S. Whitfield
0.2,45.0,5.32,22.1,233.0,1,1.4,1.4,Restricted Area,2PT Field Goal,R. Delgado
17.2,42.33645185514835,4.75,16.4,562.0,0,115.8,127.1,Mid-Range,2PT Field Goal,S. Whitfield
25.7,8.152198681449681,6.77,5.3,463.0,1,36.4,254.1,Above the Break 3,3PT Field Goal,T. Nwosu
23.8,39.8333217098142,5.94,23.2,237.0,1,-152.4,182.7,Above the Break 3,3PT Field Goal,D. Reyes
1.7,2.009553813021139,3.03,10.0,64.0,1,-0.6,17.1,Restricted Area,2PT Field Goal,T. Nwosu
1.5,55.87505824799412,7.11,1.7,712.0,0,-12.1,8.2,Restricted Area,2PT Field Goal,K. Albrecht
8.4,7.504732450611963,2.96,10.1,296.0,1,11.0,83.5,In The Paint (Non-RA),2PT Field Goal,R. Delgado
23.0,58.13745915958116,2.19,8.8,241.0,1,195.0,121.2,Above the Break 3,3PT Field Goal,S. Whitfield
2.7,10.893546058037181,6.28,15.9,572.0,0,-5.1,26.5,Restricted Area,2PT Field Goal,K. Albrecht
22.5,1.8591035732851748,1.37,5.7,379.0,0,-7.3,224.9,Above the Break 3,3PT Field Goal,L. Fitzgerald
29.0,31.245031240578363,2.69,4.2,345.0,0,-150.4,247.9,Above the Break 3,3PT Field Goal,K. Albrecht
28.4,44.44291573522788,0.75,18.8,208.0,0,198.6,202.5,Above the Break 3,3PT Field Goal,B. Osei
3.8,53.403371090560825,0.81,1.8,407.0,1,30.3,22.5,Restricted Area,2PT Field Goal,R. Delgado
2.0,9.125008647935974,4.91,11.8,392.0,1,3.1,19.3,Restricted Area,2PT Field Goal,T. Nwosu
24.5,9.074597893289699,2.11,6.5,491.0,0,-38.7,242.3,Above the Break 3,3PT Field Goal,R. Delgado
5.8,48.66418432074072,8.07,7.4,525.0,1,-43.2,38.0,In The Paint (Non-RA),2PT Field Goal,M. Okafor
4.0,15.669842919535327,7.56,0.8,131.0,1,10.8,38.5,In The Paint (Non-RA),2PT Field Goal,K. Albrecht
1.3,43.72696997994329,5.03,21.2,211.0,1,-8.8,9.2,Restricted Area,2PT Field Goal,R. Delgado
2.9,29.79325256405982,2.7,6.0,264.0,0,-14.6,25.5,Restricted Area,2PT Field Goal,T. Nwosu
20.1,21.97589775496438,4.17,20.8,455.0,1,-75.3,186.6,Mid-Range,2PT Field Goal,L. Fitzgerald
28.9,33.08964339817225,3.63,6.6,431.0,0,-157.5,241.7,Above the Break 3,3PT Field Goal,L. Fitzgerald
0.4,25.974393962431318,6.81,23.9,342.0,1,1.9,3.9,Restricted Area,2PT Field Goal,J. Carter
22.5,15.12334288616257,0.3,20.1,559.0,0,58.7,217.2,Above the Break 3,3PT Field Goal,A. Kowalski
11.0,48.96537946297414,3.83,8.6,30.0,0,83.3,72.5,In The Paint (Non-RA),2PT Field Goal,T. Nwosu
6.4,36.977596352672506,4.39,15.4,243.0,0,38.4,51.0,In The Paint (Non-RA),2PT Field Goal,R. Delgado
10.5,41.873667324452086,5.14,17.2,416.0,0,70.1,78.2,In The Paint (Non-RA),2PT Field Goal,R. Delgado
9.3,34.632629175190075,5.81,15.3,508.0,1,-52.7,76.3,In The Paint (Non-RA),2PT Field Goal,R. Delgado
2.2,11.257702972066994,3.31,19.9,294.0,1,4.2,21.1,Restricted Area,2PT Field Goal,K. Albrecht
26.8,48.302447032859355,5.62,2.0,454.0,1,199.8,178.0,Above the Break 3,3PT Field Goal,K. Albrecht
10.5,13.412766888666788,1.5,19.4,430.0,0,24.3,101.9,In The Paint (Non-RA),2PT Field Goal,B. Osei
1.6,32.60728652305397,6.78,19.8,213.0,1,-8.7,13.6,Restricted Area,2PT Field Goal,B. Osei
12.9,30.454305163735988,5.07,21.6,701.0,1,65.5,111.4,In The Paint (Non-RA),2PT Field Goal,R. Delgado
26.8,19.511276046685506,3.92,5.2,632.0,0,-89.4,252.3,Above the Break 3,3PT Field Goal,T. Nwosu
19.0,17.623988616992893,6.77,19.9,660.0,1,57.5,181.0,Mid-Range,2PT Field Goal,B. Osei
1.7,45.465809082765,2.56,2.8,644.0,0,12.4,12.2,Restricted Area,2PT Field Goal,M. Okafor
11.1,4.335430085840204,0.32,15.8,189.0,1,8.4,110.8,In The Paint (Non-RA),2PT Field Goal,M. Okafor
10.1,5.373397739593899,5.35,0.7,289.0,0,-9.5,101.0,In The Paint (Non-RA),2PT Field Goal,A. Kowalski
2.7,3.786112035381586,4.41,15.3,515.0,1,-1.8,27.2,Restricted Area,2PT Field Goal,S. Whitfield
24.0,19.152524889290635,3.42,23.0,711.0,1,78.7,226.6,Above the Break 3,3PT Field Goal,K. Albrecht
24.7,56.37425913332148,2.63,16.1,293.0,0,205.7,136.8,Above the Break 3,3PT Field Goal,A. Kowalski
0.2,0.0,5.26,7.5,712.0,0,-0.0,2.0,Restricted Area,2PT Field Goal,S. Whitfield
19.7,18.91209675033054,6.21,3.3,57.0,1,64.0,186.8,Mid-Range,2PT Field Goal,R. Delgado
2.1,25.129966479484327,2.1,20.1,167.0,1,9.1,19.4,Restricted Area,2PT Field Goal,T. Nwosu
1.0,39.28940686250036,0.99,6.7,706.0,1,6.3,7.7,Restricted Area,2PT Field Goal,K. Albrecht
2.1,54.89825994415252,5.76,13.0,404.0,1,-17.5,12.3,Restricted Area,2PT Field Goal,J. Carter
2.5,7.869075551790507,1.72,20.2,642.0,0,3.4,24.6,Restricted Area,2PT Field Goal,L. Fitzgerald
20.6,52.212781068892966,7.11,6.8,434.0,0,-162.9,126.3,Mid-Range,2PT Field Goal,A. Kowalski
1.5,64.26526430918003,7.45,21.1,144.0,1,-13.9,6.7,Restricted Area,2PT Field Goal,K. Albrecht
16.3,47.08436833790171,2.88,12.7,207.0,1,-119.6,111.2,Mid-Range,2PT Field Goal,S. Whitfield
23.7,65.6662639592597,9.51,6.5,92.0,1,215.6,97.5,Above the Break 3,3PT Field Goal,S. Whitfield
16.8,13.721525670214836,3.61,7.9,618.0,0,39.8,163.0,Mid-Range,2PT Field Goal,K. Albrecht
1.5,38.428077345684116,4.01,5.5,259.0,1,9.6,12.1,Restricted Area,2PT Field Goal,D. Reyes
0.6,10.922804719869262,3.97,0.7,561.0,1,1.1,5.7,Restricted Area,2PT Field Goal,B. Osei
20.9,17.60966866825715,5.23,17.9,283.0,1,63.1,198.8,Mid-Range,2PT Field Goal,A. Kowalski
17.1,20.379134152998418,6.12,9.6,215.0,1,-59.4,159.9,Mid-Range,2PT Field Goal,L. Fitzgerald
25.6,22.29611477795845,5.01,9.3,474.0,0,97.1,236.8,Above the Break 3,3PT Field Goal,R. Delgado
2.7,30.48721913046047,2.61,11.9,209.0,1,-13.6,23.1,Restricted Area,2PT Field Goal,K. Albrecht
1.2,6.394397765227591,3.47,7.8,357.0,0,1.3,11.6,Restricted Area,2PT Field Goal,B. Osei
27.9,2.695976613106795,0.66,16.3,325.0,0,13.1,278.2,Above the Break 3,3PT Field Goal,R. Delgado
18.1,4.563822418106599,1.87,13.2,40.0,0,14.4,180.4,Mid-Range,2PT Field Goal,T. Nwosu
2.5,51.05898772397834,4.6,22.3,432.0,0,-19.8,16.0,Restricted Area,2PT Field Goal,L. Fitzgerald
27.3,1.7433377499969474,4.21,6.7,101.0,0,8.3,272.7,Above the Break 3,3PT Field Goal,R. Delgado
0.2,29.74488129694222,2.91,7.5,72.0,0,-1.2,2.1,Restricted Area,2PT Field Goal,L. Fitzgerald
20.7,65.22098600097434,4.72,9.4,557.0,1,-187.6,86.6,Mid-Range,2PT Field Goal,A. Kowalski
19.0,35.1177821982333,2.5,7.6,68.0,0,109.5,155.7,Mid-Range,2PT Field Goal,J. Carter
26.3,51.074414835546875,4.12,1.7,448.0,0,-204.3,165.0,Above the Break 3,3PT Field Goal,T. Nwosu
3.7,61.141561880197784,4.33,18.1,428.0,1,32.3,17.8,Restricted Area,2PT Field Goal,K. Albrecht
27.5,1.0416266760099742,6.47,8.1,635.0,0,5.0,275.0,Above the Break 3,3PT Field Goal,L. Fitzgerald
22.5,18.28997808488571,6.54,19.4,243.0,1,-70.6,213.6,Above the Break 3,3PT Field Goal,J. Carter
29.0,63.58516875196217,1.9,5.6,129.0,0,-259.7,129.0,Above the Break 3,3PT Field Goal,M. Okafor
25.4,66.1679729671824,3.31,1.5,126.0,0,-232.5,102.7,Above the Break 3,3PT Field Goal,L. Fitzgerald
0.7,24.8293465881496,0.3,12.8,644.0,1,3.1,6.7,Restricted Area,2PT Field Goal,T. Nwosu
23.2,26.53187470162368,8.77,11.7,0.0,1,103.5,207.3,Above the Break 3,3PT Field Goal,L. Fitzgerald
21.3,19.693620324599475,0.3,12.7,359.0,0,-71.8,200.6,Mid-Range,2PT Field Goal,R. Delgado
24.8,48.23232363204232,4.02,16.7,147.0,0,185.2,165.4,Above the Break 3,3PT Field Goal,M. Okafor
14.1,27.962674735091287,0.62,14.8,640.0,1,-66.2,124.7,Mid-Range,2PT Field Goal,D. Reyes
3.4,3.34681864174021,4.29,10.8,571.0,1,2.0,34.2,Restricted Area,2PT Field Goal,S. Whitfield
24.4,48.56180862627406,4.67,22.9,415.0,0,-182.6,161.2,Above the Break 3,3PT Field Goal,A. Kowalski
19.0,19.8875835246559,5.57,11.3,366.0,0,-64.5,178.3,Mid-Range,2PT Field Goal,D. Reyes
1.4,30.625532718694664,2.76,3.2,577.0,0,7.4,12.5,Restricted Area,2PT Field Goal,B. Osei
2.7,8.82768722107308,5.79,21.2,594.0,0,-4.1,26.4,Restricted Area,2PT Field Goal,B. Osei
1.8,31.071658060846314,2.59,16.5,622.0,1,-9.4,15.6,Restricted Area,2PT Field Goal,K. Albrecht
10.8,0.5819315815431494,2.01,10.2,489.0,1,1.1,108.3,In The Paint (Non-RA),2PT Field Goal,A. Kowalski
25.7,46.18330280671696,2.34,14.0,130.0,0,185.3,177.8,Above the Break 3,3PT Field Goal,L. Fitzgerald
9.2,11.51836901475279,2.4,5.4,233.0,0,18.3,89.8,In The Paint (Non-RA),2PT Field Goal,J. Carter
13.9,31.682912648618604,8.01,0.9,504.0,0,-73.2,118.6,In The Paint (Non-RA),2PT Field Goal,M. Okafor
26.1,53.266384546688826,6.21,3.5,298.0,0,208.9,155.9,Above the Break 3,3PT Field Goal,B. Osei
2.8,52.88749641022043,5.62,14.5,104.0,1,-22.6,17.1,Restricted Area,2PT Field Goal,B. Osei
2.0,34.244014984446686,0.3,8.3,111.0,1,11.3,16.6,Restricted Area,2PT Field Goal,A. Kowalski
22.5,7.4061544816555,3.96,0.5,679.0,0,-29.0,223.1,Above the Break 3,3PT Field Goal,D. Reyes
3.6,3.856800985589842,5.63,2.4,261.0,1,2.4,35.6,Restricted Area,2PT Field Goal,T. Nwosu
18.1,32.94281186761502,0.3,7.9,344.0,1,-98.3,151.7,Mid-Range,2PT Field Goal,A. Kowalski
27.8,32.51076665913258,6.4,0.8,706.0,0,-149.2,234.1,Above the Break 3,3PT Field Goal,K. Albrecht
17.3,46.96847450927314,1.69,11.5,704.0,1,-126.4,118.0,Mid-Range,2PT Field Goal,L. Fitzgerald
2.8,6.093904253594184,4.13,16.2,511.0,1,3.0,28.1,Restricted Area,2PT Field Goal,R. Delgado
2.8,30.270975549290096,4.74,4.3,274.0,1,14.3,24.5,Restricted Area,2PT Field Goal,R. Delgado
16.4,66.83358004979483,3.9,21.8,113.0,0,-150.5,64.4,Mid-Range,2PT Field Goal,R. Delgado
28.6,29.52367276666502,4.12,11.9,161.0,0,-140.9,248.8,Above the Break 3,3PT Field Goal,A. Kowalski
17.0,1.6163831722252224,5.24,13.1,598.0,0,-4.8,170.1,Mid-Range,2PT Field Goal,M. Okafor
20.5,63.82173936802467,6.84,19.0,241.0,0,184.3,90.6,Mid-Range,2PT Field Goal,J. Carter
17.8,0.5147152224079684,7.67,17.6,388.0,1,1.6,178.1,Mid-Range,2PT Field Goal,S. Whitfield
4.0,6.609332693012211,7.3,9.2,539.0,0,4.6,39.7,In The Paint (Non-RA),2PT Field Goal,S. Whitfield
15.8,4.914618362407769,4.49,9.9,204.0,1,13.5,157.0,Mid-Range,2PT Field Goal,K. Albrecht
1.1,45.35586983062188,0.3,16.0,300.0,1,-8.1,8.0,Restricted Area,2PT Field Goal,K. Albrecht
12.2,3.7702180406040107,1.63,3.6,488.0,0,8.0,121.4,In The Paint (Non-RA),2PT Field Goal,L. Fitzgerald
23.7,46.16424888082572,3.07,21.7,481.0,0,-170.7,163.9,Above the Break 3,3PT Field Goal,T. Nwosu
3.6,40.273696707059564,5.63,10.5,526.0,1,23.3,27.5,Restricted Area,2PT Field Goal,M. Okafor
19.5,38.1884934886726,6.89,8.0,121.0,0,120.9,153.7,Mid-Range,2PT Field Goal,K. Albrecht
28.1,36.40160568251696,3.31,11.8,253.0,1,167.0,226.5,Above the Break 3,3PT Field Goal,B. Osei
2.1,37.802792450938526,2.64,14.2,504.0,1,-12.8,16.5,Restricted Area,2PT Field Goal,S. Whitfield
27.8,9.184041275927383,4.4,21.1,192.0,0,-44.3,274.0,Above the Break 3,3PT Field Goal,M. Okafor
0.2,57.0947570770121,4.65,6.5,6.0,0,-1.7,1.1,Restricted Area,2PT Field Goal,S. Whitfield
27.3,10.95206988534707,5.77,21.9,463.0,1,51.9,268.2,Above the Break 3,3PT Field Goal,L. Fitzgerald
2.6,40.769387396855834,5.94,13.5,206.0,1,-16.9,19.6,Restricted Area,2PT Field Goal,J. Carter
20.6,43.83729379210744,3.7,21.5,401.0,0,142.4,148.3,Mid-Range,2PT Field Goal,J. Carter
28.4,5.79483092955579,0.3,15.0,70.0,0,28.7,282.8,Above the Break 3,3PT Field Goal,J. Carter
23.0,37.89026194324271,3.22,19.4,415.0,0,-141.4,181.7,Above the Break 3,3PT Field Goal,T. Nwosu
5.6,10.222168633636125,0.3,0.8,346.0,0,9.9,54.9,In The Paint (Non-RA),2PT Field Goal,K. Albrecht
1.7,12.920750335831567,3.8,10.3,349.0,0,-3.9,17.0,Restricted Area,2PT Field Goal,A. Kowalski
17.3,22.461441486553305,10.36,3.9,427.0,1,65.9,159.4,Mid-Range,2PT Field Goal,B. Osei
15.0,52.88642161390264,7.02,3.9,578.0,1,120.0,90.8,Mid-Range,2PT Field Goal,T. Nwosu
4.0,65.03497353806975,5.02,13.5,326.0,1,-36.3,16.9,In The Paint (Non-RA),2PT Field Goal,L. Fitzgerald
5.5,31.884945094884838,9.3,0.2,351.0,1,-29.3,47.1,In The Paint (Non-RA),2PT Field Goal,K. Albrecht
26.8,50.28199940574161,1.79,0.1,694.0,0,206.2,171.3,Above the Break 3,3PT Field Goal,K. Albrecht
20.0,51.18326653512162,5.13,15.1,371.0,0,-155.5,125.1,Mid-Range,2PT Field Goal,K. Albrecht
1.4,9.057888128617657,5.42,3.8,378.0,1,2.2,13.8,Restricted Area,2PT Field Goal,S. Whitfield
19.5,62.03105018515481,2.61,15.9,577.0,1,172.5,91.6,Mid-Range,2PT Field Goal,L. Fitzgerald
8.4,38.349583950720174,2.88,10.2,439.0,1,-51.9,65.6,In The Paint (Non-RA),2PT Field Goal,S. Whitfield
23.7,54.61972779969886,5.8,21.4,583.0,0,193.2,137.2,Above the Break 3,3PT Field Goal,B. Osei
13.2,31.959458418693533,4.78,16.9,98.0,1,-70.0,112.2,In The Paint (Non-RA),2PT Field Goal,J. Carter
2.1,10.056276316706443,2.89,12.5,110.0,1,3.6,20.3,Restricted Area,2PT Field Goal,R. Delgado
2.3,22.870063268237978,3.91,4.6,60.0,1,8.9,21.1,Restricted Area,2PT Field Goal,M. Okafor
0.2,57.0947570770121,5.74,21.5,312.0,0,-1.7,1.1,Restricted Area,2PT Field Goal,D. Reyes
29.0,48.144957464698024,3.73,9.7,702.0,0,216.0,193.5,Above the Break 3,3PT Field Goal,K. Albrecht
2.6,44.69196114260014,2.51,23.7,407.0,0,18.5,18.7,Restricted Area,2PT Field Goal,A. Kowalski
0.8,64.75947073521321,5.1,6.6,306.0,1,-7.0,3.3,Restricted Area,2PT Field Goal,D. Reyes
23.8,2.3387804135808477,3.91,9.1,288.0,0,-9.7,237.5,Above the Break 3,3PT Field Goal,L. Fitzgerald
3.7,57.79945735530954,4.5,16.4,159.0,0,31.6,19.9,Restricted Area,2PT Field Goal,J. Carter
19.5,20.075761329330863,1.5,4.2,161.0,1,-67.1,183.6,Mid-Range,2PT Field Goal,J. Carter
23.3,7.987619057161143,4.09,0.6,112.0,0,-32.4,230.9,Above the Break 3,3PT Field Goal,L. Fitzgerald
27.5,24.273324410025523,3.35,12.7,143.0,0,-113.1,250.8,Above the Break 3,3PT Field Goal,R. Delgado
4.0,58.49573328079582,0.88,4.8,54.0,1,-34.1,20.9,In The Paint (Non-RA),2PT Field Goal,L. Fitzgerald
5.4,54.67084799504402,7.74,19.9,70.0,1,-44.3,31.4,In The Paint (Non-RA),2PT Field Goal,D. Reyes
2.0,23.085133672808276,4.54,14.7,528.0,1,7.8,18.3,Restricted Area,2PT Field Goal,D. Reyes
14.1,31.235232498440556,4.78,5.3,109.0,1,-73.2,120.7,Mid-Range,2PT Field Goal,S. Whitfield
0.2,60.94539590092286,6.2,12.3,502.0,0,1.8,1.0,Restricted Area,2PT Field Goal,J. Carter
2.2,54.52225500992522,7.41,21.7,264.0,1,18.1,12.9,Restricted Area,2PT Field Goal,R. Delgado
2.2,30.96375653207352,6.56,13.1,283.0,0,11.4,19.0,Restricted Area,2PT Field Goal,J. Carter
2.9,0.19825450119919608,2.65,12.4,460.0,0,-0.1,28.9,Restricted Area,2PT Field Goal,B. Osei
26.6,35.79790663711645,4.73,0.4,528.0,0,155.7,215.9,Above the Break 3,3PT Field Goal,J. Carter
1.6,66.25050550713324,2.85,15.5,279.0,1,-15.0,6.6,Restricted Area,2PT Field Goal,M. Okafor
6.4,60.86699211595197,3.69,12.1,152.0,1,55.8,31.1,In The Paint (Non-RA),2PT Field Goal,R. Delgado
0.5,64.39781244855823,5.11,15.8,197.0,1,4.8,2.3,Restricted Area,2PT Field Goal,K. Albrecht
14.0,12.715336988894762,6.96,6.8,684.0,0,30.8,136.5,In The Paint (Non-RA),2PT Field Goal,D. Reyes
1.8,9.152339049401993,1.77,22.9,120.0,1,2.9,18.0,Restricted Area,2PT Field Goal,J. Carter
0.9,33.135609548718875,5.99,22.2,177.0,1,4.7,7.2,Restricted Area,2PT Field Goal,M. Okafor
25.6,67.74060043208739,5.1,6.7,316.0,1,-236.5,96.8,Above the Break 3,3PT Field Goal,R. Delgado
4.0,26.757318171876562,1.86,10.1,693.0,1,18.0,35.7,In The Paint (Non-RA),2PT Field Goal,L. Fitzgerald
15.0,16.750620695800837,10.91,13.3,139.0,1,-43.1,143.2,Mid-Range,2PT Field Goal,L. Fitzgerald
1.1,67.53678751059286,3.97,15.8,389.0,1,-10.4,4.3,Restricted Area,2PT Field Goal,L. Fitzgerald
1.2,8.673174047879765,6.99,3.6,36.0,1,-1.8,11.8,Restricted Area,2PT Field Goal,M. Okafor
1.9,57.86917467266896,4.11,19.9,267.0,0,16.4,10.3,Restricted Area,2PT Field Goal,L. Fitzgerald
25.8,12.15226421487324,5.09,23.1,528.0,0,54.2,251.7,Above the Break 3,3PT Field Goal,T. Nwosu
0.5,32.005383208083494,6.28,6.5,296.0,0,-2.5,4.0,Restricted Area,2PT Field Goal,T. Nwosu
1.5,0.3951370425074883,4.36,3.6,365.0,1,0.1,14.5,Restricted Area,2PT Field Goal,B. Osei
26.6,44.360360774225626,4.27,11.4,192.0,1,186.0,190.2,Above the Break 3,3PT Field Goal,D. Reyes
1.8,47.873438497593526,7.12,16.1,335.0,1,-13.6,12.3,Restricted Area,2PT Field Goal,T. Nwosu
1.4,62.7004277886672,6.79,23.6,623.0,1,12.4,6.4,Restricted Area,2PT Field Goal,A. Kowalski
1.7,46.67763946615347,9.93,10.7,356.0,0,-12.3,11.6,Restricted Area,2PT Field Goal,K. Albrecht
28.6,50.06361685303009,4.95,23.0,695.0,0,-219.3,183.6,Above the Break 3,3PT Field Goal,R. Delgado
3.5,64.30630034060037,0.3,3.3,307.0,1,-31.8,15.3,Restricted Area,2PT Field Goal,R. Delgado
24.2,52.765919127424006,0.94,4.5,251.0,0,192.9,146.6,Above the Break 3,3PT Field Goal,T. Nwosu
2.5,16.069884090718322,5.47,22.5,259.0,1,7.0,24.3,Restricted Area,2PT Field Goal,D. Reyes
21.7,20.32771492505024,1.94,22.9,358.0,0,75.5,203.8,Mid-Range,2PT Field Goal,J. Carter
24.5,13.429331368844903,0.94,0.1,479.0,0,-56.9,238.3,Above the Break 3,3PT Field Goal,A. Kowalski
18.4,53.73947664070538,6.9,12.6,85.0,0,-148.6,109.0,Mid-Range,2PT Field Goal,L. Fitzgerald
11.5,17.708525273616722,0.5,17.3,298.0,0,-34.9,109.3,In The Paint (Non-RA),2PT Field Goal,M. Okafor
9.4,45.38625783052906,0.48,17.9,481.0,1,-67.2,66.3,In The Paint (Non-RA),2PT Field Goal,R. Delgado
0.4,9.727578551401603,4.64,14.4,554.0,1,0.6,3.5,Restricted Area,2PT Field Goal,D. Reyes
24.5,21.65790942787438,7.01,9.2,436.0,0,90.3,227.4,Above the Break 3,3PT Field Goal,J. Carter
5.7,4.763641690726178,6.12,9.0,48.0,0,4.7,56.4,In The Paint (Non-RA),2PT Field Goal,L. Fitzgerald
16.1,16.405632393578824,1.6,4.7,458.0,0,-45.4,154.2,Mid-Range,2PT Field Goal,L. Fitzgerald
14.4,32.46508920400397,6.0,10.3,617.0,0,-77.3,121.5,Mid-Range,2PT Field Goal,B. Osei
25.4,24.595337738346768,1.91,9.7,697.0,1,105.6,230.7,Above the Break 3,3PT Field Goal,S. Whitfield
1.5,43.3476953223487,4.94,3.3,384.0,0,-10.1,10.7,Restricted Area,2PT Field Goal,S. Whitfield
2.9,58.59836537718672,0.3,23.9,713.0,1,24.9,15.2,Restricted Area,2PT Field Goal,A. Kowalski
25.5,0.1346549330802081,1.3,9.5,134.0,0,0.6,255.3,Above the Break 3,3PT Field Goal,J. Carter
4.3,4.785695492374945,5.07,2.6,439.0,0,3.6,43.0,In The Paint (Non-RA),2PT Field Goal,J. Carter
17.8,47.93625605809166,3.87,16.3,242.0,0,132.2,119.3,Mid-Range,2PT Field Goal,K. Albrecht
16.6,51.8039840478218,5.15,16.9,33.0,1,-130.4,102.6,Mid-Range,2PT Field Goal,D. Reyes
23.2,56.89225622968907,0.3,21.2,696.0,0,194.3,126.7,Above the Break 3,3PT Field Goal,D. Reyes
26.0,53.71069378899185,7.43,8.9,431.0,0,210.0,154.2,Above the Break 3,3PT Field Goal,B. Osei
23.2,16.937768627063416,6.23,22.3,575.0,1,-67.7,222.3,Above the Break 3,3PT Field Goal,R. Delgado
1.2,45.0,9.06,21.7,518.0,1,-8.5,8.5,Restricted Area,2PT Field Goal,K. Albrecht
24.9,40.43190628554468,2.94,20.7,207.0,1,161.8,189.9,Above the Break 3,3PT Field Goal,T. Nwosu
2.1,61.8471994364671,6.39,11.0,172.0,1,-18.5,9.9,Restricted Area,2PT Field Goal,B. Osei
25.1,34.24822861279117,5.64,22.7,276.0,1,141.0,207.1,Above the Break 3,3PT Field Goal,D. Reyes
2.0,30.613481021165875,3.77,20.6,651.0,0,10.0,16.9,Restricted Area,2PT Field Goal,D. Reyes
25.1,49.65896992217027,5.43,18.5,272.0,1,-191.1,162.3,Above the Break 3,3PT Field Goal,R. Delgado
15.2,67.80788009980314,4.46,4.0,715.0,1,-141.2,57.6,Mid-Range,2PT Field Goal,K. Albrecht
2.7,52.35237935989236,5.83,11.9,485.0,1,-21.0,16.2,Restricted Area,2PT Field Goal,T. Nwosu
28.2,28.321425735351763,3.83,7.2,49.0,0,133.6,247.9,Above the Break 3,3PT Field Goal,B. Osei
19.1,9.003807988423794,4.44,22.4,444.0,0,-29.9,188.7,Mid-Range,2PT Field Goal,T. Nwosu
1.8,64.01076641616699,2.5,0.2,26.0,1,16.0,7.8,Restricted Area,2PT Field Goal,L. Fitzgerald
28.4,49.94937822049813,3.29,17.6,385.0,0,-217.7,183.0,Above the Break 3,3PT Field Goal,S. Whitfield
15.4,62.67171396586403,4.74,9.3,483.0,0,137.2,70.9,Mid-Range,2PT Field Goal,T. Nwosu
7.3,63.22443251544012,4.98,21.2,172.0,0,65.2,32.9,In The Paint (Non-RA),2PT Field Goal,L. Fitzgerald
27.4,26.023483992505337,5.14,17.5,173.0,1,-120.4,246.6,Above the Break 3,3PT Field Goal,J. Carter
1.8,59.78867761416518,6.33,0.1,479.0,1,-15.8,9.2,Restricted Area,2PT Field Goal,S. Whitfield
0.9,45.430787217008636,2.54,2.3,620.0,0,6.7,6.6,Restricted Area,2PT Field Goal,M. Okafor
28.3,20.416490073387973,2.48,1.7,427.0,0,98.9,265.7,Above the Break 3,3PT Field Goal,R. Delgado
2.4,29.19145681536874,0.39,12.1,71.0,0,11.9,21.3,Restricted Area,2PT Field Goal,R. Delgado
25.0,43.29768283943894,7.25,8.4,675.0,0,-171.4,181.9,Above the Break 3,3PT Field Goal,M. Okafor
0.9,60.751173663453024,8.74,20.2,285.0,0,-7.5,4.2,Restricted Area,2PT Field Goal,A. Kowalski
28.0,30.241726323883054,5.13,19.0,155.0,1,-141.2,242.2,Above the Break 3,3PT Field Goal,M. Okafor
5.9,50.43057069663807,5.74,8.2,717.0,1,45.5,37.6,In The Paint (Non-RA),2PT Field Goal,A. Kowalski
21.6,66.08333254511258,2.48,19.3,695.0,0,-197.3,87.5,Mid-Range,2PT Field Goal,R. Delgado
15.9,42.52154231014587,4.57,19.3,691.0,0,107.2,116.9,Mid-Range,2PT Field Goal,L. Fitzgerald
12.8,41.778141074534105,7.55,18.5,9.0,0,-85.5,95.7,In The Paint (Non-RA),2PT Field Goal,D. Reyes
9.2,26.481244635900325,5.0,3.0,421.0,0,-40.9,82.1,In The Paint (Non-RA),2PT Field Goal,L. Fitzgerald
21.1,9.132090824346092,0.99,18.3,255.0,1,33.5,208.4,Mid-Range,2PT Field Goal,R. Delgado
4.0,53.33053654732725,4.96,17.0,576.0,1,32.1,23.9,In The Paint (Non-RA),2PT Field Goal,K. Albrecht
25.4,7.052306007841189,4.28,15.0,16.0,0,31.2,252.2,Above the Break 3,3PT Field Goal,B. Osei
25.9,8.120720369711735,6.31,9.3,144.0,1,36.6,256.5,Above the Break 3,3PT Field Goal,T. Nwosu
2.0,35.706691400602885,8.11,20.4,50.0,0,11.5,16.0,Restricted Area,2PT Field Goal,D. Reyes
1.7,27.603979930619122,4.41,14.0,404.0,0,8.0,15.3,Restricted Area,2PT Field Goal,D. Reyes
9.1,47.41573321572731,5.46,7.4,437.0,1,66.7,61.3,In The Paint (Non-RA),2PT Field Goal,D. Reyes
26.0,25.59887424421114,6.58,17.8,24.0,1,-112.3,234.4,Above the Break 3,3PT Field Goal,T. Nwosu
10.1,61.63792435959893,2.29,2.4,346.0,0,89.1,48.1,In The Paint (Non-RA),2PT Field Goal,B. Osei
3.0,63.78062052339268,3.79,12.2,6.0,0,26.6,13.1,Restricted Area,2PT Field Goal,B. Osei
23.1,30.28321506133644,0.45,7.8,222.0,1,116.5,199.5,Above the Break 3,3PT Field Goal,B. Osei
1.9,60.59281093926635,4.89,13.3,586.0,1,-16.5,9.3,Restricted Area,2PT Field Goal,K. Albrecht
24.4,15.545476887044982,5.98,20.3,458.0,0,-65.4,235.1,Above the Break 3,3PT Field Goal,K. Albrecht
25.2,39.8841181893826,5.13,4.3,162.0,0,161.7,193.5,Above the Break 3,3PT Field Goal,S. Whitfield
2.1,38.065651098730434,5.36,22.2,69.0,0,-13.0,16.6,Restricted Area,2PT Field Goal,S. Whitfield
16.8,2.1437608652234093,2.56,19.8,573.0,1,-6.3,168.3,Mid-Range,2PT Field Goal,D. Reyes
16.3,23.677579440692764,2.38,1.0,609.0,1,-65.6,149.6,Mid-Range,2PT Field Goal,J. Carter
26.2,45.913804909632546,7.29,2.5,21.0,0,-187.9,182.0,Above the Break 3,3PT Field Goal,J. Carter
1.9,9.218926138107449,5.85,2.6,223.0,1,3.1,19.1,Restricted Area,2PT Field Goal,M. Okafor
8.9,18.597144510006267,3.48,18.7,338.0,1,-28.5,84.7,In The Paint (Non-RA),2PT Field Goal,M. Okafor
25.3,43.54106100691493,5.71,16.9,677.0,0,174.1,183.2,Above the Break 3,3PT Field Goal,A. Kowalski
1.1,56.02345596374314,2.55,21.7,363.0,1,-9.2,6.2,Restricted Area,2PT Field Goal,M. Okafor
24.0,54.02886095288247,2.03,17.2,214.0,0,194.0,140.8,Above the Break 3,3PT Field Goal,J. Carter
0.9,16.762554461832742,5.12,21.2,681.0,0,-2.5,8.3,Restricted Area,2PT Field Goal,K. Albrecht
1.1,31.30995038253449,4.11,11.2,679.0,1,5.9,9.7,Restricted Area,2PT Field Goal,D. Reyes
23.4,38.41144531029743,5.01,11.1,582.0,0,-145.5,183.5,Above the Break 3,3PT Field Goal,L. Fitzgerald
6.4,56.70867874278969,9.81,13.3,239.0,1,-53.3,35.0,In The Paint (Non-RA),2PT Field Goal,J. Carter
3.4,61.32222859395778,5.29,5.7,504.0,1,-29.8,16.3,Restricted Area,2PT Field Goal,B. Osei
1.2,32.005383208083494,4.72,4.5,439.0,0,-6.5,10.4,Restricted Area,2PT Field Goal,B. Osei
20.1,38.445819409607246,9.09,12.3,190.0,0,-124.8,157.2,Mid-Range,2PT Field Goal,R. Delgado
18.0,17.983019531434223,2.49,23.9,62.0,0,55.7,171.6,Mid-Range,2PT Field Goal,T. Nwosu
1.5,15.892830980337362,3.99,8.5,218.0,0,4.1,14.4,Restricted Area,2PT Field Goal,D. Reyes
11.3,54.7678341335595,3.21,18.6,281.0,1,92.6,65.4,In The Paint (Non-RA),2PT Field Goal,B. Osei
1.4,16.054219662775747,4.13,14.0,611.0,1,4.0,13.9,Restricted Area,2PT Field Goal,B. Osei
25.5,7.9967384440681535,9.62,22.8,11.0,0,35.5,252.7,Above the Break 3,3PT Field Goal,S. Whitfield
2.9,32.13289585998094,0.3,14.4,64.0,0,-15.2,24.2,Restricted Area,2PT Field Goal,L. Fitzgerald
15.1,63.45189021199456,7.27,3.3,266.0,1,-135.3,67.6,Mid-Range,2PT Field Goal,A. Kowalski
23.4,16.069981026738397,1.25,20.9,73.0,0,64.7,224.6,Above the Break 3,3PT Field Goal,A. Kowalski
4.0,45.20245774221819,0.63,7.0,302.0,1,-28.4,28.2,In The Paint (Non-RA),2PT Field Goal,A. Kowalski
23.4,67.5798892955338,3.96,16.2,603.0,1,216.2,89.2,Above the Break 3,3PT Field Goal,M. Okafor
11.4,24.560629661059366,4.1,2.3,141.0,1,47.3,103.5,In The Paint (Non-RA),2PT Field Goal,J. Carter
20.7,63.45967725449541,3.61,9.4,327.0,0,-185.4,92.6,Mid-Range,2PT Field Goal,S. Whitfield
0.9,8.69550287742477,1.73,16.0,104.0,0,-1.3,8.5,Restricted Area,2PT Field Goal,L. Fitzgerald
18.4,55.247741713784166,5.87,10.7,284.0,0,-151.2,104.9,Mid-Range,2PT Field Goal,J. Carter
25.3,67.9632736370702,1.33,9.3,152.0,0,-234.7,95.0,Above the Break 3,3PT Field Goal,D. Reyes
18.6,14.231024394772646,5.77,12.1,547.0,1,-45.6,179.8,Mid-Range,2PT Field Goal,M. Okafor
25.8,58.03930010637078,10.89,8.7,405.0,0,219.1,136.7,Above the Break 3,3PT Field Goal,K. Albrecht
13.1,50.205634810097905,1.29,23.0,114.0,0,-100.6,83.8,In The Paint (Non-RA),2PT Field Goal,B. Osei
2.7,66.40743685809551,4.95,16.9,422.0,0,24.5,10.7,Restricted Area,2PT Field Goal,B. Osei
24.0,7.201975039374001,4.62,21.7,627.0,1,-30.1,238.2,Above the Break 3,3PT Field Goal,S. Whitfield
17.0,26.77575180678244,0.76,20.1,370.0,0,-76.7,152.0,Mid-Range,2PT Field Goal,M. Okafor
20.6,58.57834488897883,4.37,23.2,374.0,1,175.8,107.4,Mid-Range,2PT Field Goal,M. Okafor
18.9,25.31880374290896,6.62,22.4,559.0,0,-80.9,171.0,Mid-Range,2PT Field Goal,M. Okafor
2.1,47.45672807339154,6.54,18.1,35.0,1,-15.8,14.5,Restricted Area,2PT Field Goal,D. Reyes
1.6,56.504815326258814,5.95,3.1,250.0,1,13.6,9.0,Restricted Area,2PT Field Goal,M. Okafor
2.6,57.4617559205538,3.01,20.0,118.0,1,22.1,14.1,Restricted Area,2PT Field Goal,S. Whitfield
14.6,38.095456942950726,4.08,17.1,340.0,1,90.0,114.8,Mid-Range,2PT Field Goal,R. Delgado
22.5,36.3606152408665,2.3,20.8,558.0,0,133.4,181.2,Above the Break 3,3PT Field Goal,A. Kowalski
21.1,4.926176069167974,7.09,22.3,268.0,0,-18.1,210.0,Mid-Range,2PT Field Goal,K. Albrecht
26.0,47.6951993620213,2.64,0.3,630.0,0,192.4,175.1,Above the Break 3,3PT Field Goal,A. Kowalski
0.4,13.091893064346847,1.85,14.9,51.0,1,-1.0,4.3,Restricted Area,2PT Field Goal,T. Nwosu
3.0,2.6541955134066213,3.0,2.8,101.0,0,-1.4,30.2,Restricted Area,2PT Field Goal,D. Reyes
8.9,46.36826960120266,8.32,2.2,448.0,0,-64.3,61.3,In The Paint (Non-RA),2PT Field Goal,A. Kowalski
2.3,4.301758274059086,0.63,12.3,279.0,1,1.7,22.6,Restricted Area,2PT Field Goal,D. Reyes
0.8,29.197486046064476,6.44,0.8,495.0,0,3.8,6.8,Restricted Area,2PT Field Goal,B. Osei
4.0,32.52665769415464,6.15,4.7,338.0,1,-21.3,33.4,Restricted Area,2PT Field Goal,J. Carter
3.0,49.398705354995535,3.1,12.9,713.0,1,-23.1,19.8,Restricted Area,2PT Field Goal,T. Nwosu
18.5,57.742242986627225,4.86,18.1,375.0,0,-156.7,98.9,Mid-Range,2PT Field Goal,K. Albrecht
16.2,3.7198771723242374,0.9,4.5,7.0,1,-10.5,161.5,Mid-Range,2PT Field Goal,K. Albrecht
27.0,53.32130001879076,5.27,14.7,488.0,0,-216.3,161.1,Above the Break 3,3PT Field Goal,J. Carter
24.8,10.633867301043638,5.46,14.8,614.0,0,-45.7,243.4,Above the Break 3,3PT Field Goal,M. Okafor
3.4,14.888313346123995,2.6,0.5,288.0,0,8.8,33.1,Restricted Area,2PT Field Goal,D. Reyes
24.8,59.90303576069897,4.8,9.1,223.0,1,-214.8,124.5,Above the Break 3,3PT Field Goal,K. Albrecht
22.5,39.534910060653864,4.45,1.9,632.0,0,143.2,173.5,Above the Break 3,3PT Field Goal,M. Okafor
14.3,55.089877658062015,5.72,4.4,672.0,1,-117.5,82.0,Mid-Range,2PT Field Goal,A. Kowalski
27.1,51.811927773881145,6.02,3.8,484.0,1,-213.2,167.7,Above the Break 3,3PT Field Goal,A. Kowalski
5.3,20.960063411718984,6.9,2.2,490.0,1,19.0,49.6,In The Paint (Non-RA),2PT Field Goal,B. Osei
0.2,58.57043438516149,4.14,5.7,573.0,1,1.8,1.1,Restricted Area,2PT Field Goal,B. Osei
1.7,52.305759533310834,5.77,6.9,560.0,1,-13.2,10.2,Restricted Area,2PT Field Goal,L. Fitzgerald
1.4,27.130451700346782,6.48,16.3,714.0,0,6.2,12.1,Restricted Area,2PT Field Goal,M. Okafor
14.3,4.000185760513104,8.29,10.8,463.0,1,-10.0,143.0,Mid-Range,2PT Field Goal,K. Albrecht
15.0,40.39804542906285,4.66,14.1,160.0,1,-97.1,114.1,Mid-Range,2PT Field Goal,D. Reyes
16.1,9.321488949221532,3.32,18.4,614.0,1,26.0,158.4,Mid-Range,2PT Field Goal,M. Okafor
2.8,9.564392966162869,2.88,3.0,606.0,0,-4.6,27.3,Restricted Area,2PT Field Goal,K. Albrecht
3.7,16.009869744129176,4.17,5.0,664.0,1,-10.1,35.2,Restricted Area,2PT Field Goal,M. Okafor
18.2,49.94085598589456,0.38,3.5,278.0,0,139.5,117.3,Mid-Range,2PT Field Goal,J. Carter
15.8,8.037822187774383,1.91,1.3,240.0,1,22.1,156.5,Mid-Range,2PT Field Goal,L. Fitzgerald
13.6,41.96533075447276,5.99,11.9,557.0,0,91.1,101.3,In The Paint (Non-RA),2PT Field Goal,M. Okafor
0.2,63.43494882292201,9.13,22.8,107.0,1,-1.8,0.9,Restricted Area,2PT Field Goal,K. Albrecht
2.0,60.39554925399509,7.62,18.8,668.0,0,17.6,10.0,Restricted Area,2PT Field Goal,D. Reyes
23.5,37.17667986700565,2.98,22.0,634.0,0,-142.2,187.5,Above the Break 3,3PT Field Goal,A. Kowalski
26.8,1.7538410836012663,7.27,1.8,165.0,0,8.2,267.8,Above the Break 3,3PT Field Goal,R. Delgado
1.8,58.98294508375304,5.24,18.7,234.0,0,-15.8,9.5,Restricted Area,2PT Field Goal,T. Nwosu
24.4,39.370246832933624,3.22,1.5,24.0,0,-155.0,188.9,Above the Break 3,3PT Field Goal,D. Reyes
3.2,2.8446556047733953,7.53,19.1,614.0,1,-1.6,32.2,Restricted Area,2PT Field Goal,M. Okafor
2.0,33.93422419942285,6.56,3.2,247.0,0,10.9,16.2,Restricted Area,2PT Field Goal,L. Fitzgerald
4.2,37.0632770738473,6.54,6.2,40.0,1,25.0,33.1,In The Paint (Non-RA),2PT Field Goal,D. Reyes
25.2,3.9982855815528495,5.79,16.0,44.0,0,-17.6,251.8,Above the Break 3,3PT Field Goal,D. Reyes
20.3,34.32396573422058,6.73,5.8,327.0,0,-114.5,167.7,Mid-Range,2PT Field Goal,K. Albrecht
18.2,14.501742355847083,3.76,7.1,664.0,0,45.6,176.3,Mid-Range,2PT Field Goal,J. Carter
25.2,17.628425010272306,3.75,0.9,602.0,0,-76.2,239.8,Above the Break 3,3PT Field Goal,T. Nwosu
0.4,45.0,3.07,21.0,128.0,1,-3.1,3.1,Restricted Area,2PT Field Goal,M. Okafor
1.8,35.499758684662694,6.55,2.7,708.0,1,10.2,14.3,Restricted Area,2PT Field Goal,B. Osei
5.6,39.0938588862295,5.57,14.9,684.0,0,35.1,43.2,In The Paint (Non-RA),2PT Field Goal,S. Whitfield
17.4,44.860481332140616,6.74,14.6,535.0,0,-122.9,123.5,Mid-Range,2PT Field Goal,A. Kowalski
0.7,63.083445383048655,3.7,16.1,340.0,1,-6.5,3.3,Restricted Area,2PT Field Goal,M. Okafor
1.0,32.93223104134667,3.82,3.0,698.0,1,5.7,8.8,Restricted Area,2PT Field Goal,L. Fitzgerald
22.5,41.504537873293934,4.43,16.4,403.0,0,149.1,168.5,Above the Break 3,3PT Field Goal,J. Carter
29.0,58.22291900045255,4.5,15.4,707.0,0,-246.5,152.7,Above the Break 3,3PT Field Goal,B. Osei
22.7,14.318033760583567,3.93,11.5,154.0,0,-56.1,219.8,Above the Break 3,3PT Field Goal,S. Whitfield
2.1,26.315397944353077,7.79,7.8,663.0,1,9.1,18.4,Restricted Area,2PT Field Goal,S. Whitfield
11.1,22.69553181242277,4.91,23.7,694.0,0,-42.7,102.1,In The Paint (Non-RA),2PT Field Goal,A. Kowalski
25.7,39.28313165530645,0.3,6.5,285.0,0,162.7,198.9,Above the Break 3,3PT Field Goal,T. Nwosu
24.0,62.5289515498586,3.04,8.0,342.0,0,-213.3,110.9,Above the Break 3,3PT Field Goal,A. Kowalski
1.4,8.187802011904505,5.05,2.5,475.0,0,2.0,13.9,Restricted Area,2PT Field Goal,K. Albrecht
25.1,38.798996680981794,4.84,4.3,521.0,0,-157.1,195.4,Above the Break 3,3PT Field Goal,J. Carter
17.4,29.108876565807325,4.61,8.2,450.0,0,84.8,152.3,Mid-Range,2PT Field Goal,J. Carter
2.3,65.83908487667571,3.98,6.5,83.0,1,-21.4,9.6,Restricted Area,2PT Field Goal,L. Fitzgerald
12.6,27.904347204743083,8.02,8.8,145.0,0,59.1,111.6,In The Paint (Non-RA),2PT Field Goal,B. Osei
0.2,5.710593137499643,2.61,2.9,176.0,1,-0.2,2.0,Restricted Area,2PT Field Goal,B. Osei
13.4,26.736823485772398,6.25,15.3,308.0,0,60.4,119.9,In The Paint (Non-RA),2PT Field Goal,K. Albrecht
15.9,52.37436014920394,6.67,17.2,170.0,0,-126.1,97.2,Mid-Range,2PT Field Goal,A. Kowalski
28.0,45.41990089928265,6.76,0.7,91.0,1,199.3,196.4,Above the Break 3,3PT Field Goal,D. Reyes
4.0,21.109529385157654,9.61,12.1,676.0,0,14.4,37.3,In The Paint (Non-RA),2PT Field Goal,S. Whitfield
18.3,63.1409833178928,2.45,20.9,274.0,1,-163.3,82.7,Mid-Range,2PT Field Goal,S. Whitfield
15.9,50.29620572028969,3.01,1.5,12.0,0,122.0,101.3,Mid-Range,2PT Field Goal,K. Albrecht
16.6,45.244226055004994,5.4,5.0,678.0,0,-117.8,116.8,Mid-Range,2PT Field Goal,L. Fitzgerald
18.1,15.888809644636336,5.75,13.2,610.0,1,-49.5,173.9,Mid-Range,2PT Field Goal,T. Nwosu
10.0,20.21917363387474,5.85,3.2,596.0,1,-34.4,93.4,In The Paint (Non-RA),2PT Field Goal,M. Okafor
19.1,37.03207207875846,2.96,6.2,48.0,0,114.9,152.3,Mid-Range,2PT Field Goal,R. Delgado
6.8,35.00589998983586,3.64,8.4,680.0,1,38.8,55.4,In The Paint (Non-RA),2PT Field Goal,B. Osei
22.5,56.493572164139984,8.18,16.1,340.0,0,-187.6,124.2,Above the Break 3,3PT Field Goal,J. Carter
3.5,47.96486130916022,6.1,16.0,380.0,1,26.4,23.8,Restricted Area,2PT Field Goal,M. Okafor
25.2,46.30012932502598,6.1,4.9,165.0,1,-182.5,174.4,Above the Break 3,3PT Field Goal,R. Delgado
26.4,29.440549145157355,6.5,18.7,429.0,0,129.7,229.8,Above the Break 3,3PT Field Goal,B. Osei
2.9,51.06055079085685,8.73,12.6,181.0,1,-22.4,18.1,Restricted Area,2PT Field Goal,T. Nwosu
25.7,12.301684398565719,4.21,9.2,465.0,0,-54.8,251.3,Above the Break 3,3PT Field Goal,A. Kowalski
0.4,52.85331330197822,5.28,21.4,286.0,1,-3.3,2.5,Restricted Area,2PT Field Goal,A. Kowalski
4.3,22.936808389881,0.86,3.7,701.0,0,16.8,39.7,In The Paint (Non-RA),2PT Field Goal,B. Osei
11.3,13.509485053430483,3.75,3.5,328.0,0,-26.5,110.3,In The Paint (Non-RA),2PT Field Goal,A. Kowalski
26.2,8.488621270950082,5.27,17.0,140.0,0,38.7,259.3,Above the Break 3,3PT Field Goal,S. Whitfield
10.4,67.84119855597824,6.02,3.8,223.0,1,96.5,39.3,In The Paint (Non-RA),2PT Field Goal,D. Reyes
16.6,44.122346070795196,2.86,4.1,694.0,0,115.7,119.3,Mid-Range,2PT Field Goal,D. Reyes
0.2,40.91438322002513,1.38,10.4,224.0,1,-1.3,1.5,Restricted Area,2PT Field Goal,M. Okafor
0.9,9.16234704572171,2.58,2.5,261.0,0,-1.5,9.3,Restricted Area,2PT Field Goal,M. Okafor
19.8,9.343224143271604,0.3,14.7,543.0,0,32.1,195.1,Mid-Range,2PT Field Goal,J. Carter
24.2,22.18913262030108,2.04,14.9,559.0,0,-91.2,223.6,Above the Break 3,3PT Field Goal,L. Fitzgerald
1.7,59.83993916191291,4.18,2.5,439.0,1,-14.8,8.6,Restricted Area,2PT Field Goal,M. Okafor
22.5,20.621485288173414,5.59,2.1,554.0,1,-79.4,211.0,Above the Break 3,3PT Field Goal,T. Nwosu
5.2,30.24045953440827,7.9,5.9,356.0,1,-26.0,44.6,In The Paint (Non-RA),2PT Field Goal,L. Fitzgerald
16.9,41.006856452353304,4.88,2.2,680.0,1,-110.6,127.2,Mid-Range,2PT Field Goal,T. Nwosu
4.0,46.115352144569385,2.71,23.8,651.0,1,-28.8,27.7,In The Paint (Non-RA),2PT Field Goal,R. Delgado
21.3,53.409565529058895,4.97,16.4,301.0,0,-171.2,127.1,Mid-Range,2PT Field Goal,M. Okafor
11.5,46.66079419892762,3.62,15.9,23.0,0,83.4,78.7,In The Paint (Non-RA),2PT Field Goal,J. Carter
23.1,6.1515485955944635,6.92,20.8,624.0,0,-24.8,230.1,Above the Break 3,3PT Field Goal,M. Okafor
3.6,31.127614368039897,6.96,17.2,712.0,1,18.6,30.8,Restricted Area,2PT Field Goal,B. Osei
1.4,37.80076636163236,0.63,15.0,701.0,1,8.3,10.7,Restricted Area,2PT Field Goal,S. Whitfield
15.2,48.09405805891711,3.84,3.8,709.0,0,113.1,101.5,Mid-Range,2PT Field Goal,A. Kowalski
3.5,11.92252579363416,9.28,16.3,298.0,1,7.2,34.1,Restricted Area,2PT Field Goal,R. Delgado
24.8,46.89825099480967,7.29,18.2,469.0,1,180.8,169.2,Above the Break 3,3PT Field Goal,L. Fitzgerald
18.6,49.44208343381206,4.0,3.9,335.0,0,-141.5,121.1,Mid-Range,2PT Field Goal,M. Okafor
26.8,42.37276438503854,0.3,2.1,257.0,0,-180.9,198.3,Above the Break 3,3PT Field Goal,B. Osei
3.5,19.88516511385544,6.06,3.8,70.0,0,11.9,32.9,Restricted Area,2PT Field Goal,D. Reyes
25.6,16.866174540169755,5.36,16.3,470.0,1,-74.4,245.4,Above the Break 3,3PT Field Goal,B. Osei
2.0,41.98721249581666,4.1,10.8,527.0,1,-13.5,15.0,Restricted Area,2PT Field Goal,B. Osei
3.5,17.50086126895285,6.34,13.1,691.0,0,-10.5,33.3,Restricted Area,2PT Field Goal,B. Osei
13.5,14.190623675013233,5.1,18.4,245.0,0,-33.1,130.9,In The Paint (Non-RA),2PT Field Goal,M. Okafor
5.9,52.973717128002995,5.79,22.2,520.0,1,46.8,35.3,In The Paint (Non-RA),2PT Field Goal,S. Whitfield
16.8,9.367202348955498,3.87,16.8,79.0,0,-27.4,166.1,Mid-Range,2PT Field Goal,M. Okafor
10.0,53.47284470361884,4.04,11.2,60.0,1,80.6,59.7,In The Paint (Non-RA),2PT Field Goal,T. Nwosu
2.4,40.11049519329696,5.33,13.5,199.0,1,-15.5,18.4,Restricted Area,2PT Field Goal,A. Kowalski
17.6,50.406572903805696,3.67,5.5,316.0,1,135.9,112.4,Mid-Range,2PT Field Goal,K. Albrecht
1.2,43.983021969280834,1.66,13.8,468.0,1,8.3,8.6,Restricted Area,2PT Field Goal,M. Okafor
0.6,44.27477570094075,1.51,17.8,293.0,0,-3.9,4.0,Restricted Area,2PT Field Goal,M. Okafor
28.4,36.31678102623386,5.05,19.7,708.0,0,168.1,228.7,Above the Break 3,3PT Field Goal,K. Albrecht
14.9,40.11017620822571,2.46,14.8,491.0,1,96.2,114.2,Mid-Range,2PT Field Goal,L. Fitzgerald
25.7,39.405587107826875,2.36,23.0,605.0,0,163.0,198.4,Above the Break 3,3PT Field Goal,S. Whitfield
25.8,54.25618609612106,2.8,14.0,118.0,0,209.8,151.0,Above the Break 3,3PT Field Goal,L. Fitzgerald
25.9,6.149337019542102,5.96,21.1,517.0,1,-27.7,257.1,Above the Break 3,3PT Field Goal,T. Nwosu
1.8,1.2386346708968874,0.3,2.7,694.0,0,-0.4,18.5,Restricted Area,2PT Field Goal,T. Nwosu
22.5,33.65475643744344,0.3,16.7,517.0,1,-124.7,187.3,Above the Break 3,3PT Field Goal,S. Whitfield
16.7,0.20585221431496864,4.79,12.6,618.0,0,-0.6,167.0,Mid-Range,2PT Field Goal,A. Kowalski
15.5,57.724355685422374,3.84,5.4,103.0,0,131.1,82.8,Mid-Range,2PT Field Goal,R. Delgado
3.2,17.534499905920686,7.78,5.2,376.0,1,9.7,30.7,Restricted Area,2PT Field Goal,S. Whitfield
8.2,41.68006924575094,3.61,18.5,399.0,1,54.4,61.1,In The Paint (Non-RA),2PT Field Goal,T. Nwosu
19.4,50.05835263221496,0.91,11.4,649.0,0,148.8,124.6,Mid-Range,2PT Field Goal,D. Reyes
0.3,15.255118703057777,4.95,3.5,444.0,1,0.9,3.3,Restricted Area,2PT Field Goal,M. Okafor
26.5,7.122338099966568,5.03,22.9,550.0,0,32.9,263.3,Above the Break 3,3PT Field Goal,J. Carter
0.2,40.91438322002513,5.1,7.4,50.0,1,-1.3,1.5,Restricted Area,2PT Field Goal,L. Fitzgerald
20.2,11.187577083498272,5.12,9.7,478.0,1,39.2,198.2,Mid-Range,2PT Field Goal,K. Albrecht
23.5,16.260204708311957,9.32,6.0,34.0,1,65.8,225.6,Above the Break 3,3PT Field Goal,T. Nwosu
20.3,61.33769508385252,3.47,11.6,213.0,0,-178.0,97.3,Mid-Range,2PT Field Goal,R. Delgado
2.7,67.36366601547347,5.2,6.9,389.0,1,-24.7,10.3,Restricted Area,2PT Field Goal,J. Carter
21.3,64.71011678508535,4.18,21.7,587.0,1,192.6,91.0,Mid-Range,2PT Field Goal,J. Carter
0.2,59.53445508054013,0.3,22.4,446.0,0,-1.7,1.0,Restricted Area,2PT Field Goal,L. Fitzgerald
24.8,42.01123660154533,1.47,19.0,12.0,0,166.1,184.4,Above the Break 3,3PT Field Goal,M. Okafor
29.0,16.941484236636068,2.15,11.3,701.0,0,84.5,277.4,Above the Break 3,3PT Field Goal,J. Carter
10.2,45.51904164339037,3.51,13.2,644.0,0,72.4,71.1,In The Paint (Non-RA),2PT Field Goal,S. Whitfield
23.3,6.068288986804599,1.43,16.4,151.0,0,24.6,231.4,Above the Break 3,3PT Field Goal,S. Whitfield
4.0,7.4622552706110525,7.51,17.2,197.0,0,5.2,39.7,In The Paint (Non-RA),2PT Field Goal,D. Reyes
25.7,37.92189612384067,4.01,10.8,683.0,0,-158.0,202.8,Above the Break 3,3PT Field Goal,L. Fitzgerald
26.0,12.743755435894698,1.97,13.1,685.0,0,57.4,253.8,Above the Break 3,3PT Field Goal,T. Nwosu
25.7,53.38833008835033,2.52,13.8,631.0,1,206.6,153.5,Above the Break 3,3PT Field Goal,T. Nwosu
25.5,36.93727799053213,4.33,14.9,305.0,1,-153.3,203.9,Above the Break 3,3PT Field Goal,M. Okafor
5.2,57.87718350787728,2.75,4.3,244.0,1,43.8,27.5,In The Paint (Non-RA),2PT Field Goal,K. Albrecht
24.5,33.83277153852662,1.72,21.5,396.0,0,-136.4,203.5,Above the Break 3,3PT Field Goal,J. Carter
17.1,19.369267145853534,1.34,9.1,295.0,0,56.6,161.0,Mid-Range,2PT Field Goal,S. Whitfield
1.5,56.4184470781991,4.13,14.5,671.0,1,12.2,8.1,Restricted Area,2PT Field Goal,T. Nwosu
19.1,43.87669728592457,8.22,17.4,708.0,1,132.5,137.8,Mid-Range,2PT Field Goal,S. Whitfield
29.0,25.796322967502427,0.3,10.4,623.0,0,-126.2,261.1,Above the Break 3,3PT Field Goal,A. Kowalski
21.6,8.448304979960394,3.28,6.4,257.0,1,31.8,214.1,Mid-Range,2PT Field Goal,A. Kowalski
22.5,39.916407122846465,4.25,13.5,680.0,1,144.4,172.6,Above the Break 3,3PT Field Goal,T. Nwosu
2.9,65.29397372757686,2.26,1.9,623.0,0,26.3,12.1,Restricted Area,2PT Field Goal,M. Okafor
23.7,32.480482996055386,9.29,7.2,664.0,1,127.0,199.5,Above the Break 3,3PT Field Goal,B. Osei
28.2,57.51164721262856,4.54,11.7,583.0,0,237.6,151.3,Above the Break 3,3PT Field Goal,S. Whitfield
13.0,2.295902629332201,0.3,21.1,552.0,0,5.2,129.7,In The Paint (Non-RA),2PT Field Goal,T. Nwosu
26.5,16.067232082620258,4.74,9.8,323.0,0,73.3,254.5,Above the Break 3,3PT Field Goal,A. Kowalski
4.0,33.57078432667006,1.39,18.9,181.0,1,-22.1,33.3,In The Paint (Non-RA),2PT Field Goal,K. Albrecht
0.2,13.392497753751098,5.97,7.2,591.0,1,-0.5,2.1,Restricted Area,2PT Field Goal,S. Whitfield
0.7,19.707978842978722,4.16,14.4,197.0,0,-2.4,6.7,Restricted Area,2PT Field Goal,J. Carter
18.0,63.17865728398756,6.87,20.2,654.0,1,160.6,81.2,Mid-Range,2PT Field Goal,D. Reyes
24.1,62.99936905211828,1.91,21.2,356.0,1,214.9,109.5,Above the Break 3,3PT Field Goal,B. Osei
23.9,59.505263500076246,5.01,21.2,402.0,0,205.8,121.2,Above the Break 3,3PT Field Goal,M. Okafor
4.0,11.534620653644716,7.9,20.5,667.0,1,-8.0,39.2,In The Paint (Non-RA),2PT Field Goal,R. Delgado
25.1,62.25850442144087,3.54,5.2,606.0,1,221.7,116.6,Above the Break 3,3PT Field Goal,R. Delgado
18.2,19.53281718204631,1.76,13.5,430.0,0,60.7,171.1,Mid-Range,2PT Field Goal,D. Reyes
1.7,40.33812690476117,3.3,3.3,155.0,0,-10.7,12.6,Restricted Area,2PT Field Goal,L. Fitzgerald
29.0,2.8860868750975333,4.63,21.5,559.0,0,-14.6,289.6,Above the Break 3,3PT Field Goal,J. Carter
19.2,53.45165084840176,3.26,11.5,270.0,0,-154.6,114.6,Mid-Range,2PT Field Goal,L. Fitzgerald
1.8,4.351077951573885,5.16,4.0,578.0,1,1.4,18.4,Restricted Area,2PT Field Goal,T. Nwosu
2.3,61.4096159392094,6.76,20.4,39.0,1,20.0,10.9,Restricted Area,2PT Field Goal,T. Nwosu
14.2,11.42038963725966,2.19,11.0,185.0,0,-28.2,139.6,Mid-Range,2PT Field Goal,M. Okafor
26.4,16.580697108074226,0.53,19.0,448.0,1,-75.3,252.9,Above the Break 3,3PT Field Goal,J. Carter
3.3,57.7552720614927,2.03,4.1,607.0,1,-27.9,17.6,Restricted Area,2PT Field Goal,S. Whitfield
20.8,1.653098996116197,0.39,15.4,563.0,0,-6.0,207.9,Mid-Range,2PT Field Goal,J. Carter
3.6,24.443954780416536,2.31,12.0,40.0,0,15.0,33.0,Restricted Area,2PT Field Goal,S. Whitfield
23.6,57.85591123962019,3.49,14.9,85.0,0,200.2,125.8,Above the Break 3,3PT Field Goal,T. Nwosu
2.1,21.403182852793726,0.3,12.5,247.0,0,-7.8,19.9,Restricted Area,2PT Field Goal,S. Whitfield
25.9,33.94746473966962,4.15,10.9,214.0,0,-144.8,215.1,Above the Break 3,3PT Field Goal,S. Whitfield
17.3,59.393592968490516,3.9,6.5,41.0,0,149.1,88.2,Mid-Range,2PT Field Goal,M. Okafor
24.4,54.0659787361868,0.33,5.7,160.0,0,-197.3,143.0,Above the Break 3,3PT Field Goal,S. Whitfield
20.0,18.41686303453498,3.0,19.8,554.0,0,-63.3,190.1,Mid-Range,2PT Field Goal,T. Nwosu
6.9,1.5682247104786566,0.3,17.4,286.0,1,-1.9,69.4,In The Paint (Non-RA),2PT Field Goal,D. Reyes
10.4,60.80110126643858,5.32,5.6,509.0,1,90.9,50.8,In The Paint (Non-RA),2PT Field Goal,A. Kowalski
1.6,13.86102756302115,3.26,10.3,410.0,1,3.8,15.4,Restricted Area,2PT Field Goal,T. Nwosu
2.0,51.01985126864894,4.99,14.8,118.0,0,15.2,12.3,Restricted Area,2PT Field Goal,R. Delgado
2.4,54.63116979246001,7.11,5.1,205.0,1,19.3,13.7,Restricted Area,2PT Field Goal,L. Fitzgerald
3.6,34.39412768713759,5.41,16.8,354.0,1,20.4,29.8,Restricted Area,2PT Field Goal,B. Osei
15.1,39.693551264850086,3.86,16.7,388.0,0,96.2,115.9,Mid-Range,2PT Field Goal,M. Okafor
17.9,40.25136407846208,4.56,16.6,520.0,0,-115.9,136.9,Mid-Range,2PT Field Goal,D. Reyes
18.6,42.859506511201495,2.78,6.3,19.0,0,126.2,136.0,Mid-Range,2PT Field Goal,A. Kowalski
20.2,40.841449657641554,3.77,16.4,622.0,0,132.0,152.7,Mid-Range,2PT Field Goal,J. Carter
28.2,24.33800420966442,7.86,3.6,147.0,1,-116.2,256.9,Above the Break 3,3PT Field Goal,M. Okafor
26.0,40.02823656818092,2.51,2.5,338.0,0,-167.4,199.3,Above the Break 3,3PT Field Goal,S. Whitfield
2.2,31.780915092983413,3.59,13.7,309.0,0,-11.4,18.4,Restricted Area,2PT Field Goal,S. Whitfield
18.8,47.18020371529038,4.37,5.9,682.0,0,137.7,127.6,Mid-Range,2PT Field Goal,D. Reyes
27.8,27.146386374872378,4.65,7.9,681.0,0,126.7,247.1,Above the Break 3,3PT Field Goal,D. Reyes
4.0,2.8624052261117474,5.52,0.8,670.0,0,-2.0,40.0,In The Paint (Non-RA),2PT Field Goal,A. Kowalski
25.8,56.11276528323274,1.18,6.2,537.0,0,-214.1,143.8,Above the Break 3,3PT Field Goal,S. Whitfield
19.0,53.57087687129313,2.66,17.0,33.0,1,152.7,112.7,Mid-Range,2PT Field Goal,A. Kowalski
21.4,66.3828915010972,3.61,12.8,579.0,1,-196.0,85.7,Mid-Range,2PT Field Goal,J. Carter
16.2,39.57867627202545,4.47,22.6,427.0,1,-103.0,124.6,Mid-Range,2PT Field Goal,M. Okafor
29.0,54.74252862880171,5.25,11.6,47.0,0,236.8,167.4,Above the Break 3,3PT Field Goal,T. Nwosu
0.9,3.0127875041833403,4.75,20.8,158.0,1,0.5,9.5,Restricted Area,2PT Field Goal,D. Reyes
26.2,21.15666149239115,3.97,8.0,421.0,1,-94.7,244.7,Above the Break 3,3PT Field Goal,S. Whitfield
17.6,1.3026925839832595,1.72,6.8,83.0,0,4.0,175.9,Mid-Range,2PT Field Goal,S. Whitfield
2.7,17.547242584723463,1.2,0.6,324.0,0,8.0,25.3,Restricted Area,2PT Field Goal,K. Albrecht
21.0,25.32286286327405,1.11,11.6,575.0,0,90.0,190.2,Mid-Range,2PT Field Goal,D. Reyes
17.7,6.243426588216879,5.69,16.0,237.0,1,19.2,175.5,Mid-Range,2PT Field Goal,K. Albrecht
26.0,61.5917867896565,7.37,3.8,152.0,0,-228.7,123.7,Above the Break 3,3PT Field Goal,K. Albrecht
18.7,46.31914872652252,1.88,2.5,573.0,0,-135.5,129.4,Mid-Range,2PT Field Goal,S. Whitfield
18.0,32.254449822506224,0.64,3.0,168.0,0,-96.3,152.6,Mid-Range,2PT Field Goal,L. Fitzgerald
4.0,4.585335898561099,2.96,17.6,150.0,1,-3.2,39.9,In The Paint (Non-RA),2PT Field Goal,D. Reyes
6.3,10.442149314440446,4.29,18.5,93.0,0,11.5,62.4,In The Paint (Non-RA),2PT Field Goal,T. Nwosu
3.6,39.785071708698716,2.55,14.2,111.0,0,22.9,27.5,Restricted Area,2PT Field Goal,B. Osei
21.8,39.56319321229978,3.25,7.0,589.0,1,-138.8,168.0,Mid-Range,2PT Field Goal,K. Albrecht
23.7,52.829924406876565,5.29,4.1,328.0,0,-188.6,143.0,Above the Break 3,3PT Field Goal,R. Delgado
19.4,45.18758100154554,4.6,10.6,157.0,1,137.9,137.0,Mid-Range,2PT Field Goal,D. Reyes
2.4,12.941185865987855,2.74,14.9,186.0,1,5.4,23.5,Restricted Area,2PT Field Goal,K. Albrecht
0.9,16.460014812040036,0.84,19.6,266.0,1,-2.6,8.8,Restricted Area,2PT Field Goal,L. Fitzgerald
24.7,58.0829906748111,3.43,7.2,595.0,0,-210.0,130.8,Above the Break 3,3PT Field Goal,A. Kowalski
1.1,41.76029970389787,6.21,15.4,274.0,0,-7.5,8.4,Restricted Area,2PT Field Goal,B. Osei
20.2,40.76138130244777,0.3,17.4,186.0,0,131.8,152.9,Mid-Range,2PT Field Goal,K. Albrecht
26.2,2.86568108017117,7.25,14.7,512.0,0,13.1,261.7,Above the Break 3,3PT Field Goal,A. Kowalski
24.6,65.33057108153676,4.17,14.1,377.0,1,-223.6,102.7,Above the Break 3,3PT Field Goal,S. Whitfield
14.3,0.5223173213698241,7.2,23.3,174.0,1,-1.3,142.6,Mid-Range,2PT Field Goal,R. Delgado
29.0,8.507318568640777,2.28,0.6,520.0,1,-42.9,286.8,Above the Break 3,3PT Field Goal,K. Albrecht
5.8,35.52619337049798,1.97,13.8,300.0,1,33.7,47.2,In The Paint (Non-RA),2PT Field Goal,L. Fitzgerald
25.5,55.14982810730491,0.73,1.2,379.0,0,-209.1,145.6,Above the Break 3,3PT Field Goal,B. Osei
17.2,14.068645997775127,4.3,2.6,82.0,0,-41.7,166.4,Mid-Range,2PT Field Goal,M. Okafor
1.8,56.749983571776674,4.07,9.7,112.0,0,15.1,9.9,Restricted Area,2PT Field Goal,S. Whitfield
24.1,30.78458054909358,3.31,4.9,682.0,0,123.5,207.3,Above the Break 3,3PT Field Goal,J. Carter
2.4,20.6404691950955,3.98,19.8,282.0,0,8.4,22.3,Restricted Area,2PT Field Goal,B. Osei
27.3,13.226085002218545,4.8,22.1,200.0,0,-62.4,265.5,Above the Break 3,3PT Field Goal,R. Delgado
1.7,33.97046877601952,1.98,22.6,484.0,1,-9.5,14.1,Restricted Area,2PT Field Goal,T. Nwosu
24.5,55.390481492660825,5.89,5.9,47.0,0,-202.0,139.4,Above the Break 3,3PT Field Goal,T. Nwosu
0.2,27.758540601060027,0.3,10.5,539.0,1,-1.0,1.9,Restricted Area,2PT Field Goal,D. Reyes
20.0,18.534719748617484,2.71,23.4,125.0,1,-63.5,189.4,Mid-Range,2PT Field Goal,A. Kowalski
1.1,8.426969021480673,4.56,20.3,559.0,1,-1.6,10.8,Restricted Area,2PT Field Goal,L. Fitzgerald
26.2,46.312830662936385,3.19,5.2,641.0,1,189.7,181.2,Above the Break 3,3PT Field Goal,D. Reyes
2.6,9.39083655639349,4.15,1.5,689.0,0,-4.3,26.0,Restricted Area,2PT Field Goal,D. Reyes
25.3,19.84398778120109,0.3,17.1,476.0,0,86.0,238.3,Above the Break 3,3PT Field Goal,K. Albrecht
24.2,45.38497899419494,3.07,13.3,171.0,0,-172.3,170.0,Above the Break 3,3PT Field Goal,L. Fitzgerald
3.0,17.89613292503925,3.65,19.8,585.0,1,-9.3,28.8,Restricted Area,2PT Field Goal,T. Nwosu
28.0,58.734393954840414,0.55,11.1,647.0,1,239.3,145.3,Above the Break 3,3PT Field Goal,A. Kowalski
0.3,45.0,5.05,9.0,491.0,0,-2.0,2.0,Restricted Area,2PT Field Goal,D. Reyes
25.7,53.0140106904448,0.94,3.5,39.0,0,-205.0,154.4,Above the Break 3,3PT Field Goal,L. Fitzgerald
27.5,57.87294640055052,1.87,20.3,616.0,0,-232.5,146.0,Above the Break 3,3PT Field Goal,T. Nwosu
1.6,67.23803271556451,0.8,18.7,496.0,0,-14.3,6.0,Restricted Area,2PT Field Goal,D. Reyes
24.9,47.94776230671805,4.18,22.2,607.0,0,-184.8,166.7,Above the Break 3,3PT Field Goal,S. Whitfield
13.6,56.134466160035444,1.97,16.9,435.0,1,-112.8,75.7,In The Paint (Non-RA),2PT Field Goal,T. Nwosu
0.2,45.0,5.08,11.4,412.0,1,-1.4,1.4,Restricted Area,2PT Field Goal,L. Fitzgerald
22.9,12.339087278326195,5.63,23.0,621.0,1,-49.0,224.0,Above the Break 3,3PT Field Goal,J. Carter
6.6,27.499138731047154,2.94,5.7,450.0,0,30.4,58.4,In The Paint (Non-RA),2PT Field Goal,J. Carter
1.3,42.83308531681335,4.96,23.7,429.0,0,8.9,9.6,Restricted Area,2PT Field Goal,B. Osei
4.0,9.933300333866324,7.73,0.5,349.0,0,6.9,39.4,In The Paint (Non-RA),2PT Field Goal,M. Okafor
23.3,54.13017648227869,0.3,7.4,490.0,0,-188.5,136.3,Above the Break 3,3PT Field Goal,R. Delgado
24.6,43.79586061142783,0.3,13.8,367.0,0,170.0,177.3,Above the Break 3,3PT Field Goal,B. Osei
13.5,22.209872615061077,7.74,5.9,74.0,0,51.2,125.4,In The Paint (Non-RA),2PT Field Goal,D. Reyes
12.6,44.77505978911115,1.74,9.7,362.0,0,88.8,89.5,In The Paint (Non-RA),2PT Field Goal,T. Nwosu
15.3,34.80849814997231,10.26,23.1,134.0,1,87.6,126.0,Mid-Range,2PT Field Goal,K. Albrecht
25.2,40.47292308443262,5.72,5.8,339.0,0,-163.4,191.5,Above the Break 3,3PT Field Goal,B. Osei
2.1,63.43494882292201,0.3,3.1,14.0,1,18.6,9.3,Restricted Area,2PT Field Goal,S. Whitfield
25.6,38.45010097538256,5.75,17.3,429.0,0,159.2,200.5,Above the Break 3,3PT Field Goal,D. Reyes
26.4,23.702645950966243,3.47,16.5,428.0,0,-106.2,241.9,Above the Break 3,3PT Field Goal,L. Fitzgerald
9.6,36.89382572109235,4.01,4.9,636.0,1,57.5,76.6,In The Paint (Non-RA),2PT Field Goal,R. Delgado
9.6,10.59771267959729,5.69,8.8,412.0,0,-17.7,94.6,In The Paint (Non-RA),2PT Field Goal,J. Carter
23.3,53.849464605477486,2.42,6.6,647.0,0,-187.8,137.2,Above the Break 3,3PT Field Goal,T. Nwosu
4.3,17.846026162026114,3.07,20.6,297.0,1,13.2,41.0,In The Paint (Non-RA),2PT Field Goal,J. Carter
1.6,67.18401334526999,4.12,18.6,652.0,0,14.5,6.1,Restricted Area,2PT Field Goal,B. Osei
25.9,22.388553650513455,0.3,1.5,593.0,0,98.7,239.6,Above the Break 3,3PT Field Goal,A. Kowalski
11.7,56.812038010069806,3.14,4.9,637.0,0,98.0,64.1,In The Paint (Non-RA),2PT Field Goal,M. Okafor
20.2,41.05274754419611,4.39,23.5,71.0,0,-132.9,152.6,Mid-Range,2PT Field Goal,D. Reyes
1.3,0.4476141708605531,3.88,5.5,566.0,0,0.1,12.8,Restricted Area,2PT Field Goal,K. Albrecht
21.4,26.972843433643742,4.13,21.5,497.0,1,-96.9,190.4,Mid-Range,2PT Field Goal,A. Kowalski
0.5,59.981632572390915,3.82,9.1,660.0,1,4.5,2.6,Restricted Area,2PT Field Goal,B. Osei
23.3,47.5907234163511,0.3,6.6,147.0,1,-172.1,157.2,Above the Break 3,3PT Field Goal,K. Albrecht
10.8,64.45248682294823,1.81,22.6,385.0,1,-97.7,46.7,In The Paint (Non-RA),2PT Field Goal,M. Okafor
24.3,4.702870195230954,0.3,4.5,480.0,0,19.9,241.9,Above the Break 3,3PT Field Goal,M. Okafor
20.1,11.399439574826985,4.55,18.1,650.0,0,-39.7,196.9,Mid-Range,2PT Field Goal,L. Fitzgerald
29.0,38.94054668883876,6.02,12.6,112.0,1,-182.3,225.6,Above the Break 3,3PT Field Goal,J. Carter
9.9,57.68038349181982,4.19,12.6,423.0,0,83.3,52.7,In The Paint (Non-RA),2PT Field Goal,D. Reyes
19.8,28.430197643678948,0.3,3.2,630.0,0,-94.2,174.0,Mid-Range,2PT Field Goal,D. Reyes
0.2,36.86989764584402,2.99,6.1,712.0,0,-1.2,1.6,Restricted Area,2PT Field Goal,J. Carter
16.2,24.08099464852079,5.66,3.3,588.0,0,66.1,147.9,Mid-Range,2PT Field Goal,L. Fitzgerald
15.0,64.22235244756577,4.94,11.7,83.0,0,134.8,65.1,Mid-Range,2PT Field Goal,K. Albrecht
1.9,10.963389646329635,5.59,17.9,419.0,0,-3.7,19.1,Restricted Area,2PT Field Goal,T. Nwosu
21.5,35.293103355838646,5.74,14.9,321.0,0,124.3,175.6,Mid-Range,2PT Field Goal,L. Fitzgerald
27.8,60.326709625967084,1.44,19.3,113.0,0,-241.5,137.6,Above the Break 3,3PT Field Goal,D. Reyes
1.7,46.706178294447,4.43,8.1,573.0,0,12.1,11.4,Restricted Area,2PT Field Goal,T. Nwosu
12.1,5.250018496506741,4.59,22.5,413.0,1,11.1,120.8,In The Paint (Non-RA),2PT Field Goal,B. Osei
24.8,20.199806621434107,1.59,6.0,498.0,0,85.8,233.2,Above the Break 3,3PT Field Goal,S. Whitfield
8.7,4.479460452350279,2.57,7.0,558.0,0,-6.8,86.8,In The Paint (Non-RA),2PT Field Goal,R. Delgado
3.8,65.65564664817671,3.62,16.8,663.0,1,-34.7,15.7,Restricted Area,2PT Field Goal,A. Kowalski
17.4,15.356373446573091,8.31,16.1,612.0,0,-46.0,167.5,Mid-Range,2PT Field Goal,J. Carter
7.8,45.93239872485423,6.29,7.1,560.0,0,-56.2,54.4,In The Paint (Non-RA),2PT Field Goal,R. Delgado
28.7,43.49070910832903,3.97,3.8,171.0,0,-197.7,208.4,Above the Break 3,3PT Field Goal,K. Albrecht
21.2,45.152788383203855,4.05,22.1,160.0,0,150.4,149.6,Mid-Range,2PT Field Goal,L. Fitzgerald
28.1,20.709037591649036,0.3,21.8,208.0,0,-99.2,262.4,Above the Break 3,3PT Field Goal,T. Nwosu
0.2,45.0,4.01,18.4,237.0,0,1.4,1.4,Restricted Area,2PT Field Goal,K. Albrecht
27.1,36.0242648901244,6.21,17.0,82.0,1,159.4,219.2,Above the Break 3,3PT Field Goal,S. Whitfield
28.1,26.665202604497363,3.01,19.3,615.0,0,126.3,251.5,Above the Break 3,3PT Field Goal,S. Whitfield
2.5,2.9414649939111097,5.16,22.4,373.0,0,-1.3,25.3,Restricted Area,2PT Field Goal,J. Carter
19.3,58.76701268825087,7.08,22.3,660.0,0,-165.4,100.3,Mid-Range,2PT Field Goal,K. Albrecht
25.1,43.17220371542859,3.25,11.6,321.0,1,171.4,182.7,Above the Break 3,3PT Field Goal,K. Albrecht
21.5,64.16349878776462,0.45,11.7,414.0,1,-193.1,93.5,Mid-Range,2PT Field Goal,B. Osei
25.3,15.911148577139503,3.72,20.4,140.0,1,-69.3,243.1,Above the Break 3,3PT Field Goal,L. Fitzgerald
3.6,52.4697521377841,3.6,23.0,680.0,1,28.9,22.2,Restricted Area,2PT Field Goal,B. Osei
14.2,34.585416080496294,10.09,0.6,11.0,0,80.6,116.9,Mid-Range,2PT Field Goal,S. Whitfield
20.4,11.139131060085258,3.74,0.7,418.0,0,39.4,200.1,Mid-Range,2PT Field Goal,J. Carter
0.2,17.52556837372287,3.7,23.3,544.0,1,0.6,1.9,Restricted Area,2PT Field Goal,D. Reyes
24.0,59.04444850574997,6.25,10.2,382.0,0,205.4,123.2,Above the Break 3,3PT Field Goal,S. Whitfield
11.4,37.02054352003413,2.26,22.2,674.0,0,68.7,91.1,In The Paint (Non-RA),2PT Field Goal,D. Reyes
19.9,5.793626291398587,3.18,18.6,504.0,0,20.1,198.1,Mid-Range,2PT Field Goal,S. Whitfield
26.6,17.445423865496274,3.6,22.5,113.0,0,-79.6,253.3,Above the Break 3,3PT Field Goal,B. Osei
23.2,52.69138388930623,3.52,4.4,256.0,0,-184.9,140.9,Above the Break 3,3PT Field Goal,S. Whitfield
2.8,45.14432155752266,4.8,16.0,291.0,1,19.9,19.8,Restricted Area,2PT Field Goal,R. Delgado
0.2,40.91438322002513,4.32,3.1,567.0,0,1.3,1.5,Restricted Area,2PT Field Goal,T. Nwosu
24.6,19.975143521428254,0.3,19.6,147.0,0,84.0,231.1,Above the Break 3,3PT Field Goal,L. Fitzgerald
18.5,53.526435190523756,6.48,5.0,211.0,1,148.8,110.0,Mid-Range,2PT Field Goal,S. Whitfield
2.6,63.920494652930145,2.91,1.8,340.0,0,-23.7,11.6,Restricted Area,2PT Field Goal,R. Delgado
3.8,53.9726266148964,5.52,18.0,142.0,0,-30.8,22.4,Restricted Area,2PT Field Goal,T. Nwosu
8.9,13.647750781086145,4.14,17.0,363.0,0,21.1,86.9,In The Paint (Non-RA),2PT Field Goal,K. Albrecht
2.0,67.9321004375898,5.32,18.7,698.0,1,18.5,7.5,Restricted Area,2PT Field Goal,K. Albrecht
26.3,58.942921869049314,6.96,6.6,41.0,1,225.5,135.8,Above the Break 3,3PT Field Goal,A. Kowalski
2.4,19.128941820873525,3.52,14.3,129.0,1,7.7,22.2,Restricted Area,2PT Field Goal,M. Okafor
24.6,53.31650520854806,2.95,5.1,480.0,0,-197.2,146.9,Above the Break 3,3PT Field Goal,J. Carter
26.1,6.836676541781667,4.84,5.8,149.0,0,31.1,259.4,Above the Break 3,3PT Field Goal,S. Whitfield
15.3,15.888830349865572,3.74,12.3,555.0,1,41.9,147.2,Mid-Range,2PT Field Goal,L. Fitzgerald
15.6,38.138691595901115,8.02,13.0,558.0,1,96.5,122.9,Mid-Range,2PT Field Goal,M. Okafor
21.4,65.69545073406329,3.46,8.8,618.0,0,195.3,88.2,Mid-Range,2PT Field Goal,R. Delgado
1.1,37.568592028827496,2.65,9.5,72.0,0,7.0,9.1,Restricted Area,2PT Field Goal,L. Fitzgerald
10.1,1.9357010811652917,8.5,22.0,83.0,1,3.4,100.6,In The Paint (Non-RA),2PT Field Goal,L. Fitzgerald
2.4,34.4332493990339,2.43,4.0,347.0,1,13.3,19.4,Restricted Area,2PT Field Goal,K. Albrecht
3.4,19.824312880939534,5.78,14.8,365.0,1,-11.5,31.9,Restricted Area,2PT Field Goal,K. Albrecht
28.8,4.6826477973506595,2.63,24.0,279.0,0,-23.5,286.9,Above the Break 3,3PT Field Goal,S. Whitfield
23.7,4.520957899581422,5.51,13.4,525.0,0,18.7,236.5,Above the Break 3,3PT Field Goal,R. Delgado
28.0,17.78205214544386,7.62,4.4,61.0,1,-85.6,266.9,Above the Break 3,3PT Field Goal,J. Carter
1.8,65.31519562673208,7.17,4.8,678.0,1,16.1,7.4,Restricted Area,2PT Field Goal,J. Carter
17.1,28.93105193435377,3.12,7.5,93.0,1,-82.8,149.8,Mid-Range,2PT Field Goal,T. Nwosu
24.3,19.74911576448109,5.31,11.6,223.0,0,82.0,228.4,Above the Break 3,3PT Field Goal,D. Reyes
5.5,36.39313479722077,6.77,11.5,635.0,1,-32.8,44.5,In The Paint (Non-RA),2PT Field Goal,K. Albrecht
1.8,67.50060539485116,4.34,16.1,174.0,0,16.9,7.0,Restricted Area,2PT Field Goal,J. Carter
23.8,20.64894808254089,8.3,0.4,126.0,1,-84.0,222.9,Above the Break 3,3PT Field Goal,J. Carter
2.5,14.260711583026563,7.63,12.8,452.0,0,6.1,24.0,Restricted Area,2PT Field Goal,S. Whitfield
6.0,58.74208631733217,7.98,0.0,241.0,1,51.4,31.2,In The Paint (Non-RA),2PT Field Goal,D. Reyes
3.0,24.94791785390146,4.15,23.8,452.0,1,12.7,27.3,Restricted Area,2PT Field Goal,M. Okafor
5.8,11.078591418218082,5.01,10.0,335.0,1,11.2,57.2,In The Paint (Non-RA),2PT Field Goal,L. Fitzgerald
20.0,57.445375839032685,1.34,15.7,702.0,0,-168.7,107.7,Mid-Range,2PT Field Goal,T. Nwosu
12.0,10.590385404109744,2.08,10.5,468.0,1,-22.1,118.2,In The Paint (Non-RA),2PT Field Goal,L. Fitzgerald
25.9,7.5858745012719275,5.43,23.6,324.0,0,-34.2,256.8,Above the Break 3,3PT Field Goal,L. Fitzgerald
27.4,26.518202635177474,2.46,18.3,33.0,0,122.1,244.7,Above the Break 3,3PT Field Goal,S. Whitfield
24.2,2.082565279730885,4.2,8.2,563.0,0,-8.8,242.0,Above the Break 3,3PT Field Goal,T. Nwosu
24.2,31.061253510311833,1.67,5.4,186.0,0,-124.8,207.2,Above the Break 3,3PT Field Goal,S. Whitfield
13.9,4.114909098237253,2.51,3.5,475.0,0,10.0,139.0,In The Paint (Non-RA),2PT Field Goal,S. Whitfield
0.2,17.52556837372287,1.33,10.2,594.0,1,-0.6,1.9,Restricted Area,2PT Field Goal,J. Carter
24.7,43.17987631357734,4.81,20.1,263.0,0,169.1,180.2,Above the Break 3,3PT Field Goal,K. Albrecht
2.1,4.419871138854705,2.44,1.6,91.0,0,-1.6,20.7,Restricted Area,2PT Field Goal,K. Albrecht
21.8,6.079125298467009,4.43,8.4,633.0,1,-23.1,216.9,Mid-Range,2PT Field Goal,L. Fitzgerald
15.8,28.783828785888467,5.46,17.4,400.0,0,76.2,138.7,Mid-Range,2PT Field Goal,M. Okafor
1.2,4.927109947649014,3.3,9.2,521.0,1,1.0,11.6,Restricted Area,2PT Field Goal,M. Okafor
2.6,8.812901637744398,4.16,14.8,559.0,1,-4.0,25.8,Restricted Area,2PT Field Goal,M. Okafor
14.5,56.79103076599071,9.37,17.9,308.0,0,-121.6,79.6,Mid-Range,2PT Field Goal,B. Osei
24.2,5.3808640061002855,5.38,11.5,318.0,1,-22.7,241.0,Above the Break 3,3PT Field Goal,B. Osei
13.7,49.60685527307379,7.76,13.8,661.0,1,104.6,89.0,In The Paint (Non-RA),2PT Field Goal,A. Kowalski
14.3,64.04502802145417,7.56,1.8,159.0,1,128.4,62.5,Mid-Range,2PT Field Goal,T. Nwosu
25.8,48.05893661327742,6.13,4.3,432.0,0,192.2,172.7,Above the Break 3,3PT Field Goal,S. Whitfield
17.5,53.43207089848298,5.34,3.4,662.0,0,-140.2,104.0,Mid-Range,2PT Field Goal,T. Nwosu
9.5,52.16723872851977,0.43,1.0,581.0,0,75.2,58.4,In The Paint (Non-RA),2PT Field Goal,S. Whitfield
20.6,0.5006299927907099,5.26,23.7,567.0,0,-1.8,206.0,Mid-Range,2PT Field Goal,D. Reyes
24.2,26.459241916912323,1.86,11.4,478.0,0,107.9,216.8,Above the Break 3,3PT Field Goal,B. Osei
25.0,16.99507768836955,1.07,12.1,656.0,0,73.2,239.5,Above the Break 3,3PT Field Goal,K. Albrecht
20.4,0.505537876480969,3.98,14.1,684.0,0,-1.8,204.0,Mid-Range,2PT Field Goal,S. Whitfield
18.7,39.23341611631004,6.75,19.6,39.0,1,-118.4,145.0,Mid-Range,2PT Field Goal,M. Okafor
3.3,19.099860320956566,5.5,22.0,339.0,1,-10.7,30.9,Restricted Area,2PT Field Goal,R. Delgado
2.4,20.106234798359335,5.8,10.4,52.0,1,-8.2,22.4,Restricted Area,2PT Field Goal,R. Delgado
26.1,36.554294065234046,5.93,2.7,313.0,1,155.7,210.0,Above the Break 3,3PT Field Goal,S. Whitfield
3.6,47.59743598085176,5.92,10.9,71.0,1,-26.5,24.2,Restricted Area,2PT Field Goal,M. Okafor
11.8,58.84550702838542,1.73,17.7,490.0,0,-101.4,61.3,In The Paint (Non-RA),2PT Field Goal,A. Kowalski
24.7,47.63600548397433,1.63,22.5,362.0,0,182.9,166.8,Above the Break 3,3PT Field Goal,D. Reyes
0.8,21.665958723290224,4.34,2.8,174.0,1,2.9,7.3,Restricted Area,2PT Field Goal,T. Nwosu
14.0,8.569141879837643,6.53,9.5,30.0,1,20.9,138.7,Mid-Range,2PT Field Goal,T. Nwosu
1.5,47.70062933739529,4.05,16.3,90.0,0,-11.1,10.1,Restricted Area,2PT Field Goal,K. Albrecht
16.0,50.81913164456954,2.43,7.0,543.0,0,-123.8,100.9,Mid-Range,2PT Field Goal,R. Delgado
27.6,22.7621012566886,2.9,16.6,252.0,0,106.7,254.3,Above the Break 3,3PT Field Goal,D. Reyes
24.3,47.18656455362543,3.05,17.1,130.0,1,-178.1,165.0,Above the Break 3,3PT Field Goal,J. Carter
24.1,48.24413093678387,2.64,17.5,419.0,0,179.9,160.6,Above the Break 3,3PT Field Goal,T. Nwosu
5.2,45.0,1.65,7.2,113.0,1,-36.8,36.8,In The Paint (Non-RA),2PT Field Goal,T. Nwosu
15.2,16.800415966288124,7.81,14.0,671.0,1,43.9,145.4,Mid-Range,2PT Field Goal,J. Carter
0.8,35.706691400602885,4.56,0.0,661.0,0,-4.6,6.4,Restricted Area,2PT Field Goal,D. Reyes
2.1,25.451450567644923,0.36,13.0,205.0,1,-8.9,18.7,Restricted Area,2PT Field Goal,B. Osei
29.0,23.75383519182912,4.56,6.9,514.0,0,-116.8,265.4,Above the Break 3,3PT Field Goal,K. Albrecht
2.1,64.52501182113501,5.35,15.0,156.0,1,-19.1,9.1,Restricted Area,2PT Field Goal,R. Delgado
28.2,10.995233102240821,6.08,3.0,77.0,0,-53.8,276.9,Above the Break 3,3PT Field Goal,M. Okafor
1.8,49.610649318660606,1.79,14.8,59.0,0,13.4,11.4,Restricted Area,2PT Field Goal,M. Okafor
25.6,0.13412955485097797,0.3,24.0,514.0,1,-0.6,256.3,Above the Break 3,3PT Field Goal,K. Albrecht
7.3,41.998891211413806,9.4,4.0,408.0,1,-48.8,54.2,In The Paint (Non-RA),2PT Field Goal,B. Osei
15.3,2.517287999183688,1.16,12.3,395.0,1,6.7,152.4,Mid-Range,2PT Field Goal,S. Whitfield
27.0,59.14910912640519,0.89,4.2,475.0,0,231.7,138.4,Above the Break 3,3PT Field Goal,D. Reyes
0.5,4.484606009544626,4.55,14.7,335.0,1,-0.4,5.1,Restricted Area,2PT Field Goal,R. Delgado
26.1,2.3265673470060806,6.68,19.4,182.0,0,-10.6,260.9,Above the Break 3,3PT Field Goal,A. Kowalski
24.6,36.86523679988399,6.42,6.6,528.0,1,147.5,196.7,Above the Break 3,3PT Field Goal,M. Okafor
15.1,58.82101844450314,2.24,6.3,619.0,1,-128.9,78.0,Mid-Range,2PT Field Goal,R. Delgado
14.3,25.290825094517267,4.19,20.7,251.0,0,-61.0,129.1,Mid-Range,2PT Field Goal,D. Reyes
13.4,14.264512298079898,2.43,13.6,163.0,0,-33.0,129.8,In The Paint (Non-RA),2PT Field Goal,B. Osei
26.7,26.066339209799022,4.12,8.6,544.0,1,-117.4,240.0,Above the Break 3,3PT Field Goal,M. Okafor
7.0,6.431050818991532,2.56,14.3,664.0,1,7.8,69.2,In The Paint (Non-RA),2PT Field Goal,A. Kowalski
1.9,38.1909498203866,9.88,9.7,116.0,0,11.8,15.0,Restricted Area,2PT Field Goal,R. Delgado
18.0,12.394383640024746,6.86,14.5,550.0,0,-38.7,176.1,Mid-Range,2PT Field Goal,K. Albrecht
26.0,38.76629947776415,3.69,10.4,58.0,1,163.1,203.1,Above the Break 3,3PT Field Goal,S. Whitfield
27.8,7.8329035596141665,3.8,22.5,674.0,1,-37.9,275.5,Above the Break 3,3PT Field Goal,T. Nwosu
16.7,53.60259179711026,7.31,3.0,692.0,1,134.7,99.3,Mid-Range,2PT Field Goal,J. Carter
5.6,23.629377730656817,2.53,6.9,296.0,0,-22.4,51.2,In The Paint (Non-RA),2PT Field Goal,S. Whitfield
22.5,7.661951154972228,3.52,6.5,144.0,0,-30.0,223.0,Above the Break 3,3PT Field Goal,S. Whitfield
16.8,25.224687235847632,3.05,16.6,567.0,0,71.7,152.2,Mid-Range,2PT Field Goal,T. Nwosu
27.0,66.75396766524611,4.18,7.7,99.0,0,-247.7,106.4,Above the Break 3,3PT Field Goal,M. Okafor
25.8,52.495038332695756,8.04,7.2,378.0,1,204.7,157.1,Above the Break 3,3PT Field Goal,L. Fitzgerald
24.3,7.746020981523734,2.64,18.2,205.0,0,-32.7,240.4,Above the Break 3,3PT Field Goal,L. Fitzgerald
24.7,17.482549167902587,1.26,10.3,491.0,0,-74.3,235.9,Above the Break 3,3PT Field Goal,S. Whitfield
16.2,52.14051426021253,1.52,11.2,624.0,1,-128.0,99.5,Mid-Range,2PT Field Goal,R. Delgado
24.8,54.693504074313196,2.68,0.3,6.0,0,-202.2,143.2,Above the Break 3,3PT Field Goal,S. Whitfield
20.3,3.75034623902417,0.92,15.3,1.0,1,-13.3,202.9,Mid-Range,2PT Field Goal,M. Okafor
1.5,43.063199613778956,1.25,23.6,458.0,1,10.0,10.7,Restricted Area,2PT Field Goal,L. Fitzgerald
16.3,14.223567387982193,2.17,12.4,342.0,1,40.1,158.2,Mid-Range,2PT Field Goal,J. Carter
23.1,55.931861431872406,5.26,23.2,135.0,0,191.5,129.5,Above the Break 3,3PT Field Goal,A. Kowalski
8.3,65.80043601191981,4.7,21.2,118.0,1,76.1,34.2,In The Paint (Non-RA),2PT Field Goal,R. Delgado
2.7,2.090159153710685,3.29,22.0,272.0,1,1.0,27.4,Restricted Area,2PT Field Goal,T. Nwosu
1.7,41.60507645788172,4.96,5.8,116.0,0,-11.1,12.5,Restricted Area,2PT Field Goal,R. Delgado
24.5,60.197024142978435,4.2,11.8,502.0,0,212.3,121.6,Above the Break 3,3PT Field Goal,B. Osei
3.4,38.00696755269058,3.85,23.4,341.0,1,-21.1,27.0,Restricted Area,2PT Field Goal,D. Reyes
2.3,8.307488101688248,2.07,10.1,287.0,0,3.3,22.6,Restricted Area,2PT Field Goal,D. Reyes
26.9,40.47890249252025,5.95,0.1,655.0,1,-174.7,204.7,Above the Break 3,3PT Field Goal,J. Carter
22.8,51.992591824653914,4.03,8.5,106.0,0,179.4,140.2,Above the Break 3,3PT Field Goal,T. Nwosu
24.8,36.348159864320266,3.63,10.2,240.0,1,147.1,199.9,Above the Break 3,3PT Field Goal,S. Whitfield
22.5,3.3380468163933785,3.27,2.6,39.0,0,13.1,224.6,Above the Break 3,3PT Field Goal,S. Whitfield
24.5,50.23939968457595,4.45,11.0,370.0,0,188.1,156.5,Above the Break 3,3PT Field Goal,A. Kowalski
15.3,25.05319683425124,3.9,7.2,320.0,0,64.6,138.2,Mid-Range,2PT Field Goal,L. Fitzgerald
16.3,17.610445708604857,1.27,16.8,2.0,0,49.2,155.0,Mid-Range,2PT Field Goal,K. Albrecht
26.2,23.81594709501085,2.72,6.1,536.0,0,105.8,239.7,Above the Break 3,3PT Field Goal,K. Albrecht
0.2,53.13010235415599,1.36,21.8,191.0,0,1.6,1.2,Restricted Area,2PT Field Goal,D. Reyes
1.8,13.570434385161487,0.3,8.7,462.0,1,-4.2,17.4,Restricted Area,2PT Field Goal,A. Kowalski
16.0,27.157855482556325,1.1,20.1,173.0,1,73.0,142.3,Mid-Range,2PT Field Goal,L. Fitzgerald
16.8,19.720457714484837,10.01,9.0,115.0,1,-56.6,157.9,Mid-Range,2PT Field Goal,J. Carter
25.4,22.659756054923164,0.3,11.9,572.0,0,97.9,234.5,Above the Break 3,3PT Field Goal,R. Delgado
11.7,4.270813202416609,3.84,2.1,264.0,0,8.7,116.5,In The Paint (Non-RA),2PT Field Goal,T. Nwosu
13.9,34.01079225008947,5.83,12.9,717.0,1,77.6,115.0,In The Paint (Non-RA),2PT Field Goal,B. Osei
0.2,7.125016348901798,3.69,3.0,137.0,1,0.3,2.4,Restricted Area,2PT Field Goal,S. Whitfield
3.2,0.7184047260488354,3.84,22.5,61.0,0,-0.4,31.9,Restricted Area,2PT Field Goal,B. Osei
3.8,55.632908983879204,1.74,6.1,112.0,1,-31.0,21.2,Restricted Area,2PT Field Goal,D. Reyes
17.0,61.19362597722438,2.42,14.3,484.0,0,-149.3,82.1,Mid-Range,2PT Field Goal,T. Nwosu
25.6,48.80354058555575,2.44,19.1,102.0,0,192.5,168.5,Above the Break 3,3PT Field Goal,D. Reyes
2.0,6.692875357834089,1.39,10.3,352.0,1,-2.3,19.6,Restricted Area,2PT Field Goal,B. Osei
2.5,64.64311656808022,3.74,16.9,610.0,1,23.0,10.9,Restricted Area,2PT Field Goal,A. Kowalski
15.8,7.116033003175303,5.55,23.2,305.0,1,-19.6,157.0,Mid-Range,2PT Field Goal,S. Whitfield
0.2,55.61965527615513,6.19,4.4,84.0,1,-1.9,1.3,Restricted Area,2PT Field Goal,L. Fitzgerald
0.2,32.9052429229879,8.06,11.7,639.0,0,1.1,1.7,Restricted Area,2PT Field Goal,J. Carter
23.5,24.557027781800837,5.48,12.1,647.0,0,-97.6,213.6,Above the Break 3,3PT Field Goal,M. Okafor
1.3,16.7826441452707,11.68,7.4,541.0,1,3.8,12.6,Restricted Area,2PT Field Goal,S. Whitfield
4.3,62.605491867606496,4.54,17.3,175.0,1,-38.4,19.9,In The Paint (Non-RA),2PT Field Goal,K. Albrecht
26.5,53.7090024594067,1.59,12.2,708.0,0,213.8,157.0,Above the Break 3,3PT Field Goal,D. Reyes
23.9,42.89523398665618,0.81,14.0,492.0,0,-162.5,174.9,Above the Break 3,3PT Field Goal,S. Whitfield
27.1,17.74708523068541,4.75,8.7,346.0,1,-82.7,258.4,Above the Break 3,3PT Field Goal,M. Okafor
19.0,11.33946942341576,6.12,16.9,656.0,0,-37.4,186.5,Mid-Range,2PT Field Goal,D. Reyes
1.7,4.085616779974877,6.33,10.8,687.0,1,1.2,16.8,Restricted Area,2PT Field Goal,L. Fitzgerald
0.2,59.53445508054013,4.25,5.4,668.0,1,1.7,1.0,Restricted Area,2PT Field Goal,L. Fitzgerald
15.2,50.189616562750906,7.26,11.5,220.0,1,117.1,97.6,Mid-Range,2PT Field Goal,J. Carter
21.3,16.578002614176917,4.32,11.8,69.0,1,-60.7,203.9,Mid-Range,2PT Field Goal,D. Reyes
2.1,17.062857173461396,3.29,16.9,718.0,0,-6.2,20.2,Restricted Area,2PT Field Goal,A. Kowalski
2.4,32.48963315906048,3.83,19.6,33.0,1,12.8,20.1,Restricted Area,2PT Field Goal,B. Osei
2.8,22.793775444483746,4.41,8.9,214.0,0,-10.8,25.7,Restricted Area,2PT Field Goal,S. Whitfield
3.9,36.664326792125664,5.63,6.2,17.0,1,-23.3,31.3,Restricted Area,2PT Field Goal,L. Fitzgerald
3.0,59.75731932588542,1.37,23.1,100.0,1,25.9,15.1,Restricted Area,2PT Field Goal,J. Carter
1.6,33.996459148250494,1.76,19.2,278.0,0,8.7,12.9,Restricted Area,2PT Field Goal,D. Reyes
25.9,12.339087278326193,6.91,16.2,205.0,0,-55.3,252.8,Above the Break 3,3PT Field Goal,B. Osei
10.4,40.34347736887309,3.36,17.9,507.0,0,-67.1,79.0,In The Paint (Non-RA),2PT Field Goal,M. Okafor
24.8,0.09237521945834426,6.93,3.2,425.0,0,-0.4,248.1,Above the Break 3,3PT Field Goal,L. Fitzgerald
12.4,10.503258302198505,5.71,4.9,431.0,1,-22.6,121.9,In The Paint (Non-RA),2PT Field Goal,R. Delgado
2.1,27.40757543781841,4.93,13.8,421.0,1,-9.8,18.9,Restricted Area,2PT Field Goal,M. Okafor
28.2,10.699619676530236,7.01,2.4,235.0,0,52.3,276.8,Above the Break 3,3PT Field Goal,M. Okafor
21.1,44.86536766753029,3.87,22.7,454.0,0,-148.6,149.3,Mid-Range,2PT Field Goal,D. Reyes
24.8,32.11316479529468,5.75,9.2,633.0,1,-131.8,210.0,Above the Break 3,3PT Field Goal,L. Fitzgerald
2.7,7.332327174693871,6.11,1.0,205.0,0,3.5,27.2,Restricted Area,2PT Field Goal,B. Osei
27.3,12.546990351093575,6.66,13.2,301.0,0,-59.4,266.9,Above the Break 3,3PT Field Goal,B. Osei
17.9,11.867279018413797,2.02,7.6,431.0,0,-36.9,175.6,Mid-Range,2PT Field Goal,K. Albrecht
0.7,22.98871680208064,4.16,10.9,560.0,1,2.8,6.6,Restricted Area,2PT Field Goal,K. Albrecht
3.6,57.92778010072456,7.74,12.5,527.0,0,-30.8,19.3,Restricted Area,2PT Field Goal,M. Okafor
3.1,34.5085229876684,5.9,16.2,533.0,1,17.6,25.6,Restricted Area,2PT Field Goal,T. Nwosu
1.7,61.94708129409424,7.41,23.6,373.0,1,15.2,8.1,Restricted Area,2PT Field Goal,A. Kowalski
1.2,55.66034829453533,7.83,3.2,314.0,1,10.1,6.9,Restricted Area,2PT Field Goal,B. Osei
4.0,52.21298961966595,2.89,11.1,690.0,0,31.6,24.5,In The Paint (Non-RA),2PT Field Goal,D. Reyes
19.8,61.73052775778258,4.21,2.1,244.0,0,-174.8,94.0,Mid-Range,2PT Field Goal,T. Nwosu
12.2,25.996115832533313,7.62,12.6,63.0,1,-53.3,109.3,In The Paint (Non-RA),2PT Field Goal,B. Osei
3.0,54.52820463914225,5.51,1.1,549.0,1,-24.7,17.6,Restricted Area,2PT Field Goal,S. Whitfield
3.2,53.6387389054475,2.23,1.3,674.0,0,-25.4,18.7,Restricted Area,2PT Field Goal,R. Delgado
4.0,44.08740104841614,5.31,17.7,494.0,0,-27.8,28.7,In The Paint (Non-RA),2PT Field Goal,B. Osei
3.2,60.47676471351721,5.2,17.1,610.0,1,-27.9,15.8,Restricted Area,2PT Field Goal,M. Okafor
2.3,58.558427725757795,3.04,10.0,649.0,0,19.3,11.8,Restricted Area,2PT Field Goal,A. Kowalski
15.7,12.79780000284799,3.37,3.0,21.0,0,34.8,153.2,Mid-Range,2PT Field Goal,D. Reyes
2.9,24.32807211364029,6.39,5.5,147.0,0,-11.8,26.1,Restricted Area,2PT Field Goal,D. Reyes
25.7,34.50048179726084,5.91,21.2,117.0,1,-145.5,211.7,Above the Break 3,3PT Field Goal,K. Albrecht
25.5,67.39741988898592,1.71,13.1,467.0,0,-235.4,98.0,Above the Break 3,3PT Field Goal,D. Reyes
16.3,63.842852738436164,2.13,10.5,606.0,0,-146.6,72.0,Mid-Range,2PT Field Goal,S. Whitfield
0.9,19.8721758192439,3.54,21.0,122.0,0,3.0,8.3,Restricted Area,2PT Field Goal,A. Kowalski
2.9,2.9814612199821915,4.28,14.0,497.0,0,-1.5,28.8,Restricted Area,2PT Field Goal,L. Fitzgerald
13.2,24.875228377878347,4.07,23.2,197.0,1,-55.5,119.7,In The Paint (Non-RA),2PT Field Goal,S. Whitfield
27.3,4.411582257692108,2.31,0.4,332.0,1,-21.0,272.2,Above the Break 3,3PT Field Goal,B. Osei
26.3,17.235717619727023,4.99,18.8,303.0,0,-77.9,251.1,Above the Break 3,3PT Field Goal,K. Albrecht
25.5,27.862206298781203,0.3,12.3,228.0,1,119.1,225.3,Above the Break 3,3PT Field Goal,A. Kowalski
25.3,7.133447985186427,2.26,15.5,432.0,0,31.4,250.9,Above the Break 3,3PT Field Goal,R. Delgado
0.2,11.309932474020215,4.28,2.3,74.0,0,-0.4,2.0,Restricted Area,2PT Field Goal,L. Fitzgerald
10.5,67.45598438848748,4.21,1.0,552.0,0,-96.6,40.1,In The Paint (Non-RA),2PT Field Goal,S. Whitfield
12.5,6.436453023342212,3.96,9.5,26.0,0,14.0,124.1,In The Paint (Non-RA),2PT Field Goal,R. Delgado
2.5,50.13637849242773,5.04,16.7,353.0,0,19.4,16.2,Restricted Area,2PT Field Goal,B. Osei
21.3,33.89931164939265,4.63,3.5,332.0,0,-118.6,176.5,Mid-Range,2PT Field Goal,R. Delgado
17.8,21.80738900829974,3.47,6.8,425.0,1,-66.1,165.2,Mid-Range,2PT Field Goal,B. Osei
25.9,34.8197489410764,7.91,22.1,217.0,0,147.8,212.5,Above the Break 3,3PT Field Goal,L. Fitzgerald
2.7,46.0525599416941,3.98,0.5,677.0,1,-19.4,18.7,Restricted Area,2PT Field Goal,R. Delgado
0.2,11.309932474020215,10.27,20.1,73.0,0,0.4,2.0,Restricted Area,2PT Field Goal,S. Whitfield
4.0,16.122598777717197,0.34,8.3,664.0,1,11.1,38.4,In The Paint (Non-RA),2PT Field Goal,R. Delgado
0.6,39.559667968994496,6.27,22.4,254.0,0,3.8,4.6,Restricted Area,2PT Field Goal,B. Osei
3.3,53.512532096345005,1.28,3.3,383.0,0,26.5,19.6,Restricted Area,2PT Field Goal,K. Albrecht
1.4,46.19348942398204,0.3,9.7,336.0,1,9.8,9.4,Restricted Area,2PT Field Goal,R. Delgado
25.7,42.75735099165892,1.93,7.8,52.0,0,-174.2,188.4,Above the Break 3,3PT Field Goal,K. Albrecht
2.4,37.34934904464059,0.3,22.9,290.0,0,14.5,19.0,Restricted Area,2PT Field Goal,T. Nwosu
8.0,13.395803724523098,2.99,10.3,706.0,1,18.6,78.1,In The Paint (Non-RA),2PT Field Goal,A. Kowalski
1.2,12.061309457044503,3.97,3.0,365.0,1,-2.5,11.7,Restricted Area,2PT Field Goal,A. Kowalski
4.0,61.64103655386997,1.83,5.1,79.0,1,-35.2,19.0,In The Paint (Non-RA),2PT Field Goal,A. Kowalski
3.3,12.339087278326195,3.1,19.3,174.0,0,7.0,32.0,Restricted Area,2PT Field Goal,D. Reyes
19.9,9.826385225672695,5.24,13.3,683.0,0,-34.0,196.3,Mid-Range,2PT Field Goal,T. Nwosu
4.0,27.205200846601524,2.72,4.5,427.0,1,18.3,35.6,In The Paint (Non-RA),2PT Field Goal,T. Nwosu
3.0,12.215719134130854,6.35,12.8,265.0,1,6.3,29.1,Restricted Area,2PT Field Goal,L. Fitzgerald
20.5,48.91662809578649,2.48,18.4,378.0,0,-154.5,134.7,Mid-Range,2PT Field Goal,S. Whitfield
2.9,27.990468493595735,8.51,16.2,109.0,0,13.5,25.4,Restricted Area,2PT Field Goal,M. Okafor
24.9,49.313885610128295,4.13,5.5,565.0,0,-188.9,162.4,Above the Break 3,3PT Field Goal,S. Whitfield
2.2,49.794232066630606,1.08,23.4,574.0,0,-16.8,14.2,Restricted Area,2PT Field Goal,T. Nwosu
9.9,22.993556790201673,5.85,4.5,368.0,1,38.7,91.2,In The Paint (Non-RA),2PT Field Goal,B. Osei
23.6,55.95351966352219,4.74,7.0,11.0,0,195.8,132.3,Above the Break 3,3PT Field Goal,L. Fitzgerald
1.7,29.538782259558097,0.72,18.5,223.0,1,8.5,15.0,Restricted Area,2PT Field Goal,L. Fitzgerald
2.8,60.28083493989156,8.73,6.7,142.0,1,24.0,13.7,Restricted Area,2PT Field Goal,M. Okafor
9.5,48.11593414673034,3.18,15.7,371.0,0,-70.7,63.4,In The Paint (Non-RA),2PT Field Goal,T. Nwosu
19.6,55.57271129228452,5.52,4.3,575.0,1,-161.8,110.9,Mid-Range,2PT Field Goal,B. Osei
8.4,3.130775526102688,10.48,1.1,198.0,1,-4.6,84.1,In The Paint (Non-RA),2PT Field Goal,A. Kowalski
2.2,32.47119229084849,2.61,13.4,677.0,1,-11.9,18.7,Restricted Area,2PT Field Goal,S. Whitfield
17.6,30.37815861846464,2.53,0.4,5.0,0,-89.1,152.0,Mid-Range,2PT Field Goal,L. Fitzgerald
17.0,42.50218316437942,5.28,5.0,598.0,0,-115.1,125.6,Mid-Range,2PT Field Goal,L. Fitzgerald
1.8,27.96223220437437,0.3,22.4,695.0,0,-8.6,16.2,Restricted Area,2PT Field Goal,M. Okafor
14.5,32.449950278337724,6.75,15.3,659.0,1,77.7,122.2,Mid-Range,2PT Field Goal,J. Carter
22.5,12.893444939239906,2.18,12.8,219.0,0,-50.2,219.3,Above the Break 3,3PT Field Goal,B. Osei
8.5,0.13513130490079556,7.54,16.3,92.0,1,-0.2,84.8,In The Paint (Non-RA),2PT Field Goal,J. Carter
11.1,46.939626963404095,7.08,13.7,371.0,0,-80.9,75.6,In The Paint (Non-RA),2PT Field Goal,J. Carter
20.9,18.157825085450387,1.6,16.4,131.0,0,65.2,198.8,Mid-Range,2PT Field Goal,R. Delgado
5.5,26.286015495896436,1.14,9.2,662.0,0,24.4,49.4,In The Paint (Non-RA),2PT Field Goal,T. Nwosu
0.3,21.161259816828277,7.15,20.7,516.0,1,-1.2,3.1,Restricted Area,2PT Field Goal,D. Reyes
25.3,6.467732225538732,1.35,3.5,325.0,0,28.5,251.4,Above the Break 3,3PT Field Goal,D. Reyes
1.6,33.593447416027594,4.28,15.6,664.0,1,-9.1,13.7,Restricted Area,2PT Field Goal,L. Fitzgerald
25.1,56.78543151226103,5.32,0.6,543.0,0,-209.7,137.3,Above the Break 3,3PT Field Goal,S. Whitfield
12.3,45.657032889994746,6.26,9.1,647.0,1,-88.2,86.2,In The Paint (Non-RA),2PT Field Goal,M. Okafor
27.7,67.24163589637224,4.34,1.5,495.0,0,-255.3,107.1,Above the Break 3,3PT Field Goal,M. Okafor
19.5,54.60205942189831,2.36,8.4,602.0,1,159.3,113.2,Mid-Range,2PT Field Goal,J. Carter
26.3,62.14915164055391,6.19,10.0,353.0,1,232.6,122.9,Above the Break 3,3PT Field Goal,L. Fitzgerald
11.1,46.09469059185303,5.34,6.4,429.0,0,-80.0,77.0,In The Paint (Non-RA),2PT Field Goal,A. Kowalski
2.8,43.38852332747545,6.81,18.0,4.0,1,19.0,20.1,Restricted Area,2PT Field Goal,B. Osei
27.6,10.580063441591285,1.81,15.8,463.0,0,50.6,270.9,Above the Break 3,3PT Field Goal,J. Carter
28.6,36.2054196896269,7.88,13.9,585.0,0,169.1,231.0,Above the Break 3,3PT Field Goal,B. Osei
6.0,13.851419013804989,5.47,0.2,354.0,0,14.4,58.4,In The Paint (Non-RA),2PT Field Goal,M. Okafor
25.3,1.6074833746925032,3.5,4.4,224.0,0,7.1,253.0,Above the Break 3,3PT Field Goal,R. Delgado
24.0,18.019495606765027,5.68,9.0,170.0,1,-74.2,228.1,Above the Break 3,3PT Field Goal,M. Okafor
27.0,16.257655245408326,4.03,5.0,246.0,0,-75.5,258.9,Above the Break 3,3PT Field Goal,M. Okafor
1.4,51.46407431937684,0.3,17.3,386.0,0,11.3,9.0,Restricted Area,2PT Field Goal,L. Fitzgerald
24.4,28.159394802685263,2.7,5.0,24.0,0,-115.3,215.4,Above the Break 3,3PT Field Goal,K. Albrecht
25.0,46.45635863433969,5.03,13.8,372.0,0,-181.5,172.5,Above the Break 3,3PT Field Goal,D. Reyes
28.1,66.90317808183916,4.89,8.0,139.0,1,258.4,110.2,Above the Break 3,3PT Field Goal,B. Osei
2.5,29.077331499516657,4.76,15.9,703.0,1,-11.9,21.4,Restricted Area,2PT Field Goal,K. Albrecht
14.5,53.97553104940058,2.44,20.6,427.0,0,-117.3,85.3,Mid-Range,2PT Field Goal,A. Kowalski
26.5,31.104659666447027,1.79,11.6,674.0,0,-136.9,226.9,Above the Break 3,3PT Field Goal,T. Nwosu
20.7,41.5875001504057,3.2,9.9,423.0,0,137.2,154.6,Mid-Range,2PT Field Goal,L. Fitzgerald
1.8,38.85337434035333,4.64,11.8,477.0,0,11.6,14.4,Restricted Area,2PT Field Goal,L. Fitzgerald
0.8,52.52382043863863,3.95,8.3,638.0,1,6.0,4.6,Restricted Area,2PT Field Goal,K. Albrecht
27.5,54.34356711408475,5.0,19.5,686.0,0,223.3,160.2,Above the Break 3,3PT Field Goal,R. Delgado
16.3,67.68878525904121,2.61,3.7,425.0,0,150.6,61.8,Mid-Range,2PT Field Goal,D. Reyes
0.9,23.19859051364819,2.83,7.3,678.0,1,-3.6,8.4,Restricted Area,2PT Field Goal,S. Whitfield
1.1,36.97276248956805,2.77,6.2,390.0,0,-6.7,8.9,Restricted Area,2PT Field Goal,J. Carter
20.8,60.712737538262566,3.52,17.6,539.0,1,181.5,101.8,Mid-Range,2PT Field Goal,L. Fitzgerald
1.7,56.50059992165246,2.78,4.5,288.0,1,13.9,9.2,Restricted Area,2PT Field Goal,M. Okafor
7.5,2.8318413671648006,4.05,18.6,329.0,1,3.7,74.8,In The Paint (Non-RA),2PT Field Goal,L. Fitzgerald
15.2,25.40175937514052,3.11,20.9,422.0,1,-65.2,137.3,Mid-Range,2PT Field Goal,M. Okafor
1.7,40.965072483869044,7.31,8.0,186.0,1,-11.2,12.9,Restricted Area,2PT Field Goal,S. Whitfield
3.4,65.16609454970907,2.52,23.2,188.0,1,30.9,14.3,Restricted Area,2PT Field Goal,L. Fitzgerald
23.1,18.913907455117556,1.98,5.7,505.0,0,74.8,218.3,Above the Break 3,3PT Field Goal,D. Reyes
0.7,15.037815903582251,5.17,15.0,188.0,0,1.8,6.7,Restricted Area,2PT Field Goal,L. Fitzgerald
0.2,43.02506598911802,8.05,7.5,41.0,1,-1.4,1.5,Restricted Area,2PT Field Goal,M. Okafor
25.6,43.01851178280015,3.82,4.9,117.0,1,-174.4,186.9,Above the Break 3,3PT Field Goal,K. Albrecht
14.2,10.897739732617891,1.37,16.2,182.0,0,-26.8,139.2,Mid-Range,2PT Field Goal,S. Whitfield
12.4,54.01676296156265,5.97,15.8,152.0,0,100.4,72.9,In The Paint (Non-RA),2PT Field Goal,D. Reyes
27.5,42.64347865421065,1.73,19.5,294.0,0,186.4,202.4,Above the Break 3,3PT Field Goal,M. Okafor
2.9,32.02657247468889,4.04,21.7,319.0,0,-15.2,24.3,Restricted Area,2PT Field Goal,R. Delgado
1.5,59.23728046576109,3.55,4.6,228.0,0,-12.6,7.5,Restricted Area,2PT Field Goal,D. Reyes
23.2,15.090501008321304,1.42,1.6,74.0,0,60.4,224.0,Above the Break 3,3PT Field Goal,K. Albrecht
20.9,32.45645301453581,6.07,1.1,647.0,0,112.0,176.1,Mid-Range,2PT Field Goal,J. Carter
1.9,58.25284954260891,4.97,4.8,587.0,0,16.0,9.9,Restricted Area,2PT Field Goal,A. Kowalski
21.1,18.89824691526381,3.81,6.6,677.0,1,68.4,199.8,Mid-Range,2PT Field Goal,J. Carter
4.0,33.491675730516675,4.83,14.8,284.0,0,-22.1,33.4,In The Paint (Non-RA),2PT Field Goal,L. Fitzgerald
3.8,4.490451921116328,1.42,5.7,404.0,1,3.0,38.2,Restricted Area,2PT Field Goal,A. Kowalski
17.9,28.16451770952666,3.46,15.1,351.0,0,84.7,158.2,Mid-Range,2PT Field Goal,T. Nwosu
25.9,41.283898643569884,4.93,15.3,393.0,0,-170.6,194.3,Above the Break 3,3PT Field Goal,R. Delgado
2.8,55.673981220222515,5.81,4.7,167.0,1,22.7,15.5,Restricted Area,2PT Field Goal,L. Fitzgerald
3.2,48.17279391954187,0.3,13.8,201.0,1,-23.8,21.3,Restricted Area,2PT Field Goal,T. Nwosu
2.2,66.73229518994306,5.24,12.1,466.0,0,-20.0,8.6,Restricted Area,2PT Field Goal,R. Delgado
3.2,28.482185747040432,1.7,17.8,260.0,0,-15.3,28.2,Restricted Area,2PT Field Goal,L. Fitzgerald
21.3,37.06353641878117,0.3,1.5,559.0,0,128.4,170.0,Mid-Range,2PT Field Goal,M. Okafor
26.2,9.300754139093998,6.05,7.6,200.0,0,42.4,258.9,Above the Break 3,3PT Field Goal,A. Kowalski
14.7,29.735224162445256,6.72,21.3,184.0,0,-73.0,127.8,Mid-Range,2PT Field Goal,J. Carter
22.5,22.884296089407957,1.75,2.0,692.0,0,-87.5,207.3,Above the Break 3,3PT Field Goal,B. Osei
15.2,1.0553292106684,6.05,5.5,445.0,1,2.8,152.0,Mid-Range,2PT Field Goal,J. Carter
21.8,42.2258864695412,4.31,15.9,451.0,1,146.3,161.2,Mid-Range,2PT Field Goal,D. Reyes
21.5,64.38780532622297,6.02,0.2,253.0,1,194.0,93.0,Mid-Range,2PT Field Goal,S. Whitfield
19.6,25.96223585034592,8.58,1.0,509.0,0,85.6,175.8,Mid-Range,2PT Field Goal,K. Albrecht
28.4,48.77228360937984,7.06,7.3,288.0,1,-213.4,187.0,Above the Break 3,3PT Field Goal,B. Osei
24.2,50.512499915877974,4.57,17.7,491.0,1,186.9,154.0,Above the Break 3,3PT Field Goal,K. Albrecht
1.3,42.78524487268077,1.49,17.7,180.0,0,8.7,9.4,Restricted Area,2PT Field Goal,K. Albrecht
16.7,28.424052352419533,2.5,20.2,65.0,0,79.4,146.7,Mid-Range,2PT Field Goal,T. Nwosu
1.2,43.2430116900918,3.43,5.1,621.0,1,7.9,8.4,Restricted Area,2PT Field Goal,R. Delgado
1.5,65.71853990448906,2.73,14.8,22.0,1,-13.3,6.0,Restricted Area,2PT Field Goal,T. Nwosu
25.3,24.56599233444966,5.03,0.4,536.0,0,105.0,229.7,Above the Break 3,3PT Field Goal,A. Kowalski
8.2,1.598860253566178,5.59,1.7,210.0,1,-2.3,82.4,In The Paint (Non-RA),2PT Field Goal,D. Reyes
19.7,67.19454603120586,8.5,1.6,541.0,0,181.7,76.4,Mid-Range,2PT Field Goal,A. Kowalski
4.0,61.1134182330893,6.9,5.6,74.0,1,34.8,19.2,Restricted Area,2PT Field Goal,A. Kowalski
12.5,3.8598894571127706,1.19,20.3,341.0,1,-8.4,124.5,In The Paint (Non-RA),2PT Field Goal,L. Fitzgerald
3.9,45.92239260579439,10.01,6.7,404.0,0,28.4,27.5,Restricted Area,2PT Field Goal,K. Albrecht
14.0,31.146271262355054,4.17,4.6,115.0,0,72.4,119.8,Mid-Range,2PT Field Goal,J. Carter
28.5,33.17204669135101,3.21,4.7,643.0,0,156.1,238.8,Above the Break 3,3PT Field Goal,B. Osei
16.8,19.930778968777307,0.3,1.6,661.0,0,-57.4,158.3,Mid-Range,2PT Field Goal,A. Kowalski
20.8,31.445222337911872,4.52,22.0,473.0,1,108.6,177.6,Mid-Range,2PT Field Goal,L. Fitzgerald
15.8,63.49972638663142,9.6,2.5,301.0,0,-141.6,70.6,Mid-Range,2PT Field Goal,D. Reyes
1.3,63.63458487744639,4.2,9.2,584.0,0,-11.5,5.7,Restricted Area,2PT Field Goal,D. Reyes
22.5,36.77821632741419,5.51,18.2,635.0,1,-134.7,180.2,Above the Break 3,3PT Field Goal,K. Albrecht
8.0,36.08015621633773,5.22,11.0,545.0,0,-47.0,64.5,In The Paint (Non-RA),2PT Field Goal,K. Albrecht
3.5,66.17181087794155,6.68,14.4,620.0,0,-31.7,14.0,Restricted Area,2PT Field Goal,J. Carter
15.0,52.05478867323343,2.52,15.5,461.0,1,118.5,92.4,Mid-Range,2PT Field Goal,M. Okafor
26.3,39.284815977156185,2.34,0.2,574.0,1,166.8,203.9,Above the Break 3,3PT Field Goal,R. Delgado
24.7,37.48231604984192,5.76,13.1,207.0,1,150.3,196.0,Above the Break 3,3PT Field Goal,R. Delgado
17.9,42.58112682361265,6.51,2.1,189.0,0,121.3,132.0,Mid-Range,2PT Field Goal,T. Nwosu
1.8,58.55567503991528,2.68,11.2,439.0,1,15.7,9.6,Restricted Area,2PT Field Goal,S. Whitfield
25.6,47.45516170193188,5.19,7.8,233.0,1,-188.5,173.0,Above the Break 3,3PT Field Goal,L. Fitzgerald
13.9,0.9048114598308108,6.6,21.8,219.0,0,-2.2,139.3,In The Paint (Non-RA),2PT Field Goal,B. Osei
19.4,17.313478108190903,5.12,20.0,75.0,0,-57.7,185.1,Mid-Range,2PT Field Goal,D. Reyes
16.5,16.313038773792307,3.26,16.7,641.0,1,-46.3,158.2,Mid-Range,2PT Field Goal,K. Albrecht
24.0,22.253036107187462,9.22,23.9,289.0,1,91.0,222.4,Above the Break 3,3PT Field Goal,T. Nwosu
3.4,18.92003790540727,7.7,22.9,184.0,1,-10.9,31.8,Restricted Area,2PT Field Goal,S. Whitfield
1.6,58.91687743330128,5.77,16.5,166.0,1,14.1,8.5,Restricted Area,2PT Field Goal,D. Reyes
3.2,49.669422514624266,3.91,22.5,469.0,1,-24.5,20.8,Restricted Area,2PT Field Goal,L. Fitzgerald
1.9,43.935145306541045,1.28,22.1,119.0,0,-13.2,13.7,Restricted Area,2PT Field Goal,J. Carter
20.5,51.81927869845585,3.21,14.3,683.0,1,161.5,127.0,Mid-Range,2PT Field Goal,A. Kowalski
1.7,33.123735596240394,4.35,10.8,334.0,0,-9.2,14.1,Restricted Area,2PT Field Goal,T. Nwosu
2.0,19.519282052210503,1.98,2.4,405.0,1,-6.7,18.9,Restricted Area,2PT Field Goal,T. Nwosu
21.3,6.2389835955919315,6.69,20.0,5.0,0,-23.1,211.3,Mid-Range,2PT Field Goal,R. Delgado
2.2,30.699722550814414,1.32,18.6,168.0,1,11.4,19.2,Restricted Area,2PT Field Goal,K. Albrecht
28.0,55.462978478365564,8.12,14.7,330.0,1,230.3,158.5,Above the Break 3,3PT Field Goal,A. Kowalski
1.3,22.285587646832766,3.31,23.8,574.0,0,5.0,12.2,Restricted Area,2PT Field Goal,D. Reyes
0.4,36.86989764584403,2.41,8.5,318.0,1,-2.1,2.8,Restricted Area,2PT Field Goal,M. Okafor
15.7,47.731211419784934,3.58,20.4,504.0,1,116.4,105.8,Mid-Range,2PT Field Goal,A. Kowalski
23.5,24.63372869088765,5.43,16.6,618.0,0,-97.9,213.5,Above the Break 3,3PT Field Goal,R. Delgado
4.0,56.627797615186246,6.71,12.4,610.0,0,-33.4,22.0,In The Paint (Non-RA),2PT Field Goal,M. Okafor
1.6,63.270306231514546,1.66,18.8,420.0,1,-13.9,7.0,Restricted Area,2PT Field Goal,D. Reyes
0.2,45.0,5.78,1.8,477.0,0,1.4,1.4,Restricted Area,2PT Field Goal,K. Albrecht
26.2,3.506654784321398,3.17,23.3,508.0,0,16.0,261.1,Above the Break 3,3PT Field Goal,T. Nwosu
26.5,35.142714239926676,1.07,20.7,493.0,0,-152.4,216.5,Above the Break 3,3PT Field Goal,S. Whitfield
0.2,59.53445508054013,1.51,6.0,502.0,0,-1.7,1.0,Restricted Area,2PT Field Goal,M. Okafor
0.2,63.43494882292201,7.06,17.9,197.0,1,1.8,0.9,Restricted Area,2PT Field Goal,M. Okafor
1.3,39.97592474146045,1.01,5.5,505.0,0,8.3,9.9,Restricted Area,2PT Field Goal,R. Delgado
3.7,34.58791295974137,2.73,18.1,214.0,1,21.1,30.6,Restricted Area,2PT Field Goal,M. Okafor
25.3,12.094757077012101,4.29,3.3,523.0,1,-53.1,247.8,Above the Break 3,3PT Field Goal,R. Delgado
17.1,40.58309973310003,7.76,13.0,75.0,0,-111.1,129.7,Mid-Range,2PT Field Goal,J. Carter
25.0,18.529101833062025,0.3,3.2,73.0,0,-79.5,237.2,Above the Break 3,3PT Field Goal,S. Whitfield
7.9,21.59952244480757,4.55,19.8,78.0,1,29.1,73.5,In The Paint (Non-RA),2PT Field Goal,T. Nwosu
13.8,17.23055318806702,4.59,0.9,610.0,0,41.0,132.2,In The Paint (Non-RA),2PT Field Goal,B. Osei
25.0,53.203364719103746,0.3,22.5,666.0,0,-200.4,149.9,Above the Break 3,3PT Field Goal,A. Kowalski
0.2,49.08561677997488,3.13,16.2,200.0,1,1.5,1.3,Restricted Area,2PT Field Goal,K. Albrecht
1.6,12.2647737278924,3.41,7.4,495.0,1,3.5,16.1,Restricted Area,2PT Field Goal,R. Delgado
0.2,8.530765609948133,5.5,17.7,129.0,1,0.3,2.0,Restricted Area,2PT Field Goal,D. Reyes
27.3,19.45514049076137,3.42,6.5,357.0,0,91.1,257.9,Above the Break 3,3PT Field Goal,R. Delgado
7.8,6.880473722707107,2.9,10.9,276.0,0,9.4,77.9,In The Paint (Non-RA),2PT Field Goal,S. Whitfield
20.7,62.15889140113674,4.66,9.7,56.0,1,182.9,96.6,Mid-Range,2PT Field Goal,S. Whitfield
18.0,37.696527449465,6.72,9.2,51.0,0,-110.2,142.6,Mid-Range,2PT Field Goal,J. Carter
26.3,26.370333899479206,1.06,18.7,27.0,0,116.9,235.8,Above the Break 3,3PT Field Goal,M. Okafor
20.0,15.921757404218361,4.28,13.7,687.0,0,54.8,192.1,Mid-Range,2PT Field Goal,J. Carter
3.4,65.47227951974192,3.63,10.2,328.0,0,30.9,14.1,Restricted Area,2PT Field Goal,A. Kowalski
2.5,23.8925023080266,4.03,20.2,21.0,1,10.1,22.8,Restricted Area,2PT Field Goal,K. Albrecht
8.2,37.27485741620241,6.35,21.6,316.0,0,-49.7,65.3,In The Paint (Non-RA),2PT Field Goal,T. Nwosu
2.4,16.878783887672633,2.73,3.7,89.0,0,-7.1,23.4,Restricted Area,2PT Field Goal,M. Okafor
25.4,54.43605901793566,0.63,19.5,696.0,0,206.3,147.5,Above the Break 3,3PT Field Goal,M. Okafor
23.5,56.046707161246246,3.64,14.3,513.0,0,-195.3,131.5,Above the Break 3,3PT Field Goal,M. Okafor
3.7,36.561028511092125,1.12,7.0,396.0,0,22.1,29.8,Restricted Area,2PT Field Goal,B. Osei
5.7,1.7961431524957263,8.02,21.5,323.0,1,1.8,57.4,In The Paint (Non-RA),2PT Field Goal,A. Kowalski
11.9,62.98142969696405,7.43,22.9,556.0,1,-105.7,53.9,In The Paint (Non-RA),2PT Field Goal,L. Fitzgerald
16.5,44.41086107720217,1.61,14.9,523.0,0,115.5,117.9,Mid-Range,2PT Field Goal,J. Carter
25.8,42.36035130926844,4.15,8.2,284.0,0,-173.8,190.6,Above the Break 3,3PT Field Goal,M. Okafor
4.0,23.555627483112886,0.3,4.2,714.0,0,-16.0,36.7,In The Paint (Non-RA),2PT Field Goal,R. Delgado
20.5,2.1479337923232396,3.72,13.5,97.0,1,7.7,205.3,Mid-Range,2PT Field Goal,D. Reyes
4.8,24.315111348804617,3.02,20.6,216.0,1,-19.7,43.6,In The Paint (Non-RA),2PT Field Goal,R. Delgado
26.5,46.99076303143324,8.65,11.5,448.0,1,193.5,180.5,Above the Break 3,3PT Field Goal,M. Okafor
3.3,63.66691427422022,5.31,3.1,564.0,1,29.7,14.7,Restricted Area,2PT Field Goal,K. Albrecht
20.7,57.577671315859675,4.71,5.8,254.0,1,174.6,110.9,Mid-Range,2PT Field Goal,B. Osei
1.3,1.2921668862499316,6.81,21.3,608.0,1,-0.3,13.3,Restricted Area,2PT Field Goal,B. Osei
20.2,38.588936046540084,3.21,7.9,213.0,0,126.0,157.9,Mid-Range,2PT Field Goal,L. Fitzgerald
25.4,24.621005872651658,5.78,1.1,274.0,0,-106.0,231.3,Above the Break 3,3PT Field Goal,L. Fitzgerald
28.1,3.7353793449927495,2.54,13.1,104.0,1,-18.3,280.3,Above the Break 3,3PT Field Goal,S. Whitfield
0.4,1.3971810272963767,2.76,11.9,149.0,0,0.1,4.1,Restricted Area,2PT Field Goal,D. Reyes
22.5,9.206950338479633,8.76,9.3,211.0,0,-36.0,222.1,Above the Break 3,3PT Field Goal,T. Nwosu
21.0,41.54983317161182,0.3,2.3,268.0,0,-139.5,157.4,Mid-Range,2PT Field Goal,J. Carter
17.1,54.742228796889954,5.61,6.1,453.0,0,139.9,98.9,Mid-Range,2PT Field Goal,D. Reyes
29.0,20.69709350603654,2.39,10.1,214.0,0,102.5,271.3,Above the Break 3,3PT Field Goal,D. Reyes
18.1,20.09378374395865,6.39,16.2,584.0,1,-62.3,170.3,Mid-Range,2PT Field Goal,T. Nwosu
0.8,26.56505117707799,2.35,17.8,692.0,1,-3.4,6.8,Restricted Area,2PT Field Goal,T. Nwosu
11.8,52.354572331893934,4.56,0.1,187.0,0,-93.6,72.2,In The Paint (Non-RA),2PT Field Goal,S. Whitfield
25.2,3.9170048991635777,0.96,8.7,438.0,0,-17.2,251.2,Above the Break 3,3PT Field Goal,M. Okafor
9.0,22.511944943022158,6.77,5.4,112.0,1,-34.4,83.0,In The Paint (Non-RA),2PT Field Goal,K. Albrecht
0.2,53.13010235415599,2.4,13.7,547.0,1,1.6,1.2,Restricted Area,2PT Field Goal,K. Albrecht
12.6,52.14891946787929,0.73,17.6,301.0,1,-99.6,77.4,In The Paint (Non-RA),2PT Field Goal,T. Nwosu
4.0,39.82392335925867,0.3,17.3,321.0,0,-25.6,30.7,In The Paint (Non-RA),2PT Field Goal,A. Kowalski
1.8,20.62987994612618,0.3,14.2,351.0,0,6.4,17.0,Restricted Area,2PT Field Goal,B. Osei
2.2,29.93833845545381,5.85,8.9,543.0,1,-11.0,19.1,Restricted Area,2PT Field Goal,A. Kowalski
10.2,21.61379436080031,1.11,3.5,349.0,0,-37.6,94.9,In The Paint (Non-RA),2PT Field Goal,R. Delgado
2.3,60.06848815949221,0.98,7.1,86.0,1,19.8,11.4,Restricted Area,2PT Field Goal,K. Albrecht
4.0,36.86989764584402,4.17,8.1,399.0,1,-24.0,32.0,In The Paint (Non-RA),2PT Field Goal,B. Osei
23.5,46.38201851138647,3.73,6.7,341.0,1,-169.8,161.8,Above the Break 3,3PT Field Goal,J. Carter
20.5,22.955906722503432,4.42,18.0,478.0,0,-79.8,188.4,Mid-Range,2PT Field Goal,S. Whitfield
22.5,15.43824303741211,3.41,12.0,10.0,0,-59.9,216.9,Above the Break 3,3PT Field Goal,S. Whitfield
1.4,0.4244054193614754,8.5,17.6,497.0,1,-0.1,13.5,Restricted Area,2PT Field Goal,S. Whitfield
19.8,30.025054024750197,1.36,1.9,512.0,0,99.0,171.3,Mid-Range,2PT Field Goal,J. Carter
3.5,48.352889896390096,2.5,21.4,187.0,1,-26.2,23.3,Restricted Area,2PT Field Goal,S. Whitfield
13.5,42.44250848315578,3.5,0.9,17.0,0,-90.9,99.4,In The Paint (Non-RA),2PT Field Goal,K. Albrecht
9.1,56.18832245148562,5.42,15.3,714.0,1,76.0,50.9,In The Paint (Non-RA),2PT Field Goal,T. Nwosu
18.3,24.54763866925127,7.66,23.0,717.0,0,76.0,166.4,Mid-Range,2PT Field Goal,M. Okafor
14.3,54.117171084861496,4.21,7.5,471.0,0,-115.7,83.7,Mid-Range,2PT Field Goal,A. Kowalski
27.1,11.833053315877974,6.06,6.9,281.0,0,55.5,264.9,Above the Break 3,3PT Field Goal,T. Nwosu
15.7,45.69524050345958,5.11,6.4,666.0,1,112.6,109.9,Mid-Range,2PT Field Goal,T. Nwosu
2.4,35.26301172959725,11.24,20.5,367.0,1,-14.0,19.8,Restricted Area,2PT Field Goal,S. Whitfield
26.5,1.5977341232991829,2.57,15.0,86.0,0,-7.4,265.3,Above the Break 3,3PT Field Goal,S. Whitfield
1.9,39.766138352783564,7.46,22.2,34.0,1,11.9,14.3,Restricted Area,2PT Field Goal,J. Carter
25.1,30.455134865761618,4.08,5.4,425.0,0,-127.3,216.5,Above the Break 3,3PT Field Goal,L. Fitzgerald
17.6,28.716812629658314,4.74,16.1,107.0,1,84.7,154.6,Mid-Range,2PT Field Goal,T. Nwosu
0.2,11.309932474020215,5.79,15.7,111.0,1,-0.4,2.0,Restricted Area,2PT Field Goal,S. Whitfield
25.4,11.871247848674152,7.15,21.8,155.0,0,52.3,248.8,Above the Break 3,3PT Field Goal,A. Kowalski
3.2,16.78537733133518,2.55,18.9,467.0,0,9.2,30.5,Restricted Area,2PT Field Goal,T. Nwosu
1.1,58.42580924971468,3.82,19.6,593.0,1,-9.6,5.9,Restricted Area,2PT Field Goal,L. Fitzgerald
1.5,21.729789799262363,1.9,5.7,434.0,1,5.5,13.8,Restricted Area,2PT Field Goal,M. Okafor
6.3,39.8874890218626,0.3,18.6,198.0,1,40.2,48.1,In The Paint (Non-RA),2PT Field Goal,R. Delgado
20.0,42.59131119322962,9.21,1.5,312.0,1,-135.5,147.4,Mid-Range,2PT Field Goal,A. Kowalski
2.3,57.264773727892404,4.53,13.0,28.0,1,-19.6,12.6,Restricted Area,2PT Field Goal,L. Fitzgerald
21.2,3.23970029610213,4.0,0.0,60.0,0,12.0,212.0,Mid-Range,2PT Field Goal,M. Okafor
25.8,1.109814290293008,2.19,18.9,713.0,0,5.0,258.1,Above the Break 3,3PT Field Goal,R. Delgado
24.7,6.450134871226008,3.57,2.1,402.0,0,-27.8,245.9,Above the Break 3,3PT Field Goal,R. Delgado
27.6,51.84627346024498,5.02,19.9,607.0,0,216.9,170.4,Above the Break 3,3PT Field Goal,L. Fitzgerald
2.2,59.53445508054013,7.06,6.1,405.0,1,-18.7,11.0,Restricted Area,2PT Field Goal,R. Delgado
13.2,17.901280138648684,4.84,14.8,8.0,0,40.7,126.0,In The Paint (Non-RA),2PT Field Goal,M. Okafor
26.6,46.9172618085257,4.47,3.0,623.0,0,194.5,181.9,Above the Break 3,3PT Field Goal,A. Kowalski
25.3,41.26478033992049,1.56,11.8,216.0,0,166.8,190.1,Above the Break 3,3PT Field Goal,J. Carter
22.6,30.157686117278036,2.66,21.7,369.0,0,113.3,195.0,Above the Break 3,3PT Field Goal,D. Reyes
12.9,40.42358175676972,4.17,12.6,149.0,1,-83.9,98.5,In The Paint (Non-RA),2PT Field Goal,J. Carter
3.4,39.33629374197943,0.3,20.7,338.0,0,-21.8,26.6,Restricted Area,2PT Field Goal,K. Albrecht
1.2,10.850104629797375,2.91,19.0,433.0,1,-2.3,12.0,Restricted Area,2PT Field Goal,L. Fitzgerald
28.0,38.30793194851865,4.22,1.6,456.0,0,173.4,219.5,Above the Break 3,3PT Field Goal,D. Reyes
24.6,56.65162711941516,7.96,14.2,18.0,1,-205.9,135.5,Above the Break 3,3PT Field Goal,B. Osei
21.9,60.167465870602264,0.3,12.0,489.0,0,-189.9,108.9,Mid-Range,2PT Field Goal,M. Okafor
12.4,54.05414770692869,0.89,2.8,641.0,1,100.4,72.8,In The Paint (Non-RA),2PT Field Goal,J. Carter
17.1,17.618160050575018,6.02,13.7,371.0,1,-51.7,162.8,Mid-Range,2PT Field Goal,D. Reyes
10.0,14.66187016210273,0.3,19.2,295.0,0,25.3,96.7,In The Paint (Non-RA),2PT Field Goal,J. Carter
21.7,58.57043438516149,9.46,12.7,273.0,1,185.4,113.3,Mid-Range,2PT Field Goal,L. Fitzgerald
2.3,55.32095436249771,4.63,10.1,298.0,1,-18.5,12.8,Restricted Area,2PT Field Goal,T. Nwosu
2.4,13.514332786558018,6.3,16.8,696.0,1,-5.6,23.3,Restricted Area,2PT Field Goal,D. Reyes
6.6,45.85509739626673,5.55,20.7,382.0,0,47.6,46.2,In The Paint (Non-RA),2PT Field Goal,A. Kowalski
2.1,43.05191499348505,0.3,11.6,272.0,0,-14.2,15.2,Restricted Area,2PT Field Goal,J. Carter
2.9,53.44752724790847,5.56,20.0,512.0,1,23.2,17.2,Restricted Area,2PT Field Goal,B. Osei
23.6,29.546512397060184,1.85,14.0,292.0,0,116.6,205.7,Above the Break 3,3PT Field Goal,D. Reyes
17.1,14.989862359681792,3.62,3.8,182.0,0,-44.1,164.7,Mid-Range,2PT Field Goal,T. Nwosu
4.2,42.37537550382237,4.15,3.4,314.0,0,28.1,30.8,In The Paint (Non-RA),2PT Field Goal,S. Whitfield
27.8,9.638303966185191,4.65,21.2,146.0,0,-46.6,274.4,Above the Break 3,3PT Field Goal,T. Nwosu
1.7,49.43447050610121,6.02,9.4,127.0,1,13.2,11.3,Restricted Area,2PT Field Goal,L. Fitzgerald
3.5,67.56700907787462,4.23,3.7,593.0,1,32.7,13.5,Restricted Area,2PT Field Goal,S. Whitfield
26.4,11.97806213646801,6.83,0.7,434.0,1,54.8,258.3,Above the Break 3,3PT Field Goal,R. Delgado
22.5,23.579798782849927,4.88,15.8,180.0,1,90.0,206.2,Above the Break 3,3PT Field Goal,S. Whitfield
22.5,40.08247030439308,2.82,15.9,11.0,1,-145.0,172.3,Above the Break 3,3PT Field Goal,M. Okafor
1.2,45.690277197865086,5.21,7.8,40.0,0,-8.4,8.2,Restricted Area,2PT Field Goal,D. Reyes
15.5,13.397651333281445,3.11,8.7,394.0,0,-35.8,150.3,Mid-Range,2PT Field Goal,L. Fitzgerald
0.3,28.44292862436335,6.07,14.7,365.0,1,-1.3,2.4,Restricted Area,2PT Field Goal,A. Kowalski
2.0,4.882759563833057,3.24,20.6,456.0,1,-1.7,19.9,Restricted Area,2PT Field Goal,B. Osei
24.8,43.77417181550498,3.33,1.5,209.0,0,-171.5,179.0,Above the Break 3,3PT Field Goal,R. Delgado
3.5,22.833654177917545,6.47,4.8,297.0,0,13.6,32.3,Restricted Area,2PT Field Goal,A. Kowalski
1.4,5.267697128044231,0.3,0.9,285.0,1,1.3,14.1,Restricted Area,2PT Field Goal,L. Fitzgerald
1.3,43.09084756700362,5.24,17.3,90.0,1,-8.7,9.3,Restricted Area,2PT Field Goal,M. Okafor
23.2,57.02780145311442,2.95,21.8,105.0,0,-195.0,126.5,Above the Break 3,3PT Field Goal,K. Albrecht
21.4,11.330908412864558,5.81,10.1,437.0,1,42.1,210.1,Mid-Range,2PT Field Goal,T. Nwosu
1.6,65.96571184055743,5.63,1.3,221.0,1,14.8,6.6,Restricted Area,2PT Field Goal,A. Kowalski
12.1,62.75867445920335,1.89,16.3,223.0,0,107.8,55.5,In The Paint (Non-RA),2PT Field Goal,B. Osei
25.2,67.29630296471669,5.24,0.5,437.0,0,232.8,97.4,Above the Break 3,3PT Field Goal,M. Okafor
2.3,10.713123022791038,7.98,20.3,552.0,1,-4.2,22.2,Restricted Area,2PT Field Goal,J. Carter
1.8,55.44319406349695,3.21,14.4,679.0,1,15.1,10.4,Restricted Area,2PT Field Goal,A. Kowalski
14.8,54.26490605123937,5.96,11.5,328.0,0,-120.5,86.7,Mid-Range,2PT Field Goal,M. Okafor
2.4,68.06757905101803,9.88,23.2,444.0,1,-22.6,9.1,Restricted Area,2PT Field Goal,D. Reyes
17.8,52.435330190464924,0.3,12.5,366.0,1,-141.2,108.6,Mid-Range,2PT Field Goal,S. Whitfield
0.2,66.03751102542182,3.62,17.7,236.0,0,-1.8,0.8,Restricted Area,2PT Field Goal,T. Nwosu
3.9,52.07353767496138,8.55,13.1,269.0,0,-30.8,24.0,Restricted Area,2PT Field Goal,M. Okafor
20.2,1.928994962790763,3.77,23.6,31.0,0,-6.8,201.9,Mid-Range,2PT Field Goal,B. Osei
29.0,45.82424232961289,3.81,17.5,46.0,0,208.0,202.1,Above the Break 3,3PT Field Goal,D. Reyes
2.8,32.02729363895163,1.67,11.0,114.0,0,14.7,23.5,Restricted Area,2PT Field Goal,J. Carter
1.0,4.044485574181102,0.3,2.1,538.0,1,0.7,9.9,Restricted Area,2PT Field Goal,K. Albrecht
29.0,59.40221579066578,5.94,5.4,80.0,1,-249.6,147.6,Above the Break 3,3PT Field Goal,B. Osei
3.7,19.839213314228253,5.67,22.4,676.0,1,12.7,35.2,Restricted Area,2PT Field Goal,K. Albrecht
2.6,17.602623170032786,7.19,19.6,252.0,1,7.9,24.9,Restricted Area,2PT Field Goal,T. Nwosu
3.9,42.06432655357883,5.51,19.4,259.0,1,25.9,28.7,Restricted Area,2PT Field Goal,D. Reyes
0.6,6.76617482255306,1.73,19.6,104.0,0,0.7,5.9,Restricted Area,2PT Field Goal,A. Kowalski
4.0,22.33338843776335,0.3,14.5,59.0,1,-15.2,37.0,In The Paint (Non-RA),2PT Field Goal,A. Kowalski
25.4,28.973643914579576,4.73,17.1,409.0,0,-123.2,222.5,Above the Break 3,3PT Field Goal,L. Fitzgerald
2.1,1.357465844530609,7.6,17.5,328.0,1,-0.5,21.1,Restricted Area,2PT Field Goal,J. Carter
27.0,30.952817352002835,5.11,5.0,602.0,1,-138.6,231.1,Above the Break 3,3PT Field Goal,R. Delgado
19.0,64.37855869349173,5.41,17.8,610.0,0,171.4,82.2,Mid-Range,2PT Field Goal,B. Osei
0.2,55.4914770123316,8.29,4.1,595.0,0,-1.6,1.1,Restricted Area,2PT Field Goal,B. Osei
3.0,23.12283589118061,2.93,22.4,467.0,1,11.7,27.4,Restricted Area,2PT Field Goal,S. Whitfield
20.8,14.15643021988701,3.71,1.7,33.0,0,-50.9,201.8,Mid-Range,2PT Field Goal,M. Okafor
18.2,12.763890458870652,6.39,1.3,69.0,1,-40.3,177.9,Mid-Range,2PT Field Goal,J. Carter
1.7,4.109997961274774,3.13,11.6,11.0,1,1.2,16.7,Restricted Area,2PT Field Goal,L. Fitzgerald
0.8,24.973910905883404,2.37,9.9,181.0,0,-3.4,7.3,Restricted Area,2PT Field Goal,T. Nwosu
27.1,30.31878954661304,3.12,6.7,372.0,1,136.9,234.1,Above the Break 3,3PT Field Goal,B. Osei
25.3,15.124007308310569,5.7,6.6,580.0,0,66.0,244.2,Above the Break 3,3PT Field Goal,K. Albrecht
17.6,2.611452620269525,2.3,21.4,8.0,0,-8.0,175.4,Mid-Range,2PT Field Goal,A. Kowalski
22.9,8.73282037607963,3.3,8.8,450.0,1,-34.7,225.9,Above the Break 3,3PT Field Goal,R. Delgado
1.8,9.356707987528639,4.82,18.7,719.0,0,2.9,17.6,Restricted Area,2PT Field Goal,A. Kowalski
0.2,30.46554491945988,2.06,4.6,145.0,1,1.0,1.7,Restricted Area,2PT Field Goal,R. Delgado
27.4,44.88192540256763,2.8,20.6,448.0,0,-193.7,194.5,Above the Break 3,3PT Field Goal,B. Osei
10.6,49.439760773968686,4.59,7.8,311.0,1,-80.5,68.9,In The Paint (Non-RA),2PT Field Goal,R. Delgado
8.4,46.58980274103369,4.69,21.8,703.0,0,-61.1,57.8,In The Paint (Non-RA),2PT Field Goal,M. Okafor
25.2,14.692631210252477,2.27,6.8,657.0,0,-63.9,243.7,Above the Break 3,3PT Field Goal,L. Fitzgerald
26.3,2.54625332853982,2.79,22.2,461.0,0,11.7,263.1,Above the Break 3,3PT Field Goal,K. Albrecht
26.8,9.711921828328244,6.29,0.5,145.0,0,-45.2,264.1,Above the Break 3,3PT Field Goal,T. Nwosu
24.1,36.974686551310555,3.0,13.3,490.0,0,144.7,192.2,Above the Break 3,3PT Field Goal,K. Albrecht
9.1,20.974469482708304,4.05,11.2,589.0,1,32.7,85.3,In The Paint (Non-RA),2PT Field Goal,T. Nwosu
28.6,21.577817335473043,3.79,12.6,561.0,0,105.0,265.5,Above the Break 3,3PT Field Goal,S. Whitfield
2.8,3.305830231549703,2.54,21.8,465.0,0,1.6,27.7,Restricted Area,2PT Field Goal,R. Delgado
1.8,64.4400348281762,5.79,14.4,518.0,0,16.1,7.7,Restricted Area,2PT Field Goal,A. Kowalski
1.7,64.17900802581072,3.43,17.7,392.0,1,-15.5,7.5,Restricted Area,2PT Field Goal,S. Whitfield
16.7,3.9487270855454826,0.3,5.1,227.0,0,-11.5,166.6,Mid-Range,2PT Field Goal,L. Fitzgerald
25.7,19.353298203995312,7.97,22.1,168.0,0,-85.0,242.0,Above the Break 3,3PT Field Goal,B. Osei
25.9,66.75787828403558,3.51,13.6,609.0,0,238.2,102.3,Above the Break 3,3PT Field Goal,J. Carter
3.8,25.55405412474759,4.44,19.1,142.0,0,-16.4,34.3,Restricted Area,2PT Field Goal,D. Reyes
19.0,11.82492354532243,4.83,23.6,330.0,0,-38.9,185.8,Mid-Range,2PT Field Goal,T. Nwosu
2.1,34.29715240384075,3.07,17.9,300.0,0,11.8,17.3,Restricted Area,2PT Field Goal,D. Reyes
24.7,10.433279614578012,1.51,5.0,387.0,0,-44.8,243.3,Above the Break 3,3PT Field Goal,L. Fitzgerald
11.9,47.42142831965216,1.87,3.7,75.0,1,-87.5,80.4,In The Paint (Non-RA),2PT Field Goal,A. Kowalski
1.2,38.078882361565,2.67,5.8,424.0,1,-7.6,9.7,Restricted Area,2PT Field Goal,A. Kowalski
0.9,1.952509049399608,5.69,11.6,416.0,1,0.3,8.8,Restricted Area,2PT Field Goal,S. Whitfield
2.0,16.782644145270705,3.31,23.1,398.0,1,-5.7,18.9,Restricted Area,2PT Field Goal,L. Fitzgerald
3.4,10.44188102427467,5.2,12.6,454.0,1,6.1,33.1,Restricted Area,2PT Field Goal,R. Delgado
1.3,35.23822522495776,0.3,3.3,447.0,0,-7.7,10.9,Restricted Area,2PT Field Goal,B. Osei
6.3,64.97762314747773,1.71,6.5,164.0,0,57.2,26.7,In The Paint (Non-RA),2PT Field Goal,J. Carter
18.5,22.54845354399613,4.32,18.8,521.0,0,-71.0,171.0,Mid-Range,2PT Field Goal,L. Fitzgerald
26.8,16.76477424382161,1.41,4.4,236.0,0,-77.3,256.6,Above the Break 3,3PT Field Goal,M. Okafor
27.3,15.962664935265986,5.8,2.2,660.0,0,75.2,262.9,Above the Break 3,3PT Field Goal,A. Kowalski
18.1,46.704461486953804,3.56,20.1,314.0,1,131.5,123.9,Mid-Range,2PT Field Goal,D. Reyes
0.8,49.23639479905884,3.36,6.1,305.0,1,5.8,5.0,Restricted Area,2PT Field Goal,S. Whitfield
3.2,6.479018215871657,1.68,22.5,661.0,0,3.6,31.7,Restricted Area,2PT Field Goal,A. Kowalski
19.4,48.420314665740406,3.61,19.5,695.0,0,145.4,129.0,Mid-Range,2PT Field Goal,A. Kowalski
2.1,21.600548680760834,0.54,21.0,577.0,1,7.8,19.7,Restricted Area,2PT Field Goal,T. Nwosu
2.0,21.48544331706342,6.21,11.5,243.0,1,-7.4,18.8,Restricted Area,2PT Field Goal,T. Nwosu
18.0,1.9049224012939778,4.78,6.6,95.0,1,-6.0,180.4,Mid-Range,2PT Field Goal,J. Carter
4.0,23.292734003543437,3.32,10.4,341.0,0,-15.8,36.7,In The Paint (Non-RA),2PT Field Goal,J. Carter
24.5,39.35356047471909,1.48,14.9,592.0,0,155.4,189.5,Above the Break 3,3PT Field Goal,R. Delgado
19.6,11.390420170742718,5.07,5.0,114.0,1,38.6,191.6,Mid-Range,2PT Field Goal,S. Whitfield
18.0,3.502883377815577,2.05,6.3,214.0,1,11.0,179.7,Mid-Range,2PT Field Goal,D. Reyes
26.6,22.18188055076038,6.45,4.3,498.0,1,-100.3,246.0,Above the Break 3,3PT Field Goal,B. Osei
0.6,31.675468738109213,5.64,5.5,490.0,0,2.9,4.7,Restricted Area,2PT Field Goal,A. Kowalski
2.3,32.16439051359856,2.36,18.0,432.0,0,-12.2,19.4,Restricted Area,2PT Field Goal,A. Kowalski
4.2,25.77355515915825,3.55,5.7,529.0,0,-18.3,37.9,In The Paint (Non-RA),2PT Field Goal,J. Carter
24.7,67.34272293172783,8.21,4.3,691.0,0,-228.3,95.3,Above the Break 3,3PT Field Goal,S. Whitfield
0.2,53.13010235415599,5.52,6.6,83.0,1,-1.6,1.2,Restricted Area,2PT Field Goal,D. Reyes
20.2,23.634248992293873,6.35,18.0,577.0,0,-81.0,185.1,Mid-Range,2PT Field Goal,K. Albrecht
23.3,23.770205220230164,2.81,5.9,248.0,0,-93.9,213.2,Above the Break 3,3PT Field Goal,A. Kowalski
1.7,9.968356170473838,5.85,18.4,719.0,1,-2.9,16.5,Restricted Area,2PT Field Goal,B. Osei
24.9,20.63139894909989,0.99,3.7,199.0,0,87.8,233.2,Above the Break 3,3PT Field Goal,S. Whitfield
15.6,31.60510041101606,5.58,8.5,631.0,0,-81.9,133.1,Mid-Range,2PT Field Goal,M. Okafor
2.8,45.0,6.3,4.4,193.0,0,-19.6,19.6,Restricted Area,2PT Field Goal,D. Reyes
16.9,17.017875973179482,3.52,17.3,649.0,1,49.4,161.4,Mid-Range,2PT Field Goal,M. Okafor
26.6,29.309677771579302,5.09,1.1,45.0,0,130.3,232.1,Above the Break 3,3PT Field Goal,R. Delgado
4.9,55.95665579929216,3.17,22.5,597.0,0,41.0,27.7,In The Paint (Non-RA),2PT Field Goal,A. Kowalski
13.9,0.08249926553869615,3.4,11.3,463.0,0,0.2,138.9,In The Paint (Non-RA),2PT Field Goal,L. Fitzgerald
16.4,59.95681846414889,4.62,4.0,102.0,0,-142.3,82.3,Mid-Range,2PT Field Goal,T. Nwosu
3.4,22.017852308130557,5.08,15.7,563.0,1,-12.9,31.9,Restricted Area,2PT Field Goal,J. Carter
26.5,24.747974728721445,4.41,3.9,73.0,0,111.0,240.8,Above the Break 3,3PT Field Goal,J. Carter
0.5,13.172553423326892,5.15,4.3,506.0,1,-1.1,4.7,Restricted Area,2PT Field Goal,D. Reyes
27.5,48.66099337344109,1.67,7.8,317.0,1,-206.2,181.4,Above the Break 3,3PT Field Goal,R. Delgado
24.3,61.790243054975896,0.62,12.9,611.0,0,214.2,114.9,Above the Break 3,3PT Field Goal,K. Albrecht
25.0,47.22317428611584,5.09,9.8,626.0,0,183.3,169.6,Above the Break 3,3PT Field Goal,T. Nwosu
25.6,32.89090270777994,0.3,2.7,265.0,1,-139.3,215.4,Above the Break 3,3PT Field Goal,T. Nwosu
21.0,50.86780911021826,0.3,2.3,671.0,0,-163.1,132.7,Mid-Range,2PT Field Goal,B. Osei
3.1,2.9737310824801084,0.89,4.0,247.0,0,-1.6,30.8,Restricted Area,2PT Field Goal,L. Fitzgerald
18.6,34.4483998599972,5.79,7.1,441.0,0,-105.5,153.8,Mid-Range,2PT Field Goal,M. Okafor
21.5,1.1441667517210647,5.58,9.9,294.0,1,4.3,215.3,Mid-Range,2PT Field Goal,B. Osei
3.0,32.42755499577247,11.23,9.6,26.0,1,16.2,25.5,Restricted Area,2PT Field Goal,L. Fitzgerald
26.6,29.28861663000723,3.34,14.0,312.0,1,-130.3,232.3,Above the Break 3,3PT Field Goal,B. Osei
1.9,17.1916629752594,3.25,3.9,572.0,0,-5.6,18.1,Restricted Area,2PT Field Goal,R. Delgado
6.1,16.11341823308929,3.75,4.9,571.0,1,16.9,58.5,In The Paint (Non-RA),2PT Field Goal,T. Nwosu
4.0,4.157045141295533,0.8,5.1,320.0,0,2.9,39.9,In The Paint (Non-RA),2PT Field Goal,S. Whitfield
2.1,66.06594565311872,6.38,5.5,356.0,1,-18.7,8.3,Restricted Area,2PT Field Goal,R. Delgado
25.3,23.27290406408198,1.9,0.6,540.0,0,-100.0,232.5,Above the Break 3,3PT Field Goal,S. Whitfield
23.8,49.92331039587214,2.18,16.8,138.0,1,-182.2,153.3,Above the Break 3,3PT Field Goal,R. Delgado
1.0,48.81407483429036,4.48,3.2,324.0,1,7.2,6.3,Restricted Area,2PT Field Goal,D. Reyes
22.7,4.872533067048501,2.84,14.7,290.0,0,-19.3,226.4,Above the Break 3,3PT Field Goal,J. Carter
27.6,39.80557109226519,5.21,22.0,93.0,0,177.0,212.4,Above the Break 3,3PT Field Goal,R. Delgado
27.4,31.762015333687074,5.76,2.7,514.0,0,-144.5,233.4,Above the Break 3,3PT Field Goal,L. Fitzgerald
18.5,60.00492038286022,5.86,8.7,580.0,1,-159.9,92.3,Mid-Range,2PT Field Goal,D. Reyes
2.6,53.0412028451807,3.98,19.5,7.0,0,20.6,15.5,Restricted Area,2PT Field Goal,L. Fitzgerald
21.5,52.0314723022001,2.02,8.2,549.0,1,169.4,132.2,Mid-Range,2PT Field Goal,R. Delgado
0.2,11.309932474020215,4.0,21.8,209.0,0,0.4,2.0,Restricted Area,2PT Field Goal,M. Okafor
24.3,50.254756107882294,1.46,3.6,87.0,0,-187.0,155.5,Above the Break 3,3PT Field Goal,J. Carter
28.2,58.90379209044169,0.47,3.3,687.0,0,-241.4,145.6,Above the Break 3,3PT Field Goal,T. Nwosu
4.0,22.76382389011243,0.34,4.5,617.0,0,15.4,36.7,Restricted Area,2PT Field Goal,T. Nwosu
25.4,3.8590762227064577,6.37,23.7,638.0,0,17.1,253.5,Above the Break 3,3PT Field Goal,S. Whitfield
26.3,21.393516628906347,0.75,13.0,203.0,1,-96.1,245.3,Above the Break 3,3PT Field Goal,S. Whitfield
3.3,10.21086769107792,6.72,6.4,171.0,1,5.8,32.2,Restricted Area,2PT Field Goal,L. Fitzgerald
1.6,60.80251395393553,3.87,17.5,617.0,0,-13.6,7.6,Restricted Area,2PT Field Goal,L. Fitzgerald
2.8,39.80557109226519,3.2,17.8,13.0,1,-18.0,21.6,Restricted Area,2PT Field Goal,A. Kowalski
27.8,64.77145423566866,4.16,20.9,423.0,1,251.5,118.5,Above the Break 3,3PT Field Goal,D. Reyes
2.7,7.2036472869752615,7.78,8.1,219.0,0,-3.4,26.9,Restricted Area,2PT Field Goal,R. Delgado
4.0,8.474156237717084,0.69,22.1,568.0,1,-5.9,39.6,In The Paint (Non-RA),2PT Field Goal,D. Reyes
24.7,65.48295409428317,5.08,6.7,419.0,0,224.3,102.3,Above the Break 3,3PT Field Goal,R. Delgado
1.3,7.125016348901798,2.91,12.0,679.0,1,-1.6,12.8,Restricted Area,2PT Field Goal,A. Kowalski
0.5,61.18920625702693,1.55,22.4,111.0,1,-4.0,2.2,Restricted Area,2PT Field Goal,R. Delgado
0.2,23.962488974578186,0.3,6.9,632.0,1,0.8,1.8,Restricted Area,2PT Field Goal,R. Delgado
1.7,1.363927531602919,1.75,3.0,633.0,0,0.4,16.8,Restricted Area,2PT Field Goal,D. Reyes
19.9,33.219263221287086,1.75,6.4,351.0,0,-109.1,166.6,Mid-Range,2PT Field Goal,B. Osei
0.2,2.862405226111748,4.07,8.4,564.0,1,0.1,2.0,Restricted Area,2PT Field Goal,M. Okafor
24.1,28.445539267251828,6.05,22.0,224.0,1,-114.9,212.1,Above the Break 3,3PT Field Goal,T. Nwosu
1.8,28.237445538167258,4.98,16.0,220.0,1,8.7,16.2,Restricted Area,2PT Field Goal,T. Nwosu
2.6,64.73918083589484,3.42,17.0,581.0,0,23.1,10.9,Restricted Area,2PT Field Goal,B. Osei
1.5,58.84069549165563,8.05,21.1,209.0,1,-12.9,7.8,Restricted Area,2PT Field Goal,T. Nwosu
22.5,33.3227919186417,2.59,5.4,89.0,0,123.6,188.0,Above the Break 3,3PT Field Goal,L. Fitzgerald
26.1,49.51072741106256,4.14,5.3,404.0,1,198.3,169.3,Above the Break 3,3PT Field Goal,B. Osei
0.9,27.728257422319125,3.26,1.8,414.0,1,4.1,7.8,Restricted Area,2PT Field Goal,A. Kowalski
3.5,8.313889308454542,5.61,16.2,71.0,1,5.1,34.9,Restricted Area,2PT Field Goal,M. Okafor
1.8,29.271046920855895,5.17,23.4,68.0,1,-8.8,15.7,Restricted Area,2PT Field Goal,D. Reyes
26.3,15.344789357996735,4.02,12.4,293.0,0,-69.7,254.0,Above the Break 3,3PT Field Goal,T. Nwosu
27.1,49.10267099817512,5.5,15.8,113.0,0,-204.7,177.3,Above the Break 3,3PT Field Goal,R. Delgado
21.2,59.956093424302566,4.74,3.5,206.0,0,-183.1,105.9,Mid-Range,2PT Field Goal,B. Osei
13.8,27.3091103799667,2.53,21.8,549.0,0,63.2,122.4,In The Paint (Non-RA),2PT Field Goal,T. Nwosu
4.3,52.782210724010014,6.3,7.2,186.0,1,-34.1,25.9,In The Paint (Non-RA),2PT Field Goal,B. Osei
16.4,61.21371847436644,2.91,11.2,85.0,1,-143.6,78.9,Mid-Range,2PT Field Goal,A. Kowalski
2.3,34.36970088604921,2.6,13.7,444.0,1,-13.2,19.3,Restricted Area,2PT Field Goal,B. Osei
26.6,66.50744260015716,5.78,2.4,680.0,0,-244.1,106.1,Above the Break 3,3PT Field Goal,J. Carter
25.7,13.468870063948028,2.95,10.1,432.0,0,59.9,250.1,Above the Break 3,3PT Field Goal,D. Reyes
22.0,3.2102165445168116,4.17,6.4,154.0,0,12.3,219.3,Mid-Range,2PT Field Goal,R. Delgado
3.2,8.38139802136493,10.11,20.7,474.0,1,-4.7,31.9,Restricted Area,2PT Field Goal,L. Fitzgerald
0.4,57.03059609653788,6.14,18.4,587.0,1,-3.7,2.4,Restricted Area,2PT Field Goal,J. Carter
27.6,2.097276623000479,2.9,14.5,251.0,1,10.1,275.8,Above the Break 3,3PT Field Goal,D. Reyes
23.7,25.731756134023676,2.87,3.5,466.0,0,102.8,213.3,Above the Break 3,3PT Field Goal,R. Delgado
26.2,22.00826719972247,6.42,18.1,453.0,0,-98.3,243.2,Above the Break 3,3PT Field Goal,R. Delgado
26.5,31.268360373943487,4.96,21.1,213.0,1,-137.3,226.1,Above the Break 3,3PT Field Goal,A. Kowalski
10.7,10.639346802306083,1.99,10.5,74.0,1,-19.8,105.4,In The Paint (Non-RA),2PT Field Goal,J. Carter
25.3,29.938646611595136,5.67,1.2,214.0,1,-126.3,219.3,Above the Break 3,3PT Field Goal,L. Fitzgerald
16.4,16.43488642170054,0.38,15.9,10.0,0,-46.4,157.3,Mid-Range,2PT Field Goal,B. Osei
9.3,10.315903160931578,7.16,11.5,486.0,1,16.6,91.2,In The Paint (Non-RA),2PT Field Goal,S. Whitfield
20.0,62.242794311442076,7.09,0.8,205.0,0,-176.9,93.1,Mid-Range,2PT Field Goal,M. Okafor
0.9,28.810793742973065,7.98,8.0,132.0,0,-4.4,8.0,Restricted Area,2PT Field Goal,B. Osei
8.9,52.080096107605186,1.12,17.8,409.0,1,-70.6,55.0,In The Paint (Non-RA),2PT Field Goal,B. Osei
28.6,36.72588844951807,5.59,11.7,226.0,0,-171.3,229.6,Above the Break 3,3PT Field Goal,T. Nwosu
4.0,42.061733162935916,8.77,22.2,216.0,1,26.8,29.7,In The Paint (Non-RA),2PT Field Goal,J. Carter
19.0,15.098783199103037,5.17,17.7,511.0,1,-49.4,183.1,Mid-Range,2PT Field Goal,A. Kowalski
16.8,6.479231536072903,3.76,16.5,277.0,0,-19.0,167.3,Mid-Range,2PT Field Goal,D. Reyes
26.3,26.80844724699616,7.26,18.8,373.0,0,-118.7,234.9,Above the Break 3,3PT Field Goal,B. Osei
4.0,61.32096373061937,0.85,15.2,238.0,1,35.1,19.2,In The Paint (Non-RA),2PT Field Goal,J. Carter
14.8,50.06086102269838,3.96,12.2,367.0,1,113.7,95.2,Mid-Range,2PT Field Goal,J. Carter
9.7,60.07159665447143,5.19,11.7,304.0,0,-83.9,48.3,In The Paint (Non-RA),2PT Field Goal,R. Delgado
1.9,33.34749594591361,3.1,7.5,608.0,1,-10.2,15.5,Restricted Area,2PT Field Goal,T. Nwosu
0.8,9.833563964207116,4.31,14.8,160.0,0,-1.3,7.5,Restricted Area,2PT Field Goal,D. Reyes
14.4,35.393940198807,6.31,23.2,411.0,0,83.2,117.1,Mid-Range,2PT Field Goal,L. Fitzgerald
1.7,24.79813245343772,6.1,1.0,665.0,0,-7.3,15.8,Restricted Area,2PT Field Goal,M. Okafor
14.1,43.24512828160463,4.05,20.7,271.0,1,-96.5,102.6,Mid-Range,2PT Field Goal,A. Kowalski
10.2,48.78757355055901,1.38,5.8,319.0,0,-76.5,67.0,In The Paint (Non-RA),2PT Field Goal,D. Reyes
12.3,47.00207447204853,0.62,9.5,282.0,0,90.3,84.2,In The Paint (Non-RA),2PT Field Goal,A. Kowalski
28.0,14.453655465550137,2.04,22.3,334.0,0,-69.8,270.8,Above the Break 3,3PT Field Goal,B. Osei
1.3,22.750976342787638,2.94,10.7,349.0,1,-5.2,12.4,Restricted Area,2PT Field Goal,T. Nwosu
18.4,9.124690272605974,2.39,0.5,225.0,1,-29.2,181.8,Mid-Range,2PT Field Goal,M. Okafor
12.3,66.58127737179363,10.72,10.8,665.0,0,112.9,48.9,In The Paint (Non-RA),2PT Field Goal,M. Okafor
0.5,27.050597007086125,3.7,11.4,522.0,1,2.4,4.7,Restricted Area,2PT Field Goal,T. Nwosu
12.1,36.26401641552444,3.85,7.7,62.0,1,-71.6,97.6,In The Paint (Non-RA),2PT Field Goal,D. Reyes
27.1,41.729937773394354,5.64,13.1,360.0,0,-180.7,202.6,Above the Break 3,3PT Field Goal,M. Okafor
1.5,52.092517328273075,1.13,12.8,630.0,1,-12.2,9.5,Restricted Area,2PT Field Goal,R. Delgado
18.5,55.33031909571438,2.81,10.0,90.0,0,152.1,105.2,Mid-Range,2PT Field Goal,J. Carter
2.0,6.527841007885003,5.54,6.0,715.0,0,-2.3,20.1,Restricted Area,2PT Field Goal,S. Whitfield
4.6,27.067143500152746,2.5,15.0,221.0,1,20.9,40.9,In The Paint (Non-RA),2PT Field Goal,K. Albrecht
14.9,51.33417391382269,6.5,18.6,636.0,1,116.1,92.9,Mid-Range,2PT Field Goal,K. Albrecht
2.0,59.27758904771319,2.68,14.5,84.0,1,-17.5,10.4,Restricted Area,2PT Field Goal,B. Osei
25.2,39.20303138092999,4.7,18.1,75.0,1,-159.3,195.3,Above the Break 3,3PT Field Goal,K. Albrecht
2.7,12.139046513833454,7.54,3.2,199.0,0,-5.7,26.5,Restricted Area,2PT Field Goal,R. Delgado
0.2,36.86989764584402,6.72,3.4,43.0,0,1.2,1.6,Restricted Area,2PT Field Goal,J. Carter
0.2,8.530765609948133,4.5,9.8,336.0,1,-0.3,2.0,Restricted Area,2PT Field Goal,T. Nwosu
29.0,26.653402347625438,4.5,8.0,171.0,0,-130.1,259.2,Above the Break 3,3PT Field Goal,A. Kowalski
27.5,58.243890354285234,5.88,7.1,397.0,1,-234.1,144.9,Above the Break 3,3PT Field Goal,T. Nwosu
12.8,11.063500533343296,3.23,6.5,169.0,0,-24.5,125.3,In The Paint (Non-RA),2PT Field Goal,D. Reyes
3.0,42.184443315788776,1.65,5.6,357.0,0,-20.3,22.4,Restricted Area,2PT Field Goal,D. Reyes
25.6,62.933686200790184,6.48,23.9,535.0,0,227.6,116.3,Above the Break 3,3PT Field Goal,J. Carter
1.5,50.68370633538448,6.82,18.6,198.0,1,11.6,9.5,Restricted Area,2PT Field Goal,K. Albrecht
25.3,12.735039216813204,4.84,8.5,606.0,1,-55.8,246.9,Above the Break 3,3PT Field Goal,M. Okafor
3.6,56.4889812021592,3.65,0.1,662.0,0,-29.6,19.6,Restricted Area,2PT Field Goal,B. Osei
2.4,16.269646992259613,1.57,5.0,38.0,1,-6.8,23.3,Restricted Area,2PT Field Goal,B. Osei
0.3,65.09523119190482,2.75,0.6,173.0,0,2.8,1.3,Restricted Area,2PT Field Goal,B. Osei
9.2,18.23873116702809,3.38,18.2,532.0,0,28.9,87.7,In The Paint (Non-RA),2PT Field Goal,M. Okafor
2.7,1.6908972629503483,4.8,9.3,686.0,1,-0.8,27.1,Restricted Area,2PT Field Goal,D. Reyes
0.8,14.560275619356876,6.14,8.8,612.0,0,-2.0,7.7,Restricted Area,2PT Field Goal,D. Reyes
23.7,41.09251688391511,4.32,16.3,184.0,0,-155.5,178.3,Above the Break 3,3PT Field Goal,L. Fitzgerald
25.3,48.54731676329275,5.11,20.5,216.0,0,-189.3,167.2,Above the Break 3,3PT Field Goal,A. Kowalski
2.4,10.693872565620984,1.21,23.9,624.0,1,-4.4,23.3,Restricted Area,2PT Field Goal,D. Reyes
25.1,64.2313813589997,4.47,9.5,173.0,0,226.0,109.1,Above the Break 3,3PT Field Goal,M. Okafor
12.7,60.4455066363579,6.88,12.8,436.0,1,110.4,62.6,In The Paint (Non-RA),2PT Field Goal,M. Okafor
25.9,48.8182354456775,2.63,22.5,310.0,0,195.0,170.6,Above the Break 3,3PT Field Goal,D. Reyes
3.6,21.383635164761746,0.3,6.3,528.0,1,-13.0,33.2,Restricted Area,2PT Field Goal,A. Kowalski
4.0,12.124775820080849,5.76,11.7,366.0,1,8.4,39.1,In The Paint (Non-RA),2PT Field Goal,T. Nwosu
14.3,43.13047511296157,7.63,20.3,165.0,0,-97.8,104.4,Mid-Range,2PT Field Goal,B. Osei
13.1,33.78717892368814,5.87,19.9,55.0,0,-72.8,108.8,In The Paint (Non-RA),2PT Field Goal,A. Kowalski
2.0,43.96589245511656,3.06,16.7,607.0,0,-13.6,14.1,Restricted Area,2PT Field Goal,J. Carter
14.2,17.16817243518199,5.57,18.2,337.0,1,-41.8,135.3,Mid-Range,2PT Field Goal,J. Carter
18.6,60.58696592224882,0.3,22.5,430.0,1,-162.3,91.5,Mid-Range,2PT Field Goal,J. Carter
2.9,48.758555685472,4.35,2.4,240.0,0,21.9,19.2,Restricted Area,2PT Field Goal,T. Nwosu
24.8,58.06817976550658,2.46,19.8,399.0,0,210.2,131.0,Above the Break 3,3PT Field Goal,M. Okafor
26.6,41.04589254617194,6.78,23.5,71.0,0,-174.4,200.3,Above the Break 3,3PT Field Goal,B. Osei
25.4,23.16004743363188,1.89,9.8,607.0,1,-99.8,233.3,Above the Break 3,3PT Field Goal,B. Osei
20.0,38.08816460032271,8.89,15.1,426.0,0,-123.6,157.7,Mid-Range,2PT Field Goal,L. Fitzgerald
2.4,26.247332920673305,9.74,14.4,467.0,0,10.7,21.7,Restricted Area,2PT Field Goal,T. Nwosu
22.7,66.1709357969892,8.67,19.0,678.0,1,207.4,91.6,Above the Break 3,3PT Field Goal,L. Fitzgerald
3.0,58.35534096290744,6.47,21.1,143.0,0,25.8,15.9,Restricted Area,2PT Field Goal,J. Carter
0.2,60.94539590092286,2.49,12.3,469.0,0,-1.8,1.0,Restricted Area,2PT Field Goal,K. Albrecht
4.8,58.525235081244695,3.51,18.4,104.0,0,41.0,25.1,In The Paint (Non-RA),2PT Field Goal,B. Osei
1.6,5.128191041852838,6.44,11.4,395.0,0,-1.4,15.6,Restricted Area,2PT Field Goal,L. Fitzgerald
2.4,47.02136494035602,5.08,22.8,186.0,0,-17.6,16.4,Restricted Area,2PT Field Goal,S. Whitfield
21.2,26.456215931107323,2.73,6.0,685.0,0,-94.4,189.7,Mid-Range,2PT Field Goal,L. Fitzgerald
24.6,2.6078468159798476,3.66,7.5,152.0,0,11.2,245.9,Above the Break 3,3PT Field Goal,J. Carter
2.6,17.05459474947756,2.3,8.0,241.0,1,-7.7,25.1,Restricted Area,2PT Field Goal,M. Okafor
8.1,13.641579770176595,5.09,12.3,169.0,1,19.1,78.7,In The Paint (Non-RA),2PT Field Goal,J. Carter
1.1,56.309932474020215,4.03,4.5,444.0,0,-9.3,6.2,Restricted Area,2PT Field Goal,L. Fitzgerald
17.8,16.05622789575653,7.15,11.7,408.0,1,49.1,170.6,Mid-Range,2PT Field Goal,A. Kowalski
19.9,21.84409187310243,5.85,7.9,270.0,0,-74.2,185.1,Mid-Range,2PT Field Goal,D. Reyes
9.1,47.32636180357506,3.36,7.7,415.0,0,66.6,61.4,In The Paint (Non-RA),2PT Field Goal,D. Reyes
3.1,14.353542800602014,7.38,3.2,431.0,1,7.6,29.7,Restricted Area,2PT Field Goal,M. Okafor
23.9,60.45426799586298,0.3,21.0,442.0,0,-208.0,117.9,Above the Break 3,3PT Field Goal,R. Delgado
10.0,65.48035731180924,0.87,20.3,550.0,0,91.2,41.6,In The Paint (Non-RA),2PT Field Goal,K. Albrecht
15.9,39.28433733680902,2.81,6.3,557.0,0,-100.7,123.1,Mid-Range,2PT Field Goal,R. Delgado
14.4,9.03680150459348,5.41,17.8,292.0,0,22.6,142.1,Mid-Range,2PT Field Goal,A. Kowalski
23.2,14.813858210295052,8.55,16.5,177.0,1,-59.4,224.6,Above the Break 3,3PT Field Goal,J. Carter
13.4,10.067487254006593,6.02,9.8,413.0,0,23.4,131.8,In The Paint (Non-RA),2PT Field Goal,T. Nwosu
25.1,49.14088600351986,4.86,2.0,34.0,0,-189.6,164.0,Above the Break 3,3PT Field Goal,K. Albrecht
3.4,33.03794860233377,4.16,4.0,688.0,1,-18.6,28.6,Restricted Area,2PT Field Goal,J. Carter
4.4,36.685582814453966,0.3,6.8,111.0,0,-26.0,34.9,In The Paint (Non-RA),2PT Field Goal,S. Whitfield
2.1,11.047350538264435,2.81,22.4,70.0,0,-4.1,21.0,Restricted Area,2PT Field Goal,S. Whitfield
1.8,17.72006532229095,6.67,9.3,443.0,1,-5.4,16.9,Restricted Area,2PT Field Goal,B. Osei
27.2,14.072024572793344,4.93,7.6,123.0,1,-66.1,263.7,Above the Break 3,3PT Field Goal,S. Whitfield
23.5,14.361414661813384,2.82,11.9,557.0,1,-58.3,227.7,Above the Break 3,3PT Field Goal,T. Nwosu
10.0,16.753983664662105,4.11,8.7,216.0,0,-28.9,96.0,In The Paint (Non-RA),2PT Field Goal,B. Osei
1.6,42.225722688699214,2.67,19.2,366.0,0,10.8,11.9,Restricted Area,2PT Field Goal,T. Nwosu
2.2,4.913798762374737,0.3,19.1,230.0,1,-1.9,22.1,Restricted Area,2PT Field Goal,L. Fitzgerald
22.5,14.62301672800548,3.66,16.0,31.0,1,56.8,217.7,Above the Break 3,3PT Field Goal,B. Osei
8.9,8.965947228179965,2.7,2.1,370.0,1,13.9,88.1,In The Paint (Non-RA),2PT Field Goal,J. Carter
3.5,7.206057001383274,1.31,7.5,554.0,0,4.4,34.8,Restricted Area,2PT Field Goal,D. Reyes
25.2,52.85769974964329,3.71,8.7,570.0,1,201.2,152.4,Above the Break 3,3PT Field Goal,M. Okafor
5.3,60.987080709510714,3.44,17.4,654.0,1,46.7,25.9,In The Paint (Non-RA),2PT Field Goal,L. Fitzgerald
10.8,63.26962757661158,4.53,14.3,336.0,1,-96.9,48.8,In The Paint (Non-RA),2PT Field Goal,R. Delgado
29.0,12.972403960776493,4.21,8.6,177.0,1,-65.1,282.6,Above the Break 3,3PT Field Goal,R. Delgado
24.5,66.51544033225457,4.57,23.8,412.0,0,224.4,97.5,Above the Break 3,3PT Field Goal,R. Delgado
3.9,39.80557109226519,3.62,17.5,343.0,1,-25.0,30.0,Restricted Area,2PT Field Goal,J. Carter
26.0,0.7046012750752727,2.44,14.8,281.0,0,3.2,260.2,Above the Break 3,3PT Field Goal,L. Fitzgerald
11.3,17.760155924257848,3.91,2.2,228.0,1,-34.4,107.4,In The Paint (Non-RA),2PT Field Goal,D. Reyes
1.5,14.604447446790127,4.13,3.3,28.0,0,3.7,14.2,Restricted Area,2PT Field Goal,S. Whitfield
24.8,37.85470913690087,6.36,15.1,514.0,0,152.1,195.7,Above the Break 3,3PT Field Goal,L. Fitzgerald
5.1,20.12584608587236,4.25,14.8,107.0,0,17.7,48.3,In The Paint (Non-RA),2PT Field Goal,K. Albrecht
18.6,35.85984234350174,2.56,7.3,670.0,0,-109.0,150.8,Mid-Range,2PT Field Goal,M. Okafor
27.1,18.44832943442866,6.02,9.0,432.0,1,85.7,256.9,Above the Break 3,3PT Field Goal,A. Kowalski
0.9,29.981639368849336,4.07,0.9,490.0,0,4.5,7.8,Restricted Area,2PT Field Goal,D. Reyes
28.1,52.34823393358447,6.04,18.6,290.0,1,-222.8,171.9,Above the Break 3,3PT Field Goal,D. Reyes
16.6,16.29608529197695,9.1,4.9,696.0,0,46.6,159.4,Mid-Range,2PT Field Goal,S. Whitfield
1.1,64.62843824690405,6.0,4.4,453.0,0,-9.7,4.6,Restricted Area,2PT Field Goal,M. Okafor
17.2,11.93666167370918,1.21,8.3,705.0,1,-35.6,168.4,Mid-Range,2PT Field Goal,B. Osei
3.3,20.823204378686302,2.01,5.2,532.0,1,-11.6,30.5,Restricted Area,2PT Field Goal,D. Reyes
25.2,47.11872065426065,5.33,22.2,524.0,1,-185.0,171.8,Above the Break 3,3PT Field Goal,S. Whitfield
14.9,23.0422792614826,0.33,23.1,45.0,0,58.4,137.3,Mid-Range,2PT Field Goal,S. Whitfield
2.3,24.688981566838475,3.05,15.6,262.0,1,9.7,21.1,Restricted Area,2PT Field Goal,T. Nwosu
27.7,20.367006913853515,4.63,20.9,317.0,0,96.3,259.4,Above the Break 3,3PT Field Goal,D. Reyes
23.6,20.82633316658779,2.98,9.1,643.0,1,83.8,220.3,Above the Break 3,3PT Field Goal,M. Okafor
25.9,28.642225942240803,2.15,0.7,492.0,0,124.2,227.4,Above the Break 3,3PT Field Goal,J. Carter
2.4,7.125016348901798,4.0,22.6,170.0,1,3.0,24.0,Restricted Area,2PT Field Goal,K. Albrecht
2.6,63.5317321422092,3.24,5.8,702.0,1,23.7,11.8,Restricted Area,2PT Field Goal,T. Nwosu
23.2,13.258872182180678,2.92,2.9,24.0,0,53.3,226.2,Above the Break 3,3PT Field Goal,A. Kowalski
25.9,4.987962135683414,5.31,2.7,623.0,0,22.5,257.8,Above the Break 3,3PT Field Goal,D. Reyes
2.5,35.77607771789466,2.6,0.7,115.0,1,14.7,20.4,Restricted Area,2PT Field Goal,L. Fitzgerald
5.0,33.690067525979785,3.57,5.9,388.0,1,-28.0,42.0,In The Paint (Non-RA),2PT Field Goal,A. Kowalski
8.9,61.9047299334585,6.98,10.7,311.0,1,78.3,41.8,In The Paint (Non-RA),2PT Field Goal,T. Nwosu
1.9,15.281607734694827,6.12,8.7,710.0,1,5.0,18.3,Restricted Area,2PT Field Goal,A. Kowalski
24.4,20.86071953122197,4.18,18.3,651.0,1,-87.0,228.3,Above the Break 3,3PT Field Goal,R. Delgado
19.5,30.2944555171944,3.68,12.5,19.0,1,-98.5,168.6,Mid-Range,2PT Field Goal,K. Albrecht
26.0,20.67481418369393,4.73,12.4,606.0,1,-91.7,243.0,Above the Break 3,3PT Field Goal,M. Okafor
21.1,66.85498029245143,4.65,6.9,411.0,0,193.7,82.8,Mid-Range,2PT Field Goal,S. Whitfield
0.8,22.90576965841719,1.16,17.1,233.0,0,-3.0,7.1,Restricted Area,2PT Field Goal,R. Delgado
1.3,50.64824737373527,2.35,7.1,479.0,1,-10.0,8.2,Restricted Area,2PT Field Goal,B. Osei
2.2,50.361568980631745,6.68,17.5,182.0,1,16.9,14.0,Restricted Area,2PT Field Goal,M. Okafor
13.6,44.67157547060275,1.92,5.8,441.0,1,-95.4,96.5,In The Paint (Non-RA),2PT Field Goal,S. Whitfield
19.9,21.443915780691754,7.93,6.3,480.0,1,-72.9,185.6,Mid-Range,2PT Field Goal,L. Fitzgerald
23.5,22.32181336066557,5.73,18.2,54.0,1,-89.3,217.5,Above the Break 3,3PT Field Goal,M. Okafor
26.0,45.68689196730833,4.08,16.4,358.0,0,-185.7,181.3,Above the Break 3,3PT Field Goal,T. Nwosu
25.7,43.04784847271793,3.06,12.5,263.0,1,-175.7,188.1,Above the Break 3,3PT Field Goal,M. Okafor
12.3,47.601067672946115,4.43,22.7,134.0,1,90.9,83.0,In The Paint (Non-RA),2PT Field Goal,A. Kowalski
2.5,60.5070281768928,6.0,23.1,681.0,1,22.1,12.5,Restricted Area,2PT Field Goal,S. Whitfield
15.1,66.40757886809274,5.23,3.7,157.0,0,-138.3,60.4,Mid-Range,2PT Field Goal,S. Whitfield
1.6,14.123186920939592,7.24,11.2,263.0,0,-3.9,15.5,Restricted Area,2PT Field Goal,J. Carter
24.5,49.08679461489121,5.27,9.2,615.0,1,185.2,160.5,Above the Break 3,3PT Field Goal,T. Nwosu
24.1,28.437699555472,2.69,20.0,246.0,1,-114.7,211.8,Above the Break 3,3PT Field Goal,A. Kowalski
1.5,64.6006904292232,5.48,9.6,148.0,0,-13.9,6.6,Restricted Area,2PT Field Goal,S. Whitfield
23.4,49.87148905899007,5.92,0.7,300.0,0,178.9,150.8,Above the Break 3,3PT Field Goal,M. Okafor
3.7,35.94832919863406,3.97,21.2,128.0,1,21.9,30.2,Restricted Area,2PT Field Goal,D. Reyes
1.5,63.43494882292201,2.11,0.3,49.0,1,-13.2,6.6,Restricted Area,2PT Field Goal,S. Whitfield
24.8,33.446774807714945,2.42,9.4,271.0,0,136.8,207.1,Above the Break 3,3PT Field Goal,S. Whitfield
16.2,10.038754199337616,5.5,2.4,638.0,0,-28.2,159.3,Mid-Range,2PT Field Goal,T. Nwosu
26.3,14.554791037686293,2.16,13.6,688.0,1,66.0,254.2,Above the Break 3,3PT Field Goal,A. Kowalski
25.3,46.505750365723046,8.28,22.1,274.0,0,-183.5,174.1,Above the Break 3,3PT Field Goal,K. Albrecht
2.3,22.25939956791261,5.93,12.1,319.0,0,-8.8,21.5,Restricted Area,2PT Field Goal,R. Delgado
25.8,62.05543143897334,0.3,20.1,55.0,0,228.1,121.0,Above the Break 3,3PT Field Goal,R. Delgado
1.7,7.253194612725333,1.71,11.7,164.0,1,-2.1,16.5,Restricted Area,2PT Field Goal,B. Osei
1.0,14.596575525494176,4.36,20.1,132.0,0,-2.5,9.6,Restricted Area,2PT Field Goal,B. Osei
0.2,49.08561677997488,1.31,21.9,577.0,1,1.5,1.3,Restricted Area,2PT Field Goal,K. Albrecht
1.4,14.13606179814707,3.85,13.9,698.0,1,3.4,13.5,Restricted Area,2PT Field Goal,R. Delgado
15.6,0.2207918917235838,6.26,18.7,248.0,0,-0.6,155.7,Mid-Range,2PT Field Goal,J. Carter
21.9,61.73995610977041,5.66,6.8,54.0,1,-193.1,103.8,Mid-Range,2PT Field Goal,S. Whitfield
27.8,28.16692645140147,1.69,10.9,135.0,0,131.4,245.4,Above the Break 3,3PT Field Goal,R. Delgado
1.0,32.005383208083494,5.93,15.3,169.0,1,-5.5,8.8,Restricted Area,2PT Field Goal,R. Delgado
25.0,24.62443427413722,6.49,6.0,55.0,1,-104.0,226.9,Above the Break 3,3PT Field Goal,D. Reyes
3.1,34.46081627137177,2.55,14.6,550.0,1,-17.5,25.5,Restricted Area,2PT Field Goal,R. Delgado
0.6,12.724355685422367,5.64,22.3,482.0,1,-1.4,6.2,Restricted Area,2PT Field Goal,B. Osei
17.1,50.310160481233716,2.77,18.7,516.0,0,131.7,109.3,Mid-Range,2PT Field Goal,T. Nwosu
10.6,6.256964899156255,1.14,16.8,393.0,0,11.6,105.8,In The Paint (Non-RA),2PT Field Goal,J. Carter
26.1,41.111488251166264,6.92,0.4,564.0,0,171.4,196.4,Above the Break 3,3PT Field Goal,B. Osei
1.5,61.270731215544814,6.82,2.0,528.0,1,13.5,7.4,Restricted Area,2PT Field Goal,D. Reyes
2.9,28.898697600841576,2.04,1.9,533.0,0,13.8,25.0,Restricted Area,2PT Field Goal,R. Delgado
27.0,49.109103030742304,0.3,19.2,231.0,0,-204.4,177.0,Above the Break 3,3PT Field Goal,M. Okafor
26.5,38.095219508019056,6.52,17.5,284.0,0,-163.3,208.3,Above the Break 3,3PT Field Goal,R. Delgado
1.9,63.838433557980764,2.78,18.1,666.0,1,-17.1,8.4,Restricted Area,2PT Field Goal,J. Carter
2.7,45.6095065766752,5.03,7.2,346.0,1,19.0,18.6,Restricted Area,2PT Field Goal,R. Delgado
8.0,43.88068668708183,1.14,17.6,268.0,1,-55.2,57.4,In The Paint (Non-RA),2PT Field Goal,D. Reyes
3.1,43.288221820947406,5.32,1.4,50.0,0,21.1,22.4,Restricted Area,2PT Field Goal,D. Reyes
0.2,36.86989764584402,6.67,15.3,445.0,0,-1.2,1.6,Restricted Area,2PT Field Goal,J. Carter
26.2,52.0905400532956,4.5,23.6,175.0,0,207.0,161.2,Above the Break 3,3PT Field Goal,T. Nwosu
25.7,58.55034099363505,6.03,0.4,618.0,0,-219.1,134.0,Above the Break 3,3PT Field Goal,T. Nwosu
1.5,36.05461816646104,4.9,12.3,521.0,0,9.1,12.5,Restricted Area,2PT Field Goal,L. Fitzgerald
0.9,58.134022306396325,6.41,23.7,328.0,0,7.4,4.6,Restricted Area,2PT Field Goal,M. Okafor
3.7,3.0940580589171116,2.93,22.7,719.0,0,-2.0,37.0,Restricted Area,2PT Field Goal,B. Osei
15.2,23.778517607584742,2.86,15.9,74.0,0,-61.2,138.9,Mid-Range,2PT Field Goal,D. Reyes
1.9,13.017112189077494,0.3,9.8,565.0,0,4.3,18.6,Restricted Area,2PT Field Goal,D. Reyes
29.0,59.56150501815016,3.14,4.7,248.0,0,250.0,146.9,Above the Break 3,3PT Field Goal,B. Osei
2.7,51.104684876928886,3.46,4.2,684.0,0,-20.7,16.7,Restricted Area,2PT Field Goal,J. Carter
20.5,23.440652922384285,1.52,5.7,193.0,1,81.6,188.2,Mid-Range,2PT Field Goal,D. Reyes
25.4,11.650527166831901,6.5,10.7,147.0,0,-51.3,248.8,Above the Break 3,3PT Field Goal,K. Albrecht
24.8,52.77030748592844,3.53,18.0,416.0,1,197.8,150.3,Above the Break 3,3PT Field Goal,M. Okafor
15.7,47.58147000713316,11.04,15.3,512.0,0,-115.9,105.9,Mid-Range,2PT Field Goal,K. Albrecht
26.6,36.33600788624125,5.53,11.8,165.0,1,157.7,214.4,Above the Break 3,3PT Field Goal,S. Whitfield
14.6,5.609274446445807,2.28,21.5,410.0,1,14.3,145.6,Mid-Range,2PT Field Goal,B. Osei
4.0,15.53178625183401,4.14,12.6,509.0,0,10.7,38.5,In The Paint (Non-RA),2PT Field Goal,T. Nwosu
13.5,0.21204854892479477,5.85,16.8,560.0,0,-0.5,135.1,In The Paint (Non-RA),2PT Field Goal,M. Okafor
17.0,14.11811791850397,6.65,14.3,168.0,0,-41.4,164.6,Mid-Range,2PT Field Goal,J. Carter
14.3,39.12302198831559,7.62,18.3,396.0,0,-90.2,110.9,Mid-Range,2PT Field Goal,L. Fitzgerald
28.5,22.073942252392882,3.12,23.2,181.0,0,107.1,264.1,Above the Break 3,3PT Field Goal,B. Osei
17.7,5.4234229129751235,6.47,20.2,672.0,1,-16.7,175.9,Mid-Range,2PT Field Goal,B. Osei
8.7,58.237865243479284,4.06,7.7,706.0,0,74.3,46.0,In The Paint (Non-RA),2PT Field Goal,S. Whitfield
5.4,44.849617721928404,6.36,18.1,679.0,0,-38.0,38.2,In The Paint (Non-RA),2PT Field Goal,S. Whitfield
10.0,57.854648623319136,3.89,1.8,337.0,1,-84.5,53.1,In The Paint (Non-RA),2PT Field Goal,T. Nwosu
1.6,23.710561919348187,4.07,1.4,64.0,0,6.5,14.8,Restricted Area,2PT Field Goal,L. Fitzgerald
2.1,41.589055044644276,4.95,23.9,626.0,0,14.2,16.0,Restricted Area,2PT Field Goal,R. Delgado
17.5,20.694088592050058,2.69,23.7,222.0,1,61.8,163.6,Mid-Range,2PT Field Goal,D. Reyes
28.1,3.9171344420436505,4.17,19.5,348.0,0,-19.2,280.4,Above the Break 3,3PT Field Goal,L. Fitzgerald
4.9,55.98786852762818,5.07,0.3,358.0,0,-40.9,27.6,In The Paint (Non-RA),2PT Field Goal,R. Delgado
25.6,57.42070583061615,0.3,21.0,511.0,0,-215.8,137.9,Above the Break 3,3PT Field Goal,M. Okafor
12.7,8.315815083229566,2.97,15.1,157.0,0,-18.3,125.2,In The Paint (Non-RA),2PT Field Goal,T. Nwosu
2.6,54.25340506823141,3.08,13.0,595.0,0,20.7,14.9,Restricted Area,2PT Field Goal,J. Carter
1.7,44.29268063145574,6.5,17.2,425.0,1,-12.0,12.3,Restricted Area,2PT Field Goal,R. Delgado
27.0,26.45138801751137,4.51,15.0,299.0,0,120.5,242.2,Above the Break 3,3PT Field Goal,R. Delgado
26.4,36.527565720268534,4.14,21.1,86.0,0,157.4,212.5,Above the Break 3,3PT Field Goal,S. Whitfield
25.7,42.22266873506164,2.49,21.2,479.0,0,172.6,190.2,Above the Break 3,3PT Field Goal,S. Whitfield
3.6,26.993156132981277,5.18,21.7,402.0,0,16.3,32.0,Restricted Area,2PT Field Goal,B. Osei
26.7,15.565432544620903,3.48,4.8,294.0,1,71.7,257.4,Above the Break 3,3PT Field Goal,L. Fitzgerald
9.0,26.16756453455898,6.41,21.0,541.0,1,39.8,81.0,In The Paint (Non-RA),2PT Field Goal,M. Okafor
26.7,2.214161886624771,3.54,5.8,7.0,1,-10.3,266.4,Above the Break 3,3PT Field Goal,D. Reyes
3.1,5.075452378478987,4.07,3.1,145.0,0,2.7,30.4,Restricted Area,2PT Field Goal,K. Albrecht
25.8,52.90802680146252,5.56,9.7,378.0,0,205.8,155.6,Above the Break 3,3PT Field Goal,J. Carter
11.4,41.93478499978334,5.24,3.8,532.0,1,76.0,84.6,In The Paint (Non-RA),2PT Field Goal,M. Okafor
28.7,55.6222608535994,0.6,10.7,602.0,0,-236.5,161.8,Above the Break 3,3PT Field Goal,J. Carter
16.5,22.478328236910322,4.64,11.8,239.0,0,-63.1,152.5,Mid-Range,2PT Field Goal,B. Osei
3.3,31.89409339107296,4.05,2.4,430.0,0,-17.3,27.8,Restricted Area,2PT Field Goal,B. Osei
18.5,65.43524955963356,0.3,0.8,709.0,0,-167.8,76.7,Mid-Range,2PT Field Goal,D. Reyes
20.3,63.05634786080769,1.36,18.6,504.0,0,-181.0,92.0,Mid-Range,2PT Field Goal,M. Okafor
2.1,10.669782804496677,6.36,13.2,585.0,1,-3.9,20.7,Restricted Area,2PT Field Goal,L. Fitzgerald
1.6,37.504142360270144,4.97,10.7,615.0,1,-9.9,12.9,Restricted Area,2PT Field Goal,R. Delgado
12.5,66.59091895824945,3.09,18.6,282.0,0,114.8,49.7,In The Paint (Non-RA),2PT Field Goal,B. Osei
16.7,28.648729742009756,6.33,5.7,272.0,1,-80.2,146.8,Mid-Range,2PT Field Goal,S. Whitfield
11.9,27.01771721756466,0.3,3.3,649.0,0,-54.0,105.9,In The Paint (Non-RA),2PT Field Goal,R. Delgado
1.6,64.70445359967344,7.35,17.8,601.0,1,-14.6,6.9,Restricted Area,2PT Field Goal,D. Reyes
1.6,26.72509483768399,2.86,1.2,252.0,0,7.2,14.3,Restricted Area,2PT Field Goal,K. Albrecht
16.2,66.41525620207595,7.62,20.7,539.0,1,148.2,64.7,Mid-Range,2PT Field Goal,J. Carter
19.1,38.38806646860867,3.25,9.8,219.0,1,118.6,149.7,Mid-Range,2PT Field Goal,M. Okafor
24.9,48.586496804744115,3.0,18.2,515.0,0,186.5,164.5,Above the Break 3,3PT Field Goal,S. Whitfield
11.9,60.917364699875016,4.86,17.4,560.0,1,-104.1,57.9,In The Paint (Non-RA),2PT Field Goal,S. Whitfield
0.2,53.13010235415599,3.59,13.5,409.0,1,-1.6,1.2,Restricted Area,2PT Field Goal,M. Okafor
28.1,28.217794610344416,6.54,6.1,610.0,0,-132.7,247.3,Above the Break 3,3PT Field Goal,L. Fitzgerald
2.5,11.355082803140204,6.03,13.6,502.0,1,-4.9,24.4,Restricted Area,2PT Field Goal,M. Okafor
3.0,46.46198789878023,3.39,6.1,438.0,1,-22.1,21.0,Restricted Area,2PT Field Goal,S. Whitfield
2.0,63.43494882292201,3.76,4.7,38.0,1,-18.2,9.1,Restricted Area,2PT Field Goal,J. Carter
11.9,2.1747441146100535,4.19,13.9,443.0,1,4.5,118.5,In The Paint (Non-RA),2PT Field Goal,S. Whitfield
1.4,66.2796044276954,8.17,6.3,322.0,0,13.2,5.8,Restricted Area,2PT Field Goal,S. Whitfield
29.0,12.67026260627374,4.12,23.8,256.0,1,-63.6,282.9,Above the Break 3,3PT Field Goal,D. Reyes
2.1,43.45184230102203,6.57,4.7,425.0,1,-14.4,15.2,Restricted Area,2PT Field Goal,K. Albrecht
2.3,35.88213724620421,4.11,8.9,109.0,0,-13.6,18.8,Restricted Area,2PT Field Goal,K. Albrecht
17.4,44.60325348931632,2.27,11.8,75.0,0,-121.9,123.6,Mid-Range,2PT Field Goal,L. Fitzgerald
2.4,65.4206858843038,0.42,6.0,304.0,0,-22.3,10.2,Restricted Area,2PT Field Goal,J. Carter
4.0,20.338064084083285,4.72,15.6,324.0,1,13.9,37.5,In The Paint (Non-RA),2PT Field Goal,T. Nwosu
7.9,27.445953314282974,5.3,2.9,621.0,0,36.2,69.7,In The Paint (Non-RA),2PT Field Goal,T. Nwosu
1.0,63.94650468950905,4.75,23.0,361.0,0,9.0,4.4,Restricted Area,2PT Field Goal,M. Okafor
16.1,14.926824514164934,7.14,11.8,418.0,1,-41.4,155.3,Mid-Range,2PT Field Goal,B. Osei
2.5,51.84277341263095,5.86,16.5,587.0,0,-19.6,15.4,Restricted Area,2PT Field Goal,M. Okafor
21.6,51.68459299334911,8.41,7.7,118.0,1,-169.2,133.7,Mid-Range,2PT Field Goal,D. Reyes
2.9,2.3776976603373647,5.63,23.7,104.0,1,-1.2,28.9,Restricted Area,2PT Field Goal,K. Albrecht
15.7,36.51906679427065,2.1,2.5,631.0,1,93.3,126.0,Mid-Range,2PT Field Goal,A. Kowalski
29.0,58.15171164807358,6.79,10.5,335.0,0,-246.3,153.0,Above the Break 3,3PT Field Goal,T. Nwosu
26.0,41.5129475939848,1.75,22.7,718.0,0,172.6,195.0,Above the Break 3,3PT Field Goal,S. Whitfield
25.2,39.62517668886238,3.87,5.8,206.0,0,-160.8,194.2,Above the Break 3,3PT Field Goal,L. Fitzgerald
17.2,60.48248171404833,1.21,12.3,503.0,0,-149.6,84.7,Mid-Range,2PT Field Goal,L. Fitzgerald
2.1,48.78888987788465,6.31,18.5,204.0,1,-16.1,14.1,Restricted Area,2PT Field Goal,K. Albrecht
1.8,21.317912275461556,7.46,13.0,116.0,1,6.4,16.4,Restricted Area,2PT Field Goal,S. Whitfield
22.7,60.90118999322478,1.03,6.5,458.0,0,-198.0,110.2,Above the Break 3,3PT Field Goal,T. Nwosu
0.8,5.0636168530300845,2.11,1.0,243.0,1,0.7,7.9,Restricted Area,2PT Field Goal,K. Albrecht
16.3,61.395139452507436,2.53,4.5,716.0,0,143.4,78.2,Mid-Range,2PT Field Goal,S. Whitfield
1.3,9.107334312254409,0.3,12.8,545.0,0,-2.1,13.1,Restricted Area,2PT Field Goal,D. Reyes
25.4,60.422690575779896,3.85,21.1,247.0,0,221.3,125.6,Above the Break 3,3PT Field Goal,A. Kowalski
2.9,35.056596986670314,3.49,15.6,344.0,1,-16.7,23.8,Restricted Area,2PT Field Goal,M. Okafor
3.8,27.30387725148648,0.89,12.6,293.0,0,17.5,33.9,Restricted Area,2PT Field Goal,K. Albrecht
1.2,62.41191863425418,0.3,11.2,485.0,0,11.1,5.8,Restricted Area,2PT Field Goal,K. Albrecht
20.5,32.20713852389169,0.63,18.0,356.0,0,-109.1,173.2,Mid-Range,2PT Field Goal,A. Kowalski
29.0,55.52098050071934,4.63,20.7,483.0,0,239.1,164.2,Above the Break 3,3PT Field Goal,R. Delgado
19.3,53.675985972667114,0.51,11.1,296.0,0,155.6,114.4,Mid-Range,2PT Field Goal,R. Delgado
22.7,53.321776929328415,4.03,22.9,411.0,0,182.2,135.7,Above the Break 3,3PT Field Goal,R. Delgado
21.3,13.148007972686708,4.55,9.5,615.0,0,-48.4,207.2,Mid-Range,2PT Field Goal,R. Delgado
2.6,63.23940084665116,5.63,16.0,535.0,0,-23.4,11.8,Restricted Area,2PT Field Goal,R. Delgado
16.2,29.832825632348655,3.84,23.5,321.0,1,-80.4,140.2,Mid-Range,2PT Field Goal,M. Okafor
20.6,13.820339527010457,4.53,0.4,660.0,0,-49.2,200.0,Mid-Range,2PT Field Goal,T. Nwosu
19.3,25.306733507641095,7.42,5.5,52.0,0,-82.7,174.9,Mid-Range,2PT Field Goal,M. Okafor
2.7,25.132954992913344,2.65,17.1,601.0,0,11.4,24.3,Restricted Area,2PT Field Goal,M. Okafor
3.3,20.535589747581046,4.07,8.7,611.0,0,11.5,30.7,Restricted Area,2PT Field Goal,R. Delgado
2.3,38.431235878178875,6.95,6.6,119.0,1,-14.6,18.4,Restricted Area,2PT Field Goal,A. Kowalski
2.6,3.1060270956164304,1.33,2.7,283.0,0,-1.4,25.8,Restricted Area,2PT Field Goal,S. Whitfield
3.1,48.74539547909523,5.48,0.4,577.0,1,23.6,20.7,Restricted Area,2PT Field Goal,D. Reyes
0.6,18.43494882292201,0.3,8.8,280.0,0,2.0,6.0,Restricted Area,2PT Field Goal,D. Reyes
4.3,33.690067525979785,0.31,19.4,318.0,0,23.8,35.7,In The Paint (Non-RA),2PT Field Goal,R. Delgado
22.8,44.71512588001616,0.34,11.2,441.0,0,160.1,161.7,Above the Break 3,3PT Field Goal,B. Osei
27.1,3.7084281571304536,3.57,6.5,564.0,0,17.5,270.0,Above the Break 3,3PT Field Goal,S. Whitfield
6.5,30.016680868693022,3.99,17.2,397.0,1,32.7,56.6,In The Paint (Non-RA),2PT Field Goal,K. Albrecht
26.7,7.890016421445672,0.3,7.5,682.0,1,36.6,264.1,Above the Break 3,3PT Field Goal,S. Whitfield
10.5,40.482976218429926,8.31,10.0,619.0,1,-68.2,79.9,In The Paint (Non-RA),2PT Field Goal,D. Reyes
2.1,58.80276562613619,8.91,6.6,197.0,1,-18.0,10.9,Restricted Area,2PT Field Goal,K. Albrecht
14.9,3.5403505959109003,6.98,4.1,290.0,1,9.2,148.7,Mid-Range,2PT Field Goal,K. Albrecht
22.5,41.504537873293934,3.61,0.4,322.0,0,149.1,168.5,Above the Break 3,3PT Field Goal,R. Delgado
16.0,50.12107861397649,5.18,23.2,603.0,1,122.8,102.6,Mid-Range,2PT Field Goal,M. Okafor
25.4,38.248298681563064,2.47,0.7,513.0,1,157.5,199.8,Above the Break 3,3PT Field Goal,T. Nwosu
26.2,6.894095775683175,2.79,4.0,41.0,1,-31.4,259.7,Above the Break 3,3PT Field Goal,M. Okafor
22.8,24.778649297172745,2.33,13.7,352.0,0,95.6,207.1,Above the Break 3,3PT Field Goal,R. Delgado
0.2,2.862405226111748,4.79,6.3,235.0,0,-0.1,2.0,Restricted Area,2PT Field Goal,R. Delgado
27.3,40.45094824040322,2.89,20.1,402.0,0,177.0,207.6,Above the Break 3,3PT Field Goal,T. Nwosu
20.7,25.38960076824605,3.03,23.0,268.0,0,-88.8,187.1,Mid-Range,2PT Field Goal,A. Kowalski
17.5,10.146563140230805,8.22,6.5,371.0,1,-30.8,172.1,Mid-Range,2PT Field Goal,S. Whitfield
15.3,29.46595881303119,3.34,23.5,186.0,0,75.2,133.1,Mid-Range,2PT Field Goal,M. Okafor
0.2,53.13010235415599,5.52,18.5,392.0,1,1.6,1.2,Restricted Area,2PT Field Goal,R. Delgado
1.0,41.49646835521555,5.03,23.0,27.0,1,6.9,7.8,Restricted Area,2PT Field Goal,B. Osei
23.2,49.55438543715127,3.08,19.8,397.0,1,-176.2,150.2,Above the Break 3,3PT Field Goal,B. Osei
15.0,49.50197809736234,3.16,23.7,207.0,0,-114.4,97.7,Mid-Range,2PT Field Goal,D. Reyes
27.6,37.32675898496693,6.76,23.0,170.0,0,-167.3,219.4,Above the Break 3,3PT Field Goal,L. Fitzgerald
0.2,29.054604099077146,2.93,23.7,454.0,1,-1.0,1.8,Restricted Area,2PT Field Goal,A. Kowalski
16.3,50.315694388407906,5.69,6.5,63.0,0,-125.7,104.3,Mid-Range,2PT Field Goal,L. Fitzgerald
19.2,60.45515487831991,3.15,12.0,222.0,1,166.9,94.6,Mid-Range,2PT Field Goal,A. Kowalski
2.7,1.2921668862499316,3.28,6.2,280.0,0,0.6,26.6,Restricted Area,2PT Field Goal,J. Carter
15.1,61.90515809863566,7.57,7.0,115.0,0,-133.0,71.0,Mid-Range,2PT Field Goal,D. Reyes
7.2,17.473360836922676,0.3,6.2,568.0,1,-21.5,68.3,In The Paint (Non-RA),2PT Field Goal,J. Carter
13.9,4.176875458643034,2.51,19.3,249.0,1,-10.1,138.3,In The Paint (Non-RA),2PT Field Goal,L. Fitzgerald
3.3,33.2012075502687,2.75,0.6,683.0,1,17.8,27.2,Restricted Area,2PT Field Goal,J. Carter
15.3,38.80056943146722,5.1,1.7,623.0,1,95.6,118.9,Mid-Range,2PT Field Goal,S. Whitfield
20.8,45.01944206899016,2.55,18.7,534.0,1,-147.4,147.3,Mid-Range,2PT Field Goal,D. Reyes
25.9,26.03097859215957,4.38,3.9,525.0,0,-113.7,232.8,Above the Break 3,3PT Field Goal,A. Kowalski
24.3,52.04018894689911,5.68,19.9,567.0,1,191.5,149.4,Above the Break 3,3PT Field Goal,D. Reyes
22.6,8.68843935289505,8.65,7.5,57.0,0,-34.2,223.8,Above the Break 3,3PT Field Goal,T. Nwosu
24.9,10.304846468766033,6.35,1.1,436.0,0,44.6,245.3,Above the Break 3,3PT Field Goal,L. Fitzgerald
25.4,64.83853073304131,0.9,3.7,283.0,0,229.7,107.9,Above the Break 3,3PT Field Goal,M. Okafor
1.7,12.04703049120517,8.11,12.7,531.0,1,-3.5,16.4,Restricted Area,2PT Field Goal,K. Albrecht
16.1,57.395136895337636,4.12,0.7,115.0,0,-135.7,86.8,Mid-Range,2PT Field Goal,S. Whitfield
1.9,3.976730975077568,1.87,8.0,12.0,0,1.3,18.7,Restricted Area,2PT Field Goal,T. Nwosu
19.5,40.01672931051123,4.64,7.4,37.0,1,-125.1,149.0,Mid-Range,2PT Field Goal,A. Kowalski
1.8,39.472459848343824,1.84,21.8,114.0,0,-11.2,13.6,Restricted Area,2PT Field Goal,A. Kowalski
20.7,25.598021002321264,3.21,22.8,61.0,0,-89.3,186.4,Mid-Range,2PT Field Goal,A. Kowalski
25.3,13.783671471224789,2.02,14.1,354.0,0,-60.3,245.8,Above the Break 3,3PT Field Goal,K. Albrecht
1.7,44.530372980310354,2.98,5.2,487.0,1,-12.1,12.3,Restricted Area,2PT Field Goal,A. Kowalski
24.5,40.77400182204155,0.3,18.3,214.0,1,159.8,185.3,Above the Break 3,3PT Field Goal,M. Okafor
2.2,67.61986494804043,7.03,11.5,426.0,1,-20.4,8.4,Restricted Area,2PT Field Goal,L. Fitzgerald
7.2,57.55336655013059,4.22,15.2,409.0,0,60.4,38.4,In The Paint (Non-RA),2PT Field Goal,K. Albrecht
2.5,16.677062361500187,6.01,10.7,153.0,1,7.1,23.7,Restricted Area,2PT Field Goal,T. Nwosu
1.5,35.94211187138234,4.99,8.9,485.0,1,-8.7,12.0,Restricted Area,2PT Field Goal,J. Carter
11.1,67.01848930774341,3.87,13.6,100.0,0,-102.1,43.3,In The Paint (Non-RA),2PT Field Goal,D. Reyes
1.1,35.29334759066029,7.19,5.1,226.0,1,-6.3,8.9,Restricted Area,2PT Field Goal,B. Osei
1.4,57.43544150252765,7.1,2.0,602.0,0,11.9,7.6,Restricted Area,2PT Field Goal,K. Albrecht
25.2,20.934511161791285,3.25,1.5,673.0,1,-89.9,235.0,Above the Break 3,3PT Field Goal,D. Reyes
3.0,20.356099534295232,5.95,9.2,109.0,1,-10.5,28.3,Restricted Area,2PT Field Goal,A. Kowalski
27.1,52.31031900009181,3.27,19.5,83.0,0,-214.6,165.8,Above the Break 3,3PT Field Goal,K. Albrecht
20.0,23.06308636065436,2.95,22.3,101.0,0,78.3,183.9,Mid-Range,2PT Field Goal,A. Kowalski
1.5,29.235804568700022,5.1,19.9,387.0,1,-7.5,13.4,Restricted Area,2PT Field Goal,T. Nwosu
3.8,28.116854109510324,4.26,8.8,274.0,0,-17.9,33.5,Restricted Area,2PT Field Goal,T. Nwosu
23.9,57.626233785941416,3.8,19.7,274.0,1,-201.9,128.0,Above the Break 3,3PT Field Goal,B. Osei
1.8,48.01278750418334,0.3,21.3,582.0,1,-13.0,11.7,Restricted Area,2PT Field Goal,K. Albrecht
25.2,46.0627003388296,2.11,13.7,591.0,0,-181.2,174.6,Above the Break 3,3PT Field Goal,T. Nwosu
19.0,66.1843288450461,4.3,12.9,600.0,0,174.0,76.8,Mid-Range,2PT Field Goal,B. Osei
5.2,7.928302827267527,5.67,11.2,116.0,1,7.2,51.7,In The Paint (Non-RA),2PT Field Goal,D. Reyes
3.7,61.63639696905666,5.58,9.0,360.0,0,32.6,17.6,Restricted Area,2PT Field Goal,A. Kowalski
8.6,26.595001921612372,2.79,21.8,120.0,0,-38.3,76.5,In The Paint (Non-RA),2PT Field Goal,R. Delgado
0.6,4.763641690726178,5.15,3.0,426.0,1,-0.5,6.0,Restricted Area,2PT Field Goal,B. Osei
26.4,54.53809018754762,1.19,13.6,638.0,0,214.8,153.0,Above the Break 3,3PT Field Goal,L. Fitzgerald
25.5,32.069685535681884,5.09,15.7,179.0,0,135.4,216.1,Above the Break 3,3PT Field Goal,R. Delgado
1.2,9.071497577177167,8.35,12.6,681.0,1,1.9,11.9,Restricted Area,2PT Field Goal,A. Kowalski
12.0,20.24368814541408,3.53,19.9,526.0,0,41.6,112.8,In The Paint (Non-RA),2PT Field Goal,K. Albrecht
2.6,59.822093186847425,1.7,7.6,254.0,1,-22.7,13.2,Restricted Area,2PT Field Goal,R. Delgado
27.1,63.056764351412426,6.49,15.7,694.0,0,241.6,122.8,Above the Break 3,3PT Field Goal,A. Kowalski
2.6,61.198728573627506,3.78,19.4,105.0,1,23.1,12.7,Restricted Area,2PT Field Goal,S. Whitfield
1.9,28.090728189459213,4.08,12.4,286.0,1,8.7,16.3,Restricted Area,2PT Field Goal,T. Nwosu
4.0,16.260204708311957,5.32,9.2,59.0,0,-11.2,38.4,In The Paint (Non-RA),2PT Field Goal,K. Albrecht
28.4,27.631484561844,3.31,8.3,6.0,0,-131.5,251.2,Above the Break 3,3PT Field Goal,R. Delgado
24.9,31.602980442177074,5.72,13.5,669.0,1,-130.5,212.1,Above the Break 3,3PT Field Goal,A. Kowalski
13.1,45.03092054719419,2.42,3.1,187.0,0,-92.7,92.6,In The Paint (Non-RA),2PT Field Goal,D. Reyes
25.9,62.98038680834099,2.32,22.3,376.0,1,-231.0,117.8,Above the Break 3,3PT Field Goal,T. Nwosu
2.1,66.20129079709892,4.73,11.6,240.0,0,-19.5,8.6,Restricted Area,2PT Field Goal,M. Okafor
2.4,7.452077443404679,5.08,23.8,410.0,1,-3.1,23.7,Restricted Area,2PT Field Goal,J. Carter
22.5,4.970843503141215,4.58,23.3,49.0,0,-19.5,224.2,Above the Break 3,3PT Field Goal,T. Nwosu
1.4,34.74880124918257,5.6,11.3,300.0,1,-7.7,11.1,Restricted Area,2PT Field Goal,S. Whitfield
24.9,4.097086422254509,3.94,5.9,629.0,0,-17.8,248.5,Above the Break 3,3PT Field Goal,A. Kowalski
26.8,66.49204003334457,2.57,21.4,297.0,1,245.3,106.7,Above the Break 3,3PT Field Goal,D. Reyes
4.0,28.358963446130034,5.15,23.0,396.0,1,-19.0,35.2,In The Paint (Non-RA),2PT Field Goal,M. Okafor
23.5,57.83709769398848,0.45,14.5,35.0,0,199.1,125.2,Above the Break 3,3PT Field Goal,R. Delgado
27.9,31.71630942420966,4.07,15.9,497.0,0,-146.9,237.7,Above the Break 3,3PT Field Goal,K. Albrecht
3.1,2.7972435228340813,6.28,17.8,49.0,0,1.5,30.7,Restricted Area,2PT Field Goal,A. Kowalski
4.7,16.211731133148547,5.36,12.3,528.0,1,13.2,45.4,In The Paint (Non-RA),2PT Field Goal,J. Carter
2.5,50.107835856012784,6.7,1.7,74.0,1,-19.5,16.3,Restricted Area,2PT Field Goal,M. Okafor
12.0,47.892626287343475,3.52,21.4,75.0,1,89.4,80.8,In The Paint (Non-RA),2PT Field Goal,K. Albrecht
13.7,46.42467906279025,3.52,7.2,550.0,1,-98.9,94.1,In The Paint (Non-RA),2PT Field Goal,T. Nwosu
4.2,22.078077035128047,2.98,23.7,617.0,1,-15.9,39.2,In The Paint (Non-RA),2PT Field Goal,A. Kowalski
0.2,2.862405226111748,2.94,14.1,391.0,1,0.1,2.0,Restricted Area,2PT Field Goal,R. Delgado
2.5,51.376226822613404,4.56,10.5,268.0,1,19.4,15.5,Restricted Area,2PT Field Goal,R. Delgado
1.5,48.01278750418334,6.34,16.9,203.0,0,11.0,9.9,Restricted Area,2PT Field Goal,L. Fitzgerald
17.6,21.08192453742486,4.0,14.0,319.0,0,-63.3,164.2,Mid-Range,2PT Field Goal,A. Kowalski
19.6,15.869252712150686,7.7,2.5,308.0,1,53.7,188.9,Mid-Range,2PT Field Goal,A. Kowalski
22.5,33.414609169844546,5.18,19.1,66.0,1,-123.9,187.8,Above the Break 3,3PT Field Goal,S. Whitfield
16.9,16.689515496338693,0.3,20.9,155.0,0,-48.6,162.1,Mid-Range,2PT Field Goal,R. Delgado
28.0,22.752194805656963,5.62,4.7,387.0,1,-108.2,258.0,Above the Break 3,3PT Field Goal,D. Reyes
20.1,3.7060591053937384,3.02,13.0,677.0,0,13.0,200.7,Mid-Range,2PT Field Goal,R. Delgado
2.5,13.0970525221909,4.33,0.4,280.0,0,-5.7,24.5,Restricted Area,2PT Field Goal,L. Fitzgerald
3.1,66.20385314375562,2.44,4.2,366.0,1,28.8,12.7,Restricted Area,2PT Field Goal,D. Reyes
24.6,21.72790905491333,2.89,21.1,646.0,1,-91.1,228.6,Above the Break 3,3PT Field Goal,T. Nwosu
19.6,48.849845138132224,8.86,17.5,84.0,1,147.5,128.9,Mid-Range,2PT Field Goal,M. Okafor
1.1,59.381394591090604,6.52,14.1,475.0,0,9.8,5.8,Restricted Area,2PT Field Goal,S. Whitfield
12.1,50.68402118368847,3.32,22.7,257.0,0,93.9,76.9,In The Paint (Non-RA),2PT Field Goal,D. Reyes
23.7,63.045629019666876,2.4,10.0,477.0,0,211.2,107.4,Above the Break 3,3PT Field Goal,T. Nwosu
14.9,46.738996125634884,3.27,20.8,401.0,0,108.6,102.2,Mid-Range,2PT Field Goal,A. Kowalski
2.3,11.017111618789212,2.7,4.0,297.0,1,-4.4,22.6,Restricted Area,2PT Field Goal,L. Fitzgerald
24.7,11.48305850736104,5.57,15.5,535.0,1,49.1,241.7,Above the Break 3,3PT Field Goal,J. Carter
4.4,38.94304779469045,6.77,14.8,581.0,0,27.8,34.4,In The Paint (Non-RA),2PT Field Goal,B. Osei
3.1,5.177709976340909,0.59,3.8,545.0,1,-2.8,30.9,Restricted Area,2PT Field Goal,D. Reyes
2.2,34.04593735660167,5.19,13.9,558.0,0,12.5,18.5,Restricted Area,2PT Field Goal,T. Nwosu
25.1,34.2988994727337,4.0,11.8,332.0,1,141.2,207.0,Above the Break 3,3PT Field Goal,A. Kowalski
1.6,15.897489741925101,3.54,21.6,565.0,1,4.5,15.8,Restricted Area,2PT Field Goal,A. Kowalski
23.7,39.0938588862295,5.98,4.6,552.0,0,-149.5,184.0,Above the Break 3,3PT Field Goal,S. Whitfield
0.8,19.1481374579396,2.43,5.4,511.0,1,-2.5,7.2,Restricted Area,2PT Field Goal,A. Kowalski
10.8,49.404474160807,2.22,11.4,555.0,0,81.8,70.1,In The Paint (Non-RA),2PT Field Goal,K. Albrecht
1.2,19.465867008352422,3.95,5.2,160.0,1,-4.1,11.6,Restricted Area,2PT Field Goal,B. Osei
0.5,7.96961039432136,2.5,13.8,74.0,0,0.7,5.0,Restricted Area,2PT Field Goal,S. Whitfield
3.2,44.37315652620548,2.97,23.3,389.0,1,-22.6,23.1,Restricted Area,2PT Field Goal,M. Okafor
13.9,1.2794480715347492,6.04,21.9,324.0,1,3.1,138.8,In The Paint (Non-RA),2PT Field Goal,T. Nwosu
23.0,55.82707554934934,1.21,17.5,185.0,0,190.6,129.4,Above the Break 3,3PT Field Goal,M. Okafor
14.1,23.428692808745403,7.06,23.5,194.0,0,55.9,129.0,Mid-Range,2PT Field Goal,L. Fitzgerald
2.2,52.1250163489018,7.32,21.7,280.0,1,17.1,13.3,Restricted Area,2PT Field Goal,M. Okafor
24.6,44.45622549466514,3.45,17.8,716.0,1,172.2,175.5,Above the Break 3,3PT Field Goal,T. Nwosu
27.2,10.188246540128256,5.72,3.7,379.0,0,-48.2,268.2,Above the Break 3,3PT Field Goal,B. Osei
4.9,48.59195623578803,1.79,8.3,435.0,0,-36.4,32.1,In The Paint (Non-RA),2PT Field Goal,S. Whitfield
0.6,44.292680631455745,3.6,9.0,428.0,1,4.0,4.1,Restricted Area,2PT Field Goal,L. Fitzgerald
2.0,58.891191171454864,3.2,6.2,549.0,1,17.4,10.5,Restricted Area,2PT Field Goal,S. Whitfield
0.5,22.890551656248327,2.34,14.9,533.0,1,1.9,4.5,Restricted Area,2PT Field Goal,B. Osei
0.2,30.46554491945988,6.45,3.9,133.0,0,-1.0,1.7,Restricted Area,2PT Field Goal,D. Reyes
3.5,35.09944126700061,5.1,8.3,554.0,0,20.1,28.6,Restricted Area,2PT Field Goal,J. Carter
26.3,2.90271369857462,6.48,9.7,572.0,0,-13.3,262.3,Above the Break 3,3PT Field Goal,A. Kowalski
19.3,48.12746271131048,0.7,19.4,310.0,0,-143.8,128.9,Mid-Range,2PT Field Goal,K. Albrecht
3.5,17.017285816244083,4.01,22.9,387.0,1,-10.1,33.0,Restricted Area,2PT Field Goal,M. Okafor
17.8,27.745053599802155,3.29,3.6,87.0,0,82.9,157.6,Mid-Range,2PT Field Goal,T. Nwosu
0.3,8.74616226255521,0.77,8.7,323.0,1,0.4,2.6,Restricted Area,2PT Field Goal,L. Fitzgerald
28.0,6.385445491742684,6.77,22.6,519.0,0,31.1,277.9,Above the Break 3,3PT Field Goal,A. Kowalski
11.5,39.44067553044154,4.5,2.6,308.0,0,-72.8,88.5,In The Paint (Non-RA),2PT Field Goal,S. Whitfield
18.9,3.2219593619137115,5.16,21.1,321.0,1,-10.6,188.3,Mid-Range,2PT Field Goal,L. Fitzgerald
1.2,40.17923392190735,7.79,14.7,178.0,1,-7.6,9.0,Restricted Area,2PT Field Goal,T. Nwosu
5.1,13.954509173136847,3.09,4.7,390.0,1,12.3,49.5,In The Paint (Non-RA),2PT Field Goal,A. Kowalski
24.4,3.002927621383909,7.97,11.0,157.0,0,12.8,244.0,Above the Break 3,3PT Field Goal,L. Fitzgerald
9.8,61.53360436370675,0.3,13.5,569.0,1,-86.5,46.9,In The Paint (Non-RA),2PT Field Goal,A. Kowalski
2.3,0.5003870987922329,7.54,17.8,377.0,0,-0.2,22.9,Restricted Area,2PT Field Goal,J. Carter
7.5,42.124051593619264,6.19,7.1,283.0,1,-50.1,55.4,In The Paint (Non-RA),2PT Field Goal,R. Delgado
24.9,33.811375547388096,1.64,17.4,554.0,0,138.5,206.8,Above the Break 3,3PT Field Goal,S. Whitfield
9.6,57.70306998768774,1.41,8.6,377.0,1,81.0,51.2,In The Paint (Non-RA),2PT Field Goal,A. Kowalski
24.9,16.47253628994574,10.25,4.8,624.0,1,70.7,239.1,Above the Break 3,3PT Field Goal,B. Osei
19.3,17.84409824918304,2.98,8.5,50.0,0,59.2,183.9,Mid-Range,2PT Field Goal,A. Kowalski
25.8,46.30373702083877,7.13,19.6,705.0,0,-186.5,178.2,Above the Break 3,3PT Field Goal,K. Albrecht
1.6,38.829824904970394,5.31,6.1,85.0,1,-9.9,12.3,Restricted Area,2PT Field Goal,D. Reyes
17.7,54.608666470369315,4.67,11.5,609.0,0,-144.7,102.8,Mid-Range,2PT Field Goal,M. Okafor
11.6,48.990913098429786,4.04,22.1,18.0,1,87.4,76.0,In The Paint (Non-RA),2PT Field Goal,K. Albrecht
1.0,63.43494882292201,1.51,18.4,314.0,1,9.0,4.5,Restricted Area,2PT Field Goal,L. Fitzgerald
26.4,57.15378614432093,1.69,16.7,358.0,0,221.5,143.0,Above the Break 3,3PT Field Goal,A. Kowalski
1.4,20.22485943116808,2.49,10.6,98.0,0,4.9,13.3,Restricted Area,2PT Field Goal,M. Okafor
5.9,24.14857717679393,6.5,1.0,684.0,0,24.3,54.2,In The Paint (Non-RA),2PT Field Goal,L. Fitzgerald
1.7,16.26020470831196,0.3,17.2,302.0,1,4.9,16.8,Restricted Area,2PT Field Goal,B. Osei
28.7,55.88925804674247,1.88,5.1,699.0,0,237.7,161.0,Above the Break 3,3PT Field Goal,S. Whitfield
26.8,40.79375616968005,5.32,9.3,179.0,0,175.1,202.9,Above the Break 3,3PT Field Goal,S. Whitfield
1.4,1.2544516226815356,4.09,16.4,98.0,0,0.3,13.7,Restricted Area,2PT Field Goal,D. Reyes
2.3,1.2508008147654186,3.2,16.5,282.0,0,-0.5,22.9,Restricted Area,2PT Field Goal,K. Albrecht
1.8,38.30362238380031,2.03,18.1,304.0,0,10.9,13.8,Restricted Area,2PT Field Goal,K. Albrecht
1.1,40.65676004831061,0.3,3.6,713.0,1,-7.3,8.5,Restricted Area,2PT Field Goal,J. Carter
25.8,16.189206257026942,2.51,19.6,152.0,0,72.0,248.0,Above the Break 3,3PT Field Goal,D. Reyes
28.0,16.679628438425638,1.6,16.5,69.0,0,-80.3,268.0,Above the Break 3,3PT Field Goal,D. Reyes
24.1,22.119078811331143,3.08,11.3,195.0,1,90.8,223.4,Above the Break 3,3PT Field Goal,K. Albrecht
7.0,16.283154492881792,2.05,2.3,576.0,1,-19.6,67.1,In The Paint (Non-RA),2PT Field Goal,A. Kowalski
5.2,35.29232887225076,0.72,5.5,561.0,0,-29.8,42.1,In The Paint (Non-RA),2PT Field Goal,R. Delgado
15.1,43.95054696728311,7.35,6.2,238.0,1,104.5,108.4,Mid-Range,2PT Field Goal,D. Reyes
23.2,4.1596422937126425,0.3,23.0,344.0,0,16.8,231.0,Above the Break 3,3PT Field Goal,J. Carter
2.1,27.307503520738553,6.04,1.8,85.0,1,9.5,18.4,Restricted Area,2PT Field Goal,L. Fitzgerald
0.2,11.309932474020215,3.22,16.9,500.0,0,0.4,2.0,Restricted Area,2PT Field Goal,A. Kowalski
18.6,48.95864401555881,2.85,23.3,584.0,0,140.6,122.4,Mid-Range,2PT Field Goal,B. Osei
3.8,35.07903910682834,1.35,12.0,12.0,0,21.7,30.9,Restricted Area,2PT Field Goal,L. Fitzgerald
26.7,64.0483295190183,1.98,18.9,327.0,1,240.4,117.0,Above the Break 3,3PT Field Goal,D. Reyes
0.2,26.56505117707799,3.15,7.6,467.0,1,0.9,1.8,Restricted Area,2PT Field Goal,B. Osei
25.8,41.39040304458748,0.3,15.3,457.0,0,170.8,193.8,Above the Break 3,3PT Field Goal,S. Whitfield
1.9,51.293948188951084,6.5,1.0,434.0,1,15.1,12.1,Restricted Area,2PT Field Goal,S. Whitfield
2.4,22.583852520656357,4.51,3.3,230.0,1,9.4,22.6,Restricted Area,2PT Field Goal,R. Delgado
8.1,64.64032999812544,4.07,3.8,531.0,0,73.0,34.6,In The Paint (Non-RA),2PT Field Goal,K. Albrecht
16.3,49.67291863790934,4.02,16.9,145.0,0,-124.4,105.6,Mid-Range,2PT Field Goal,T. Nwosu
25.7,48.08556501407803,6.68,2.1,499.0,0,-191.6,172.0,Above the Break 3,3PT Field Goal,J. Carter
4.8,1.071937318329857,4.09,9.5,478.0,0,-0.9,48.1,In The Paint (Non-RA),2PT Field Goal,J. Carter
27.2,32.89588477531841,5.89,5.5,86.0,0,147.8,228.5,Above the Break 3,3PT Field Goal,M. Okafor
24.9,20.085227426090437,2.61,0.7,449.0,0,85.6,234.1,Above the Break 3,3PT Field Goal,B. Osei
25.3,56.52950353129043,8.14,23.9,599.0,0,211.3,139.7,Above the Break 3,3PT Field Goal,A. Kowalski
2.5,19.364761239541682,2.59,0.5,168.0,0,8.4,23.9,Restricted Area,2PT Field Goal,M. Okafor
4.3,19.788806797596425,1.67,24.0,428.0,0,-14.5,40.3,In The Paint (Non-RA),2PT Field Goal,S. Whitfield
2.3,33.893003322627706,2.57,19.7,393.0,1,-13.1,19.5,Restricted Area,2PT Field Goal,L. Fitzgerald
11.3,65.83218748394543,6.24,8.5,304.0,0,103.4,46.4,In The Paint (Non-RA),2PT Field Goal,B. Osei
3.6,19.556253288488744,7.78,14.2,473.0,0,11.9,33.5,Restricted Area,2PT Field Goal,K. Albrecht
0.7,67.5741380786482,4.97,22.4,261.0,1,-6.3,2.6,Restricted Area,2PT Field Goal,K. Albrecht
26.2,22.897263121546562,9.05,4.1,536.0,1,-102.0,241.5,Above the Break 3,3PT Field Goal,T. Nwosu
2.0,3.8140748342903543,1.75,12.1,292.0,0,-1.3,19.5,Restricted Area,2PT Field Goal,A. Kowalski
2.2,10.39733352243635,2.4,12.9,355.0,1,-4.0,21.8,Restricted Area,2PT Field Goal,D. Reyes
1.4,63.97040780848655,3.01,17.4,655.0,1,12.9,6.3,Restricted Area,2PT Field Goal,J. Carter
1.3,27.91976642810862,7.16,7.6,242.0,1,-6.2,11.7,Restricted Area,2PT Field Goal,L. Fitzgerald
26.7,28.600183010656355,1.95,1.5,94.0,0,-127.8,234.4,Above the Break 3,3PT Field Goal,J. Carter
18.0,67.26511292571895,4.11,12.0,266.0,1,-166.1,69.6,Mid-Range,2PT Field Goal,S. Whitfield
14.2,29.465221384766682,1.39,16.0,392.0,0,70.0,123.9,Mid-Range,2PT Field Goal,L. Fitzgerald
11.0,9.803567604345043,4.56,14.8,517.0,1,-18.8,108.8,In The Paint (Non-RA),2PT Field Goal,B. Osei
27.3,59.19820736078937,2.13,3.5,259.0,0,-234.5,139.8,Above the Break 3,3PT Field Goal,L. Fitzgerald
3.6,16.714568058050048,11.08,12.6,95.0,1,10.3,34.3,Restricted Area,2PT Field Goal,K. Albrecht
4.3,39.32697786007468,5.94,11.7,581.0,1,-27.2,33.2,In The Paint (Non-RA),2PT Field Goal,S. Whitfield
21.7,44.04671611139081,2.91,20.9,167.0,0,-150.7,155.8,Mid-Range,2PT Field Goal,B. Osei
25.7,42.13445105879371,6.06,3.1,267.0,0,172.7,190.9,Above the Break 3,3PT Field Goal,B. Osei
26.0,66.28357735884794,3.98,17.7,395.0,0,-238.1,104.6,Above the Break 3,3PT Field Goal,A. Kowalski
22.5,61.40782751745586,2.66,18.3,607.0,0,197.6,107.7,Above the Break 3,3PT Field Goal,D. Reyes
1.2,52.25319461272534,5.3,22.1,335.0,0,9.3,7.2,Restricted Area,2PT Field Goal,R. Delgado
27.7,36.807933957478,0.68,13.3,492.0,0,-166.2,222.1,Above the Break 3,3PT Field Goal,T. Nwosu
22.7,36.001387222793696,7.57,17.2,406.0,1,-133.4,183.6,Above the Break 3,3PT Field Goal,B. Osei
1.5,2.7449558938381364,7.01,2.6,454.0,1,-0.7,14.6,Restricted Area,2PT Field Goal,B. Osei
25.4,60.31098975264578,1.52,8.5,104.0,0,-221.0,126.0,Above the Break 3,3PT Field Goal,M. Okafor
29.0,43.00195780632012,3.78,6.2,536.0,0,197.8,212.1,Above the Break 3,3PT Field Goal,S. Whitfield
24.9,2.9427349396598372,0.3,4.7,308.0,0,12.8,249.0,Above the Break 3,3PT Field Goal,S. Whitfield
22.7,45.94739455701921,5.39,10.7,157.0,0,162.9,157.6,Above the Break 3,3PT Field Goal,T. Nwosu
28.4,44.33032106225464,4.82,17.0,376.0,0,198.7,203.4,Above the Break 3,3PT Field Goal,R. Delgado
24.5,17.41534823966524,4.64,21.9,457.0,0,73.4,234.0,Above the Break 3,3PT Field Goal,A. Kowalski
25.2,30.815705751729187,2.86,20.3,555.0,0,129.2,216.6,Above the Break 3,3PT Field Goal,B. Osei
1.7,67.19898368782772,3.97,14.4,560.0,0,15.7,6.6,Restricted Area,2PT Field Goal,M. Okafor
1.8,27.863725496424014,2.52,4.7,170.0,0,-8.3,15.7,Restricted Area,2PT Field Goal,K. Albrecht
2.2,32.9052429229879,3.57,23.3,10.0,1,-12.1,18.7,Restricted Area,2PT Field Goal,B. Osei
10.5,1.1424994230443224,2.53,10.4,546.0,0,-2.1,105.3,In The Paint (Non-RA),2PT Field Goal,M. Okafor
1.8,44.32063524453475,2.59,7.7,467.0,0,-12.5,12.8,Restricted Area,2PT Field Goal,T. Nwosu
15.5,21.952803218723787,2.5,4.2,42.0,0,57.8,143.4,Mid-Range,2PT Field Goal,M. Okafor
25.2,58.155917984646486,0.3,22.0,635.0,1,214.3,133.1,Above the Break 3,3PT Field Goal,A. Kowalski
26.8,16.64609227909279,2.23,5.6,583.0,0,76.9,257.2,Above the Break 3,3PT Field Goal,B. Osei
2.5,22.530979230465444,6.12,5.3,526.0,0,-9.5,22.9,Restricted Area,2PT Field Goal,S. Whitfield
21.9,13.656219550263094,7.44,4.8,543.0,1,51.8,213.2,Mid-Range,2PT Field Goal,B. Osei
2.2,16.448608127039815,2.75,13.3,678.0,0,6.2,21.0,Restricted Area,2PT Field Goal,M. Okafor
26.9,63.98685920793033,4.21,11.0,543.0,0,-242.0,118.1,Above the Break 3,3PT Field Goal,L. Fitzgerald
2.6,32.16822095746991,7.08,6.1,102.0,0,13.9,22.1,Restricted Area,2PT Field Goal,D. Reyes
3.7,30.96375653207352,0.34,19.9,674.0,0,-18.9,31.5,Restricted Area,2PT Field Goal,K. Albrecht
1.0,27.57456395969438,4.98,14.4,261.0,1,-4.7,9.0,Restricted Area,2PT Field Goal,R. Delgado
4.0,55.39550427208536,0.3,11.9,587.0,0,-32.9,22.7,In The Paint (Non-RA),2PT Field Goal,L. Fitzgerald
20.3,39.596476493441436,5.01,3.6,612.0,1,129.7,156.8,Mid-Range,2PT Field Goal,J. Carter
1.5,34.64667995607056,3.57,11.5,320.0,0,8.5,12.3,Restricted Area,2PT Field Goal,M. Okafor
25.3,38.741169126044326,3.82,0.4,328.0,1,-158.3,197.3,Above the Break 3,3PT Field Goal,K. Albrecht
27.5,12.163080524535697,3.53,16.6,23.0,1,-58.0,269.1,Above the Break 3,3PT Field Goal,J. Carter
10.7,32.58154139806768,8.58,5.1,703.0,1,57.9,90.6,In The Paint (Non-RA),2PT Field Goal,B. Osei
7.4,2.927784997152449,0.3,2.7,78.0,0,-3.8,74.3,In The Paint (Non-RA),2PT Field Goal,R. Delgado
23.9,19.769990156058245,0.75,16.2,483.0,0,80.8,224.8,Above the Break 3,3PT Field Goal,D. Reyes
2.8,7.929467628162812,4.6,2.1,59.0,0,-3.9,28.0,Restricted Area,2PT Field Goal,T. Nwosu
26.7,40.6477726551002,4.66,12.2,353.0,1,174.2,202.9,Above the Break 3,3PT Field Goal,D. Reyes
24.4,38.960570738333594,2.35,14.0,288.0,0,153.4,189.7,Above the Break 3,3PT Field Goal,R. Delgado
2.2,31.539796777599836,4.89,15.0,123.0,1,11.6,18.9,Restricted Area,2PT Field Goal,B. Osei
1.7,51.28689336173646,4.07,14.4,706.0,1,-13.1,10.5,Restricted Area,2PT Field Goal,S. Whitfield
26.8,0.7915642142183587,4.33,7.0,494.0,0,-3.7,267.8,Above the Break 3,3PT Field Goal,T. Nwosu
0.2,11.309932474020215,6.76,15.3,237.0,1,0.4,2.0,Restricted Area,2PT Field Goal,B. Osei
24.3,58.23193227530917,2.04,4.6,562.0,1,-206.7,128.0,Above the Break 3,3PT Field Goal,S. Whitfield
24.7,16.617110942378243,4.58,24.0,130.0,0,70.7,236.9,Above the Break 3,3PT Field Goal,J. Carter
28.2,41.21652473128431,6.24,23.6,139.0,1,185.7,212.0,Above the Break 3,3PT Field Goal,M. Okafor
23.5,13.237727110748235,2.8,23.3,182.0,0,53.8,228.7,Above the Break 3,3PT Field Goal,L. Fitzgerald
17.1,60.47969272131591,6.99,2.6,603.0,1,148.7,84.2,Mid-Range,2PT Field Goal,R. Delgado
23.4,32.18191699503795,2.08,1.0,327.0,0,-124.6,198.0,Above the Break 3,3PT Field Goal,S. Whitfield
6.9,33.78163081920854,0.3,16.5,464.0,0,38.6,57.7,In The Paint (Non-RA),2PT Field Goal,K. Albrecht
6.3,32.47817362132607,1.51,19.7,95.0,0,33.8,53.1,In The Paint (Non-RA),2PT Field Goal,B. Osei
26.6,35.21655584665218,4.28,10.4,573.0,1,153.1,216.9,Above the Break 3,3PT Field Goal,S. Whitfield
10.0,4.573921259900861,6.46,16.4,269.0,0,-8.0,100.0,In The Paint (Non-RA),2PT Field Goal,D. Reyes
4.0,14.176588023769455,3.18,16.4,399.0,1,9.7,38.4,Restricted Area,2PT Field Goal,A. Kowalski
1.1,43.91907581333932,3.93,5.3,283.0,1,7.8,8.1,Restricted Area,2PT Field Goal,S. Whitfield
5.3,67.28097891296939,3.99,9.8,639.0,1,49.2,20.6,In The Paint (Non-RA),2PT Field Goal,T. Nwosu
9.5,17.613491767818683,5.52,8.1,356.0,1,-28.7,90.4,In The Paint (Non-RA),2PT Field Goal,T. Nwosu
25.0,25.029339161673683,1.74,18.1,340.0,0,-105.9,226.8,Above the Break 3,3PT Field Goal,M. Okafor
24.7,43.28016874143983,3.76,12.4,660.0,1,-169.6,180.1,Above the Break 3,3PT Field Goal,B. Osei
25.3,31.562916413128985,1.89,2.4,64.0,0,-132.2,215.2,Above the Break 3,3PT Field Goal,R. Delgado
29.0,30.658850460745168,5.12,20.6,381.0,1,-147.9,249.5,Above the Break 3,3PT Field Goal,R. Delgado
1.1,18.267906207241115,6.02,0.7,82.0,1,-3.4,10.3,Restricted Area,2PT Field Goal,B. Osei
3.3,28.194979062462156,0.3,14.1,265.0,1,-15.6,29.1,Restricted Area,2PT Field Goal,L. Fitzgerald
23.6,46.953676611592776,4.55,9.7,527.0,0,-172.8,161.4,Above the Break 3,3PT Field Goal,A. Kowalski
2.1,12.528807709151511,3.6,20.9,666.0,1,4.6,20.7,Restricted Area,2PT Field Goal,K. Albrecht
25.0,13.142197543711863,5.75,11.8,693.0,1,56.9,243.7,Above the Break 3,3PT Field Goal,K. Albrecht
18.5,24.116349140505694,2.32,18.3,143.0,1,-75.7,169.1,Mid-Range,2PT Field Goal,R. Delgado
15.8,27.606086486036546,4.11,11.2,252.0,0,73.0,139.6,Mid-Range,2PT Field Goal,K. Albrecht
14.1,29.20061548091078,1.19,9.4,625.0,0,-68.8,123.1,Mid-Range,2PT Field Goal,M. Okafor
18.0,4.986333771235493,5.9,20.8,482.0,1,-15.6,178.8,Mid-Range,2PT Field Goal,K. Albrecht
4.0,52.61471194203102,9.42,20.2,228.0,1,-31.8,24.3,In The Paint (Non-RA),2PT Field Goal,T. Nwosu
4.0,58.69257110580227,4.65,0.5,675.0,1,-34.2,20.8,In The Paint (Non-RA),2PT Field Goal,B. Osei
25.8,10.805060216093253,7.68,10.3,243.0,0,48.4,253.6,Above the Break 3,3PT Field Goal,D. Reyes
23.8,42.36268266153125,7.7,8.4,628.0,1,160.5,176.0,Above the Break 3,3PT Field Goal,L. Fitzgerald
8.1,65.43837075059015,3.46,7.5,607.0,1,73.3,33.5,In The Paint (Non-RA),2PT Field Goal,R. Delgado
14.6,54.42114501990469,4.28,6.0,469.0,0,-118.4,84.7,Mid-Range,2PT Field Goal,B. Osei
2.9,63.79137209157948,4.46,10.8,429.0,1,-25.8,12.7,Restricted Area,2PT Field Goal,S. Whitfield
9.1,11.950082143543748,6.53,5.2,261.0,0,-18.9,89.3,In The Paint (Non-RA),2PT Field Goal,M. Okafor
15.4,23.905909882192447,2.5,12.1,681.0,1,62.5,141.0,Mid-Range,2PT Field Goal,T. Nwosu
14.5,55.828650495273855,5.81,16.0,115.0,1,120.2,81.6,Mid-Range,2PT Field Goal,J. Carter
2.3,11.647814367296638,2.08,6.3,576.0,0,-4.7,22.8,Restricted Area,2PT Field Goal,A. Kowalski
2.9,5.264946754605816,5.61,13.5,397.0,1,2.7,29.3,Restricted Area,2PT Field Goal,S. Whitfield
25.4,66.12438162962538,4.02,7.0,27.0,0,-232.7,103.0,Above the Break 3,3PT Field Goal,T. Nwosu
26.4,35.43671617045694,0.3,16.3,57.0,0,-153.0,215.0,Above the Break 3,3PT Field Goal,B. Osei
0.5,54.904183212973884,3.15,19.3,299.0,1,3.7,2.6,Restricted Area,2PT Field Goal,R. Delgado
23.9,28.529996190606205,5.22,4.1,250.0,1,-114.0,209.7,Above the Break 3,3PT Field Goal,S. Whitfield
27.5,52.54309303510315,3.7,12.5,302.0,0,218.5,167.4,Above the Break 3,3PT Field Goal,A. Kowalski
2.2,40.46222749209335,4.66,10.2,455.0,1,-14.5,17.0,Restricted Area,2PT Field Goal,B. Osei
23.5,38.87345512996035,9.34,16.1,632.0,1,-147.2,182.6,Above the Break 3,3PT Field Goal,T. Nwosu
11.6,20.515524873076462,1.05,10.4,456.0,1,-40.6,108.5,In The Paint (Non-RA),2PT Field Goal,M. Okafor
2.2,15.802513953935529,2.38,13.9,590.0,1,-6.0,21.2,Restricted Area,2PT Field Goal,L. Fitzgerald
1.5,8.62735314406524,2.28,2.1,516.0,1,-2.2,14.5,Restricted Area,2PT Field Goal,M. Okafor
18.4,3.6112660882968313,4.1,12.2,560.0,0,-11.6,183.8,Mid-Range,2PT Field Goal,J. Carter
19.3,15.969816917919422,2.96,19.6,404.0,0,53.2,185.9,Mid-Range,2PT Field Goal,D. Reyes
6.3,27.630515089015926,3.57,13.1,592.0,1,-29.0,55.4,In The Paint (Non-RA),2PT Field Goal,B. Osei
2.3,6.394397765227591,2.14,14.1,342.0,1,2.6,23.2,Restricted Area,2PT Field Goal,T. Nwosu
25.3,8.014560943306163,2.3,13.8,191.0,0,35.2,250.0,Above the Break 3,3PT Field Goal,S. Whitfield
0.3,34.824489156956794,8.56,4.3,666.0,1,1.6,2.3,Restricted Area,2PT Field Goal,D. Reyes
3.1,65.90661358455543,9.99,21.2,704.0,0,28.4,12.7,Restricted Area,2PT Field Goal,A. Kowalski
21.7,5.715850595689427,3.7,21.6,205.0,0,21.6,215.8,Mid-Range,2PT Field Goal,S. Whitfield
3.6,47.72631099390627,4.3,9.5,225.0,0,26.4,24.0,Restricted Area,2PT Field Goal,L. Fitzgerald
26.1,50.39106021725548,0.3,21.5,211.0,0,201.2,166.5,Above the Break 3,3PT Field Goal,S. Whitfield
15.9,9.161203303242312,3.14,15.8,604.0,1,25.4,157.5,Mid-Range,2PT Field Goal,J. Carter
29.0,62.630757315159954,5.84,0.3,401.0,0,257.5,133.3,Above the Break 3,3PT Field Goal,K. Albrecht
0.5,54.32359177813802,5.06,3.6,348.0,0,-3.9,2.8,Restricted Area,2PT Field Goal,R. Delgado
7.1,27.21202746154755,3.59,5.4,88.0,0,-32.6,63.4,In The Paint (Non-RA),2PT Field Goal,D. Reyes
2.2,33.690067525979785,8.37,2.2,51.0,0,12.2,18.3,Restricted Area,2PT Field Goal,M. Okafor
3.9,54.668668661083636,11.04,0.7,150.0,1,-31.6,22.4,Restricted Area,2PT Field Goal,D. Reyes
8.8,45.8729234806444,3.66,12.3,231.0,0,-63.3,61.4,In The Paint (Non-RA),2PT Field Goal,R. Delgado
22.5,57.34128639475688,1.67,1.0,299.0,0,-189.4,121.4,Above the Break 3,3PT Field Goal,M. Okafor
7.3,52.055734908045345,5.54,9.8,618.0,1,57.2,44.6,In The Paint (Non-RA),2PT Field Goal,R. Delgado
26.0,11.685651277638128,6.15,20.1,259.0,0,-52.7,254.8,Above the Break 3,3PT Field Goal,D. Reyes
2.5,33.56455670918676,2.09,10.8,708.0,1,-14.0,21.1,Restricted Area,2PT Field Goal,K. Albrecht
0.8,48.54476645559488,3.97,14.5,387.0,1,6.0,5.3,Restricted Area,2PT Field Goal,L. Fitzgerald
0.8,25.958769261560644,6.67,4.6,640.0,1,3.7,7.6,Restricted Area,2PT Field Goal,D. Reyes
29.0,34.133999539609405,5.05,12.0,334.0,0,-162.7,240.0,Above the Break 3,3PT Field Goal,L. Fitzgerald
3.0,40.21430450762506,2.09,6.7,702.0,0,-19.7,23.3,Restricted Area,2PT Field Goal,B. Osei
20.7,30.80236039695314,6.21,4.8,325.0,1,106.0,177.8,Mid-Range,2PT Field Goal,T. Nwosu
18.7,63.6816165243233,2.17,16.4,499.0,1,167.6,82.9,Mid-Range,2PT Field Goal,J. Carter
4.0,38.704570572727775,7.73,0.2,215.0,0,-25.0,31.2,In The Paint (Non-RA),2PT Field Goal,S. Whitfield
24.4,67.50637275540292,4.11,21.5,5.0,0,-225.8,93.5,Above the Break 3,3PT Field Goal,J. Carter
27.5,57.54800441812041,0.3,13.0,42.0,0,231.8,147.4,Above the Break 3,3PT Field Goal,L. Fitzgerald
0.7,22.680559607024914,2.08,15.1,347.0,1,2.8,6.7,Restricted Area,2PT Field Goal,M. Okafor
2.1,47.93067250556689,5.98,16.6,397.0,1,-15.4,13.9,Restricted Area,2PT Field Goal,M. Okafor
14.1,42.8746525438781,8.38,4.0,124.0,0,-96.0,103.4,Mid-Range,2PT Field Goal,A. Kowalski
10.8,29.239594313889437,4.98,0.2,683.0,0,-52.9,94.5,In The Paint (Non-RA),2PT Field Goal,M. Okafor
16.9,41.81352843128258,3.44,7.5,455.0,1,-112.8,126.1,Mid-Range,2PT Field Goal,J. Carter
21.8,42.012557707640745,9.53,8.8,699.0,0,146.2,162.3,Mid-Range,2PT Field Goal,B. Osei
25.9,65.30520727997622,1.03,10.3,459.0,0,235.3,108.2,Above the Break 3,3PT Field Goal,R. Delgado
22.9,9.996399047781338,6.55,21.0,42.0,0,-39.8,225.8,Above the Break 3,3PT Field Goal,A. Kowalski
1.1,34.99202019855866,0.52,7.5,164.0,1,-6.3,9.0,Restricted Area,2PT Field Goal,D. Reyes
26.2,28.530215971813863,0.3,0.6,12.0,0,-125.2,230.3,Above the Break 3,3PT Field Goal,D. Reyes
5.4,56.80788939004957,1.57,4.6,129.0,0,45.4,29.7,In The Paint (Non-RA),2PT Field Goal,J. Carter
23.9,23.025492008528037,6.04,0.1,512.0,0,93.5,220.0,Above the Break 3,3PT Field Goal,R. Delgado
13.2,56.72056129999153,4.71,9.9,495.0,1,110.0,72.2,In The Paint (Non-RA),2PT Field Goal,B. Osei
1.7,35.1033280323309,3.66,8.4,560.0,0,9.7,13.8,Restricted Area,2PT Field Goal,R. Delgado
25.7,32.15445506586737,5.11,8.0,586.0,0,-136.6,217.3,Above the Break 3,3PT Field Goal,S. Whitfield
2.4,36.6784337653331,2.44,9.4,119.0,0,-14.3,19.2,Restricted Area,2PT Field Goal,R. Delgado
22.8,39.87634630327951,7.69,22.6,102.0,0,146.2,175.0,Above the Break 3,3PT Field Goal,J. Carter
19.9,53.563059701438284,4.36,20.4,567.0,0,159.7,117.9,Mid-Range,2PT Field Goal,M. Okafor
