GAME_ID,PLAYER_NAME,TEAM_NAME,PERIOD,MINUTES_REMAINING,SECONDS_REMAINING,SHOT_DISTANCE,SHOT_TYPE,SHOT_ZONE_BASIC,LOC_X,LOC_Y,SHOT_MADE_FLAG,DEFENDER_DISTANCE,SHOT_CLOCK
22300432,S. Whitfield,Boston Celtics,1,11,22,21.5,2PT Field Goal,Mid-Range,-7.0,215.3,1,0.3,12.9
22300979,B. Osei,Milwaukee Bucks,2,4,22,24.4,3PT Field Goal,Above the Break 3,220.6,105.0,0,4.74,2.4
22300328,J. Carter,Phoenix Suns,1,7,47,28.1,3PT Field Goal,Above the Break 3,-68.8,272.2,1,4.93,0.3
22300260,L. Fitzgerald,Miami Heat,3,11,29,0.2,2PT Field Goal,Restricted Area,-0.2,2.0,1,2.51,23.0
22300740,D. Reyes,Golden State Warriors,1,4,44,4.0,2PT Field Goal,In The Paint (Non-RA),25.5,30.8,0,1.63,6.8
22300438,J. Carter,Milwaukee Bucks,2,1,34,27.2,3PT Field Goal,Above the Break 3,-56.9,265.5,1,0.9,10.7
22300328,S. Whitfield,Golden State Warriors,1,4,17,2.3,2PT Field Goal,Restricted Area,14.5,18.3,1,4.22,8.3
22300270,A. Kowalski,Denver Nuggets,3,7,14,26.4,3PT Field Goal,Above the Break 3,24.5,263.0,1,4.23,4.3
22300207,T. Nwosu,New York Knicks,2,11,21,25.4,3PT Field Goal,Above the Break 3,-200.6,156.6,1,3.66,13.0
22300310,S. Whitfield,Los Angeles Lakers,3,2,29,6.5,2PT Field Goal,In The Paint (Non-RA),53.5,37.5,1,8.83,2.6
22300893,K. Albrecht,New York Knicks,2,4,8,3.9,2PT Field Goal,Restricted Area,31.6,22.7,0,4.1,10.9
22300365,D. Reyes,Golden State Warriors,2,7,17,2.3,2PT Field Goal,Restricted Area,-17.7,14.4,0,4.52,23.3
22300075,A. Kowalski,Miami Heat,2,3,10,3.7,2PT Field Goal,Restricted Area,-14.7,34.4,1,0.49,2.5
22300857,A. Kowalski,Golden State Warriors,3,1,18,11.8,2PT Field Goal,In The Paint (Non-RA),18.7,116.6,1,4.86,9.9
22300203,M. Okafor,Los Angeles Lakers,4,4,9,6.3,2PT Field Goal,In The Paint (Non-RA),-50.4,37.0,1,6.3,15.2
22300580,A. Kowalski,Denver Nuggets,4,11,53,15.0,2PT Field Goal,Mid-Range,-34.0,146.2,1,2.09,4.7
22300086,T. Nwosu,Golden State Warriors,1,5,16,26.6,3PT Field Goal,Above the Break 3,-227.6,136.7,0,8.99,18.9
22300330,K. Albrecht,Milwaukee Bucks,2,5,14,24.4,3PT Field Goal,Above the Break 3,18.2,243.1,0,2.85,19.9
22300378,T. Nwosu,Los Angeles Lakers,1,8,5,17.9,2PT Field Goal,Mid-Range,-7.3,178.8,1,4.49,0.1
22300711,D. Reyes,New York Knicks,1,10,30,29.0,3PT Field Goal,Above the Break 3,246.6,152.6,0,3.29,0.9
22300671,M. Okafor,Golden State Warriors,2,4,50,1.3,2PT Field Goal,Restricted Area,8.5,9.6,0,3.25,2.7
22300202,A. Kowalski,Denver Nuggets,3,4,24,2.6,2PT Field Goal,Restricted Area,-13.4,22.1,1,0.3,13.6
22300181,M. Okafor,New York Knicks,1,2,25,16.8,2PT Field Goal,Mid-Range,69.8,152.4,1,6.13,3.3
22300553,R. Delgado,Phoenix Suns,4,2,5,3.8,2PT Field Goal,Restricted Area,33.9,17.9,0,0.3,13.0
22300573,B. Osei,Milwaukee Bucks,1,11,59,3.2,2PT Field Goal,Restricted Area,-24.8,20.4,1,7.02,17.1
22300478,A. Kowalski,Golden State Warriors,2,7,27,9.1,2PT Field Goal,In The Paint (Non-RA),6.9,90.3,0,1.58,11.7
22300290,A. Kowalski,Los Angeles Lakers,4,6,39,8.0,2PT Field Goal,In The Paint (Non-RA),-59.5,52.8,1,2.93,14.2
22300062,J. Carter,Milwaukee Bucks,3,3,18,23.5,3PT Field Goal,Above the Break 3,-129.6,195.7,0,9.95,5.0
22300396,B. Osei,Miami Heat,1,4,28,16.8,2PT Field Goal,Mid-Range,-2.4,167.5,0,1.9,4.4
22300272,A. Kowalski,Golden State Warriors,2,1,25,6.1,2PT Field Goal,In The Paint (Non-RA),-56.3,24.3,1,3.63,7.2
22300210,J. Carter,Milwaukee Bucks,4,7,48,6.6,2PT Field Goal,In The Paint (Non-RA),-2.9,65.7,0,1.25,9.2
22300575,J. Carter,Denver Nuggets,4,9,5,1.5,2PT Field Goal,Restricted Area,-6.8,12.9,1,3.71,15.4
22300156,R. Delgado,Denver Nuggets,3,8,27,3.1,2PT Field Goal,Restricted Area,-26.3,15.5,1,5.09,2.8
22300782,M. Okafor,Golden State Warriors,2,2,55,1.2,2PT Field Goal,Restricted Area,0.9,12.1,0,7.77,10.5
22300869,K. Albrecht,Denver Nuggets,4,8,1,15.6,2PT Field Goal,Mid-Range,-101.8,118.2,1,0.3,13.0
22300589,M. Okafor,Los Angeles Lakers,4,7,40,0.3,2PT Field Goal,Restricted Area,-2.0,2.4,1,3.97,6.8
22300019,A. Kowalski,Miami Heat,4,7,56,2.6,2PT Field Goal,Restricted Area,22.7,13.1,1,5.52,21.4
22300243,D. Reyes,Milwaukee Bucks,2,8,22,3.7,2PT Field Goal,Restricted Area,-5.5,36.2,1,6.21,19.5
22300241,M. Okafor,Golden State Warriors,3,5,39,22.5,3PT Field Goal,Above the Break 3,24.9,223.6,0,2.36,4.6
22300462,M. Okafor,New York Knicks,1,7,32,3.0,2PT Field Goal,Restricted Area,-24.3,17.6,0,4.34,11.3
22300276,T. Nwosu,Milwaukee Bucks,3,3,43,0.5,2PT Field Goal,Restricted Area,4.5,2.4,1,8.46,14.5
22300790,T. Nwosu,Denver Nuggets,2,2,5,25.7,3PT Field Goal,Above the Break 3,52.6,251.8,1,5.0,5.6
22300329,S. Whitfield,Los Angeles Lakers,1,3,27,12.8,2PT Field Goal,In The Paint (Non-RA),-60.2,113.5,1,9.04,14.4
22300019,D. Reyes,Miami Heat,4,3,53,28.0,3PT Field Goal,Above the Break 3,105.5,258.9,0,1.36,2.7
22300538,D. Reyes,Miami Heat,3,6,55,18.3,2PT Field Goal,Mid-Range,61.4,172.5,1,2.5,10.6
22300270,T. Nwosu,Miami Heat,1,4,35,24.6,3PT Field Goal,Above the Break 3,-8.4,246.0,0,4.23,20.2
22300522,T. Nwosu,Los Angeles Lakers,3,11,27,3.0,2PT Field Goal,Restricted Area,-5.3,29.8,0,1.78,20.0
22300835,A. Kowalski,Phoenix Suns,3,4,20,20.4,2PT Field Goal,Mid-Range,-167.6,116.7,1,5.65,9.5
22300834,D. Reyes,Golden State Warriors,4,6,20,4.6,2PT Field Goal,In The Paint (Non-RA),26.7,37.6,1,1.56,6.8
22300167,R. Delgado,Los Angeles Lakers,2,5,7,25.4,3PT Field Goal,Above the Break 3,-225.5,116.3,1,4.93,15.4
22300141,M. Okafor,Denver Nuggets,1,3,19,2.8,2PT Field Goal,Restricted Area,-24.1,14.3,0,0.67,18.0
22300738,L. Fitzgerald,Golden State Warriors,3,10,59,15.9,2PT Field Goal,Mid-Range,46.4,152.0,0,2.18,10.7
22300586,M. Okafor,Milwaukee Bucks,4,5,34,1.5,2PT Field Goal,Restricted Area,11.3,9.2,0,4.74,2.2
22300384,B. Osei,Phoenix Suns,4,11,45,8.9,2PT Field Goal,In The Paint (Non-RA),72.4,52.0,1,5.53,8.3
22300923,K. Albrecht,New York Knicks,3,4,6,0.2,2PT Field Goal,Restricted Area,-1.2,1.6,0,1.93,17.6
22300763,D. Reyes,Miami Heat,2,4,16,3.2,2PT Field Goal,Restricted Area,21.8,23.5,1,0.66,23.2
22300929,B. Osei,Los Angeles Lakers,2,3,11,23.7,3PT Field Goal,Above the Break 3,-162.1,172.9,0,5.44,18.2
22300536,M. Okafor,Milwaukee Bucks,3,8,47,3.1,2PT Field Goal,Restricted Area,-20.4,22.7,0,1.83,7.7
22300489,K. Albrecht,Golden State Warriors,3,9,52,25.3,3PT Field Goal,Above the Break 3,-22.8,252.4,0,5.07,16.7
22300155,R. Delgado,Boston Celtics,2,4,0,20.3,2PT Field Goal,Mid-Range,35.8,199.5,0,7.16,20.0
22300586,L. Fitzgerald,New York Knicks,2,5,31,20.0,2PT Field Goal,Mid-Range,14.7,199.3,0,5.65,8.4
22300241,S. Whitfield,Denver Nuggets,4,2,5,19.0,2PT Field Goal,Mid-Range,158.7,105.4,0,0.64,7.3
22300284,D. Reyes,Boston Celtics,2,5,43,21.1,2PT Field Goal,Mid-Range,-1.2,211.0,0,7.02,16.1
22300242,R. Delgado,Boston Celtics,3,10,34,2.6,2PT Field Goal,Restricted Area,-8.3,24.5,1,6.74,7.0
22300236,D. Reyes,Los Angeles Lakers,1,8,3,8.8,2PT Field Goal,In The Paint (Non-RA),-7.8,87.9,0,2.79,21.9
22300554,T. Nwosu,Los Angeles Lakers,4,0,10,0.2,2PT Field Goal,Restricted Area,-1.4,1.5,1,3.18,16.5
22300567,J. Carter,Denver Nuggets,1,4,55,5.1,2PT Field Goal,In The Paint (Non-RA),25.6,44.2,1,7.46,5.2
22300702,K. Albrecht,Los Angeles Lakers,3,9,20,0.2,2PT Field Goal,Restricted Area,-1.6,1.7,1,4.9,5.1
22300830,D. Reyes,Los Angeles Lakers,4,10,7,23.7,3PT Field Goal,Above the Break 3,-9.8,236.9,1,5.16,6.0
22300926,D. Reyes,Miami Heat,4,8,6,3.2,2PT Field Goal,Restricted Area,-26.4,18.1,1,6.7,18.4
22300787,R. Delgado,Milwaukee Bucks,4,10,40,18.8,2PT Field Goal,Mid-Range,94.4,162.8,0,5.42,0.3
22300168,M. Okafor,Boston Celtics,4,8,52,3.0,2PT Field Goal,Restricted Area,-9.4,28.0,1,10.7,8.7
22300592,D. Reyes,Los Angeles Lakers,3,5,15,23.7,3PT Field Goal,Above the Break 3,148.8,184.9,0,7.39,13.8
22300083,K. Albrecht,Los Angeles Lakers,1,7,10,20.4,2PT Field Goal,Mid-Range,-144.8,143.7,1,4.54,17.7
22300934,S. Whitfield,Boston Celtics,1,1,50,2.6,2PT Field Goal,Restricted Area,-0.7,25.9,0,4.47,7.7
22300518,S. Whitfield,Boston Celtics,3,10,13,22.9,3PT Field Goal,Above the Break 3,177.7,144.8,0,3.51,12.6
22300990,L. Fitzgerald,Los Angeles Lakers,4,6,33,24.5,3PT Field Goal,Above the Break 3,127.1,209.6,0,7.01,21.0
22300005,J. Carter,New York Knicks,4,9,24,28.7,3PT Field Goal,Above the Break 3,-183.9,220.1,0,1.44,1.7
22300596,B. Osei,New York Knicks,2,0,45,21.6,2PT Field Goal,Mid-Range,-176.6,125.1,1,6.26,0.5
22300525,T. Nwosu,Phoenix Suns,4,6,38,1.7,2PT Field Goal,Restricted Area,3.9,16.6,0,2.84,12.9
22300202,S. Whitfield,Phoenix Suns,1,7,20,2.5,2PT Field Goal,Restricted Area,22.4,10.4,0,0.3,12.7
22300674,J. Carter,Miami Heat,3,0,32,25.4,3PT Field Goal,Above the Break 3,-56.7,247.2,1,6.48,23.4
22300907,A. Kowalski,Milwaukee Bucks,1,1,8,20.8,2PT Field Goal,Mid-Range,96.4,184.7,1,5.21,16.2
22300430,B. Osei,Boston Celtics,4,6,30,1.4,2PT Field Goal,Restricted Area,5.7,12.3,0,4.87,17.4
22300761,M. Okafor,Denver Nuggets,1,7,40,25.8,3PT Field Goal,Above the Break 3,233.8,109.2,0,3.49,9.7
22300722,D. Reyes,Boston Celtics,1,5,13,18.6,2PT Field Goal,Mid-Range,-40.8,181.6,1,4.16,14.3
22300345,S. Whitfield,Golden State Warriors,2,8,39,16.3,2PT Field Goal,Mid-Range,-135.0,91.8,0,2.75,13.5
22300325,M. Okafor,Phoenix Suns,1,1,57,1.6,2PT Field Goal,Restricted Area,-13.3,9.4,1,7.32,17.6
22300870,K. Albrecht,Miami Heat,2,1,25,4.8,2PT Field Goal,In The Paint (Non-RA),40.0,27.2,0,7.39,15.1
22300547,M. Okafor,Phoenix Suns,3,10,24,1.0,2PT Field Goal,Restricted Area,-6.1,7.5,1,4.12,4.9
22300396,K. Albrecht,Phoenix Suns,2,1,3,2.3,2PT Field Goal,Restricted Area,4.6,22.6,1,4.25,5.2
22300392,J. Carter,Denver Nuggets,4,6,54,29.0,3PT Field Goal,Above the Break 3,92.8,274.7,1,4.89,16.1
22300531,D. Reyes,Los Angeles Lakers,4,6,51,8.4,2PT Field Goal,In The Paint (Non-RA),68.1,48.6,0,6.33,3.6
22300438,D. Reyes,Denver Nuggets,2,1,1,18.8,2PT Field Goal,Mid-Range,-33.3,185.4,0,4.76,13.8
22300477,A. Kowalski,Boston Celtics,1,0,38,1.5,2PT Field Goal,Restricted Area,-8.4,12.5,0,3.18,19.9
22300733,T. Nwosu,Boston Celtics,2,4,40,24.4,3PT Field Goal,Above the Break 3,200.6,138.5,1,3.7,2.1
22300944,D. Reyes,Milwaukee Bucks,3,2,10,3.1,2PT Field Goal,Restricted Area,8.4,30.2,0,4.89,21.3
22300687,K. Albrecht,New York Knicks,2,1,1,2.9,2PT Field Goal,Restricted Area,26.3,11.2,1,3.91,4.9
22300766,A. Kowalski,Milwaukee Bucks,4,10,47,1.0,2PT Field Goal,Restricted Area,6.3,8.1,1,3.34,3.8
22300509,R. Delgado,New York Knicks,2,6,45,4.0,2PT Field Goal,In The Paint (Non-RA),15.2,37.0,0,7.1,1.0
22300010,B. Osei,Boston Celtics,4,5,7,23.7,3PT Field Goal,Above the Break 3,-15.1,236.9,0,5.22,21.8
22300767,K. Albrecht,Milwaukee Bucks,1,5,59,19.8,2PT Field Goal,Mid-Range,-183.1,74.6,0,6.37,6.5
22300696,J. Carter,Los Angeles Lakers,3,9,42,7.6,2PT Field Goal,In The Paint (Non-RA),52.5,54.7,0,2.2,8.6
22300875,S. Whitfield,Golden State Warriors,3,7,47,19.8,2PT Field Goal,Mid-Range,-65.7,186.3,1,6.19,11.5
22300399,A. Kowalski,New York Knicks,4,5,35,26.4,3PT Field Goal,Above the Break 3,-228.8,131.0,0,4.32,7.6
22300595,B. Osei,Golden State Warriors,3,9,10,0.7,2PT Field Goal,Restricted Area,3.6,5.6,1,3.67,15.2
22300201,T. Nwosu,New York Knicks,3,10,44,17.2,2PT Field Goal,Mid-Range,157.0,69.8,1,2.68,23.4
22300655,T. Nwosu,Boston Celtics,1,8,59,20.0,2PT Field Goal,Mid-Range,106.3,169.4,0,2.79,10.9
22300333,M. Okafor,Phoenix Suns,3,11,23,2.5,2PT Field Goal,Restricted Area,-17.7,18.2,1,3.17,5.1
22300680,J. Carter,Phoenix Suns,1,2,15,6.6,2PT Field Goal,In The Paint (Non-RA),-23.9,61.4,0,4.53,12.5
22300987,B. Osei,Denver Nuggets,1,8,27,23.3,3PT Field Goal,Above the Break 3,-85.7,217.0,0,4.07,4.5
22300689,L. Fitzgerald,Los Angeles Lakers,2,5,8,26.0,3PT Field Goal,Above the Break 3,-116.8,232.8,1,8.91,8.7
22300564,T. Nwosu,Boston Celtics,4,0,23,3.3,2PT Field Goal,Restricted Area,13.8,29.9,0,5.38,10.7
22300283,J. Carter,Golden State Warriors,1,10,44,27.5,3PT Field Goal,Above the Break 3,138.2,237.3,0,4.83,1.0
22300606,B. Osei,Miami Heat,3,10,43,3.5,2PT Field Goal,Restricted Area,-17.7,30.5,1,4.06,18.7
22300339,S. Whitfield,Boston Celtics,4,7,56,23.6,3PT Field Goal,Above the Break 3,-60.5,228.1,0,2.43,12.6
22300531,D. Reyes,Golden State Warriors,4,5,47,24.6,3PT Field Goal,Above the Break 3,-101.2,223.8,0,2.4,18.7
22300843,L. Fitzgerald,New York Knicks,2,3,56,0.2,2PT Field Goal,Restricted Area,-1.1,1.7,0,5.1,9.8
22300038,J. Carter,Phoenix Suns,3,10,49,6.6,2PT Field Goal,In The Paint (Non-RA),23.8,61.1,0,0.75,23.5
22300537,S. Whitfield,New York Knicks,2,0,36,28.4,3PT Field Goal,Above the Break 3,186.2,214.5,0,8.02,10.9
22300912,R. Delgado,Denver Nuggets,2,0,31,3.2,2PT Field Goal,Restricted Area,15.6,27.9,0,7.9,11.2
22300001,R. Delgado,Milwaukee Bucks,1,9,29,16.7,2PT Field Goal,Mid-Range,148.2,76.0,0,0.85,1.4
22300648,B. Osei,Los Angeles Lakers,3,9,31,23.6,3PT Field Goal,Above the Break 3,204.8,118.0,0,7.08,12.8
22300344,K. Albrecht,Golden State Warriors,1,6,10,6.3,2PT Field Goal,In The Paint (Non-RA),56.0,28.6,0,6.83,9.9
22300946,L. Fitzgerald,Miami Heat,4,2,53,24.3,3PT Field Goal,Above the Break 3,151.0,190.2,1,6.89,10.5
22300239,J. Carter,Golden State Warriors,4,9,23,3.5,2PT Field Goal,Restricted Area,-10.6,32.9,0,5.85,6.0
22300526,D. Reyes,Milwaukee Bucks,3,6,46,3.7,2PT Field Goal,Restricted Area,20.5,31.0,0,8.08,4.2
22300169,D. Reyes,Denver Nuggets,2,3,2,0.2,2PT Field Goal,Restricted Area,1.8,0.9,1,2.42,8.5
22300645,R. Delgado,New York Knicks,2,11,22,1.2,2PT Field Goal,Restricted Area,-6.1,10.2,1,3.22,5.7
22300595,L. Fitzgerald,Boston Celtics,1,7,2,1.9,2PT Field Goal,Restricted Area,-6.5,17.7,0,5.69,10.0
22300029,A. Kowalski,Los Angeles Lakers,4,8,59,25.9,3PT Field Goal,Above the Break 3,-234.1,110.2,0,4.41,3.7
22300662,B. Osei,Phoenix Suns,4,9,34,15.0,2PT Field Goal,Mid-Range,123.6,85.4,0,0.98,21.3
22300898,D. Reyes,Golden State Warriors,2,7,30,1.5,2PT Field Goal,Restricted Area,9.5,11.2,1,6.18,4.0
22300229,J. Carter,Golden State Warriors,2,6,13,3.6,2PT Field Goal,Restricted Area,-28.2,22.5,0,6.66,13.9
22300171,L. Fitzgerald,Phoenix Suns,4,7,19,24.9,3PT Field Goal,Above the Break 3,-32.6,247.0,0,3.79,15.9
22300767,T. Nwosu,Denver Nuggets,3,9,25,10.4,2PT Field Goal,In The Paint (Non-RA),-49.5,91.2,0,5.17,4.0
22300249,L. Fitzgerald,New York Knicks,3,10,47,24.0,3PT Field Goal,Above the Break 3,-84.8,224.4,0,6.5,3.7
22300434,S. Whitfield,Phoenix Suns,2,5,28,13.8,2PT Field Goal,In The Paint (Non-RA),-20.2,136.2,1,0.3,21.8
22300768,L. Fitzgerald,Boston Celtics,1,11,16,21.7,2PT Field Goal,Mid-Range,187.9,107.9,1,3.0,12.0
22300296,J. Carter,Miami Heat,2,9,34,28.2,3PT Field Goal,Above the Break 3,-121.7,254.8,0,2.27,1.2
22300982,D. Reyes,Los Angeles Lakers,2,7,54,24.5,3PT Field Goal,Above the Break 3,44.3,240.6,0,3.95,4.0
22300076,B. Osei,Boston Celtics,4,9,10,21.3,2PT Field Goal,Mid-Range,117.1,178.5,1,1.42,21.7
22300549,M. Okafor,Golden State Warriors,2,5,18,7.1,2PT Field Goal,In The Paint (Non-RA),33.4,62.2,1,1.35,5.3
22300211,A. Kowalski,Denver Nuggets,4,4,34,26.0,3PT Field Goal,Above the Break 3,-231.9,118.5,0,4.79,11.7
22300294,R. Delgado,Milwaukee Bucks,4,0,52,8.0,2PT Field Goal,In The Paint (Non-RA),-28.5,74.7,1,8.51,21.7
22300802,J. Carter,Milwaukee Bucks,1,1,15,24.8,3PT Field Goal,Above the Break 3,173.7,176.3,1,1.43,4.0
22300521,S. Whitfield,Golden State Warriors,3,11,29,1.2,2PT Field Goal,Restricted Area,-8.3,8.5,0,8.0,1.8
22300045,T. Nwosu,Los Angeles Lakers,3,8,53,11.0,2PT Field Goal,In The Paint (Non-RA),-12.9,109.0,1,6.51,15.8
22300283,D. Reyes,Milwaukee Bucks,3,9,2,7.1,2PT Field Goal,In The Paint (Non-RA),44.7,54.8,0,6.61,12.1
22300773,M. Okafor,Phoenix Suns,1,6,19,25.1,3PT Field Goal,Above the Break 3,-161.2,191.9,1,7.34,18.3
22300451,T. Nwosu,Golden State Warriors,2,7,54,3.5,2PT Field Goal,Restricted Area,-0.9,34.7,1,3.32,0.4
22300021,R. Delgado,Milwaukee Bucks,4,9,11,23.1,3PT Field Goal,Above the Break 3,202.8,110.4,0,6.89,8.8
22300546,D. Reyes,Los Angeles Lakers,1,10,31,17.4,2PT Field Goal,Mid-Range,-142.1,100.2,0,0.81,19.3
22300944,B. Osei,Phoenix Suns,2,6,41,27.1,3PT Field Goal,Above the Break 3,-131.7,236.5,0,2.45,15.0
22300111,L. Fitzgerald,Los Angeles Lakers,1,10,29,18.4,2PT Field Goal,Mid-Range,-166.1,79.3,1,5.06,23.1
22300975,M. Okafor,Milwaukee Bucks,1,8,40,24.7,3PT Field Goal,Above the Break 3,-214.3,123.2,0,6.08,22.8
22300287,S. Whitfield,New York Knicks,4,2,31,2.7,2PT Field Goal,Restricted Area,17.7,20.0,1,1.12,21.7
22300536,A. Kowalski,Milwaukee Bucks,2,8,21,5.3,2PT Field Goal,In The Paint (Non-RA),3.8,52.5,1,0.3,15.2
22300862,T. Nwosu,Los Angeles Lakers,1,6,50,0.3,2PT Field Goal,Restricted Area,0.7,2.5,0,5.25,2.1
22300514,T. Nwosu,New York Knicks,1,7,11,0.8,2PT Field Goal,Restricted Area,-4.4,6.9,1,4.97,5.1
22300188,S. Whitfield,Miami Heat,4,8,41,1.4,2PT Field Goal,Restricted Area,6.7,12.7,1,5.91,20.2
22300825,D. Reyes,Boston Celtics,4,6,19,27.7,3PT Field Goal,Above the Break 3,-206.6,184.1,0,4.12,12.8
22300183,T. Nwosu,Los Angeles Lakers,2,11,10,23.4,3PT Field Goal,Above the Break 3,-153.0,177.7,0,1.28,18.2
22300603,T. Nwosu,New York Knicks,1,4,50,2.1,2PT Field Goal,Restricted Area,-18.2,10.7,1,6.91,12.1
22300036,T. Nwosu,Denver Nuggets,3,3,0,14.1,2PT Field Goal,Mid-Range,123.1,69.2,0,6.09,10.4
22300003,L. Fitzgerald,Phoenix Suns,3,11,34,10.5,2PT Field Goal,In The Paint (Non-RA),-41.5,96.4,1,4.69,12.3
22300263,M. Okafor,Los Angeles Lakers,4,3,43,21.6,2PT Field Goal,Mid-Range,-103.5,189.8,1,9.33,7.7
22300694,D. Reyes,Denver Nuggets,2,7,21,16.8,2PT Field Goal,Mid-Range,-30.9,165.5,1,4.85,16.7
22300284,B. Osei,New York Knicks,3,6,54,3.2,2PT Field Goal,Restricted Area,-18.9,25.7,0,7.8,2.1
22300046,J. Carter,New York Knicks,1,7,25,24.6,3PT Field Goal,Above the Break 3,203.9,138.1,1,3.99,18.2
22300767,J. Carter,Milwaukee Bucks,1,0,0,7.5,2PT Field Goal,In The Paint (Non-RA),-37.6,65.5,0,0.3,14.8
22300443,T. Nwosu,Los Angeles Lakers,2,4,27,18.9,2PT Field Goal,Mid-Range,-166.5,89.2,0,1.62,16.1
22300093,T. Nwosu,Phoenix Suns,1,7,8,15.1,2PT Field Goal,Mid-Range,109.2,103.9,0,0.3,23.0
22300422,M. Okafor,Milwaukee Bucks,3,10,38,1.8,2PT Field Goal,Restricted Area,9.1,15.3,1,3.76,17.4
22300144,B. Osei,Milwaukee Bucks,3,9,9,3.1,2PT Field Goal,Restricted Area,-21.1,22.5,1,7.02,0.5
22300906,J. Carter,Miami Heat,3,9,45,4.0,2PT Field Goal,In The Paint (Non-RA),-11.7,38.6,1,0.36,15.0
22300198,T. Nwosu,Denver Nuggets,3,1,55,26.3,3PT Field Goal,Above the Break 3,-190.3,181.5,0,5.98,9.0
22300937,M. Okafor,Denver Nuggets,1,11,30,25.7,3PT Field Goal,Above the Break 3,208.5,149.5,0,3.66,19.9
22300961,R. Delgado,Golden State Warriors,4,8,5,24.3,3PT Field Goal,Above the Break 3,202.1,135.5,0,6.4,14.4
22300892,M. Okafor,New York Knicks,4,4,37,0.2,2PT Field Goal,Restricted Area,-1.7,1.0,1,5.17,17.3
22300928,B. Osei,New York Knicks,1,9,24,25.2,3PT Field Goal,Above the Break 3,-156.7,197.7,1,2.0,18.2
22300056,M. Okafor,Golden State Warriors,4,9,49,23.2,3PT Field Goal,Above the Break 3,-48.6,227.0,0,5.64,5.2
22300516,B. Osei,New York Knicks,4,3,3,25.6,3PT Field Goal,Above the Break 3,71.6,245.4,0,4.22,10.9
22300780,B. Osei,Miami Heat,3,2,53,15.1,2PT Field Goal,Mid-Range,106.7,107.0,0,6.39,22.8
22300819,J. Carter,Boston Celtics,4,11,7,22.5,3PT Field Goal,Above the Break 3,182.4,131.8,0,8.8,16.5
22300294,A. Kowalski,New York Knicks,4,1,44,0.2,2PT Field Goal,Restricted Area,1.7,1.0,0,3.86,16.4
22300804,T. Nwosu,Miami Heat,2,1,45,1.6,2PT Field Goal,Restricted Area,2.8,15.7,1,8.1,0.2
22300790,M. Okafor,Milwaukee Bucks,4,3,28,2.6,2PT Field Goal,Restricted Area,13.9,21.4,1,4.09,5.0
22300465,S. Whitfield,Milwaukee Bucks,4,0,34,1.6,2PT Field Goal,Restricted Area,12.6,9.3,1,5.73,9.8
22300710,M. Okafor,Denver Nuggets,1,1,18,0.8,2PT Field Goal,Restricted Area,4.3,6.6,0,4.75,23.2
22300892,T. Nwosu,Miami Heat,3,6,27,2.5,2PT Field Goal,Restricted Area,-2.1,25.0,0,2.77,1.0
22300592,L. Fitzgerald,Los Angeles Lakers,1,10,17,18.7,2PT Field Goal,Mid-Range,131.2,133.2,0,4.62,12.4
22300691,J. Carter,New York Knicks,1,7,17,4.0,2PT Field Goal,In The Paint (Non-RA),12.0,38.2,1,3.29,9.4
22300262,A. Kowalski,Golden State Warriors,4,0,20,19.4,2PT Field Goal,Mid-Range,-94.1,169.5,0,5.63,9.5
22300516,B. Osei,Miami Heat,2,2,19,1.9,2PT Field Goal,Restricted Area,-16.9,8.2,0,1.88,10.1
22300422,A. Kowalski,Los Angeles Lakers,3,3,45,21.8,2PT Field Goal,Mid-Range,127.9,176.9,1,2.09,7.5
22300030,K. Albrecht,Golden State Warriors,1,6,2,1.1,2PT Field Goal,Restricted Area,-10.3,4.7,0,6.34,14.2
22300900,K. Albrecht,Miami Heat,4,4,32,1.0,2PT Field Goal,Restricted Area,6.2,7.6,1,5.57,15.1
22300307,S. Whitfield,Boston Celtics,2,0,16,25.8,3PT Field Goal,Above the Break 3,159.0,202.7,0,5.64,2.7
22300892,L. Fitzgerald,Boston Celtics,1,7,23,19.6,2PT Field Goal,Mid-Range,-130.8,146.0,0,5.64,1.8
22300874,T. Nwosu,Denver Nuggets,2,0,10,27.8,3PT Field Goal,Above the Break 3,208.1,184.6,0,6.74,5.2
22300398,T. Nwosu,Phoenix Suns,2,1,49,18.9,2PT Field Goal,Mid-Range,25.5,187.2,1,5.43,13.9
22300192,B. Osei,Phoenix Suns,4,6,38,18.8,2PT Field Goal,Mid-Range,165.7,89.6,0,6.46,18.0
22300429,T. Nwosu,Golden State Warriors,4,9,47,4.0,2PT Field Goal,In The Paint (Non-RA),34.3,20.6,1,2.54,11.9
22300774,L. Fitzgerald,Milwaukee Bucks,3,3,4,16.2,2PT Field Goal,Mid-Range,-146.6,68.9,0,5.52,3.9
22300886,A. Kowalski,Phoenix Suns,2,6,31,2.0,2PT Field Goal,Restricted Area,-11.5,15.8,1,2.63,9.6
22300806,A. Kowalski,Golden State Warriors,2,1,51,27.0,3PT Field Goal,Above the Break 3,183.4,198.3,0,1.47,0.3
22300946,M. Okafor,Denver Nuggets,3,6,37,26.9,3PT Field Goal,Above the Break 3,17.4,268.8,0,3.81,3.7
22300746,B. Osei,Los Angeles Lakers,3,3,24,24.7,3PT Field Goal,Above the Break 3,-184.3,165.0,0,5.83,16.6
22300353,A. Kowalski,Phoenix Suns,3,3,40,2.7,2PT Field Goal,Restricted Area,0.8,27.3,0,4.38,15.4
22300772,R. Delgado,Milwaukee Bucks,1,6,39,3.5,2PT Field Goal,Restricted Area,-12.2,32.4,1,8.46,17.7
22300879,D. Reyes,Miami Heat,1,11,18,3.3,2PT Field Goal,Restricted Area,-8.8,31.7,1,5.91,17.6
22300902,B. Osei,New York Knicks,3,6,30,0.9,2PT Field Goal,Restricted Area,-7.1,5.4,1,5.33,7.0
22300804,B. Osei,Miami Heat,1,0,49,17.0,2PT Field Goal,Mid-Range,42.6,164.1,1,4.6,5.2
22300030,M. Okafor,Phoenix Suns,2,6,56,26.3,3PT Field Goal,Above the Break 3,185.1,187.0,0,1.24,7.2
22300353,K. Albrecht,Boston Celtics,3,10,3,3.1,2PT Field Goal,Restricted Area,-8.4,30.3,1,4.46,5.0
22300873,J. Carter,Milwaukee Bucks,4,3,19,24.8,3PT Field Goal,Above the Break 3,-104.7,224.5,1,4.4,18.3
22300092,J. Carter,Boston Celtics,3,11,35,25.3,3PT Field Goal,Above the Break 3,207.3,145.1,0,8.38,2.7
22300289,S. Whitfield,Golden State Warriors,3,1,47,3.0,2PT Field Goal,Restricted Area,9.2,28.7,0,2.52,8.4
22300929,L. Fitzgerald,Denver Nuggets,2,9,17,25.3,3PT Field Goal,Above the Break 3,228.6,108.1,0,4.06,0.2
22300453,R. Delgado,Los Angeles Lakers,2,4,17,22.5,3PT Field Goal,Above the Break 3,163.7,154.4,1,2.67,6.1
22300086,J. Carter,Miami Heat,4,2,36,2.6,2PT Field Goal,Restricted Area,-16.4,20.0,0,4.69,0.7
22300669,D. Reyes,Golden State Warriors,2,5,10,19.0,2PT Field Goal,Mid-Range,87.0,168.9,1,0.35,15.0
22300833,A. Kowalski,Miami Heat,2,10,19,15.1,2PT Field Goal,Mid-Range,-109.9,103.4,1,5.03,16.9
22300895,B. Osei,New York Knicks,3,0,19,16.4,2PT Field Goal,Mid-Range,-117.4,114.8,1,4.38,18.3
22300210,T. Nwosu,Miami Heat,4,10,4,3.2,2PT Field Goal,Restricted Area,10.3,30.4,1,4.76,23.7
22300064,J. Carter,Denver Nuggets,3,1,30,15.3,2PT Field Goal,Mid-Range,-137.9,67.3,1,10.42,23.4
22300382,A. Kowalski,New York Knicks,2,4,18,14.3,2PT Field Goal,Mid-Range,-85.3,114.6,0,4.15,23.4
22300325,J. Carter,Denver Nuggets,1,6,48,27.1,3PT Field Goal,Above the Break 3,242.9,119.4,0,5.46,11.0
22300741,A. Kowalski,Phoenix Suns,4,2,37,26.3,3PT Field Goal,Above the Break 3,-122.7,232.1,0,4.3,7.2
22300943,R. Delgado,Milwaukee Bucks,4,1,22,1.3,2PT Field Goal,Restricted Area,6.5,11.5,1,6.86,4.1
22300046,D. Reyes,Denver Nuggets,3,1,44,26.9,3PT Field Goal,Above the Break 3,127.7,237.0,0,9.52,12.4
22300861,L. Fitzgerald,Miami Heat,2,3,47,23.8,3PT Field Goal,Above the Break 3,23.0,237.1,1,8.27,11.9
22300308,A. Kowalski,Phoenix Suns,4,7,47,26.7,3PT Field Goal,Above the Break 3,192.8,184.2,1,5.12,23.5
22300153,B. Osei,Golden State Warriors,4,6,3,1.9,2PT Field Goal,Restricted Area,-12.4,14.5,0,1.41,16.8
22300324,S. Whitfield,Phoenix Suns,2,8,16,1.4,2PT Field Goal,Restricted Area,-10.4,9.0,0,5.35,7.2
22300043,M. Okafor,Boston Celtics,3,0,31,17.6,2PT Field Goal,Mid-Range,113.0,135.1,1,0.52,21.2
22300809,J. Carter,Los Angeles Lakers,3,1,17,2.9,2PT Field Goal,Restricted Area,-10.5,27.1,0,2.31,12.1
22300297,K. Albrecht,Denver Nuggets,4,10,18,17.0,2PT Field Goal,Mid-Range,-110.8,128.7,0,2.98,1.7
22300305,A. Kowalski,Milwaukee Bucks,2,10,49,26.3,3PT Field Goal,Above the Break 3,10.9,262.8,1,1.77,18.0
22300422,T. Nwosu,New York Knicks,1,1,43,1.2,2PT Field Goal,Restricted Area,5.3,11.0,0,4.34,21.3
22300896,R. Delgado,Miami Heat,1,1,34,2.5,2PT Field Goal,Restricted Area,1.5,24.7,0,3.5,9.8
22300395,B. Osei,Denver Nuggets,2,10,14,7.3,2PT Field Goal,In The Paint (Non-RA),48.8,54.1,1,2.62,8.9
22300162,L. Fitzgerald,Los Angeles Lakers,4,4,16,18.5,2PT Field Goal,Mid-Range,-65.5,172.8,0,5.2,10.7
22300857,J. Carter,Boston Celtics,2,5,38,0.7,2PT Field Goal,Restricted Area,4.5,5.2,0,2.64,0.3
22300758,K. Albrecht,Boston Celtics,4,3,6,12.8,2PT Field Goal,In The Paint (Non-RA),107.2,69.8,1,7.31,16.6
22300720,L. Fitzgerald,Phoenix Suns,4,6,40,1.9,2PT Field Goal,Restricted Area,3.6,18.2,0,5.8,23.9
22300975,T. Nwosu,Milwaukee Bucks,3,0,27,17.2,2PT Field Goal,Mid-Range,68.8,157.5,1,3.33,15.2
22300749,R. Delgado,Phoenix Suns,3,11,14,22.5,3PT Field Goal,Above the Break 3,37.7,221.8,0,5.35,13.4
22300625,T. Nwosu,Boston Celtics,1,10,42,1.6,2PT Field Goal,Restricted Area,-7.2,13.9,0,2.75,18.6
22300832,L. Fitzgerald,Golden State Warriors,2,2,1,1.9,2PT Field Goal,Restricted Area,-10.5,15.4,1,2.87,5.6
22300105,T. Nwosu,Boston Celtics,4,11,49,14.6,2PT Field Goal,Mid-Range,73.2,126.1,1,6.7,15.7
22300211,K. Albrecht,Denver Nuggets,2,6,37,2.2,2PT Field Goal,Restricted Area,-16.1,14.4,1,0.62,5.3
22300286,M. Okafor,Los Angeles Lakers,1,4,9,1.8,2PT Field Goal,Restricted Area,-4.0,17.3,0,5.4,8.4
22300108,M. Okafor,Milwaukee Bucks,4,8,20,1.7,2PT Field Goal,Restricted Area,-5.2,16.6,0,8.78,7.5
22300625,J. Carter,Los Angeles Lakers,1,10,54,4.5,2PT Field Goal,In The Paint (Non-RA),36.3,27.2,0,0.3,20.9
22300203,S. Whitfield,Golden State Warriors,2,7,30,0.2,2PT Field Goal,Restricted Area,0.2,2.0,1,9.89,6.6
22300122,T. Nwosu,Miami Heat,1,11,2,22.5,3PT Field Goal,Above the Break 3,-118.5,191.3,0,0.3,21.9
22300490,L. Fitzgerald,Golden State Warriors,1,1,32,20.9,2PT Field Goal,Mid-Range,-31.0,206.6,0,0.3,1.4
22300190,B. Osei,Boston Celtics,2,2,18,3.3,2PT Field Goal,Restricted Area,-28.7,16.7,0,0.3,14.6
22300446,J. Carter,New York Knicks,1,2,23,1.3,2PT Field Goal,Restricted Area,-6.3,10.8,1,1.6,19.9
22300932,K. Albrecht,Boston Celtics,4,8,33,25.6,3PT Field Goal,Above the Break 3,107.4,231.9,0,2.93,0.5
22300417,S. Whitfield,Denver Nuggets,4,1,21,1.7,2PT Field Goal,Restricted Area,-9.7,14.0,1,0.3,18.1
22300176,L. Fitzgerald,Miami Heat,4,2,17,1.0,2PT Field Goal,Restricted Area,-4.6,9.0,1,3.83,4.2
22300415,T. Nwosu,Boston Celtics,2,2,8,3.2,2PT Field Goal,Restricted Area,26.6,17.8,1,6.19,12.8
22300542,K. Albrecht,Denver Nuggets,4,11,29,0.9,2PT Field Goal,Restricted Area,-4.7,7.8,1,2.49,3.4
22300943,S. Whitfield,Milwaukee Bucks,1,7,33,24.3,3PT Field Goal,Above the Break 3,43.2,239.3,0,4.57,7.4
22300633,A. Kowalski,Los Angeles Lakers,4,2,40,2.6,2PT Field Goal,Restricted Area,24.0,10.2,1,5.73,6.4
22300945,B. Osei,Phoenix Suns,4,11,2,3.4,2PT Field Goal,Restricted Area,-28.3,19.2,1,8.33,11.4
22300705,B. Osei,Milwaukee Bucks,2,5,17,25.4,3PT Field Goal,Above the Break 3,-54.5,248.5,1,4.09,20.1
22300831,J. Carter,Golden State Warriors,2,10,11,14.3,2PT Field Goal,Mid-Range,93.8,108.1,0,5.97,3.2
22300003,T. Nwosu,New York Knicks,3,6,45,4.0,2PT Field Goal,Restricted Area,23.5,32.1,1,5.49,12.1
22300798,T. Nwosu,Los Angeles Lakers,4,5,58,12.9,2PT Field Goal,In The Paint (Non-RA),36.7,123.8,1,4.41,13.4
22300741,J. Carter,Denver Nuggets,2,9,55,24.4,3PT Field Goal,Above the Break 3,117.0,213.6,0,3.49,2.8
22300126,J. Carter,Phoenix Suns,1,5,7,3.4,2PT Field Goal,Restricted Area,-25.6,22.8,1,5.14,14.3
22300145,T. Nwosu,Miami Heat,1,11,12,28.1,3PT Field Goal,Above the Break 3,-242.4,141.3,1,5.91,20.7
22300603,B. Osei,Boston Celtics,1,9,6,2.7,2PT Field Goal,Restricted Area,-21.3,17.2,1,1.21,12.9
22300681,L. Fitzgerald,Phoenix Suns,4,6,23,22.5,3PT Field Goal,Above the Break 3,182.7,131.3,0,3.42,1.7
22300953,D. Reyes,Milwaukee Bucks,4,1,4,23.1,3PT Field Goal,Above the Break 3,-159.7,166.9,1,5.08,13.3
22300621,D. Reyes,Milwaukee Bucks,2,5,7,23.8,3PT Field Goal,Above the Break 3,104.2,213.7,0,4.99,10.6
22300339,K. Albrecht,New York Knicks,2,8,35,14.2,2PT Field Goal,Mid-Range,-119.4,76.3,1,5.06,16.8
22300589,B. Osei,Boston Celtics,2,9,19,0.6,2PT Field Goal,Restricted Area,4.5,3.4,0,8.11,16.4
22300686,A. Kowalski,Phoenix Suns,4,7,0,3.5,2PT Field Goal,Restricted Area,21.2,28.4,1,6.74,9.3
22300259,L. Fitzgerald,Phoenix Suns,1,1,35,10.1,2PT Field Goal,In The Paint (Non-RA),73.9,69.5,1,1.35,22.7
22300617,K. Albrecht,Boston Celtics,4,11,6,23.1,3PT Field Goal,Above the Break 3,209.4,97.6,0,7.99,7.4
22300453,A. Kowalski,Los Angeles Lakers,4,2,3,3.4,2PT Field Goal,Restricted Area,11.9,32.1,1,2.64,17.8
22300350,T. Nwosu,Boston Celtics,2,9,13,3.0,2PT Field Goal,Restricted Area,23.8,18.4,1,2.34,12.0
22300101,S. Whitfield,New York Knicks,3,1,55,14.2,2PT Field Goal,Mid-Range,131.1,54.1,1,6.81,13.8
22300202,R. Delgado,Los Angeles Lakers,2,4,53,24.5,3PT Field Goal,Above the Break 3,-201.6,138.5,1,3.51,4.4
22300016,M. Okafor,Golden State Warriors,2,9,6,25.4,3PT Field Goal,Above the Break 3,-223.6,120.7,0,0.32,11.2
22300606,D. Reyes,Los Angeles Lakers,1,7,2,3.0,2PT Field Goal,Restricted Area,16.2,24.9,1,5.73,7.4
22300170,T. Nwosu,Phoenix Suns,2,2,40,2.1,2PT Field Goal,Restricted Area,4.2,20.5,1,5.33,14.0
22300965,L. Fitzgerald,Milwaukee Bucks,4,8,59,23.1,3PT Field Goal,Above the Break 3,-131.8,190.2,0,5.54,15.1
22300598,D. Reyes,Los Angeles Lakers,1,8,43,20.3,2PT Field Goal,Mid-Range,82.8,185.5,0,0.98,7.1
22300159,K. Albrecht,Los Angeles Lakers,1,11,33,26.1,3PT Field Goal,Above the Break 3,96.4,242.5,1,6.16,18.2
22300887,J. Carter,Milwaukee Bucks,4,6,59,27.7,3PT Field Goal,Above the Break 3,-102.0,258.0,0,2.82,23.9
22300528,M. Okafor,Milwaukee Bucks,4,1,44,27.4,3PT Field Goal,Above the Break 3,-239.4,132.6,0,6.39,2.5
22300301,T. Nwosu,Milwaukee Bucks,1,1,27,28.9,3PT Field Goal,Above the Break 3,264.6,117.2,0,1.35,21.4
22300317,J. Carter,Miami Heat,4,9,57,27.4,3PT Field Goal,Above the Break 3,27.5,273.0,0,2.01,13.2
22300208,J. Carter,New York Knicks,1,2,57,12.3,2PT Field Goal,In The Paint (Non-RA),-100.8,70.9,0,0.3,14.5
22300484,J. Carter,Denver Nuggets,1,2,38,16.9,2PT Field Goal,Mid-Range,110.1,128.8,1,2.44,14.0
22300846,S. Whitfield,New York Knicks,2,9,54,1.4,2PT Field Goal,Restricted Area,10.8,8.7,0,6.77,23.5
22300459,R. Delgado,Los Angeles Lakers,3,7,22,25.4,3PT Field Goal,Above the Break 3,-75.2,242.8,1,4.82,4.1
22300449,K. Albrecht,New York Knicks,2,2,9,28.6,3PT Field Goal,Above the Break 3,184.0,218.4,0,2.93,13.7
22300205,B. Osei,Miami Heat,3,3,58,26.7,3PT Field Goal,Above the Break 3,-228.3,138.3,1,7.48,23.0
22300170,R. Delgado,Golden State Warriors,3,4,35,9.6,2PT Field Goal,In The Paint (Non-RA),44.1,85.4,1,4.75,23.4
22300938,D. Reyes,Denver Nuggets,1,0,9,3.3,2PT Field Goal,Restricted Area,29.8,14.1,0,6.07,10.0
22300980,D. Reyes,Golden State Warriors,2,8,35,11.1,2PT Field Goal,In The Paint (Non-RA),61.8,92.3,0,5.06,17.8
22300032,R. Delgado,Miami Heat,3,10,59,3.5,2PT Field Goal,Restricted Area,-18.4,30.1,1,4.02,20.9
22300882,S. Whitfield,Miami Heat,2,4,40,28.7,3PT Field Goal,Above the Break 3,-71.1,278.3,1,4.58,19.5
22300199,K. Albrecht,Denver Nuggets,2,2,24,21.6,2PT Field Goal,Mid-Range,85.0,198.3,0,5.29,18.2
22300398,R. Delgado,Los Angeles Lakers,1,3,35,12.9,2PT Field Goal,In The Paint (Non-RA),-19.2,127.2,1,6.92,9.7
22300571,J. Carter,Golden State Warriors,4,1,11,16.5,2PT Field Goal,Mid-Range,152.4,64.1,0,5.68,4.7
22300925,S. Whitfield,Denver Nuggets,1,2,30,25.1,3PT Field Goal,Above the Break 3,156.5,196.7,1,6.34,10.3
22300811,J. Carter,Los Angeles Lakers,1,10,26,5.7,2PT Field Goal,In The Paint (Non-RA),-9.1,56.5,1,1.65,21.4
22300578,R. Delgado,Miami Heat,2,6,10,22.5,3PT Field Goal,Above the Break 3,104.3,199.3,0,0.3,17.4
22300487,T. Nwosu,Los Angeles Lakers,1,6,17,23.4,3PT Field Goal,Above the Break 3,-199.9,122.5,0,5.0,22.2
22300533,T. Nwosu,Phoenix Suns,2,8,48,5.1,2PT Field Goal,In The Paint (Non-RA),-19.7,47.1,0,4.62,13.6
22300878,A. Kowalski,Denver Nuggets,2,3,11,0.8,2PT Field Goal,Restricted Area,-6.8,3.5,1,5.29,20.8
22300795,T. Nwosu,Denver Nuggets,1,10,33,25.8,3PT Field Goal,Above the Break 3,-95.1,239.7,0,1.89,16.1
22300305,R. Delgado,New York Knicks,4,1,23,26.4,3PT Field Goal,Above the Break 3,-183.4,190.2,0,4.58,15.6
22300139,T. Nwosu,Denver Nuggets,4,10,21,3.1,2PT Field Goal,Restricted Area,-1.0,31.0,1,1.75,17.8
22300600,M. Okafor,Phoenix Suns,3,7,51,25.1,3PT Field Goal,Above the Break 3,-98.5,231.1,0,4.45,6.1
22300270,B. Osei,Golden State Warriors,1,7,26,27.2,3PT Field Goal,Above the Break 3,-235.5,136.3,0,4.07,18.9
22300158,D. Reyes,Golden State Warriors,4,11,18,23.5,3PT Field Goal,Above the Break 3,-169.8,162.3,0,3.83,18.3
22300213,K. Albrecht,Boston Celtics,2,6,4,2.3,2PT Field Goal,Restricted Area,-4.9,22.5,1,4.97,19.5
22300398,K. Albrecht,Denver Nuggets,4,3,52,3.1,2PT Field Goal,Restricted Area,7.3,29.8,0,3.07,6.3
22300110,S. Whitfield,Miami Heat,4,6,49,24.3,3PT Field Goal,Above the Break 3,-128.2,205.9,0,4.19,2.9
22300648,K. Albrecht,Denver Nuggets,1,5,34,2.3,2PT Field Goal,Restricted Area,-5.4,22.7,1,5.89,15.5
22300774,R. Delgado,Boston Celtics,4,2,32,3.3,2PT Field Goal,Restricted Area,29.1,16.4,0,7.79,16.6
22300849,M. Okafor,Denver Nuggets,2,10,32,17.3,2PT Field Goal,Mid-Range,-36.8,168.7,1,5.2,5.4
22300587,J. Carter,Boston Celtics,3,6,45,9.7,2PT Field Goal,In The Paint (Non-RA),-4.1,97.0,0,6.16,23.5
22300530,K. Albrecht,Phoenix Suns,3,9,48,27.2,3PT Field Goal,Above the Break 3,-1.8,271.9,0,5.61,3.3
22300978,K. Albrecht,Milwaukee Bucks,2,7,4,3.2,2PT Field Goal,Restricted Area,27.4,17.2,0,8.16,9.1
22300583,K. Albrecht,Golden State Warriors,3,9,26,25.6,3PT Field Goal,Above the Break 3,-181.6,180.0,1,9.17,8.8
22300786,D. Reyes,Boston Celtics,1,11,12,3.1,2PT Field Goal,Restricted Area,-2.4,30.6,1,2.75,3.6
22300653,A. Kowalski,Golden State Warriors,4,11,39,25.6,3PT Field Goal,Above the Break 3,172.2,190.1,0,5.87,10.6
22300633,K. Albrecht,Miami Heat,3,11,57,0.4,2PT Field Goal,Restricted Area,0.3,3.6,1,4.95,19.2
22300988,T. Nwosu,Milwaukee Bucks,3,1,20,8.8,2PT Field Goal,In The Paint (Non-RA),-33.7,81.2,1,7.97,19.8
22300646,A. Kowalski,New York Knicks,4,7,14,3.0,2PT Field Goal,Restricted Area,-8.6,28.7,1,0.3,3.4
22300864,D. Reyes,Milwaukee Bucks,2,2,41,2.1,2PT Field Goal,Restricted Area,-13.7,15.6,0,2.73,23.0
22300832,R. Delgado,Milwaukee Bucks,4,4,41,0.7,2PT Field Goal,Restricted Area,2.6,6.1,0,0.3,22.5
22300998,K. Albrecht,Golden State Warriors,3,9,47,27.9,3PT Field Goal,Above the Break 3,203.6,191.1,1,7.49,6.8
22300254,A. Kowalski,Golden State Warriors,4,1,9,9.2,2PT Field Goal,In The Paint (Non-RA),47.4,78.9,1,4.9,8.5
22300662,M. Okafor,Milwaukee Bucks,4,7,47,2.9,2PT Field Goal,Restricted Area,-25.1,13.8,1,5.81,21.9
22300755,A. Kowalski,Denver Nuggets,4,10,52,27.4,3PT Field Goal,Above the Break 3,171.7,213.3,0,5.22,20.6
22300450,J. Carter,Milwaukee Bucks,2,0,24,24.1,3PT Field Goal,Above the Break 3,133.5,200.7,1,4.91,17.1
22300775,R. Delgado,Golden State Warriors,4,5,47,25.8,3PT Field Goal,Above the Break 3,-73.5,247.7,0,5.22,3.4
22300411,A. Kowalski,Miami Heat,3,1,10,0.4,2PT Field Goal,Restricted Area,-1.9,3.3,1,3.27,19.6
22300226,A. Kowalski,Boston Celtics,4,9,54,7.6,2PT Field Goal,In The Paint (Non-RA),67.5,34.8,0,0.3,18.5
22300631,B. Osei,Phoenix Suns,4,5,0,3.1,2PT Field Goal,Restricted Area,-23.3,20.2,1,5.02,1.8
22300827,L. Fitzgerald,Los Angeles Lakers,4,6,14,4.0,2PT Field Goal,In The Paint (Non-RA),25.4,30.9,1,4.11,11.1
22300991,R. Delgado,Los Angeles Lakers,1,6,0,1.4,2PT Field Goal,Restricted Area,-7.4,12.1,1,2.92,14.2
22300353,L. Fitzgerald,Phoenix Suns,4,0,11,13.8,2PT Field Goal,In The Paint (Non-RA),14.2,137.3,1,2.82,9.4
22300245,B. Osei,Los Angeles Lakers,3,7,20,3.1,2PT Field Goal,Restricted Area,14.4,27.6,0,7.32,19.3
22300902,A. Kowalski,Phoenix Suns,1,0,55,2.6,2PT Field Goal,Restricted Area,21.3,14.1,1,2.51,23.9
22300114,L. Fitzgerald,Boston Celtics,1,5,18,22.5,3PT Field Goal,Above the Break 3,136.0,179.7,0,1.76,5.0
22300422,B. Osei,Miami Heat,4,4,16,10.0,2PT Field Goal,In The Paint (Non-RA),-84.3,54.6,0,5.8,4.1
22300586,R. Delgado,Milwaukee Bucks,1,3,49,2.8,2PT Field Goal,Restricted Area,21.4,18.0,1,7.69,10.8
22300032,T. Nwosu,Golden State Warriors,2,7,59,19.6,2PT Field Goal,Mid-Range,176.4,85.2,1,1.2,21.7
22300815,K. Albrecht,Los Angeles Lakers,3,8,26,0.4,2PT Field Goal,Restricted Area,-3.6,1.9,0,1.92,18.7
22300426,T. Nwosu,New York Knicks,4,0,0,21.6,2PT Field Goal,Mid-Range,-100.4,191.0,0,1.77,13.5
22300081,T. Nwosu,Miami Heat,4,9,48,2.7,2PT Field Goal,Restricted Area,21.7,16.9,0,5.14,13.5
22300210,T. Nwosu,Denver Nuggets,2,9,52,10.1,2PT Field Goal,In The Paint (Non-RA),7.5,100.8,1,5.55,21.3
22300363,T. Nwosu,Milwaukee Bucks,2,7,5,21.3,2PT Field Goal,Mid-Range,-195.8,84.0,1,7.55,21.0
22300310,S. Whitfield,Los Angeles Lakers,1,4,24,17.0,2PT Field Goal,Mid-Range,101.1,136.7,1,4.11,19.0
22300620,B. Osei,Miami Heat,3,5,35,4.3,2PT Field Goal,In The Paint (Non-RA),39.2,17.3,1,3.65,20.9
22300866,J. Carter,Los Angeles Lakers,4,2,57,25.5,3PT Field Goal,Above the Break 3,-188.5,171.2,0,2.82,7.2
22300478,A. Kowalski,Milwaukee Bucks,4,8,26,26.2,3PT Field Goal,Above the Break 3,200.1,168.6,0,6.89,13.1
22300181,A. Kowalski,Golden State Warriors,2,6,5,2.2,2PT Field Goal,Restricted Area,6.2,20.9,1,2.83,11.9
22300228,T. Nwosu,Phoenix Suns,2,9,52,2.9,2PT Field Goal,Restricted Area,7.5,28.1,1,2.29,18.6
22300401,T. Nwosu,New York Knicks,3,8,14,2.0,2PT Field Goal,Restricted Area,-17.9,9.7,1,3.69,8.1
22300895,K. Albrecht,Los Angeles Lakers,1,9,5,22.5,3PT Field Goal,Above the Break 3,202.7,97.6,0,4.17,19.2
22300425,R. Delgado,Golden State Warriors,4,11,56,28.2,3PT Field Goal,Above the Break 3,260.9,106.8,0,5.17,8.3
22300293,A. Kowalski,Los Angeles Lakers,3,11,4,3.3,2PT Field Goal,Restricted Area,-25.7,21.2,1,2.75,8.4
22300067,K. Albrecht,Phoenix Suns,3,10,3,29.0,3PT Field Goal,Above the Break 3,198.1,211.1,0,8.33,5.5
22300758,S. Whitfield,Milwaukee Bucks,1,7,39,2.4,2PT Field Goal,Restricted Area,-8.2,22.1,1,8.73,17.2
22300067,D. Reyes,Golden State Warriors,1,5,55,6.8,2PT Field Goal,In The Paint (Non-RA),-60.8,29.6,0,1.59,3.2
22300794,A. Kowalski,Boston Celtics,4,4,23,6.8,2PT Field Goal,In The Paint (Non-RA),3.5,68.2,0,4.56,8.5
22300919,T. Nwosu,Denver Nuggets,4,7,23,26.3,3PT Field Goal,Above the Break 3,191.5,181.0,0,1.86,16.6
22300581,B. Osei,New York Knicks,1,1,57,2.8,2PT Field Goal,Restricted Area,5.5,27.8,1,3.57,9.7
22300960,B. Osei,Milwaukee Bucks,1,1,10,3.7,2PT Field Goal,Restricted Area,-31.8,18.1,0,1.33,14.3
22300268,B. Osei,Phoenix Suns,2,6,47,19.4,2PT Field Goal,Mid-Range,147.7,126.5,1,3.56,18.8
22300239,M. Okafor,New York Knicks,2,9,44,2.2,2PT Field Goal,Restricted Area,-3.7,22.1,1,4.86,12.9
22300775,J. Carter,Milwaukee Bucks,2,6,6,3.2,2PT Field Goal,Restricted Area,4.5,31.8,0,4.62,13.3
22300755,R. Delgado,Los Angeles Lakers,1,5,40,13.9,2PT Field Goal,In The Paint (Non-RA),-30.6,135.9,1,1.07,10.5
22300420,D. Reyes,Miami Heat,3,1,10,27.1,3PT Field Goal,Above the Break 3,242.1,121.6,1,0.3,19.5
22300355,R. Delgado,Los Angeles Lakers,4,10,3,28.1,3PT Field Goal,Above the Break 3,26.9,279.6,0,0.3,10.6
22300335,J. Carter,Boston Celtics,4,2,49,25.2,3PT Field Goal,Above the Break 3,172.3,183.8,1,7.09,14.8
22300550,S. Whitfield,Golden State Warriors,3,3,54,27.3,3PT Field Goal,Above the Break 3,238.6,132.7,0,3.8,5.9
22300098,L. Fitzgerald,New York Knicks,3,1,51,26.2,3PT Field Goal,Above the Break 3,57.8,255.1,1,4.39,2.7
22300818,L. Fitzgerald,Milwaukee Bucks,3,1,55,22.8,3PT Field Goal,Above the Break 3,168.6,154.2,1,7.63,18.6
22300396,B. Osei,Milwaukee Bucks,4,4,23,14.5,2PT Field Goal,Mid-Range,-91.9,112.0,0,1.87,7.6
22300771,L. Fitzgerald,New York Knicks,2,10,47,23.9,3PT Field Goal,Above the Break 3,-159.6,178.3,0,5.2,16.4
22300379,A. Kowalski,Golden State Warriors,2,11,42,2.3,2PT Field Goal,Restricted Area,12.4,19.4,1,2.64,8.5
22300271,J. Carter,Los Angeles Lakers,3,0,34,2.7,2PT Field Goal,Restricted Area,10.8,24.2,0,4.66,19.2
22300680,J. Carter,Phoenix Suns,4,11,54,24.5,3PT Field Goal,Above the Break 3,215.9,116.0,0,0.3,20.8
22300653,M. Okafor,Denver Nuggets,3,4,18,1.4,2PT Field Goal,Restricted Area,-4.6,13.3,0,3.27,11.1
22300349,B. Osei,Boston Celtics,4,6,55,27.4,3PT Field Goal,Above the Break 3,-188.2,198.5,0,4.05,18.7
22300239,R. Delgado,Los Angeles Lakers,1,6,56,18.6,2PT Field Goal,Mid-Range,-35.9,182.3,0,4.47,17.8
22300567,S. Whitfield,Boston Celtics,3,9,18,3.0,2PT Field Goal,Restricted Area,23.7,17.7,0,0.85,22.4
22300121,K. Albrecht,Boston Celtics,3,0,44,25.7,3PT Field Goal,Above the Break 3,28.6,255.1,0,3.64,17.2
22300151,S. Whitfield,Denver Nuggets,2,1,21,3.5,2PT Field Goal,Restricted Area,-14.9,31.5,1,6.3,10.8
22300151,S. Whitfield,Boston Celtics,2,1,12,5.4,2PT Field Goal,In The Paint (Non-RA),0.0,53.8,0,4.0,1.6
22300675,J. Carter,New York Knicks,4,9,25,1.9,2PT Field Goal,Restricted Area,10.1,16.5,1,6.23,2.4
22300120,D. Reyes,Golden State Warriors,3,1,15,27.2,3PT Field Goal,Above the Break 3,-219.3,161.1,0,5.77,20.8
22300851,M. Okafor,Miami Heat,4,6,52,19.2,2PT Field Goal,Mid-Range,88.2,170.2,1,4.79,9.3
22300744,D. Reyes,Los Angeles Lakers,2,5,48,24.7,3PT Field Goal,Above the Break 3,-37.1,244.0,0,3.35,12.9
22300976,K. Albrecht,Golden State Warriors,3,4,25,3.0,2PT Field Goal,Restricted Area,23.2,18.6,0,4.39,0.5
22300245,L. Fitzgerald,Boston Celtics,3,9,36,23.3,3PT Field Goal,Above the Break 3,153.8,174.8,0,2.02,4.5
22300012,A. Kowalski,Miami Heat,3,4,56,29.0,3PT Field Goal,Above the Break 3,172.2,233.3,1,5.78,23.2
22300368,R. Delgado,Golden State Warriors,4,6,22,16.2,2PT Field Goal,Mid-Range,-142.5,77.4,1,4.98,22.4
22300076,M. Okafor,Denver Nuggets,1,3,53,29.0,3PT Field Goal,Above the Break 3,24.1,289.0,1,7.01,3.3
22300437,A. Kowalski,Miami Heat,2,5,36,9.1,2PT Field Goal,In The Paint (Non-RA),-78.9,44.4,0,9.51,19.6
22300987,J. Carter,New York Knicks,3,4,46,11.3,2PT Field Goal,In The Paint (Non-RA),-38.3,106.4,1,6.21,10.4
22300670,K. Albrecht,Golden State Warriors,3,6,26,19.2,2PT Field Goal,Mid-Range,-135.3,136.9,1,5.55,6.7
22300287,L. Fitzgerald,Phoenix Suns,4,10,5,26.2,3PT Field Goal,Above the Break 3,-5.8,261.6,0,4.67,1.2
22300272,L. Fitzgerald,Phoenix Suns,4,8,56,2.5,2PT Field Goal,Restricted Area,-15.9,19.8,1,6.22,8.9
22300103,K. Albrecht,Miami Heat,4,0,36,16.4,2PT Field Goal,Mid-Range,-69.5,149.1,0,7.46,16.9
22300566,A. Kowalski,Boston Celtics,4,1,35,0.7,2PT Field Goal,Restricted Area,4.1,6.0,1,3.56,11.4
22300697,L. Fitzgerald,Denver Nuggets,4,2,38,20.1,2PT Field Goal,Mid-Range,122.0,160.2,0,1.24,6.3
22300213,M. Okafor,Los Angeles Lakers,2,0,38,25.2,3PT Field Goal,Above the Break 3,143.0,207.0,0,1.02,10.3
22300925,L. Fitzgerald,New York Knicks,3,8,5,2.5,2PT Field Goal,Restricted Area,12.8,20.9,0,6.56,3.3
22300394,R. Delgado,Phoenix Suns,1,10,38,27.6,3PT Field Goal,Above the Break 3,-92.8,259.5,0,5.32,17.2
22300332,M. Okafor,Phoenix Suns,3,6,54,3.6,2PT Field Goal,Restricted Area,-32.0,16.5,1,5.48,4.7
22300184,J. Carter,Denver Nuggets,1,7,14,23.6,3PT Field Goal,Above the Break 3,-203.6,119.0,1,0.3,8.0
22300196,L. Fitzgerald,Milwaukee Bucks,3,9,10,10.2,2PT Field Goal,In The Paint (Non-RA),19.2,100.3,1,2.89,13.8
22300245,M. Okafor,New York Knicks,3,9,11,11.6,2PT Field Goal,In The Paint (Non-RA),103.7,52.3,0,0.56,10.7
22300886,J. Carter,Miami Heat,1,3,41,25.1,3PT Field Goal,Above the Break 3,6.9,251.3,0,1.53,21.1
22300764,B. Osei,Golden State Warriors,4,7,8,14.6,2PT Field Goal,Mid-Range,-12.1,145.2,1,2.88,10.4
22300746,R. Delgado,Miami Heat,1,0,6,23.0,3PT Field Goal,Above the Break 3,174.0,150.7,0,2.6,6.6
22300466,J. Carter,Miami Heat,2,1,38,1.5,2PT Field Goal,Restricted Area,-4.3,14.0,1,7.94,23.8
22300802,S. Whitfield,Phoenix Suns,2,4,32,18.2,2PT Field Goal,Mid-Range,-110.7,144.1,0,1.23,12.0
22300101,D. Reyes,New York Knicks,2,7,34,21.6,2PT Field Goal,Mid-Range,189.5,103.7,1,2.75,2.3
22300614,B. Osei,New York Knicks,2,3,56,26.3,3PT Field Goal,Above the Break 3,-243.7,99.9,0,2.45,2.1
22300217,J. Carter,Los Angeles Lakers,3,3,3,0.2,2PT Field Goal,Restricted Area,0.2,2.0,1,4.39,15.8
22300047,R. Delgado,Golden State Warriors,4,4,22,7.6,2PT Field Goal,In The Paint (Non-RA),-52.9,54.7,1,5.93,20.9
22300251,S. Whitfield,Los Angeles Lakers,4,11,52,19.0,2PT Field Goal,Mid-Range,-107.1,157.3,0,2.32,2.8
22300660,R. Delgado,Boston Celtics,1,0,16,21.5,2PT Field Goal,Mid-Range,186.1,108.1,1,0.3,16.2
22300780,M. Okafor,Boston Celtics,1,6,40,2.3,2PT Field Goal,Restricted Area,9.1,20.9,0,3.21,6.9
22300840,S. Whitfield,Los Angeles Lakers,2,8,53,21.6,2PT Field Goal,Mid-Range,25.0,214.3,0,5.15,15.6
22300066,J. Carter,Los Angeles Lakers,2,10,12,1.3,2PT Field Goal,Restricted Area,-10.3,7.6,1,1.65,7.4
22300705,R. Delgado,New York Knicks,1,6,21,4.0,2PT Field Goal,In The Paint (Non-RA),33.9,21.2,1,6.5,21.5
22300131,L. Fitzgerald,Milwaukee Bucks,3,7,11,25.9,3PT Field Goal,Above the Break 3,-39.3,256.3,0,1.81,10.7
22300080,T. Nwosu,Milwaukee Bucks,2,0,11,2.0,2PT Field Goal,Restricted Area,-16.2,11.6,0,2.69,0.2
22300656,S. Whitfield,Milwaukee Bucks,1,5,30,5.6,2PT Field Goal,In The Paint (Non-RA),6.3,55.9,1,3.15,13.8
22300381,M. Okafor,Phoenix Suns,1,9,23,24.8,3PT Field Goal,Above the Break 3,-207.0,136.7,1,8.71,12.2
22300110,A. Kowalski,Los Angeles Lakers,1,0,42,24.4,3PT Field Goal,Above the Break 3,180.9,163.4,0,6.05,9.0
22300309,L. Fitzgerald,Los Angeles Lakers,2,10,9,20.1,2PT Field Goal,Mid-Range,-44.4,196.1,0,5.04,0.9
22300696,S. Whitfield,Los Angeles Lakers,1,9,13,22.9,3PT Field Goal,Above the Break 3,-108.9,201.1,0,1.83,20.6
22300926,A. Kowalski,New York Knicks,1,7,23,6.3,2PT Field Goal,In The Paint (Non-RA),-34.8,52.3,0,1.58,19.1
22300986,K. Albrecht,Los Angeles Lakers,3,5,8,20.4,2PT Field Goal,Mid-Range,-130.5,157.2,0,2.56,7.0
22300219,S. Whitfield,Boston Celtics,1,9,45,24.1,3PT Field Goal,Above the Break 3,-160.3,179.6,0,7.98,17.8
22300996,J. Carter,Los Angeles Lakers,1,1,7,19.9,2PT Field Goal,Mid-Range,48.0,192.9,0,7.28,5.8
22300670,B. Osei,Los Angeles Lakers,1,2,37,18.1,2PT Field Goal,Mid-Range,-128.0,127.7,0,4.55,16.4
22300907,S. Whitfield,Los Angeles Lakers,3,1,49,9.5,2PT Field Goal,In The Paint (Non-RA),10.4,94.4,1,2.55,21.7
22300785,R. Delgado,Los Angeles Lakers,1,3,41,20.3,2PT Field Goal,Mid-Range,158.2,127.4,0,0.3,1.4
22300852,T. Nwosu,Denver Nuggets,1,10,20,9.2,2PT Field Goal,In The Paint (Non-RA),49.3,77.7,1,3.14,13.0
22300780,B. Osei,New York Knicks,2,8,31,27.6,3PT Field Goal,Above the Break 3,26.1,275.1,1,5.44,6.2
22300904,S. Whitfield,Boston Celtics,1,9,22,8.1,2PT Field Goal,In The Paint (Non-RA),-13.4,79.5,0,5.52,18.2
22300590,D. Reyes,Phoenix Suns,4,1,21,13.2,2PT Field Goal,In The Paint (Non-RA),-47.1,123.2,0,5.13,14.7
22300659,M. Okafor,Denver Nuggets,1,11,50,24.9,3PT Field Goal,Above the Break 3,-138.1,207.1,1,2.55,19.2
22300916,J. Carter,Denver Nuggets,4,6,20,8.0,2PT Field Goal,In The Paint (Non-RA),-15.5,78.6,0,5.41,6.8
22300868,D. Reyes,Milwaukee Bucks,1,8,34,2.0,2PT Field Goal,Restricted Area,18.6,8.2,0,3.83,2.9
22300027,T. Nwosu,Miami Heat,1,5,6,27.7,3PT Field Goal,Above the Break 3,32.7,274.9,1,6.28,13.2
22300926,B. Osei,Denver Nuggets,3,9,50,6.1,2PT Field Goal,In The Paint (Non-RA),-29.1,53.9,1,4.81,21.2
22300685,T. Nwosu,New York Knicks,4,9,29,24.0,3PT Field Goal,Above the Break 3,-123.8,205.6,1,6.03,16.7
22300035,S. Whitfield,Golden State Warriors,3,1,16,25.4,3PT Field Goal,Above the Break 3,-33.1,251.5,0,4.99,15.4
22300915,L. Fitzgerald,Miami Heat,3,6,21,10.0,2PT Field Goal,In The Paint (Non-RA),-11.4,99.5,1,3.1,16.2
22300871,S. Whitfield,Denver Nuggets,2,4,17,24.7,3PT Field Goal,Above the Break 3,-87.8,230.9,0,6.98,9.7
22300998,R. Delgado,Golden State Warriors,1,1,46,1.3,2PT Field Goal,Restricted Area,1.5,12.9,0,1.77,0.0
22300664,R. Delgado,Miami Heat,3,11,56,9.8,2PT Field Goal,In The Paint (Non-RA),53.2,82.5,0,5.79,0.4
22300393,L. Fitzgerald,Los Angeles Lakers,4,4,16,25.1,3PT Field Goal,Above the Break 3,115.0,222.6,0,3.17,23.4
22300643,J. Carter,Boston Celtics,3,11,33,20.3,2PT Field Goal,Mid-Range,104.1,174.4,0,3.35,7.5
22300255,M. Okafor,Phoenix Suns,3,5,17,20.9,2PT Field Goal,Mid-Range,11.7,208.6,0,4.85,17.0
22300356,K. Albrecht,Golden State Warriors,3,5,33,14.1,2PT Field Goal,Mid-Range,99.4,99.4,0,2.99,4.2
22300181,D. Reyes,Miami Heat,2,8,28,14.3,2PT Field Goal,Mid-Range,-119.5,78.4,0,1.81,8.8
22300747,R. Delgado,Milwaukee Bucks,2,10,28,17.7,2PT Field Goal,Mid-Range,33.2,174.0,1,2.03,8.9
22300933,M. Okafor,Milwaukee Bucks,2,1,36,11.8,2PT Field Goal,In The Paint (Non-RA),84.1,83.5,1,1.57,10.0
22300309,T. Nwosu,Milwaukee Bucks,4,2,50,2.3,2PT Field Goal,Restricted Area,12.3,19.8,1,4.28,2.4
22300040,D. Reyes,Golden State Warriors,3,7,7,1.4,2PT Field Goal,Restricted Area,12.1,6.4,0,4.95,8.0
22300164,S. Whitfield,Miami Heat,4,9,6,1.0,2PT Field Goal,Restricted Area,-7.3,6.4,1,4.01,11.3
22300075,K. Albrecht,Phoenix Suns,3,10,4,9.6,2PT Field Goal,In The Paint (Non-RA),35.4,89.2,0,0.56,10.2
22300125,B. Osei,Los Angeles Lakers,4,8,3,26.8,3PT Field Goal,Above the Break 3,169.5,208.1,0,4.53,11.4
22300721,S. Whitfield,Phoenix Suns,3,1,32,2.0,2PT Field Goal,Restricted Area,-4.6,19.1,1,6.43,11.0
22300222,R. Delgado,Los Angeles Lakers,4,2,27,4.1,2PT Field Goal,In The Paint (Non-RA),-22.7,33.9,1,1.54,6.9
22300587,T. Nwosu,Phoenix Suns,4,10,16,1.1,2PT Field Goal,Restricted Area,-1.4,10.7,0,2.1,20.1
22300150,L. Fitzgerald,Denver Nuggets,2,5,25,19.7,2PT Field Goal,Mid-Range,137.3,141.8,0,6.36,11.8
22300913,S. Whitfield,Miami Heat,2,9,44,22.5,3PT Field Goal,Above the Break 3,-136.8,178.6,0,3.82,3.7
22300940,D. Reyes,Denver Nuggets,4,3,40,26.8,3PT Field Goal,Above the Break 3,168.0,208.7,0,6.75,17.7
22300421,S. Whitfield,Miami Heat,3,9,3,3.6,2PT Field Goal,Restricted Area,19.9,30.0,0,3.43,20.9
22300814,J. Carter,Phoenix Suns,3,1,56,0.7,2PT Field Goal,Restricted Area,0.8,6.6,1,0.85,15.9
22300814,K. Albrecht,Milwaukee Bucks,2,8,22,26.7,3PT Field Goal,Above the Break 3,10.5,266.9,0,4.12,4.4
22300051,L. Fitzgerald,Golden State Warriors,1,8,58,8.8,2PT Field Goal,In The Paint (Non-RA),76.9,43.5,0,4.09,0.5
22300545,D. Reyes,Milwaukee Bucks,3,10,15,17.4,2PT Field Goal,Mid-Range,-133.0,111.5,0,4.91,6.0
22300718,R. Delgado,Golden State Warriors,2,3,16,2.0,2PT Field Goal,Restricted Area,-16.8,10.0,1,2.22,6.5
22300537,D. Reyes,Golden State Warriors,2,9,19,25.5,3PT Field Goal,Above the Break 3,12.6,254.8,0,3.13,6.6
22300188,R. Delgado,Boston Celtics,3,7,32,1.2,2PT Field Goal,Restricted Area,-10.3,6.8,0,8.98,6.9
22300267,L. Fitzgerald,Miami Heat,3,8,34,5.8,2PT Field Goal,In The Paint (Non-RA),-32.0,48.9,1,2.91,16.3
22300753,L. Fitzgerald,Boston Celtics,4,5,12,0.4,2PT Field Goal,Restricted Area,-3.2,2.7,1,7.93,5.6
22300528,S. Whitfield,Boston Celtics,4,11,3,6.3,2PT Field Goal,In The Paint (Non-RA),55.4,31.1,0,1.58,11.1
22300228,S. Whitfield,Miami Heat,1,4,54,25.6,3PT Field Goal,Above the Break 3,3.9,256.3,1,4.75,20.1
22300544,J. Carter,Milwaukee Bucks,1,4,39,25.1,3PT Field Goal,Above the Break 3,-136.0,211.2,0,5.09,7.6
22300246,K. Albrecht,Golden State Warriors,1,8,40,11.7,2PT Field Goal,In The Paint (Non-RA),-47.0,107.2,1,6.26,0.7
22300387,D. Reyes,Golden State Warriors,1,8,2,26.7,3PT Field Goal,Above the Break 3,-181.7,195.7,0,4.21,12.3
22300058,K. Albrecht,Phoenix Suns,4,2,59,13.6,2PT Field Goal,In The Paint (Non-RA),-41.8,129.7,0,2.7,15.4
22300693,T. Nwosu,Phoenix Suns,4,5,36,4.0,2PT Field Goal,In The Paint (Non-RA),-27.4,29.1,1,4.46,10.8
22300071,K. Albrecht,New York Knicks,2,7,28,17.1,2PT Field Goal,Mid-Range,123.3,117.8,1,0.75,1.7
22300836,T. Nwosu,Milwaukee Bucks,2,3,46,0.2,2PT Field Goal,Restricted Area,0.3,2.0,1,0.3,22.9
22300035,T. Nwosu,Phoenix Suns,1,9,56,3.8,2PT Field Goal,Restricted Area,-30.2,22.4,1,0.6,3.3
22300980,B. Osei,Los Angeles Lakers,4,9,3,25.6,3PT Field Goal,Above the Break 3,189.4,172.3,0,7.89,11.2
22300920,A. Kowalski,Milwaukee Bucks,4,11,45,24.0,3PT Field Goal,Above the Break 3,-27.8,238.7,0,6.17,5.2
22300891,T. Nwosu,Phoenix Suns,1,2,51,0.4,2PT Field Goal,Restricted Area,-3.4,1.7,1,8.54,13.8
22300511,J. Carter,Golden State Warriors,4,0,32,25.8,3PT Field Goal,Above the Break 3,148.0,210.9,1,5.37,7.0
22300766,A. Kowalski,Boston Celtics,4,1,31,27.2,3PT Field Goal,Above the Break 3,101.5,251.9,1,0.79,22.3
22300060,T. Nwosu,Denver Nuggets,2,6,7,12.7,2PT Field Goal,In The Paint (Non-RA),0.6,127.2,0,1.9,7.4
22300116,S. Whitfield,Denver Nuggets,3,9,23,2.1,2PT Field Goal,Restricted Area,-4.3,21.0,1,4.95,7.9
22300942,K. Albrecht,Boston Celtics,3,5,11,14.2,2PT Field Goal,Mid-Range,73.4,121.1,1,2.27,12.3
22300726,K. Albrecht,Golden State Warriors,2,10,3,4.0,2PT Field Goal,In The Paint (Non-RA),36.1,17.2,1,2.0,6.9
22300311,S. Whitfield,Los Angeles Lakers,2,8,9,18.9,2PT Field Goal,Mid-Range,0.2,188.5,0,1.68,4.6
22300354,D. Reyes,Denver Nuggets,2,7,29,0.2,2PT Field Goal,Restricted Area,1.6,1.2,1,2.43,8.3
22300914,S. Whitfield,Boston Celtics,3,4,5,21.6,2PT Field Goal,Mid-Range,24.7,215.0,0,0.3,14.1
22300873,R. Delgado,Denver Nuggets,4,4,19,0.4,2PT Field Goal,Restricted Area,-2.5,3.5,1,5.2,24.0
22300483,D. Reyes,Milwaukee Bucks,2,4,46,6.4,2PT Field Goal,In The Paint (Non-RA),30.9,55.5,0,2.53,18.2
22300296,J. Carter,Denver Nuggets,2,9,50,18.9,2PT Field Goal,Mid-Range,119.0,147.2,1,7.16,21.5
22300414,S. Whitfield,Phoenix Suns,3,1,17,16.0,2PT Field Goal,Mid-Range,-123.8,100.7,0,8.08,23.7
22300444,K. Albrecht,Denver Nuggets,2,2,45,3.6,2PT Field Goal,Restricted Area,-22.5,28.0,0,4.05,1.3
22300300,R. Delgado,New York Knicks,3,3,55,26.1,3PT Field Goal,Above the Break 3,-206.5,160.3,1,6.65,14.0
22300971,S. Whitfield,Golden State Warriors,1,9,17,2.2,2PT Field Goal,Restricted Area,-20.0,10.2,1,6.78,13.8
22300187,K. Albrecht,Boston Celtics,4,0,19,1.4,2PT Field Goal,Restricted Area,-5.3,13.0,0,4.7,16.4
22300544,K. Albrecht,Miami Heat,1,4,4,2.0,2PT Field Goal,Restricted Area,-0.4,20.0,0,3.8,22.0
22300026,D. Reyes,Golden State Warriors,3,3,28,0.9,2PT Field Goal,Restricted Area,1.7,8.9,1,7.2,8.6
22300892,K. Albrecht,New York Knicks,4,8,55,8.3,2PT Field Goal,In The Paint (Non-RA),-0.9,82.6,0,5.76,22.0
22300103,S. Whitfield,New York Knicks,4,4,33,25.6,3PT Field Goal,Above the Break 3,178.9,182.5,0,3.79,3.5
22300045,S. Whitfield,Denver Nuggets,2,11,22,25.9,3PT Field Goal,Above the Break 3,-179.6,186.1,0,3.04,16.3
22300287,J. Carter,Denver Nuggets,1,5,4,2.2,2PT Field Goal,Restricted Area,19.3,10.3,1,4.22,0.1
22300169,B. Osei,Golden State Warriors,2,6,23,3.8,2PT Field Goal,Restricted Area,21.8,31.1,1,6.4,18.3
22300725,A. Kowalski,Phoenix Suns,4,3,5,1.6,2PT Field Goal,Restricted Area,-13.9,7.7,1,5.82,19.9
22300585,K. Albrecht,Denver Nuggets,1,7,37,24.6,3PT Field Goal,Above the Break 3,-213.9,122.4,0,2.84,16.2
22300542,A. Kowalski,Golden State Warriors,2,0,10,12.6,2PT Field Goal,In The Paint (Non-RA),-100.9,75.6,0,3.86,20.2
22300688,M. Okafor,Golden State Warriors,1,6,28,24.7,3PT Field Goal,Above the Break 3,66.1,238.1,0,4.6,1.6
22300631,M. Okafor,Milwaukee Bucks,4,0,59,19.1,2PT Field Goal,Mid-Range,29.1,188.6,0,3.26,22.7
22300262,B. Osei,New York Knicks,2,3,18,17.0,2PT Field Goal,Mid-Range,-92.9,141.9,1,4.01,7.8
22300461,B. Osei,Boston Celtics,3,11,54,22.5,3PT Field Goal,Above the Break 3,90.7,205.9,0,1.94,7.4
22300949,J. Carter,Phoenix Suns,4,3,16,25.2,3PT Field Goal,Above the Break 3,-93.6,233.8,0,2.34,0.1
22300633,S. Whitfield,Los Angeles Lakers,2,2,53,2.2,2PT Field Goal,Restricted Area,13.9,17.1,0,4.88,20.3
22300581,J. Carter,Phoenix Suns,1,1,38,3.5,2PT Field Goal,Restricted Area,18.1,29.5,0,4.77,3.7
22300573,R. Delgado,Boston Celtics,1,4,19,12.4,2PT Field Goal,In The Paint (Non-RA),-73.2,100.2,0,3.51,9.1
22300189,A. Kowalski,Milwaukee Bucks,3,0,15,4.6,2PT Field Goal,In The Paint (Non-RA),-39.1,23.9,0,9.25,9.8
22300373,D. Reyes,Golden State Warriors,1,3,44,4.0,2PT Field Goal,In The Paint (Non-RA),10.6,38.6,0,3.82,3.9
22300609,T. Nwosu,Denver Nuggets,3,5,33,6.8,2PT Field Goal,In The Paint (Non-RA),-56.6,37.5,1,5.84,18.5
22300502,J. Carter,Milwaukee Bucks,2,8,15,16.9,2PT Field Goal,Mid-Range,27.5,167.0,1,4.87,14.6
22300028,S. Whitfield,Golden State Warriors,4,3,18,1.4,2PT Field Goal,Restricted Area,5.3,12.4,1,3.12,15.6
22300849,K. Albrecht,Boston Celtics,2,2,42,2.4,2PT Field Goal,Restricted Area,-17.7,16.1,1,5.81,9.0
22300405,B. Osei,Golden State Warriors,3,1,34,1.4,2PT Field Goal,Restricted Area,8.2,11.1,0,6.77,12.4
22300688,B. Osei,Miami Heat,2,8,26,1.3,2PT Field Goal,Restricted Area,-3.0,12.5,0,4.25,6.0
22300140,B. Osei,Boston Celtics,4,5,15,27.2,3PT Field Goal,Above the Break 3,82.4,259.3,1,5.38,16.3
22300246,M. Okafor,Milwaukee Bucks,4,11,25,1.6,2PT Field Goal,Restricted Area,0.6,15.7,1,10.81,10.4
22300883,B. Osei,Milwaukee Bucks,2,11,5,1.3,2PT Field Goal,Restricted Area,6.3,11.4,1,2.18,12.1
22300622,T. Nwosu,Los Angeles Lakers,4,8,16,0.2,2PT Field Goal,Restricted Area,-0.0,2.0,1,3.75,13.3
22300351,R. Delgado,Milwaukee Bucks,2,3,49,9.9,2PT Field Goal,In The Paint (Non-RA),5.2,99.1,1,5.55,7.1
22300424,R. Delgado,Miami Heat,3,9,47,0.2,2PT Field Goal,Restricted Area,-0.1,2.0,1,4.23,21.2
22300901,S. Whitfield,Los Angeles Lakers,1,1,12,6.0,2PT Field Goal,In The Paint (Non-RA),-43.2,41.0,0,2.34,10.6
22300001,K. Albrecht,Miami Heat,4,11,50,1.2,2PT Field Goal,Restricted Area,3.6,11.3,1,3.11,12.0
22300370,R. Delgado,Denver Nuggets,2,3,20,2.2,2PT Field Goal,Restricted Area,-19.9,9.4,1,3.69,20.3
22300371,R. Delgado,Boston Celtics,1,7,9,24.8,3PT Field Goal,Above the Break 3,-48.3,243.6,1,3.6,4.8
22300772,K. Albrecht,Milwaukee Bucks,1,3,8,3.5,2PT Field Goal,Restricted Area,21.3,27.4,0,4.35,23.4
22300630,S. Whitfield,Boston Celtics,2,7,44,14.4,2PT Field Goal,Mid-Range,108.1,95.9,0,7.9,19.5
22300268,T. Nwosu,Milwaukee Bucks,2,6,24,4.2,2PT Field Goal,In The Paint (Non-RA),30.7,28.8,0,4.76,2.0
22300005,S. Whitfield,Milwaukee Bucks,1,5,31,6.2,2PT Field Goal,In The Paint (Non-RA),33.7,52.2,0,3.37,11.6
22300259,S. Whitfield,Golden State Warriors,2,8,43,23.9,3PT Field Goal,Above the Break 3,214.8,105.7,0,5.83,21.0
22300636,S. Whitfield,Miami Heat,2,1,39,1.4,2PT Field Goal,Restricted Area,13.0,5.7,1,5.73,13.9
22300806,T. Nwosu,Los Angeles Lakers,2,1,49,27.1,3PT Field Goal,Above the Break 3,-61.9,263.4,1,1.77,16.4
22300680,S. Whitfield,Los Angeles Lakers,2,11,48,25.8,3PT Field Goal,Above the Break 3,103.9,236.0,1,2.83,15.4
22300139,K. Albrecht,Golden State Warriors,1,11,34,19.7,2PT Field Goal,Mid-Range,-143.4,135.2,0,1.71,13.9
22300044,T. Nwosu,Milwaukee Bucks,2,0,23,1.8,2PT Field Goal,Restricted Area,5.6,17.6,1,5.01,12.8
22300126,B. Osei,Milwaukee Bucks,2,6,40,14.0,2PT Field Goal,Mid-Range,-55.2,128.7,1,6.23,8.8
22300811,J. Carter,Denver Nuggets,2,4,28,20.7,2PT Field Goal,Mid-Range,160.8,130.7,0,3.73,10.0
22300373,K. Albrecht,Boston Celtics,3,7,9,25.7,3PT Field Goal,Above the Break 3,-196.3,166.6,0,7.09,1.2
22300100,K. Albrecht,Golden State Warriors,1,10,40,2.8,2PT Field Goal,Restricted Area,-20.3,19.6,1,2.92,17.0
22300859,R. Delgado,Golden State Warriors,1,7,42,26.3,3PT Field Goal,Above the Break 3,88.9,247.7,1,3.51,9.9
22300044,J. Carter,Miami Heat,4,6,32,26.7,3PT Field Goal,Above the Break 3,37.4,264.5,0,4.09,21.0
22300124,J. Carter,Los Angeles Lakers,2,6,45,2.9,2PT Field Goal,Restricted Area,8.3,27.9,1,4.67,22.1
22300507,L. Fitzgerald,New York Knicks,3,3,5,1.9,2PT Field Goal,Restricted Area,4.2,18.6,1,8.07,10.4
22300511,T. Nwosu,Los Angeles Lakers,2,5,46,2.0,2PT Field Goal,Restricted Area,-17.4,9.4,1,1.68,7.4
22300287,K. Albrecht,Milwaukee Bucks,3,0,54,25.4,3PT Field Goal,Above the Break 3,58.9,247.4,1,5.54,4.1
22300589,L. Fitzgerald,Los Angeles Lakers,2,6,11,24.1,3PT Field Goal,Above the Break 3,-34.8,238.1,1,4.43,18.0
22300333,K. Albrecht,Miami Heat,4,9,32,28.5,3PT Field Goal,Above the Break 3,-188.1,214.2,0,6.96,11.4
22300670,D. Reyes,Los Angeles Lakers,2,2,13,14.1,2PT Field Goal,Mid-Range,98.2,100.5,0,1.17,10.7
22300626,T. Nwosu,Milwaukee Bucks,2,0,4,20.2,2PT Field Goal,Mid-Range,106.8,171.8,0,1.58,17.3
22300696,L. Fitzgerald,New York Knicks,2,10,8,16.8,2PT Field Goal,Mid-Range,60.3,156.8,0,8.18,1.1
22300196,T. Nwosu,Phoenix Suns,1,5,57,16.8,2PT Field Goal,Mid-Range,-34.0,164.5,0,7.15,23.6
22300272,T. Nwosu,New York Knicks,2,10,45,25.6,3PT Field Goal,Above the Break 3,-185.3,176.6,0,6.73,21.4
22300423,A. Kowalski,New York Knicks,2,10,49,17.9,2PT Field Goal,Mid-Range,-166.1,67.2,0,3.97,21.5
22300407,T. Nwosu,Milwaukee Bucks,3,1,20,4.0,2PT Field Goal,In The Paint (Non-RA),30.8,25.5,1,6.69,22.1
22300688,J. Carter,Denver Nuggets,1,11,0,9.4,2PT Field Goal,In The Paint (Non-RA),-6.7,93.9,1,4.28,15.9
22300175,J. Carter,Golden State Warriors,1,7,30,1.6,2PT Field Goal,Restricted Area,-0.6,16.5,0,1.75,4.2
22300091,T. Nwosu,Denver Nuggets,4,4,9,24.2,3PT Field Goal,Above the Break 3,-113.0,213.7,0,3.93,18.5
22300673,K. Albrecht,Phoenix Suns,2,5,48,15.5,2PT Field Goal,Mid-Range,-30.1,151.8,1,3.64,11.9
22300320,J. Carter,Boston Celtics,2,0,26,11.1,2PT Field Goal,In The Paint (Non-RA),32.8,106.5,0,1.86,23.2
22300206,D. Reyes,Golden State Warriors,3,1,45,25.8,3PT Field Goal,Above the Break 3,-35.5,255.8,0,2.93,19.4
22300765,D. Reyes,Milwaukee Bucks,4,1,26,27.6,3PT Field Goal,Above the Break 3,189.8,199.9,0,2.65,17.2
22300909,K. Albrecht,Boston Celtics,4,10,5,1.5,2PT Field Goal,Restricted Area,-9.8,10.9,1,5.45,6.0
22300281,K. Albrecht,Los Angeles Lakers,2,10,48,0.2,2PT Field Goal,Restricted Area,-1.6,1.3,0,6.49,8.1
22300816,A. Kowalski,Miami Heat,1,9,48,2.6,2PT Field Goal,Restricted Area,19.0,17.1,0,6.82,2.2
22300224,M. Okafor,Denver Nuggets,3,0,47,1.7,2PT Field Goal,Restricted Area,-11.4,13.1,1,6.77,19.8
22300476,D. Reyes,Milwaukee Bucks,3,9,6,4.0,2PT Field Goal,In The Paint (Non-RA),-17.6,35.9,1,1.79,20.8
22300410,A. Kowalski,New York Knicks,2,10,8,11.4,2PT Field Goal,In The Paint (Non-RA),61.1,96.0,1,5.57,14.3
22300866,T. Nwosu,Golden State Warriors,2,8,29,23.1,3PT Field Goal,Above the Break 3,-207.4,100.8,0,6.12,23.9
22300401,D. Reyes,Golden State Warriors,4,11,53,1.6,2PT Field Goal,Restricted Area,0.8,16.5,0,5.2,17.7
22300491,S. Whitfield,Los Angeles Lakers,4,8,18,27.8,3PT Field Goal,Above the Break 3,-113.6,253.3,0,2.08,1.4
22300710,D. Reyes,Golden State Warriors,2,2,52,15.7,2PT Field Goal,Mid-Range,134.9,79.4,1,0.3,21.6
22300005,L. Fitzgerald,New York Knicks,2,6,15,25.3,3PT Field Goal,Above the Break 3,16.0,252.2,0,4.61,2.4
22300459,B. Osei,New York Knicks,1,9,12,9.7,2PT Field Goal,In The Paint (Non-RA),3.3,96.5,1,2.33,10.8
22300339,J. Carter,Boston Celtics,2,7,25,3.0,2PT Field Goal,Restricted Area,10.1,28.2,1,6.31,9.0
22300261,R. Delgado,Miami Heat,3,5,28,28.9,3PT Field Goal,Above the Break 3,189.4,218.9,0,0.85,10.0
22300275,B. Osei,Milwaukee Bucks,2,9,54,3.1,2PT Field Goal,Restricted Area,-14.9,27.6,1,5.5,5.4
22300857,M. Okafor,Boston Celtics,3,7,24,4.0,2PT Field Goal,Restricted Area,-36.0,17.0,1,3.24,9.9
22300919,M. Okafor,Los Angeles Lakers,3,2,55,26.7,3PT Field Goal,Above the Break 3,56.1,260.6,0,1.19,3.2
22300875,B. Osei,Miami Heat,2,2,0,19.7,2PT Field Goal,Mid-Range,-24.7,195.6,0,3.2,9.6
22300249,J. Carter,New York Knicks,1,5,34,0.5,2PT Field Goal,Restricted Area,-3.2,3.9,0,3.89,11.4
22300791,R. Delgado,New York Knicks,3,9,52,3.9,2PT Field Goal,Restricted Area,19.3,33.7,1,6.15,17.0
22300144,B. Osei,Milwaukee Bucks,4,10,47,25.3,3PT Field Goal,Above the Break 3,133.7,215.0,1,6.08,20.7
22300650,K. Albrecht,Denver Nuggets,1,4,49,2.1,2PT Field Goal,Restricted Area,18.7,8.6,1,7.09,6.1
22300835,B. Osei,New York Knicks,4,5,49,27.7,3PT Field Goal,Above the Break 3,241.4,135.2,1,5.98,17.1
22300663,R. Delgado,Miami Heat,4,8,7,1.9,2PT Field Goal,Restricted Area,-11.3,15.5,1,3.19,21.2
22300453,D. Reyes,Miami Heat,2,10,23,27.7,3PT Field Goal,Above the Break 3,-74.8,266.7,0,3.23,20.9
22300647,T. Nwosu,Denver Nuggets,1,11,54,1.7,2PT Field Goal,Restricted Area,9.3,14.0,0,4.6,4.4
22300717,B. Osei,Golden State Warriors,2,3,18,10.0,2PT Field Goal,In The Paint (Non-RA),-90.9,41.4,1,3.44,0.6
22300635,M. Okafor,Los Angeles Lakers,3,3,24,1.6,2PT Field Goal,Restricted Area,10.9,11.4,0,0.44,5.9
22300224,R. Delgado,Denver Nuggets,4,10,26,21.3,2PT Field Goal,Mid-Range,76.9,198.3,0,0.3,8.5
22300458,J. Carter,Golden State Warriors,2,5,51,24.9,3PT Field Goal,Above the Break 3,-109.7,223.6,0,5.98,0.6
22300239,D. Reyes,Milwaukee Bucks,2,7,16,1.6,2PT Field Goal,Restricted Area,12.8,10.2,1,4.5,18.4
22300228,J. Carter,Golden State Warriors,4,1,48,0.2,2PT Field Goal,Restricted Area,-0.2,2.0,0,8.77,8.2
22300873,T. Nwosu,Golden State Warriors,3,7,26,25.9,3PT Field Goal,Above the Break 3,-151.1,210.4,0,3.06,8.0
22300507,M. Okafor,Miami Heat,1,8,51,15.1,2PT Field Goal,Mid-Range,102.0,111.7,1,6.63,23.1
22300873,K. Albrecht,New York Knicks,2,2,11,2.6,2PT Field Goal,Restricted Area,22.0,14.6,1,4.57,4.1
22300165,B. Osei,Miami Heat,2,10,21,16.2,2PT Field Goal,Mid-Range,-120.7,108.1,1,5.35,3.6
22300334,A. Kowalski,Denver Nuggets,3,11,49,9.2,2PT Field Goal,In The Paint (Non-RA),80.3,45.2,1,4.39,15.5
22300901,T. Nwosu,Boston Celtics,4,4,46,24.6,3PT Field Goal,Above the Break 3,-174.5,173.7,1,6.77,4.0
22300299,M. Okafor,New York Knicks,4,2,18,2.1,2PT Field Goal,Restricted Area,9.1,19.1,1,5.42,16.1
22300605,L. Fitzgerald,Golden State Warriors,4,7,10,27.1,3PT Field Goal,Above the Break 3,-5.5,270.8,0,3.14,5.1
22300285,B. Osei,Denver Nuggets,3,4,18,21.9,2PT Field Goal,Mid-Range,168.6,139.0,0,3.99,9.1
22300546,K. Albrecht,Miami Heat,1,3,31,23.1,3PT Field Goal,Above the Break 3,212.2,91.0,0,3.7,20.6
22300490,D. Reyes,Denver Nuggets,1,1,59,0.9,2PT Field Goal,Restricted Area,-7.5,5.4,1,4.41,1.6
22300104,L. Fitzgerald,Denver Nuggets,3,1,4,25.2,3PT Field Goal,Above the Break 3,-26.7,250.6,0,4.75,8.5
22300765,K. Albrecht,Phoenix Suns,3,4,4,19.5,2PT Field Goal,Mid-Range,148.5,126.3,0,3.24,5.8
22300450,S. Whitfield,Boston Celtics,1,2,4,11.9,2PT Field Goal,In The Paint (Non-RA),-26.7,116.4,0,2.9,10.9
22300311,T. Nwosu,Los Angeles Lakers,3,11,6,2.0,2PT Field Goal,Restricted Area,-13.8,14.0,1,4.21,22.7
22300350,D. Reyes,Phoenix Suns,2,3,13,22.5,3PT Field Goal,Above the Break 3,-8.8,224.8,0,0.3,4.1
22300714,S. Whitfield,Denver Nuggets,4,9,30,26.5,3PT Field Goal,Above the Break 3,-234.2,124.4,1,5.16,14.1
22300775,K. Albrecht,Denver Nuggets,4,9,23,4.0,2PT Field Goal,In The Paint (Non-RA),-27.7,28.8,1,5.08,21.1
22300565,J. Carter,Miami Heat,2,1,51,22.5,3PT Field Goal,Above the Break 3,167.2,150.5,0,0.3,8.0
22300768,J. Carter,Denver Nuggets,4,4,10,2.5,2PT Field Goal,Restricted Area,17.8,17.4,1,1.71,13.8
22300036,K. Albrecht,Los Angeles Lakers,2,11,31,10.5,2PT Field Goal,In The Paint (Non-RA),69.7,78.6,0,4.18,23.7
22300997,D. Reyes,Los Angeles Lakers,2,4,26,23.7,3PT Field Goal,Above the Break 3,-204.8,118.9,0,0.3,18.6
22300442,B. Osei,Denver Nuggets,1,9,57,10.8,2PT Field Goal,In The Paint (Non-RA),38.3,101.3,1,5.23,10.2
22300559,L. Fitzgerald,Phoenix Suns,2,10,20,1.6,2PT Field Goal,Restricted Area,-1.7,15.8,1,6.49,12.6
22300189,T. Nwosu,New York Knicks,2,4,33,4.0,2PT Field Goal,In The Paint (Non-RA),15.5,36.9,0,5.31,13.3
22300048,D. Reyes,Phoenix Suns,3,0,46,1.1,2PT Field Goal,Restricted Area,-4.1,10.3,1,6.39,14.9
22300048,K. Albrecht,New York Knicks,4,7,28,1.9,2PT Field Goal,Restricted Area,-8.7,16.5,1,3.98,20.6
22300415,B. Osei,New York Knicks,1,9,48,1.4,2PT Field Goal,Restricted Area,11.8,7.4,1,6.19,18.3
22300706,L. Fitzgerald,Phoenix Suns,4,6,7,1.8,2PT Field Goal,Restricted Area,7.7,15.9,0,5.83,14.1
22300035,B. Osei,Phoenix Suns,2,0,40,2.9,2PT Field Goal,Restricted Area,8.9,27.6,1,3.93,8.5
22300143,A. Kowalski,Phoenix Suns,4,10,33,13.0,2PT Field Goal,In The Paint (Non-RA),3.4,130.3,0,4.42,22.5
22300220,R. Delgado,Los Angeles Lakers,1,9,20,2.7,2PT Field Goal,Restricted Area,-12.7,24.1,0,0.39,20.9
22300435,M. Okafor,Boston Celtics,1,0,14,26.0,3PT Field Goal,Above the Break 3,-36.9,257.0,1,1.11,11.5
22300311,A. Kowalski,Milwaukee Bucks,1,9,5,24.9,3PT Field Goal,Above the Break 3,199.3,149.3,0,6.54,2.9
22300963,J. Carter,Boston Celtics,3,10,23,1.2,2PT Field Goal,Restricted Area,8.7,8.0,0,6.61,23.6
22300286,R. Delgado,Phoenix Suns,4,0,54,21.3,2PT Field Goal,Mid-Range,-173.6,124.1,1,2.33,17.9
22300089,R. Delgado,Golden State Warriors,3,5,5,5.2,2PT Field Goal,In The Paint (Non-RA),32.6,40.2,1,0.69,21.7
22300238,T. Nwosu,Boston Celtics,2,5,27,1.9,2PT Field Goal,Restricted Area,7.4,17.4,0,0.3,13.1
22300235,A. Kowalski,Los Angeles Lakers,3,3,43,2.1,2PT Field Goal,Restricted Area,7.7,20.0,1,6.87,15.1
22300557,J. Carter,Los Angeles Lakers,4,1,13,24.7,3PT Field Goal,Above the Break 3,-102.3,225.3,1,5.0,10.6
22300123,L. Fitzgerald,Denver Nuggets,1,10,8,4.4,2PT Field Goal,In The Paint (Non-RA),37.9,22.0,1,8.61,2.6
22300722,A. Kowalski,Denver Nuggets,4,7,32,23.8,3PT Field Goal,Above the Break 3,36.8,235.6,0,7.14,1.1
22300661,D. Reyes,Denver Nuggets,1,5,27,1.6,2PT Field Goal,Restricted Area,11.4,10.7,1,8.89,1.2
22300623,D. Reyes,Golden State Warriors,1,5,7,17.1,2PT Field Goal,Mid-Range,-142.8,93.7,1,6.13,12.6
22300894,S. Whitfield,Denver Nuggets,4,9,47,24.7,3PT Field Goal,Above the Break 3,2.8,247.0,0,2.92,17.5
22300694,S. Whitfield,Golden State Warriors,2,2,38,22.5,3PT Field Goal,Above the Break 3,-130.0,183.6,0,3.43,22.2
22300078,B. Osei,Denver Nuggets,4,0,0,2.0,2PT Field Goal,Restricted Area,-4.2,19.5,1,6.77,15.7
22300307,R. Delgado,Miami Heat,3,10,17,20.1,2PT Field Goal,Mid-Range,-78.4,185.6,0,0.92,8.4
22300606,J. Carter,Phoenix Suns,3,2,37,1.2,2PT Field Goal,Restricted Area,1.6,11.8,1,5.52,3.4
22300482,J. Carter,Milwaukee Bucks,1,3,49,26.1,3PT Field Goal,Above the Break 3,-199.5,167.6,0,3.25,5.1
22300594,A. Kowalski,Miami Heat,4,6,36,1.2,2PT Field Goal,Restricted Area,-1.5,11.7,1,7.17,0.5
22300898,D. Reyes,Boston Celtics,2,3,19,2.1,2PT Field Goal,Restricted Area,-8.5,19.1,1,2.92,17.7
22300529,K. Albrecht,Boston Celtics,3,1,40,26.9,3PT Field Goal,Above the Break 3,113.4,243.8,1,2.51,10.9
22300399,R. Delgado,Denver Nuggets,4,10,26,9.3,2PT Field Goal,In The Paint (Non-RA),-52.5,77.0,1,6.41,5.4
22300128,M. Okafor,Phoenix Suns,2,5,34,8.5,2PT Field Goal,In The Paint (Non-RA),-30.7,78.9,1,0.3,23.4
22300773,A. Kowalski,Golden State Warriors,2,11,18,26.8,3PT Field Goal,Above the Break 3,-145.0,225.6,1,6.66,6.4
22300143,S. Whitfield,Golden State Warriors,2,2,44,0.8,2PT Field Goal,Restricted Area,7.2,4.2,0,4.88,14.0
22300163,L. Fitzgerald,Golden State Warriors,4,3,51,2.5,2PT Field Goal,Restricted Area,-20.7,14.5,1,2.82,4.0
22300702,L. Fitzgerald,Golden State Warriors,2,1,29,13.1,2PT Field Goal,In The Paint (Non-RA),-88.3,96.5,0,5.73,21.1
22300806,B. Osei,New York Knicks,3,2,32,1.8,2PT Field Goal,Restricted Area,14.1,11.4,0,3.08,21.4
22300081,D. Reyes,New York Knicks,2,1,10,1.0,2PT Field Goal,Restricted Area,-2.8,9.2,0,5.64,15.5
22300446,M. Okafor,New York Knicks,2,2,41,19.7,2PT Field Goal,Mid-Range,110.1,163.2,0,4.41,7.6
22300836,S. Whitfield,Phoenix Suns,1,9,38,25.4,3PT Field Goal,Above the Break 3,-213.9,137.8,1,5.95,10.5
22300611,L. Fitzgerald,Phoenix Suns,1,3,59,20.0,2PT Field Goal,Mid-Range,-150.1,131.5,0,2.0,17.7
22300028,D. Reyes,Boston Celtics,1,4,13,17.8,2PT Field Goal,Mid-Range,43.2,172.8,0,2.64,5.6
22300646,T. Nwosu,Boston Celtics,2,10,39,1.3,2PT Field Goal,Restricted Area,-9.4,9.3,1,8.45,20.6
22300810,K. Albrecht,Los Angeles Lakers,2,3,53,16.3,2PT Field Goal,Mid-Range,-94.0,133.7,0,4.91,23.8
22300913,L. Fitzgerald,Phoenix Suns,3,6,9,27.6,3PT Field Goal,Above the Break 3,-87.1,262.0,1,3.78,8.8
22300282,L. Fitzgerald,Denver Nuggets,2,0,11,16.9,2PT Field Goal,Mid-Range,48.9,161.9,0,2.11,13.0
22300712,L. Fitzgerald,Golden State Warriors,3,3,43,26.3,3PT Field Goal,Above the Break 3,-187.6,184.3,0,2.99,18.5
22300334,A. Kowalski,Denver Nuggets,4,8,35,15.1,2PT Field Goal,Mid-Range,-130.0,77.7,0,4.74,4.8
22300550,M. Okafor,Denver Nuggets,2,7,32,1.5,2PT Field Goal,Restricted Area,-3.8,14.3,1,1.4,15.9
22300604,M. Okafor,Miami Heat,3,10,35,14.6,2PT Field Goal,Mid-Range,58.9,133.9,1,4.09,20.9
22300933,A. Kowalski,Miami Heat,2,2,23,7.1,2PT Field Goal,In The Paint (Non-RA),47.2,52.8,1,3.6,21.6
22300498,D. Reyes,Denver Nuggets,2,3,41,1.9,2PT Field Goal,Restricted Area,2.9,18.3,0,0.3,22.4
22300408,K. Albrecht,New York Knicks,2,0,40,17.0,2PT Field Goal,Mid-Range,-69.7,155.5,1,4.21,21.5
22300416,M. Okafor,Los Angeles Lakers,3,8,8,27.2,3PT Field Goal,Above the Break 3,230.0,144.3,0,7.01,0.2
22300341,K. Albrecht,Milwaukee Bucks,2,5,16,2.2,2PT Field Goal,Restricted Area,-9.3,19.6,1,3.19,20.5
22300813,B. Osei,Phoenix Suns,2,9,35,20.9,2PT Field Goal,Mid-Range,123.8,167.9,0,3.7,20.0
22300615,R. Delgado,Golden State Warriors,4,2,48,26.2,3PT Field Goal,Above the Break 3,152.2,213.0,0,4.79,4.7
22300631,K. Albrecht,Milwaukee Bucks,4,7,2,10.8,2PT Field Goal,In The Paint (Non-RA),40.1,99.9,0,2.8,17.4
22300268,B. Osei,Phoenix Suns,4,9,53,1.8,2PT Field Goal,Restricted Area,1.3,17.9,1,0.3,4.4
22300386,L. Fitzgerald,Phoenix Suns,4,1,39,1.0,2PT Field Goal,Restricted Area,-6.5,7.9,1,4.26,14.8
22300126,K. Albrecht,Boston Celtics,1,2,23,16.6,2PT Field Goal,Mid-Range,26.6,164.3,0,3.16,4.2
22300242,T. Nwosu,Denver Nuggets,3,10,8,18.5,2PT Field Goal,Mid-Range,-169.9,73.0,1,2.7,9.5
22300512,J. Carter,Los Angeles Lakers,2,6,32,20.6,2PT Field Goal,Mid-Range,180.5,99.1,0,7.39,21.3
22300749,S. Whitfield,Milwaukee Bucks,3,11,8,3.7,2PT Field Goal,Restricted Area,2.2,37.0,1,4.44,19.2
22300551,D. Reyes,Milwaukee Bucks,3,9,14,25.6,3PT Field Goal,Above the Break 3,-12.8,255.3,0,2.47,14.3
22300362,B. Osei,Boston Celtics,4,5,36,24.2,3PT Field Goal,Above the Break 3,212.0,116.8,1,2.6,13.3
22300033,T. Nwosu,Denver Nuggets,4,2,1,3.1,2PT Field Goal,Restricted Area,23.1,20.6,1,7.86,24.0
22300661,B. Osei,Golden State Warriors,4,7,41,2.2,2PT Field Goal,Restricted Area,-10.1,19.2,1,6.06,0.6
22300132,B. Osei,Denver Nuggets,1,7,33,3.1,2PT Field Goal,Restricted Area,27.0,16.2,1,0.3,11.4
22300420,T. Nwosu,Milwaukee Bucks,4,4,5,22.5,3PT Field Goal,Above the Break 3,186.8,125.4,1,5.58,19.6
22300294,K. Albrecht,Miami Heat,2,4,57,26.6,3PT Field Goal,Above the Break 3,-188.4,187.9,0,3.04,1.2
22300106,J. Carter,New York Knicks,3,6,9,2.4,2PT Field Goal,Restricted Area,-4.0,23.9,1,2.84,1.1
22300027,J. Carter,New York Knicks,1,6,2,1.7,2PT Field Goal,Restricted Area,-4.6,16.7,1,6.78,22.8
22300730,M. Okafor,Denver Nuggets,3,10,54,2.1,2PT Field Goal,Restricted Area,2.9,21.2,1,5.84,23.6
22300660,L. Fitzgerald,Boston Celtics,4,2,9,11.0,2PT Field Goal,In The Paint (Non-RA),38.7,102.5,0,2.23,23.1
22300041,B. Osei,New York Knicks,2,0,25,25.3,3PT Field Goal,Above the Break 3,-56.8,246.7,0,4.15,2.7
22300639,D. Reyes,New York Knicks,1,7,36,4.0,2PT Field Goal,In The Paint (Non-RA),15.1,37.0,1,5.66,8.4
22300984,M. Okafor,Los Angeles Lakers,2,7,42,3.2,2PT Field Goal,Restricted Area,9.1,30.6,1,3.91,8.3
22300705,L. Fitzgerald,Los Angeles Lakers,1,2,47,6.4,2PT Field Goal,In The Paint (Non-RA),0.0,63.9,1,5.14,11.7
22300551,T. Nwosu,Golden State Warriors,4,11,28,14.8,2PT Field Goal,Mid-Range,-133.7,64.4,1,2.58,23.6
22300333,K. Albrecht,Denver Nuggets,3,5,14,28.9,3PT Field Goal,Above the Break 3,-154.0,244.8,0,7.17,5.8
22300438,J. Carter,Golden State Warriors,4,8,22,4.1,2PT Field Goal,In The Paint (Non-RA),-11.7,39.1,0,7.54,8.3
22300446,A. Kowalski,Phoenix Suns,1,1,15,3.3,2PT Field Goal,Restricted Area,15.9,28.4,1,2.67,15.2
22300955,K. Albrecht,Phoenix Suns,2,0,50,1.6,2PT Field Goal,Restricted Area,-5.1,14.9,1,0.91,19.5
22300080,R. Delgado,Boston Celtics,3,7,54,22.5,3PT Field Goal,Above the Break 3,-124.1,187.7,0,3.1,4.7
22300478,S. Whitfield,Milwaukee Bucks,2,7,8,27.0,3PT Field Goal,Above the Break 3,-238.8,125.0,0,6.19,22.7
22300875,M. Okafor,Los Angeles Lakers,2,6,12,2.7,2PT Field Goal,Restricted Area,13.0,24.1,0,4.67,22.4
22300614,A. Kowalski,Milwaukee Bucks,3,7,18,23.9,3PT Field Goal,Above the Break 3,-72.7,227.5,0,4.06,15.3
22300625,D. Reyes,Golden State Warriors,4,1,5,4.0,2PT Field Goal,In The Paint (Non-RA),2.4,39.9,1,4.61,5.8
22300282,L. Fitzgerald,Phoenix Suns,3,0,1,25.5,3PT Field Goal,Above the Break 3,199.5,158.8,0,0.78,15.9
22300467,K. Albrecht,Los Angeles Lakers,2,0,2,2.5,2PT Field Goal,Restricted Area,9.3,23.6,1,4.09,19.9
22300059,K. Albrecht,Phoenix Suns,1,2,32,24.0,3PT Field Goal,Above the Break 3,-136.4,197.3,1,3.95,8.2
22300520,D. Reyes,Denver Nuggets,2,10,36,3.3,2PT Field Goal,Restricted Area,-16.4,28.5,1,2.73,3.5
22300223,T. Nwosu,Golden State Warriors,1,11,18,8.2,2PT Field Goal,In The Paint (Non-RA),23.6,78.4,0,6.02,3.7
22300223,D. Reyes,Los Angeles Lakers,3,4,24,17.0,2PT Field Goal,Mid-Range,119.5,120.4,1,2.68,14.3
22300178,A. Kowalski,New York Knicks,4,6,14,6.0,2PT Field Goal,In The Paint (Non-RA),-41.3,43.7,1,2.71,17.6
22300676,A. Kowalski,Miami Heat,1,2,40,3.5,2PT Field Goal,Restricted Area,-6.8,34.3,0,5.81,1.2
22300816,B. Osei,Boston Celtics,4,8,53,2.8,2PT Field Goal,Restricted Area,-17.9,21.4,0,5.65,4.7
22300209,K. Albrecht,Phoenix Suns,3,8,37,3.9,2PT Field Goal,Restricted Area,-30.4,23.9,1,4.36,4.5
22300515,T. Nwosu,Miami Heat,4,4,26,2.3,2PT Field Goal,Restricted Area,10.2,20.7,0,4.73,5.3
22300966,R. Delgado,Boston Celtics,4,4,16,2.6,2PT Field Goal,Restricted Area,-5.9,25.5,0,5.09,15.2
22300480,M. Okafor,Denver Nuggets,4,4,53,1.3,2PT Field Goal,Restricted Area,-2.7,12.8,1,4.97,8.8
22300863,S. Whitfield,New York Knicks,4,3,54,5.9,2PT Field Goal,In The Paint (Non-RA),42.9,40.6,1,1.93,0.8
22300153,M. Okafor,Milwaukee Bucks,1,10,32,4.0,2PT Field Goal,In The Paint (Non-RA),-36.6,16.2,1,6.12,0.8
22300001,A. Kowalski,Milwaukee Bucks,3,9,26,17.0,2PT Field Goal,Mid-Range,-101.9,135.6,0,8.84,13.6
22300389,S. Whitfield,Los Angeles Lakers,3,7,31,2.4,2PT Field Goal,Restricted Area,-20.8,11.7,1,5.08,16.1
22300271,J. Carter,Boston Celtics,3,3,15,2.2,2PT Field Goal,Restricted Area,-19.7,9.0,0,3.59,19.8
22300805,K. Albrecht,Milwaukee Bucks,4,6,20,3.7,2PT Field Goal,Restricted Area,2.6,36.4,1,6.91,3.2
22300113,L. Fitzgerald,Miami Heat,2,6,3,26.1,3PT Field Goal,Above the Break 3,-106.3,238.4,1,5.65,20.9
22300430,R. Delgado,New York Knicks,4,3,30,1.5,2PT Field Goal,Restricted Area,6.1,13.4,1,2.46,23.8
22300772,L. Fitzgerald,New York Knicks,1,10,4,8.6,2PT Field Goal,In The Paint (Non-RA),-57.4,64.1,0,3.97,10.7
22300267,T. Nwosu,Milwaukee Bucks,1,7,40,25.5,3PT Field Goal,Above the Break 3,-196.1,162.3,0,2.87,6.3
22300126,D. Reyes,Miami Heat,2,2,13,5.8,2PT Field Goal,In The Paint (Non-RA),30.6,49.2,0,6.57,10.1
22300269,B. Osei,Boston Celtics,4,9,25,27.0,3PT Field Goal,Above the Break 3,-236.4,130.7,0,1.17,2.1
22300299,B. Osei,Milwaukee Bucks,2,2,6,25.8,3PT Field Goal,Above the Break 3,31.1,255.7,0,7.09,19.4
22300069,K. Albrecht,Los Angeles Lakers,1,2,54,2.0,2PT Field Goal,Restricted Area,-17.7,9.9,1,2.63,1.7
22300104,J. Carter,Milwaukee Bucks,4,5,23,26.3,3PT Field Goal,Above the Break 3,225.8,135.5,0,4.89,16.5
22300887,S. Whitfield,Boston Celtics,3,7,23,1.1,2PT Field Goal,Restricted Area,9.0,6.7,0,3.19,13.7
22300351,D. Reyes,New York Knicks,2,10,50,2.1,2PT Field Goal,Restricted Area,-17.9,10.2,0,5.08,21.4
22300137,K. Albrecht,New York Knicks,3,6,4,9.6,2PT Field Goal,In The Paint (Non-RA),83.3,47.7,1,6.88,12.1
22300127,J. Carter,Los Angeles Lakers,3,0,23,19.7,2PT Field Goal,Mid-Range,25.7,195.3,0,5.65,10.6
22300952,S. Whitfield,Denver Nuggets,4,2,27,27.7,3PT Field Goal,Above the Break 3,149.1,233.4,1,1.39,23.7
22300881,A. Kowalski,Denver Nuggets,4,1,4,1.6,2PT Field Goal,Restricted Area,11.5,10.9,1,3.6,12.3
22300745,A. Kowalski,Denver Nuggets,3,10,27,26.4,3PT Field Goal,Above the Break 3,-29.4,262.3,0,4.51,5.5
22300580,S. Whitfield,Phoenix Suns,3,10,23,10.2,2PT Field Goal,In The Paint (Non-RA),-10.1,101.1,1,8.54,20.3
22300831,B. Osei,Phoenix Suns,2,6,32,2.7,2PT Field Goal,Restricted Area,-10.2,24.6,1,3.01,8.7
22300875,J. Carter,Boston Celtics,4,6,29,25.3,3PT Field Goal,Above the Break 3,67.5,243.6,1,3.27,9.7
22300803,A. Kowalski,Los Angeles Lakers,1,0,26,21.2,2PT Field Goal,Mid-Range,-190.4,94.0,0,2.41,12.8
22300781,M. Okafor,Golden State Warriors,1,1,36,1.9,2PT Field Goal,Restricted Area,8.0,17.1,0,4.08,6.4
22300903,L. Fitzgerald,Miami Heat,1,11,30,27.6,3PT Field Goal,Above the Break 3,144.9,235.3,0,5.72,16.3
22300801,J. Carter,Miami Heat,2,10,37,1.3,2PT Field Goal,Restricted Area,5.9,12.0,0,1.91,17.5
22300708,J. Carter,Denver Nuggets,4,10,29,1.7,2PT Field Goal,Restricted Area,4.7,16.2,0,7.44,8.5
22300728,D. Reyes,Los Angeles Lakers,2,8,42,1.9,2PT Field Goal,Restricted Area,-7.8,17.3,1,7.11,11.1
22300802,A. Kowalski,Los Angeles Lakers,1,6,51,25.3,3PT Field Goal,Above the Break 3,106.1,229.8,1,6.06,19.1
22300213,J. Carter,Phoenix Suns,3,9,47,1.4,2PT Field Goal,Restricted Area,-3.9,13.9,0,5.64,2.1
22300124,D. Reyes,Boston Celtics,4,3,20,26.2,3PT Field Goal,Above the Break 3,87.3,247.1,1,9.85,20.9
22300426,J. Carter,Golden State Warriors,2,0,50,14.1,2PT Field Goal,Mid-Range,-78.2,116.9,0,1.75,2.1
22300188,R. Delgado,Milwaukee Bucks,4,1,48,3.1,2PT Field Goal,Restricted Area,-16.5,26.5,1,2.93,22.7
22300749,L. Fitzgerald,Golden State Warriors,4,9,32,18.4,2PT Field Goal,Mid-Range,64.4,171.9,1,9.18,9.6
22300087,R. Delgado,Denver Nuggets,2,8,39,8.7,2PT Field Goal,In The Paint (Non-RA),-61.1,62.0,0,1.37,22.3
22300080,K. Albrecht,Denver Nuggets,2,1,53,14.0,2PT Field Goal,Mid-Range,99.9,98.4,1,4.93,20.2
22300656,S. Whitfield,Milwaukee Bucks,4,8,1,25.0,3PT Field Goal,Above the Break 3,172.0,180.9,1,3.8,6.5
22300103,R. Delgado,Miami Heat,4,4,9,16.4,2PT Field Goal,Mid-Range,20.3,162.8,0,2.04,6.3
22300058,L. Fitzgerald,Denver Nuggets,3,11,22,24.4,3PT Field Goal,Above the Break 3,-131.7,205.1,1,2.01,20.7
22300160,K. Albrecht,Miami Heat,1,2,54,2.8,2PT Field Goal,Restricted Area,-10.2,26.2,1,3.7,8.5
22300334,M. Okafor,Boston Celtics,2,11,11,22.5,3PT Field Goal,Above the Break 3,-166.7,151.1,0,4.83,10.5
22300710,A. Kowalski,Miami Heat,3,11,22,9.6,2PT Field Goal,In The Paint (Non-RA),53.1,80.5,1,5.34,6.7
22300793,B. Osei,Los Angeles Lakers,2,5,34,26.7,3PT Field Goal,Above the Break 3,235.8,125.2,1,5.57,22.9
22300131,B. Osei,Los Angeles Lakers,3,1,57,23.5,3PT Field Goal,Above the Break 3,-185.5,144.9,0,4.36,15.3
22300548,B. Osei,Boston Celtics,1,9,23,26.8,3PT Field Goal,Above the Break 3,-227.5,141.0,0,4.27,2.0
22300378,J. Carter,Boston Celtics,4,11,7,2.2,2PT Field Goal,Restricted Area,-3.4,21.8,0,5.61,3.1
22300964,J. Carter,Milwaukee Bucks,1,11,55,6.0,2PT Field Goal,In The Paint (Non-RA),53.8,26.1,0,2.73,0.5
22300226,K. Albrecht,Phoenix Suns,3,10,46,28.6,3PT Field Goal,Above the Break 3,-183.1,219.7,0,1.13,5.5
22300203,L. Fitzgerald,Denver Nuggets,2,3,45,23.3,3PT Field Goal,Above the Break 3,-149.9,177.8,0,6.14,23.4
22300945,D. Reyes,Miami Heat,2,1,55,0.7,2PT Field Goal,Restricted Area,-1.5,6.3,1,0.3,7.2
22300216,A. Kowalski,New York Knicks,1,6,0,27.0,3PT Field Goal,Above the Break 3,-103.0,249.7,1,5.49,9.0
22300692,K. Albrecht,Golden State Warriors,1,2,39,9.8,2PT Field Goal,In The Paint (Non-RA),-51.5,82.9,1,7.15,3.5
22300594,R. Delgado,Golden State Warriors,3,11,23,2.6,2PT Field Goal,Restricted Area,4.6,25.9,1,1.31,13.9
22300841,T. Nwosu,Milwaukee Bucks,1,5,53,25.3,3PT Field Goal,Above the Break 3,-203.2,151.5,0,0.3,12.0
22300792,K. Albrecht,Los Angeles Lakers,2,3,18,12.5,2PT Field Goal,In The Paint (Non-RA),-103.7,70.5,0,2.22,11.2
22300468,A. Kowalski,Milwaukee Bucks,2,7,44,12.5,2PT Field Goal,In The Paint (Non-RA),-2.3,124.8,0,4.91,16.6
22300833,L. Fitzgerald,Phoenix Suns,4,1,11,5.1,2PT Field Goal,In The Paint (Non-RA),44.6,24.8,0,1.96,3.7
22300833,L. Fitzgerald,Miami Heat,3,11,8,7.2,2PT Field Goal,In The Paint (Non-RA),-47.8,54.4,1,6.58,21.6
22300943,M. Okafor,New York Knicks,1,3,36,0.5,2PT Field Goal,Restricted Area,-3.3,4.4,1,5.68,11.3
22300038,L. Fitzgerald,New York Knicks,1,9,45,2.2,2PT Field Goal,Restricted Area,-13.6,17.9,0,1.91,20.7
22300155,D. Reyes,Denver Nuggets,3,0,3,26.3,3PT Field Goal,Above the Break 3,-219.3,145.0,0,5.97,21.8
22300233,M. Okafor,Los Angeles Lakers,4,2,0,17.2,2PT Field Goal,Mid-Range,-140.4,99.4,0,0.86,18.1
22300037,S. Whitfield,Miami Heat,1,3,12,16.2,2PT Field Goal,Mid-Range,-67.7,147.7,1,3.14,0.5
22300699,B. Osei,New York Knicks,3,11,40,23.5,3PT Field Goal,Above the Break 3,-114.2,205.0,0,4.72,21.5
22300437,D. Reyes,Milwaukee Bucks,1,4,29,2.1,2PT Field Goal,Restricted Area,4.3,20.4,1,7.27,19.6
22300780,D. Reyes,Denver Nuggets,3,4,42,1.3,2PT Field Goal,Restricted Area,-9.7,9.4,1,6.03,19.9
22300901,A. Kowalski,Miami Heat,1,0,27,1.1,2PT Field Goal,Restricted Area,8.8,6.0,1,7.67,4.7
22300438,T. Nwosu,Miami Heat,4,11,15,1.2,2PT Field Goal,Restricted Area,2.0,12.1,1,0.83,21.5
22300015,L. Fitzgerald,Miami Heat,4,9,32,25.6,3PT Field Goal,Above the Break 3,168.7,192.1,1,11.64,9.6
22300095,D. Reyes,Miami Heat,1,2,53,4.0,2PT Field Goal,In The Paint (Non-RA),-31.0,25.3,1,2.15,3.0
22300027,A. Kowalski,Los Angeles Lakers,2,8,51,1.7,2PT Field Goal,Restricted Area,11.8,12.6,1,4.84,6.4
22300867,T. Nwosu,Boston Celtics,4,11,52,17.3,2PT Field Goal,Mid-Range,-37.6,168.9,0,7.82,8.8
22300940,S. Whitfield,New York Knicks,4,6,21,1.8,2PT Field Goal,Restricted Area,-7.0,16.5,1,5.39,20.1
22300323,B. Osei,New York Knicks,2,11,22,3.1,2PT Field Goal,Restricted Area,24.6,19.6,1,6.99,0.4
22300181,S. Whitfield,Golden State Warriors,3,3,12,16.9,2PT Field Goal,Mid-Range,-23.9,167.2,1,1.35,6.6
22300628,M. Okafor,Phoenix Suns,1,1,56,25.8,3PT Field Goal,Above the Break 3,-121.4,227.4,1,1.58,6.1
22300446,L. Fitzgerald,Golden State Warriors,4,7,39,2.5,2PT Field Goal,Restricted Area,-5.9,24.5,0,3.16,22.9
22300111,B. Osei,New York Knicks,2,9,43,18.0,2PT Field Goal,Mid-Range,38.3,175.8,0,2.88,6.2
22300284,S. Whitfield,Los Angeles Lakers,4,0,38,3.3,2PT Field Goal,Restricted Area,-18.7,26.7,1,4.45,14.4
22300124,L. Fitzgerald,Los Angeles Lakers,2,1,6,11.2,2PT Field Goal,In The Paint (Non-RA),0.7,111.7,1,3.44,15.2
22300187,S. Whitfield,Milwaukee Bucks,1,9,7,16.0,2PT Field Goal,Mid-Range,-63.5,146.9,0,1.49,10.8
22300990,K. Albrecht,Golden State Warriors,3,1,20,0.6,2PT Field Goal,Restricted Area,-4.7,3.9,0,4.71,23.6
22300619,K. Albrecht,Miami Heat,2,4,24,0.8,2PT Field Goal,Restricted Area,-6.9,3.4,0,0.93,16.5
22300113,L. Fitzgerald,Miami Heat,2,6,59,17.1,2PT Field Goal,Mid-Range,118.9,123.2,0,2.57,2.8
22300570,K. Albrecht,Phoenix Suns,4,0,57,15.8,2PT Field Goal,Mid-Range,127.6,92.4,1,4.93,18.6
22300568,M. Okafor,Golden State Warriors,2,7,23,4.0,2PT Field Goal,In The Paint (Non-RA),-19.6,34.9,0,2.1,17.4
22300641,T. Nwosu,Denver Nuggets,3,4,1,28.0,3PT Field Goal,Above the Break 3,163.8,226.6,0,4.14,4.7
22300396,D. Reyes,Milwaukee Bucks,2,1,45,2.0,2PT Field Goal,Restricted Area,-4.3,19.4,1,5.71,8.4
22300336,L. Fitzgerald,Phoenix Suns,1,8,28,29.0,3PT Field Goal,Above the Break 3,-100.7,272.0,1,7.64,23.4
22300557,J. Carter,New York Knicks,2,2,21,1.7,2PT Field Goal,Restricted Area,-8.2,14.8,1,6.98,2.8
22300023,B. Osei,Golden State Warriors,1,1,30,2.2,2PT Field Goal,Restricted Area,-8.7,20.4,1,6.25,12.3
22300978,A. Kowalski,Milwaukee Bucks,3,5,31,3.2,2PT Field Goal,Restricted Area,-10.8,29.9,0,5.34,6.8
22300171,A. Kowalski,Boston Celtics,1,9,56,26.1,3PT Field Goal,Above the Break 3,-205.1,160.7,1,1.27,23.8
22300595,B. Osei,Golden State Warriors,2,1,40,0.7,2PT Field Goal,Restricted Area,4.5,4.7,0,2.2,18.5
22300941,T. Nwosu,Boston Celtics,2,4,18,17.4,2PT Field Goal,Mid-Range,-31.1,170.8,0,2.16,4.5
22300590,L. Fitzgerald,Boston Celtics,4,10,59,24.9,3PT Field Goal,Above the Break 3,-165.8,185.6,0,2.92,12.8
22300156,M. Okafor,Boston Celtics,4,0,35,29.0,3PT Field Goal,Above the Break 3,-60.1,283.7,0,3.87,22.4
22300931,J. Carter,Phoenix Suns,1,3,37,2.4,2PT Field Goal,Restricted Area,-1.3,23.6,1,1.96,11.5
22300298,L. Fitzgerald,Miami Heat,1,0,43,19.7,2PT Field Goal,Mid-Range,109.9,163.1,0,3.17,4.4
22300385,S. Whitfield,Miami Heat,3,6,27,14.2,2PT Field Goal,Mid-Range,-102.4,99.0,1,6.77,19.9
22300838,L. Fitzgerald,Phoenix Suns,2,8,22,25.3,3PT Field Goal,Above the Break 3,-0.3,253.3,0,3.16,15.5
22300077,R. Delgado,Phoenix Suns,2,7,9,2.0,2PT Field Goal,Restricted Area,11.7,16.2,1,0.3,3.2
22300551,K. Albrecht,Boston Celtics,2,9,3,2.8,2PT Field Goal,Restricted Area,19.1,20.7,1,3.52,10.3
22300844,T. Nwosu,Milwaukee Bucks,4,5,34,2.2,2PT Field Goal,Restricted Area,-16.5,15.1,0,3.84,20.0
22300685,D. Reyes,Los Angeles Lakers,2,3,56,1.4,2PT Field Goal,Restricted Area,-4.5,13.4,0,3.34,12.7
22300056,S. Whitfield,Golden State Warriors,4,1,53,22.0,2PT Field Goal,Mid-Range,101.6,195.0,0,9.15,23.2
22300310,A. Kowalski,Golden State Warriors,1,3,30,1.0,2PT Field Goal,Restricted Area,-3.8,9.5,1,6.34,20.5
22300843,M. Okafor,Milwaukee Bucks,4,5,3,0.2,2PT Field Goal,Restricted Area,0.7,1.9,0,8.12,7.6
22300556,B. Osei,Denver Nuggets,4,3,54,3.2,2PT Field Goal,Restricted Area,-16.9,26.7,1,2.75,15.7
22300396,T. Nwosu,Denver Nuggets,4,3,57,0.3,2PT Field Goal,Restricted Area,-1.3,3.0,1,5.94,4.3
22300960,M. Okafor,Golden State Warriors,1,7,27,1.6,2PT Field Goal,Restricted Area,-13.2,8.3,1,4.75,7.3
22300973,A. Kowalski,Los Angeles Lakers,4,3,42,25.4,3PT Field Goal,Above the Break 3,84.6,239.7,0,3.97,8.4
22300213,R. Delgado,Miami Heat,1,2,22,9.9,2PT Field Goal,In The Paint (Non-RA),-46.6,87.4,1,2.23,21.9
22300647,M. Okafor,Los Angeles Lakers,2,2,58,4.0,2PT Field Goal,Restricted Area,-32.9,22.0,1,4.67,1.9
22300183,K. Albrecht,Milwaukee Bucks,4,2,23,25.7,3PT Field Goal,Above the Break 3,-137.4,217.1,0,0.3,17.4
22300400,D. Reyes,Milwaukee Bucks,2,7,8,1.5,2PT Field Goal,Restricted Area,-10.7,11.2,1,6.39,10.9
22300600,R. Delgado,Los Angeles Lakers,2,3,8,2.7,2PT Field Goal,Restricted Area,-8.1,26.2,0,10.63,0.9
22300820,J. Carter,Milwaukee Bucks,2,4,53,26.3,3PT Field Goal,Above the Break 3,231.9,124.3,1,7.62,16.8
22300786,S. Whitfield,Phoenix Suns,1,1,15,26.7,3PT Field Goal,Above the Break 3,224.1,145.7,0,0.3,1.7
22300986,J. Carter,Golden State Warriors,2,11,24,15.2,2PT Field Goal,Mid-Range,109.3,105.5,1,4.61,19.4
22300076,A. Kowalski,Phoenix Suns,3,0,10,1.8,2PT Field Goal,Restricted Area,11.7,13.5,0,2.41,11.5
22300080,B. Osei,Golden State Warriors,4,5,57,2.8,2PT Field Goal,Restricted Area,23.3,16.2,1,2.73,5.6
22300021,B. Osei,Golden State Warriors,3,6,59,2.1,2PT Field Goal,Restricted Area,-14.6,14.6,0,3.53,18.1
22300499,M. Okafor,Phoenix Suns,3,4,11,1.4,2PT Field Goal,Restricted Area,-0.1,14.4,1,6.88,8.7
22300591,S. Whitfield,Milwaukee Bucks,4,7,19,3.6,2PT Field Goal,Restricted Area,22.5,28.0,1,5.85,9.0
22300386,K. Albrecht,Phoenix Suns,1,0,34,1.7,2PT Field Goal,Restricted Area,14.9,8.7,0,2.2,12.9
22300732,J. Carter,New York Knicks,1,1,40,20.3,2PT Field Goal,Mid-Range,52.9,196.4,1,5.45,5.6
22300004,K. Albrecht,Miami Heat,2,10,6,0.5,2PT Field Goal,Restricted Area,-3.7,3.1,0,4.51,8.2
22300565,L. Fitzgerald,Denver Nuggets,1,9,42,1.7,2PT Field Goal,Restricted Area,-5.8,15.4,1,8.88,23.2
22300796,T. Nwosu,Milwaukee Bucks,2,0,19,24.5,3PT Field Goal,Above the Break 3,-165.4,181.2,0,0.74,5.5
22300819,K. Albrecht,Los Angeles Lakers,4,7,47,2.7,2PT Field Goal,Restricted Area,15.7,21.4,1,3.88,12.6
22300799,T. Nwosu,Milwaukee Bucks,1,4,42,0.7,2PT Field Goal,Restricted Area,4.9,5.6,1,1.95,16.8
22300533,T. Nwosu,Golden State Warriors,3,4,38,2.9,2PT Field Goal,Restricted Area,-7.2,28.5,1,4.07,3.7
22300506,L. Fitzgerald,Denver Nuggets,2,7,8,25.3,3PT Field Goal,Above the Break 3,-234.7,95.3,0,0.3,8.1
22300879,B. Osei,Milwaukee Bucks,3,8,0,16.3,2PT Field Goal,Mid-Range,137.6,87.4,0,1.99,9.1
22300517,K. Albrecht,Milwaukee Bucks,1,0,25,14.6,2PT Field Goal,Mid-Range,114.3,90.4,1,3.89,10.8
22300166,J. Carter,Miami Heat,2,11,7,20.3,2PT Field Goal,Mid-Range,173.0,106.4,1,2.75,9.7
22300241,K. Albrecht,Los Angeles Lakers,2,3,23,2.9,2PT Field Goal,Restricted Area,16.1,24.3,1,2.09,12.3
22300454,R. Delgado,Denver Nuggets,4,8,37,4.0,2PT Field Goal,In The Paint (Non-RA),36.7,15.9,0,3.85,1.0
22300303,D. Reyes,Phoenix Suns,2,9,21,18.5,2PT Field Goal,Mid-Range,-95.0,159.0,0,2.83,21.9
22300226,J. Carter,Golden State Warriors,3,7,20,28.7,3PT Field Goal,Above the Break 3,-222.8,181.5,1,1.98,5.1
22300394,R. Delgado,Golden State Warriors,1,10,39,28.3,3PT Field Goal,Above the Break 3,200.9,198.8,0,3.56,4.9
22300041,K. Albrecht,Miami Heat,2,8,59,16.1,2PT Field Goal,Mid-Range,109.3,118.3,0,4.19,21.7
22300848,D. Reyes,Los Angeles Lakers,1,3,42,7.9,2PT Field Goal,In The Paint (Non-RA),-41.4,66.9,1,4.89,15.3
22300993,B. Osei,Milwaukee Bucks,1,0,39,1.3,2PT Field Goal,Restricted Area,3.0,12.5,1,0.3,1.5
22300014,A. Kowalski,Los Angeles Lakers,3,1,2,26.3,3PT Field Goal,Above the Break 3,-216.3,149.3,0,3.18,6.3
22300709,K. Albrecht,Los Angeles Lakers,4,6,48,2.8,2PT Field Goal,Restricted Area,-20.7,18.7,1,6.85,23.5
22300752,B. Osei,Miami Heat,1,2,50,0.2,2PT Field Goal,Restricted Area,1.8,0.9,1,0.79,12.1
22300684,M. Okafor,Miami Heat,3,1,12,17.0,2PT Field Goal,Mid-Range,131.7,108.1,1,4.42,14.6
22300926,J. Carter,Boston Celtics,3,10,42,26.0,3PT Field Goal,Above the Break 3,-181.9,185.6,0,2.99,5.3
22300360,J. Carter,Phoenix Suns,4,4,35,25.1,3PT Field Goal,Above the Break 3,89.2,234.9,0,6.63,17.5
22300265,K. Albrecht,Boston Celtics,3,4,50,12.3,2PT Field Goal,In The Paint (Non-RA),59.2,108.2,0,6.96,20.0
22300182,M. Okafor,Denver Nuggets,4,2,21,1.5,2PT Field Goal,Restricted Area,1.1,15.4,0,4.74,20.7
22300127,T. Nwosu,Milwaukee Bucks,1,6,42,2.2,2PT Field Goal,Restricted Area,0.1,21.5,1,2.96,10.0
22300904,R. Delgado,Los Angeles Lakers,4,10,12,27.3,3PT Field Goal,Above the Break 3,113.5,248.0,0,0.47,12.8
22300751,D. Reyes,New York Knicks,4,11,5,24.6,3PT Field Goal,Above the Break 3,-222.2,106.6,0,2.9,15.2
22300691,B. Osei,Miami Heat,4,8,43,2.5,2PT Field Goal,Restricted Area,22.3,11.3,1,2.18,19.5
22300520,L. Fitzgerald,Golden State Warriors,3,4,16,25.7,3PT Field Goal,Above the Break 3,66.2,248.7,1,4.21,8.3
22300476,T. Nwosu,New York Knicks,1,2,0,13.0,2PT Field Goal,In The Paint (Non-RA),-7.0,129.3,1,7.7,23.6
22300753,T. Nwosu,Phoenix Suns,3,7,44,2.0,2PT Field Goal,Restricted Area,-9.8,17.1,1,8.51,22.6
22300492,A. Kowalski,Boston Celtics,2,0,22,9.6,2PT Field Goal,In The Paint (Non-RA),-49.3,82.6,1,4.83,7.7
22300680,A. Kowalski,New York Knicks,3,4,38,1.9,2PT Field Goal,Restricted Area,5.3,18.5,0,4.42,2.6
22300641,T. Nwosu,Milwaukee Bucks,1,7,30,6.5,2PT Field Goal,In The Paint (Non-RA),-43.3,48.4,1,3.83,0.2
22300979,J. Carter,Los Angeles Lakers,4,4,25,1.3,2PT Field Goal,Restricted Area,6.1,11.8,1,4.82,7.1
22300103,M. Okafor,Miami Heat,3,6,29,24.7,3PT Field Goal,Above the Break 3,-206.0,137.1,1,3.66,20.3
22300702,T. Nwosu,Miami Heat,1,10,44,13.6,2PT Field Goal,In The Paint (Non-RA),-36.3,131.3,0,8.17,6.4
22300771,J. Carter,Miami Heat,3,10,34,24.5,3PT Field Goal,Above the Break 3,-120.6,212.8,0,2.41,2.5
22300632,T. Nwosu,Boston Celtics,1,5,39,25.6,3PT Field Goal,Above the Break 3,-236.8,97.0,0,4.4,0.1
22300458,J. Carter,Los Angeles Lakers,2,4,42,1.5,2PT Field Goal,Restricted Area,6.8,13.6,0,2.72,9.1
22300576,R. Delgado,New York Knicks,4,4,1,2.4,2PT Field Goal,Restricted Area,19.0,14.4,1,6.31,7.8
22300386,T. Nwosu,Los Angeles Lakers,4,11,53,25.5,3PT Field Goal,Above the Break 3,-67.0,246.4,1,8.29,2.6
22300415,J. Carter,Boston Celtics,3,6,37,8.8,2PT Field Goal,In The Paint (Non-RA),-50.8,71.9,0,5.67,15.6
22300001,D. Reyes,Phoenix Suns,3,10,36,2.7,2PT Field Goal,Restricted Area,9.7,24.9,1,4.6,10.2
22300964,M. Okafor,Golden State Warriors,4,9,6,2.8,2PT Field Goal,Restricted Area,-22.0,16.8,1,4.27,13.5
22300140,J. Carter,Boston Celtics,2,1,5,24.5,3PT Field Goal,Above the Break 3,181.7,164.8,0,5.48,23.7
22300608,M. Okafor,Boston Celtics,4,5,58,20.9,2PT Field Goal,Mid-Range,2.8,209.1,1,3.08,18.3
22300665,R. Delgado,Golden State Warriors,1,9,50,3.2,2PT Field Goal,Restricted Area,13.2,28.9,1,7.95,8.2
22300590,S. Whitfield,Denver Nuggets,2,4,4,7.5,2PT Field Goal,In The Paint (Non-RA),-33.1,66.9,1,8.22,14.6
22300171,B. Osei,Denver Nuggets,1,0,28,5.3,2PT Field Goal,In The Paint (Non-RA),3.4,52.6,1,6.48,4.5
22300429,S. Whitfield,Milwaukee Bucks,1,10,47,13.4,2PT Field Goal,In The Paint (Non-RA),21.0,132.6,0,6.05,19.4
22300702,L. Fitzgerald,Boston Celtics,4,4,42,25.4,3PT Field Goal,Above the Break 3,72.1,243.7,0,3.25,0.6
22300594,L. Fitzgerald,Milwaukee Bucks,2,10,27,25.6,3PT Field Goal,Above the Break 3,163.3,197.7,1,8.37,1.0
22300079,M. Okafor,Denver Nuggets,1,8,44,3.4,2PT Field Goal,Restricted Area,-5.5,33.6,1,1.01,4.7
22300861,K. Albrecht,Golden State Warriors,2,0,44,0.2,2PT Field Goal,Restricted Area,-0.3,2.0,1,2.53,22.2
22300598,K. Albrecht,Denver Nuggets,1,6,1,10.9,2PT Field Goal,In The Paint (Non-RA),-18.5,107.5,1,9.05,22.6
22300957,T. Nwosu,Milwaukee Bucks,4,1,43,24.7,3PT Field Goal,Above the Break 3,-219.5,113.7,0,3.25,10.1
22300671,K. Albrecht,Golden State Warriors,3,11,36,19.7,2PT Field Goal,Mid-Range,-59.4,187.4,0,2.33,10.2
22300578,R. Delgado,Phoenix Suns,4,1,18,24.4,3PT Field Goal,Above the Break 3,207.2,129.0,0,0.41,14.9
22300841,K. Albrecht,Boston Celtics,1,4,11,16.2,2PT Field Goal,Mid-Range,67.3,147.7,0,6.58,11.3
22300644,S. Whitfield,Golden State Warriors,4,4,44,1.4,2PT Field Goal,Restricted Area,-4.2,13.7,1,6.93,13.4
22300628,S. Whitfield,New York Knicks,1,11,47,25.3,3PT Field Goal,Above the Break 3,173.9,183.7,0,4.69,14.3
22300050,T. Nwosu,Miami Heat,4,10,16,1.8,2PT Field Goal,Restricted Area,-9.4,15.9,0,0.49,11.1
22300469,D. Reyes,Boston Celtics,2,8,58,15.9,2PT Field Goal,Mid-Range,-31.4,155.8,0,4.02,4.3
22300357,J. Carter,New York Knicks,3,3,21,1.3,2PT Field Goal,Restricted Area,-6.2,11.3,0,2.42,23.3
22300859,D. Reyes,Boston Celtics,3,1,56,4.7,2PT Field Goal,In The Paint (Non-RA),-10.2,46.0,1,6.29,9.8
22300540,B. Osei,Miami Heat,4,3,58,26.7,3PT Field Goal,Above the Break 3,-201.8,175.3,0,7.58,5.6
22300252,B. Osei,Miami Heat,2,7,16,18.5,2PT Field Goal,Mid-Range,32.0,182.5,1,5.24,5.8
22300576,B. Osei,Los Angeles Lakers,4,2,56,3.2,2PT Field Goal,Restricted Area,-24.4,21.3,1,5.21,6.6
22300824,S. Whitfield,Denver Nuggets,2,1,21,5.8,2PT Field Goal,In The Paint (Non-RA),-6.5,57.8,0,7.77,23.1
22300336,M. Okafor,Milwaukee Bucks,3,0,16,15.0,2PT Field Goal,Mid-Range,87.0,121.8,1,8.12,3.3
22300587,B. Osei,Los Angeles Lakers,4,1,35,2.9,2PT Field Goal,Restricted Area,23.4,17.0,0,1.52,10.9
22300207,A. Kowalski,Milwaukee Bucks,2,0,38,1.9,2PT Field Goal,Restricted Area,7.1,17.7,0,5.27,13.3
22300679,T. Nwosu,Milwaukee Bucks,1,5,59,2.2,2PT Field Goal,Restricted Area,-6.0,20.8,0,1.56,14.8
22300726,R. Delgado,Boston Celtics,2,6,20,15.8,2PT Field Goal,Mid-Range,-102.5,120.6,0,2.5,1.5
22300514,L. Fitzgerald,Golden State Warriors,4,11,7,13.2,2PT Field Goal,In The Paint (Non-RA),-66.0,114.8,0,6.86,11.5
22300277,D. Reyes,Golden State Warriors,3,5,53,4.8,2PT Field Goal,In The Paint (Non-RA),-24.5,40.7,1,1.71,13.0
22300127,D. Reyes,Milwaukee Bucks,4,9,24,3.5,2PT Field Goal,Restricted Area,13.3,32.2,1,3.88,0.2
22300157,L. Fitzgerald,Phoenix Suns,1,2,14,20.4,2PT Field Goal,Mid-Range,121.4,164.5,0,7.1,16.8
22300242,J. Carter,Denver Nuggets,2,1,23,1.6,2PT Field Goal,Restricted Area,-12.2,10.8,0,5.31,12.6
22300852,K. Albrecht,Boston Celtics,3,8,1,27.4,3PT Field Goal,Above the Break 3,-29.7,272.6,1,0.52,12.6
22300522,A. Kowalski,Golden State Warriors,2,11,59,25.8,3PT Field Goal,Above the Break 3,148.6,211.5,0,4.04,1.4
22300596,R. Delgado,Phoenix Suns,3,7,36,10.8,2PT Field Goal,In The Paint (Non-RA),48.7,95.9,1,3.75,22.6
22300025,A. Kowalski,Phoenix Suns,3,8,29,9.7,2PT Field Goal,In The Paint (Non-RA),-77.7,58.0,1,2.21,20.6
22300915,M. Okafor,Phoenix Suns,3,0,50,25.1,3PT Field Goal,Above the Break 3,43.7,246.8,0,8.94,7.5
22300031,S. Whitfield,Miami Heat,4,2,57,1.7,2PT Field Goal,Restricted Area,14.3,8.6,1,4.41,11.8
22300680,D. Reyes,Denver Nuggets,4,2,58,25.5,3PT Field Goal,Above the Break 3,191.2,168.4,1,4.4,15.8
22300859,B. Osei,Golden State Warriors,3,4,58,3.1,2PT Field Goal,Restricted Area,-18.0,24.9,1,6.64,15.9
22300655,B. Osei,Miami Heat,2,6,0,28.8,3PT Field Goal,Above the Break 3,208.4,198.8,0,4.66,1.4
22300389,L. Fitzgerald,Milwaukee Bucks,3,5,45,2.6,2PT Field Goal,Restricted Area,23.5,10.5,0,1.28,21.4
22300721,B. Osei,Milwaukee Bucks,3,7,54,19.8,2PT Field Goal,Mid-Range,169.8,101.8,0,4.31,12.2
22300715,K. Albrecht,Los Angeles Lakers,2,2,35,27.1,3PT Field Goal,Above the Break 3,207.9,173.7,0,5.27,17.7
22300015,D. Reyes,Phoenix Suns,2,4,2,3.7,2PT Field Goal,Restricted Area,-28.7,22.8,0,4.68,23.0
22300061,T. Nwosu,Los Angeles Lakers,2,1,14,23.9,3PT Field Goal,Above the Break 3,-36.8,236.2,1,6.72,12.2
22300411,M. Okafor,Boston Celtics,1,10,41,14.2,2PT Field Goal,Mid-Range,52.2,132.1,0,6.3,18.2
22300517,A. Kowalski,Denver Nuggets,3,10,29,2.5,2PT Field Goal,Restricted Area,18.8,15.8,1,5.5,23.9
22300566,J. Carter,Denver Nuggets,2,8,56,2.9,2PT Field Goal,Restricted Area,20.4,20.5,1,3.95,2.3
22300876,A. Kowalski,Denver Nuggets,2,1,44,1.4,2PT Field Goal,Restricted Area,-2.9,13.7,1,4.42,14.0
22300318,A. Kowalski,Denver Nuggets,2,3,20,0.9,2PT Field Goal,Restricted Area,-3.2,8.9,1,8.74,22.0
22300982,K. Albrecht,Golden State Warriors,2,5,27,17.6,2PT Field Goal,Mid-Range,80.3,156.4,1,0.58,10.0
22300125,L. Fitzgerald,Boston Celtics,1,10,6,2.0,2PT Field Goal,Restricted Area,-10.2,17.4,1,6.9,8.1
22300276,R. Delgado,Denver Nuggets,2,0,34,17.2,2PT Field Goal,Mid-Range,-32.3,168.8,0,5.36,5.4
22300707,M. Okafor,Phoenix Suns,2,3,27,25.4,3PT Field Goal,Above the Break 3,189.0,170.3,1,2.77,23.4
22300601,K. Albrecht,Boston Celtics,2,5,54,24.6,3PT Field Goal,Above the Break 3,-122.5,213.6,1,4.32,8.1
22300606,J. Carter,Boston Celtics,2,8,16,24.9,3PT Field Goal,Above the Break 3,183.3,168.6,0,5.73,1.0
22300940,D. Reyes,Golden State Warriors,1,4,26,22.6,3PT Field Goal,Above the Break 3,-196.5,112.6,0,1.16,7.7
22300351,T. Nwosu,Boston Celtics,2,10,15,0.2,2PT Field Goal,Restricted Area,-1.7,1.1,0,4.73,23.6
22300731,R. Delgado,Miami Heat,1,4,47,25.6,3PT Field Goal,Above the Break 3,-81.2,242.5,1,5.67,8.2
22300207,J. Carter,Denver Nuggets,1,7,10,2.5,2PT Field Goal,Restricted Area,10.3,22.8,0,2.33,19.0
22300394,R. Delgado,Golden State Warriors,2,9,18,23.2,3PT Field Goal,Above the Break 3,-141.8,183.7,1,4.66,15.6
22300594,M. Okafor,Denver Nuggets,1,4,24,24.5,3PT Field Goal,Above the Break 3,218.0,112.3,1,7.54,7.5
22300659,A. Kowalski,Denver Nuggets,3,0,36,19.9,2PT Field Goal,Mid-Range,45.9,193.7,1,4.81,10.7
22300098,D. Reyes,Golden State Warriors,4,7,12,17.4,2PT Field Goal,Mid-Range,-146.5,94.0,1,2.41,9.5
22300741,T. Nwosu,Golden State Warriors,3,1,27,3.1,2PT Field Goal,Restricted Area,-18.5,25.5,1,0.75,16.4
22300762,D. Reyes,Phoenix Suns,3,6,52,9.0,2PT Field Goal,In The Paint (Non-RA),67.8,59.2,0,0.35,18.4
22300894,B. Osei,Boston Celtics,3,4,50,2.1,2PT Field Goal,Restricted Area,-16.9,12.8,0,6.6,13.7
22300808,S. Whitfield,New York Knicks,3,1,9,1.8,2PT Field Goal,Restricted Area,-16.1,7.6,1,3.92,8.9
22300043,L. Fitzgerald,Milwaukee Bucks,1,5,1,3.3,2PT Field Goal,Restricted Area,-18.5,27.1,1,4.14,17.8
22300294,D. Reyes,Los Angeles Lakers,1,8,43,28.1,3PT Field Goal,Above the Break 3,-253.2,122.4,0,3.88,15.3
22300477,L. Fitzgerald,Phoenix Suns,4,10,12,27.2,3PT Field Goal,Above the Break 3,-177.2,206.9,1,2.7,0.5
22300063,M. Okafor,Denver Nuggets,1,11,45,2.0,2PT Field Goal,Restricted Area,-0.5,19.8,1,8.35,5.2
22300676,T. Nwosu,Golden State Warriors,4,2,21,3.2,2PT Field Goal,Restricted Area,22.3,22.4,0,5.94,11.3
22300773,L. Fitzgerald,Los Angeles Lakers,3,8,27,4.0,2PT Field Goal,In The Paint (Non-RA),-4.0,39.8,1,7.74,23.6
22300164,S. Whitfield,Phoenix Suns,3,8,14,2.9,2PT Field Goal,Restricted Area,3.7,28.4,0,1.64,14.2
22300989,B. Osei,Denver Nuggets,1,7,33,3.1,2PT Field Goal,Restricted Area,-24.6,19.0,1,5.73,8.9
22300502,L. Fitzgerald,Boston Celtics,2,5,21,15.8,2PT Field Goal,Mid-Range,-56.8,147.6,0,5.86,8.0
22300147,S. Whitfield,Denver Nuggets,1,4,32,10.9,2PT Field Goal,In The Paint (Non-RA),38.2,102.3,0,1.8,1.1
22300952,A. Kowalski,Milwaukee Bucks,2,3,55,7.4,2PT Field Goal,In The Paint (Non-RA),-3.2,73.6,0,2.39,12.0
22300686,B. Osei,Phoenix Suns,1,0,6,2.6,2PT Field Goal,Restricted Area,22.5,13.1,1,2.51,13.7
22300136,R. Delgado,Golden State Warriors,4,8,5,20.7,2PT Field Goal,Mid-Range,-40.0,203.4,0,6.68,16.0
22300465,K. Albrecht,Phoenix Suns,3,11,43,2.3,2PT Field Goal,Restricted Area,19.6,12.4,1,4.88,1.3
22300273,T. Nwosu,Phoenix Suns,1,10,19,10.3,2PT Field Goal,In The Paint (Non-RA),-65.2,79.3,0,2.76,7.2
22300912,K. Albrecht,Miami Heat,3,9,0,12.8,2PT Field Goal,In The Paint (Non-RA),52.4,116.4,1,5.95,6.0
22300379,D. Reyes,New York Knicks,1,1,22,24.0,3PT Field Goal,Above the Break 3,143.4,193.0,0,2.87,6.8
22300930,R. Delgado,Los Angeles Lakers,1,2,59,2.3,2PT Field Goal,Restricted Area,21.0,10.5,1,4.66,6.6
22300635,T. Nwosu,Golden State Warriors,3,9,23,23.8,3PT Field Goal,Above the Break 3,-166.9,169.1,0,4.2,13.7
22300220,T. Nwosu,Los Angeles Lakers,4,4,8,2.1,2PT Field Goal,Restricted Area,5.9,20.3,0,2.43,2.3
22300444,B. Osei,Denver Nuggets,3,6,42,24.0,3PT Field Goal,Above the Break 3,204.3,125.3,1,6.52,0.9
22300680,K. Albrecht,Phoenix Suns,4,8,27,9.7,2PT Field Goal,In The Paint (Non-RA),-0.3,97.3,1,4.49,5.6
22300773,A. Kowalski,Los Angeles Lakers,1,2,8,9.2,2PT Field Goal,In The Paint (Non-RA),84.3,38.0,0,0.3,0.2
22300635,J. Carter,Denver Nuggets,4,5,42,22.5,3PT Field Goal,Above the Break 3,184.7,128.5,0,3.95,10.3
22300030,T. Nwosu,New York Knicks,4,11,16,15.5,2PT Field Goal,Mid-Range,-72.4,137.6,1,7.77,5.1
22300488,M. Okafor,Milwaukee Bucks,4,11,45,3.3,2PT Field Goal,Restricted Area,-1.0,32.7,1,0.3,20.1
22300304,S. Whitfield,Milwaukee Bucks,3,5,31,0.2,2PT Field Goal,Restricted Area,-0.8,1.8,0,6.43,1.5
22300059,B. Osei,Milwaukee Bucks,4,11,16,23.9,3PT Field Goal,Above the Break 3,158.4,178.3,1,4.89,10.5
22300058,L. Fitzgerald,Milwaukee Bucks,2,1,3,1.7,2PT Field Goal,Restricted Area,-15.0,8.5,1,1.6,7.0
22300183,B. Osei,Los Angeles Lakers,1,6,34,2.8,2PT Field Goal,Restricted Area,12.0,25.1,1,4.32,14.3
22300278,K. Albrecht,Boston Celtics,3,5,53,25.1,3PT Field Goal,Above the Break 3,-231.4,96.4,0,1.8,18.3
22300544,M. Okafor,Miami Heat,3,4,42,1.1,2PT Field Goal,Restricted Area,-9.2,5.3,1,0.9,4.6
22300185,K. Albrecht,Milwaukee Bucks,4,4,20,1.9,2PT Field Goal,Restricted Area,11.7,15.1,1,5.24,16.0
22300485,R. Delgado,Denver Nuggets,2,11,44,1.2,2PT Field Goal,Restricted Area,-7.8,9.6,1,5.0,22.5
22300478,J. Carter,Milwaukee Bucks,4,11,29,2.5,2PT Field Goal,Restricted Area,4.2,25.0,0,0.3,23.5
22300647,L. Fitzgerald,Phoenix Suns,2,2,45,10.1,2PT Field Goal,In The Paint (Non-RA),84.0,56.4,0,3.15,16.9
22300426,A. Kowalski,Denver Nuggets,2,10,5,19.2,2PT Field Goal,Mid-Range,-133.1,138.1,1,4.43,23.4
22300401,L. Fitzgerald,Phoenix Suns,2,3,19,3.0,2PT Field Goal,Restricted Area,-7.5,29.3,0,0.8,23.3
22300498,D. Reyes,Boston Celtics,4,4,54,3.7,2PT Field Goal,Restricted Area,22.7,29.3,1,6.81,16.4
22300439,R. Delgado,Miami Heat,1,2,1,23.7,3PT Field Goal,Above the Break 3,64.2,228.5,0,2.69,16.6
22300571,T. Nwosu,Phoenix Suns,1,3,13,26.8,3PT Field Goal,Above the Break 3,78.7,256.5,1,5.26,23.1
22300709,B. Osei,Phoenix Suns,1,4,28,16.3,2PT Field Goal,Mid-Range,-108.6,121.0,0,5.83,15.4
22300622,S. Whitfield,Milwaukee Bucks,4,11,21,2.6,2PT Field Goal,Restricted Area,1.5,26.0,0,2.23,9.4
22300033,M. Okafor,Phoenix Suns,2,0,2,19.0,2PT Field Goal,Mid-Range,136.7,131.3,0,5.14,11.6
22300890,R. Delgado,Phoenix Suns,3,11,50,15.4,2PT Field Goal,Mid-Range,9.5,153.5,1,4.63,1.8
22300216,J. Carter,Denver Nuggets,2,0,34,5.9,2PT Field Goal,In The Paint (Non-RA),19.1,55.4,1,5.28,15.2
22300478,J. Carter,Golden State Warriors,4,11,11,25.4,3PT Field Goal,Above the Break 3,115.5,226.7,1,3.38,4.6
22300787,S. Whitfield,Milwaukee Bucks,2,7,7,7.3,2PT Field Goal,In The Paint (Non-RA),-23.0,69.7,1,6.56,2.6
22300857,D. Reyes,Denver Nuggets,2,6,42,11.2,2PT Field Goal,In The Paint (Non-RA),4.3,111.5,0,5.98,19.1
22300988,J. Carter,New York Knicks,4,8,6,1.2,2PT Field Goal,Restricted Area,-4.0,11.4,0,7.85,8.9
22300974,S. Whitfield,Miami Heat,4,4,24,21.0,2PT Field Goal,Mid-Range,-106.5,181.1,1,6.78,13.7
22300862,L. Fitzgerald,Milwaukee Bucks,2,1,40,24.6,3PT Field Goal,Above the Break 3,-208.3,131.3,1,1.3,17.9
22300345,B. Osei,Miami Heat,3,8,19,28.5,3PT Field Goal,Above the Break 3,226.7,173.1,1,3.08,16.9
22300965,T. Nwosu,Denver Nuggets,2,5,42,2.3,2PT Field Goal,Restricted Area,-8.4,21.6,0,5.34,17.8
22300901,J. Carter,Miami Heat,1,11,43,26.7,3PT Field Goal,Above the Break 3,128.9,234.3,1,6.62,5.9
22300902,R. Delgado,Boston Celtics,2,8,22,25.7,3PT Field Goal,Above the Break 3,-164.8,196.6,1,2.79,13.0
22300437,M. Okafor,Miami Heat,3,7,33,9.7,2PT Field Goal,In The Paint (Non-RA),21.9,94.3,1,4.39,13.8
22300001,M. Okafor,Denver Nuggets,2,4,53,5.2,2PT Field Goal,In The Paint (Non-RA),28.2,43.5,0,5.06,1.5
22300864,M. Okafor,New York Knicks,1,5,58,28.7,3PT Field Goal,Above the Break 3,129.6,256.0,1,4.12,16.9
22300037,J. Carter,Phoenix Suns,2,6,41,2.7,2PT Field Goal,Restricted Area,-1.5,26.8,1,6.64,11.9
22300668,J. Carter,Denver Nuggets,3,8,1,17.0,2PT Field Goal,Mid-Range,155.3,68.1,0,2.12,1.5
22300091,J. Carter,Miami Heat,2,9,30,27.8,3PT Field Goal,Above the Break 3,-204.1,188.5,0,5.51,12.1
22300587,K. Albrecht,Milwaukee Bucks,2,9,32,12.7,2PT Field Goal,In The Paint (Non-RA),69.2,106.3,0,2.57,7.0
22300007,B. Osei,Milwaukee Bucks,2,6,17,24.3,3PT Field Goal,Above the Break 3,-190.4,151.4,1,5.33,16.7
22300796,D. Reyes,Denver Nuggets,2,7,24,8.1,2PT Field Goal,In The Paint (Non-RA),0.3,81.1,1,2.27,20.9
22300238,A. Kowalski,Los Angeles Lakers,3,4,13,6.5,2PT Field Goal,In The Paint (Non-RA),-59.6,25.1,0,3.72,13.5
22300717,K. Albrecht,New York Knicks,3,9,2,3.7,2PT Field Goal,Restricted Area,-31.5,18.5,1,6.46,11.3
22300498,K. Albrecht,Milwaukee Bucks,2,3,53,26.1,3PT Field Goal,Above the Break 3,212.5,151.3,0,2.2,21.2
22300301,A. Kowalski,Milwaukee Bucks,2,5,0,0.2,2PT Field Goal,Restricted Area,1.1,1.7,1,4.53,14.3
22300025,L. Fitzgerald,Boston Celtics,4,4,23,19.4,2PT Field Goal,Mid-Range,-173.0,88.8,1,5.81,7.9
22300956,B. Osei,New York Knicks,2,9,19,5.5,2PT Field Goal,In The Paint (Non-RA),-45.9,30.3,1,4.11,14.6
22300496,S. Whitfield,Milwaukee Bucks,1,9,0,24.8,3PT Field Goal,Above the Break 3,-199.4,147.2,1,3.75,17.7
22300697,D. Reyes,New York Knicks,2,4,23,23.1,3PT Field Goal,Above the Break 3,167.5,158.6,0,4.38,9.7
22300118,M. Okafor,Los Angeles Lakers,3,3,32,2.5,2PT Field Goal,Restricted Area,-1.3,24.5,0,2.36,20.4
22300869,T. Nwosu,Golden State Warriors,2,6,54,28.8,3PT Field Goal,Above the Break 3,205.0,202.1,0,6.07,8.0
22300696,D. Reyes,Milwaukee Bucks,4,0,4,20.0,2PT Field Goal,Mid-Range,47.9,194.2,0,6.0,17.7
22300289,K. Albrecht,Los Angeles Lakers,4,1,20,0.2,2PT Field Goal,Restricted Area,1.2,1.6,1,8.28,22.6
22300194,R. Delgado,Golden State Warriors,4,11,50,13.2,2PT Field Goal,In The Paint (Non-RA),-101.8,84.8,1,5.0,4.3
22300423,D. Reyes,Milwaukee Bucks,3,9,52,2.9,2PT Field Goal,Restricted Area,14.3,24.7,1,6.82,18.9
22300466,S. Whitfield,Golden State Warriors,4,8,13,17.7,2PT Field Goal,Mid-Range,-82.6,157.0,0,3.24,10.6
22300309,K. Albrecht,Boston Celtics,3,9,0,2.5,2PT Field Goal,Restricted Area,8.1,24.1,0,5.45,6.0
22300710,A. Kowalski,Miami Heat,3,10,8,2.6,2PT Field Goal,Restricted Area,-19.1,17.7,0,2.3,21.7
22300441,R. Delgado,Golden State Warriors,2,2,27,3.0,2PT Field Goal,Restricted Area,-12.0,28.0,1,4.91,5.1
22300313,J. Carter,Boston Celtics,3,2,39,18.3,2PT Field Goal,Mid-Range,120.0,138.3,0,3.65,18.2
22300472,S. Whitfield,Golden State Warriors,3,1,17,28.1,3PT Field Goal,Above the Break 3,-237.7,150.0,0,6.52,2.0
22300586,D. Reyes,Boston Celtics,3,6,9,23.4,3PT Field Goal,Above the Break 3,-170.8,159.2,1,0.3,16.5
22300256,L. Fitzgerald,New York Knicks,3,3,17,2.5,2PT Field Goal,Restricted Area,-12.0,21.6,1,3.99,17.8
22300046,D. Reyes,New York Knicks,3,7,40,15.0,2PT Field Goal,Mid-Range,-94.9,115.5,0,3.69,21.3
22300140,A. Kowalski,Golden State Warriors,3,9,7,1.3,2PT Field Goal,Restricted Area,9.1,9.1,0,5.86,23.6
22300282,B. Osei,New York Knicks,1,9,44,2.4,2PT Field Goal,Restricted Area,19.0,15.2,0,2.76,4.1
22300588,L. Fitzgerald,Miami Heat,3,11,39,26.4,3PT Field Goal,Above the Break 3,185.8,187.2,0,3.41,17.6
22300882,A. Kowalski,Miami Heat,3,8,31,3.4,2PT Field Goal,Restricted Area,-5.1,33.7,0,7.2,5.7
22300844,J. Carter,Golden State Warriors,3,10,50,22.7,3PT Field Goal,Above the Break 3,70.1,216.1,0,2.96,2.2
22300646,T. Nwosu,Denver Nuggets,4,6,20,18.3,2PT Field Goal,Mid-Range,30.7,180.7,1,3.49,17.9
22300344,R. Delgado,Miami Heat,3,7,39,1.9,2PT Field Goal,Restricted Area,6.3,17.9,0,6.93,11.9
22300950,A. Kowalski,Boston Celtics,1,9,28,27.4,3PT Field Goal,Above the Break 3,73.5,263.7,0,0.3,18.9
22300010,L. Fitzgerald,Boston Celtics,2,10,18,2.1,2PT Field Goal,Restricted Area,17.4,11.1,1,5.27,21.2
22300733,J. Carter,Golden State Warriors,4,10,42,25.4,3PT Field Goal,Above the Break 3,88.6,238.5,0,5.13,1.8
22300740,K. Albrecht,New York Knicks,4,11,28,0.6,2PT Field Goal,Restricted Area,-5.8,2.8,1,4.95,14.6
22300048,L. Fitzgerald,New York Knicks,2,0,26,3.4,2PT Field Goal,Restricted Area,18.9,27.8,1,0.36,11.7
22300825,S. Whitfield,Milwaukee Bucks,2,10,22,25.0,3PT Field Goal,Above the Break 3,33.6,248.1,0,1.18,9.0
22300634,B. Osei,Phoenix Suns,3,1,10,11.3,2PT Field Goal,In The Paint (Non-RA),71.1,87.9,0,2.5,8.2
22300166,L. Fitzgerald,Milwaukee Bucks,4,0,51,1.5,2PT Field Goal,Restricted Area,-5.5,13.5,0,2.44,2.1
22300323,B. Osei,Golden State Warriors,4,7,41,7.1,2PT Field Goal,In The Paint (Non-RA),-45.4,54.6,0,5.87,2.4
22300694,J. Carter,New York Knicks,1,6,18,1.2,2PT Field Goal,Restricted Area,0.2,11.8,1,3.37,4.8
22300936,A. Kowalski,Denver Nuggets,2,2,11,18.3,2PT Field Goal,Mid-Range,-110.2,145.6,1,7.55,5.4
22300710,S. Whitfield,Denver Nuggets,4,2,3,27.7,3PT Field Goal,Above the Break 3,58.3,270.7,0,4.31,7.8
22300448,R. Delgado,Milwaukee Bucks,2,10,20,25.5,3PT Field Goal,Above the Break 3,26.7,254.1,0,5.74,4.4
22300177,J. Carter,Milwaukee Bucks,4,1,19,1.5,2PT Field Goal,Restricted Area,6.6,13.7,1,2.88,6.0
22300754,M. Okafor,Phoenix Suns,1,4,49,21.2,2PT Field Goal,Mid-Range,-191.2,90.7,1,3.03,20.4
22300177,R. Delgado,Phoenix Suns,1,9,20,25.1,3PT Field Goal,Above the Break 3,158.2,194.7,0,5.34,15.3
22300394,L. Fitzgerald,Los Angeles Lakers,1,7,43,5.9,2PT Field Goal,In The Paint (Non-RA),-46.4,36.9,0,6.33,12.2
22300537,T. Nwosu,Phoenix Suns,2,5,8,27.1,3PT Field Goal,Above the Break 3,-16.0,270.5,0,2.89,13.6
22300627,S. Whitfield,Miami Heat,2,2,39,1.0,2PT Field Goal,Restricted Area,-2.0,10.2,1,7.25,10.7
22300972,J. Carter,Los Angeles Lakers,1,3,51,25.0,3PT Field Goal,Above the Break 3,227.3,104.4,0,3.83,17.1
22300644,D. Reyes,Miami Heat,3,2,17,16.8,2PT Field Goal,Mid-Range,109.0,128.1,0,7.88,21.4
22300279,M. Okafor,Los Angeles Lakers,1,11,13,27.0,3PT Field Goal,Above the Break 3,224.6,150.5,0,1.61,4.2
22300688,K. Albrecht,Milwaukee Bucks,2,2,30,25.5,3PT Field Goal,Above the Break 3,-133.8,217.5,1,3.59,18.1
22300093,B. Osei,Phoenix Suns,3,3,58,27.0,3PT Field Goal,Above the Break 3,0.8,269.5,0,5.82,15.2
22300580,L. Fitzgerald,Denver Nuggets,1,4,7,1.7,2PT Field Goal,Restricted Area,13.5,11.0,1,4.21,13.3
22300634,B. Osei,Boston Celtics,4,4,32,26.6,3PT Field Goal,Above the Break 3,199.4,176.3,0,3.08,0.2
22300377,K. Albrecht,Denver Nuggets,4,4,13,3.5,2PT Field Goal,Restricted Area,7.6,34.1,1,5.82,4.8
22300650,S. Whitfield,Golden State Warriors,3,11,3,2.9,2PT Field Goal,Restricted Area,0.2,29.4,1,6.49,10.6
22300651,A. Kowalski,New York Knicks,1,3,53,3.7,2PT Field Goal,Restricted Area,-20.3,30.5,0,3.47,22.2
22300318,S. Whitfield,Denver Nuggets,1,9,4,15.2,2PT Field Goal,Mid-Range,10.4,151.9,1,6.09,14.0
22300232,K. Albrecht,Los Angeles Lakers,1,8,16,17.2,2PT Field Goal,Mid-Range,131.5,111.5,0,3.41,17.5
22300427,S. Whitfield,Phoenix Suns,4,0,0,26.9,3PT Field Goal,Above the Break 3,133.8,233.3,1,2.6,14.9
22300663,B. Osei,Miami Heat,2,7,48,3.7,2PT Field Goal,Restricted Area,25.8,27.0,1,7.25,17.8
22300951,S. Whitfield,Miami Heat,3,11,46,1.0,2PT Field Goal,Restricted Area,2.5,9.7,1,3.11,9.5
22300965,A. Kowalski,Denver Nuggets,1,3,0,2.6,2PT Field Goal,Restricted Area,-21.1,14.9,1,3.27,17.7
22300080,K. Albrecht,Miami Heat,2,5,1,23.8,3PT Field Goal,Above the Break 3,-161.2,175.2,1,6.08,4.4
22300956,S. Whitfield,Phoenix Suns,3,0,13,20.3,2PT Field Goal,Mid-Range,-37.8,199.3,0,2.17,7.9
22300270,L. Fitzgerald,Phoenix Suns,2,6,31,12.5,2PT Field Goal,In The Paint (Non-RA),99.8,75.5,0,2.26,2.5
22300494,T. Nwosu,Boston Celtics,4,2,52,28.8,3PT Field Goal,Above the Break 3,-15.6,287.3,0,3.78,0.4
22300148,K. Albrecht,New York Knicks,2,2,51,14.1,2PT Field Goal,Mid-Range,121.4,71.5,0,4.57,23.7
22300806,B. Osei,Miami Heat,4,11,0,3.7,2PT Field Goal,Restricted Area,-2.0,37.4,0,6.45,18.6
22300171,T. Nwosu,Miami Heat,2,3,54,4.0,2PT Field Goal,In The Paint (Non-RA),21.0,34.1,0,3.95,15.0
22300658,J. Carter,Phoenix Suns,4,2,17,5.5,2PT Field Goal,In The Paint (Non-RA),24.1,49.1,1,2.91,3.3
22300302,B. Osei,Milwaukee Bucks,4,7,54,25.3,3PT Field Goal,Above the Break 3,-231.4,101.3,0,1.49,9.6
22300096,D. Reyes,Boston Celtics,2,11,1,14.3,2PT Field Goal,Mid-Range,-22.4,141.1,0,3.64,11.9
22300725,K. Albrecht,Golden State Warriors,4,0,34,0.4,2PT Field Goal,Restricted Area,0.7,4.0,0,3.33,7.2
22300400,B. Osei,Golden State Warriors,4,8,54,9.2,2PT Field Goal,In The Paint (Non-RA),84.0,37.9,1,6.84,6.6
22300859,J. Carter,Phoenix Suns,2,11,32,10.7,2PT Field Goal,In The Paint (Non-RA),72.9,78.1,0,0.76,10.9
22300811,K. Albrecht,New York Knicks,2,0,2,22.0,2PT Field Goal,Mid-Range,-128.0,178.8,0,0.38,23.0
22300818,J. Carter,Miami Heat,4,0,53,18.4,2PT Field Goal,Mid-Range,-86.2,163.1,1,0.3,22.9
22300609,J. Carter,Denver Nuggets,2,1,53,28.6,3PT Field Goal,Above the Break 3,-8.1,285.5,0,3.82,0.6
22300912,B. Osei,Boston Celtics,3,8,14,0.4,2PT Field Goal,Restricted Area,-1.3,3.8,1,5.33,0.7
22300725,T. Nwosu,Milwaukee Bucks,1,7,54,13.4,2PT Field Goal,In The Paint (Non-RA),-42.0,127.0,1,7.97,14.1
22300364,S. Whitfield,Los Angeles Lakers,4,4,31,19.7,2PT Field Goal,Mid-Range,31.1,195.0,0,0.72,7.5
22300215,S. Whitfield,Miami Heat,3,2,10,24.5,3PT Field Goal,Above the Break 3,-215.5,116.7,1,4.7,13.4
22300854,K. Albrecht,Miami Heat,4,1,52,25.1,3PT Field Goal,Above the Break 3,-42.3,247.0,1,2.96,15.8
22300646,R. Delgado,Golden State Warriors,3,5,13,10.9,2PT Field Goal,In The Paint (Non-RA),-92.3,57.3,1,7.97,22.7
22300897,R. Delgado,Los Angeles Lakers,3,9,27,25.1,3PT Field Goal,Above the Break 3,-228.9,102.6,0,5.12,20.7
22300609,S. Whitfield,Denver Nuggets,1,0,13,5.1,2PT Field Goal,In The Paint (Non-RA),37.6,34.1,1,7.75,9.2
22300575,M. Okafor,Boston Celtics,1,0,42,27.5,3PT Field Goal,Above the Break 3,-237.8,138.7,0,4.28,7.8
22300762,L. Fitzgerald,Boston Celtics,3,1,16,2.6,2PT Field Goal,Restricted Area,9.4,23.9,0,6.74,18.2
22300102,R. Delgado,Los Angeles Lakers,4,4,13,1.6,2PT Field Goal,Restricted Area,9.9,13.2,0,5.15,13.8
22300724,D. Reyes,Los Angeles Lakers,1,7,8,24.8,3PT Field Goal,Above the Break 3,-207.6,135.6,0,2.91,0.2
22300412,D. Reyes,Golden State Warriors,1,11,51,0.9,2PT Field Goal,Restricted Area,-7.5,4.8,0,6.45,1.8
22300057,L. Fitzgerald,Boston Celtics,2,6,18,26.3,3PT Field Goal,Above the Break 3,-236.0,115.1,0,3.65,20.0
22300816,M. Okafor,Boston Celtics,1,11,59,17.7,2PT Field Goal,Mid-Range,137.8,111.5,1,0.3,9.1
22300356,A. Kowalski,Los Angeles Lakers,1,1,49,9.2,2PT Field Goal,In The Paint (Non-RA),-4.9,91.9,0,4.1,21.4
22300167,M. Okafor,Boston Celtics,2,11,19,2.5,2PT Field Goal,Restricted Area,-18.2,16.6,0,1.58,10.7
22300797,T. Nwosu,Milwaukee Bucks,4,8,36,22.8,3PT Field Goal,Above the Break 3,207.1,96.1,1,5.52,11.1
22300551,B. Osei,Boston Celtics,1,11,23,1.1,2PT Field Goal,Restricted Area,3.0,10.9,1,7.78,17.2
22300192,B. Osei,Boston Celtics,1,7,39,24.7,3PT Field Goal,Above the Break 3,195.3,151.3,1,5.01,18.4
22300907,S. Whitfield,Miami Heat,1,0,29,25.9,3PT Field Goal,Above the Break 3,-211.4,150.0,1,5.58,14.7
22300141,A. Kowalski,New York Knicks,1,11,41,0.2,2PT Field Goal,Restricted Area,0.4,2.0,1,1.57,8.3
22300229,T. Nwosu,Boston Celtics,2,3,57,2.0,2PT Field Goal,Restricted Area,11.5,16.4,0,2.55,22.8
22300058,L. Fitzgerald,Milwaukee Bucks,1,4,20,25.3,3PT Field Goal,Above the Break 3,-33.4,251.3,0,3.01,17.3
22300629,A. Kowalski,Milwaukee Bucks,4,5,55,13.1,2PT Field Goal,In The Paint (Non-RA),-1.5,131.1,1,8.74,7.2
22300838,L. Fitzgerald,New York Knicks,4,11,3,2.2,2PT Field Goal,Restricted Area,-19.0,10.6,1,3.39,6.2
22300124,A. Kowalski,Golden State Warriors,3,9,9,6.7,2PT Field Goal,In The Paint (Non-RA),-42.1,52.1,1,4.95,22.2
22300183,T. Nwosu,Milwaukee Bucks,4,0,0,2.8,2PT Field Goal,Restricted Area,-15.1,23.1,0,0.3,16.2
22300052,A. Kowalski,Miami Heat,4,8,36,4.9,2PT Field Goal,In The Paint (Non-RA),-6.7,48.3,1,3.19,7.6
22300740,T. Nwosu,New York Knicks,2,10,35,15.6,2PT Field Goal,Mid-Range,-142.1,63.5,1,4.61,12.3
22300402,D. Reyes,Golden State Warriors,4,7,7,22.5,3PT Field Goal,Above the Break 3,-186.8,125.4,0,4.01,9.7
22300524,T. Nwosu,Denver Nuggets,3,0,4,26.4,3PT Field Goal,Above the Break 3,55.5,258.1,0,3.67,21.0
22300488,T. Nwosu,Milwaukee Bucks,3,6,16,3.1,2PT Field Goal,Restricted Area,28.4,12.6,1,5.3,13.5
22300746,R. Delgado,Milwaukee Bucks,2,10,14,4.6,2PT Field Goal,In The Paint (Non-RA),-25.0,38.4,1,5.42,8.8
22300653,D. Reyes,Boston Celtics,1,5,5,12.3,2PT Field Goal,In The Paint (Non-RA),8.2,123.2,0,1.6,11.6
22300941,A. Kowalski,Milwaukee Bucks,1,10,38,23.9,3PT Field Goal,Above the Break 3,-1.9,238.7,0,1.31,23.7
22300568,M. Okafor,New York Knicks,1,6,4,2.2,2PT Field Goal,Restricted Area,13.5,17.9,1,5.57,10.7
22300893,L. Fitzgerald,Boston Celtics,3,2,23,13.3,2PT Field Goal,In The Paint (Non-RA),10.3,133.0,1,6.14,8.5
22300045,M. Okafor,Phoenix Suns,4,4,55,28.9,3PT Field Goal,Above the Break 3,7.7,288.7,0,1.25,10.6
22300720,K. Albrecht,Boston Celtics,4,4,58,8.6,2PT Field Goal,In The Paint (Non-RA),-76.3,39.9,1,5.84,23.7
22300007,K. Albrecht,New York Knicks,3,5,50,1.8,2PT Field Goal,Restricted Area,-16.1,7.2,0,1.16,3.4
22300302,L. Fitzgerald,Los Angeles Lakers,3,6,35,19.3,2PT Field Goal,Mid-Range,-25.7,191.7,0,3.94,6.3
22300067,D. Reyes,Los Angeles Lakers,1,10,4,1.3,2PT Field Goal,Restricted Area,-9.9,7.9,1,7.19,18.6
22300470,K. Albrecht,Denver Nuggets,1,2,2,25.2,3PT Field Goal,Above the Break 3,-104.6,229.3,1,0.63,5.7
22300044,K. Albrecht,Golden State Warriors,3,0,52,0.2,2PT Field Goal,Restricted Area,-1.5,1.3,1,4.3,13.4
22300137,B. Osei,Golden State Warriors,2,10,7,1.5,2PT Field Goal,Restricted Area,9.8,11.7,0,3.82,22.9
22300727,J. Carter,Los Angeles Lakers,4,9,35,3.2,2PT Field Goal,Restricted Area,-15.0,27.9,1,1.74,9.0
22300017,B. Osei,Phoenix Suns,4,2,20,29.0,3PT Field Goal,Above the Break 3,100.3,272.1,0,6.03,20.9
22300548,S. Whitfield,Denver Nuggets,4,9,42,2.8,2PT Field Goal,Restricted Area,6.0,27.1,1,2.18,9.0
22300229,A. Kowalski,New York Knicks,3,11,55,26.7,3PT Field Goal,Above the Break 3,121.6,237.5,0,2.79,12.7
22300881,D. Reyes,Phoenix Suns,4,10,56,26.3,3PT Field Goal,Above the Break 3,-135.5,225.7,1,1.81,13.9
22300616,T. Nwosu,Golden State Warriors,3,4,20,24.7,3PT Field Goal,Above the Break 3,-178.0,171.4,1,5.28,4.2
22300484,D. Reyes,Phoenix Suns,4,6,36,4.0,2PT Field Goal,In The Paint (Non-RA),30.8,25.5,1,5.56,9.4
22300465,L. Fitzgerald,Golden State Warriors,2,5,25,1.9,2PT Field Goal,Restricted Area,-0.3,18.5,1,7.37,11.0
22300324,R. Delgado,New York Knicks,3,11,54,7.1,2PT Field Goal,In The Paint (Non-RA),34.7,61.5,1,3.74,21.8
22300199,L. Fitzgerald,Golden State Warriors,2,10,20,25.3,3PT Field Goal,Above the Break 3,-33.7,251.1,1,2.42,0.3
22300030,S. Whitfield,Milwaukee Bucks,4,2,14,26.3,3PT Field Goal,Above the Break 3,-237.4,113.7,0,7.66,17.1
22300368,A. Kowalski,Denver Nuggets,3,5,28,0.2,2PT Field Goal,Restricted Area,-1.6,1.3,0,2.89,3.8
22300117,R. Delgado,Phoenix Suns,1,4,17,22.5,3PT Field Goal,Above the Break 3,-167.1,150.7,0,5.82,6.0
22300329,J. Carter,New York Knicks,4,5,42,27.3,3PT Field Goal,Above the Break 3,-244.3,120.9,0,7.94,0.5
22300920,A. Kowalski,Golden State Warriors,4,7,37,23.5,3PT Field Goal,Above the Break 3,115.3,204.8,0,6.08,4.8
22300021,R. Delgado,Denver Nuggets,4,7,38,25.1,3PT Field Goal,Above the Break 3,222.7,115.5,0,0.3,11.5
22300908,B. Osei,Los Angeles Lakers,2,4,29,22.5,3PT Field Goal,Above the Break 3,-51.2,219.1,1,1.91,2.6
22300972,D. Reyes,Boston Celtics,2,2,33,26.3,3PT Field Goal,Above the Break 3,236.6,115.4,1,2.5,1.5
22300469,S. Whitfield,Los Angeles Lakers,2,6,11,3.0,2PT Field Goal,Restricted Area,-23.7,18.0,1,6.17,2.9
22300629,K. Albrecht,Miami Heat,3,11,35,3.2,2PT Field Goal,Restricted Area,-11.3,30.1,1,2.51,2.3
22300252,D. Reyes,Golden State Warriors,3,0,50,26.8,3PT Field Goal,Above the Break 3,64.0,260.5,1,6.01,21.4
22300913,K. Albrecht,Phoenix Suns,1,0,6,0.7,2PT Field Goal,Restricted Area,2.3,6.5,0,4.76,19.5
22300314,R. Delgado,Milwaukee Bucks,1,6,7,8.0,2PT Field Goal,In The Paint (Non-RA),-71.7,34.8,0,4.64,10.9
22300805,A. Kowalski,Denver Nuggets,1,7,28,26.0,3PT Field Goal,Above the Break 3,209.7,154.2,0,4.22,13.8
22300091,B. Osei,Boston Celtics,3,1,50,15.9,2PT Field Goal,Mid-Range,146.9,61.5,0,2.55,2.5
22300754,D. Reyes,Phoenix Suns,3,1,1,17.6,2PT Field Goal,Mid-Range,-82.3,155.7,1,7.36,21.4
22300730,K. Albrecht,Golden State Warriors,4,10,24,26.1,3PT Field Goal,Above the Break 3,-121.6,230.9,1,4.54,12.6
22300477,M. Okafor,Phoenix Suns,1,3,50,0.2,2PT Field Goal,Restricted Area,0.6,1.9,1,7.67,16.0
22300678,M. Okafor,New York Knicks,2,2,19,24.9,3PT Field Goal,Above the Break 3,-47.9,244.2,1,2.19,22.8
22300368,K. Albrecht,Denver Nuggets,2,2,33,25.8,3PT Field Goal,Above the Break 3,12.8,257.7,0,0.41,20.0
22300044,R. Delgado,Los Angeles Lakers,1,10,1,2.2,2PT Field Goal,Restricted Area,16.7,14.3,1,7.43,13.6
22300150,R. Delgado,Milwaukee Bucks,1,8,32,2.8,2PT Field Goal,Restricted Area,9.5,26.8,1,1.59,20.1
22300061,S. Whitfield,Milwaukee Bucks,1,10,6,0.7,2PT Field Goal,Restricted Area,-5.8,4.6,0,4.5,17.3
22300687,J. Carter,Denver Nuggets,4,5,7,27.6,3PT Field Goal,Above the Break 3,-108.5,254.1,0,3.39,21.4
22300635,K. Albrecht,Los Angeles Lakers,4,7,23,1.6,2PT Field Goal,Restricted Area,12.5,10.6,1,3.88,21.2
22300568,A. Kowalski,Phoenix Suns,4,11,20,1.1,2PT Field Goal,Restricted Area,9.7,5.9,1,3.48,6.2
22300487,M. Okafor,Boston Celtics,4,8,36,24.8,3PT Field Goal,Above the Break 3,-109.4,222.5,0,1.74,19.5
22300414,J. Carter,Phoenix Suns,4,6,50,15.7,2PT Field Goal,Mid-Range,-132.2,84.3,1,1.5,18.0
22300969,D. Reyes,Los Angeles Lakers,1,6,48,21.3,2PT Field Goal,Mid-Range,132.0,166.7,0,4.7,1.6
22300273,K. Albrecht,Denver Nuggets,1,1,21,26.4,3PT Field Goal,Above the Break 3,-163.9,207.0,0,2.6,9.7
22300346,R. Delgado,Milwaukee Bucks,1,2,10,0.7,2PT Field Goal,Restricted Area,-4.1,5.3,1,8.13,20.5
22300038,L. Fitzgerald,Denver Nuggets,3,9,32,0.5,2PT Field Goal,Restricted Area,-1.1,5.0,1,4.39,12.7
22300093,D. Reyes,New York Knicks,2,1,47,5.8,2PT Field Goal,In The Paint (Non-RA),-48.3,31.7,0,7.39,10.5
22300170,T. Nwosu,Milwaukee Bucks,3,0,33,2.2,2PT Field Goal,Restricted Area,8.9,19.9,1,3.13,2.5
22300632,A. Kowalski,Milwaukee Bucks,1,5,53,8.4,2PT Field Goal,In The Paint (Non-RA),62.8,55.3,1,6.02,20.8
22300990,D. Reyes,Phoenix Suns,3,2,50,26.8,3PT Field Goal,Above the Break 3,-101.3,248.1,0,2.85,18.2
22300063,K. Albrecht,Denver Nuggets,4,10,25,17.1,2PT Field Goal,Mid-Range,68.5,157.2,0,2.06,6.9
22300802,A. Kowalski,Phoenix Suns,2,6,36,19.6,2PT Field Goal,Mid-Range,-149.6,125.9,0,3.65,19.0
22300135,K. Albrecht,Los Angeles Lakers,4,8,50,1.6,2PT Field Goal,Restricted Area,-5.2,15.1,1,3.74,23.5
22300511,B. Osei,Miami Heat,1,8,38,1.3,2PT Field Goal,Restricted Area,-9.2,8.6,1,10.1,23.7
22300719,A. Kowalski,New York Knicks,3,5,16,25.1,3PT Field Goal,Above the Break 3,-202.8,148.4,0,1.16,12.2
22300282,T. Nwosu,Denver Nuggets,2,1,26,0.2,2PT Field Goal,Restricted Area,-1.0,1.7,0,2.7,9.9
22300970,D. Reyes,Phoenix Suns,4,3,15,15.5,2PT Field Goal,Mid-Range,-47.6,147.0,1,5.81,11.2
22300493,B. Osei,Milwaukee Bucks,4,10,9,4.0,2PT Field Goal,In The Paint (Non-RA),-36.2,17.0,0,3.82,9.4
22300666,T. Nwosu,Golden State Warriors,2,0,52,25.9,3PT Field Goal,Above the Break 3,85.6,244.9,0,4.51,22.9
22300772,K. Albrecht,Golden State Warriors,2,3,58,0.9,2PT Field Goal,Restricted Area,3.1,8.9,0,5.95,11.0
22300329,A. Kowalski,Milwaukee Bucks,2,9,56,8.7,2PT Field Goal,In The Paint (Non-RA),-42.1,76.3,0,3.87,19.9
22300885,S. Whitfield,Miami Heat,3,4,33,18.9,2PT Field Goal,Mid-Range,-29.5,186.4,0,2.55,6.9
22300171,S. Whitfield,New York Knicks,1,11,25,25.9,3PT Field Goal,Above the Break 3,-133.4,222.2,0,1.09,22.0
22300380,K. Albrecht,Miami Heat,1,4,52,24.7,3PT Field Goal,Above the Break 3,-200.1,144.3,0,4.02,13.4
22300860,R. Delgado,Denver Nuggets,3,3,25,29.0,3PT Field Goal,Above the Break 3,255.3,137.6,0,5.42,2.1
22300384,K. Albrecht,Phoenix Suns,3,6,3,1.9,2PT Field Goal,Restricted Area,15.9,9.7,1,4.65,8.0
22300863,J. Carter,Milwaukee Bucks,3,11,25,0.7,2PT Field Goal,Restricted Area,-0.7,7.1,1,6.84,6.9
22300768,D. Reyes,Golden State Warriors,3,10,9,24.8,3PT Field Goal,Above the Break 3,170.5,179.8,0,3.23,18.2
22300657,K. Albrecht,Miami Heat,2,9,21,28.5,3PT Field Goal,Above the Break 3,5.0,285.0,0,4.81,17.8
22300806,T. Nwosu,Miami Heat,1,1,48,2.5,2PT Field Goal,Restricted Area,21.7,11.4,1,2.27,11.2
22300866,T. Nwosu,Denver Nuggets,3,3,14,27.4,3PT Field Goal,Above the Break 3,72.4,264.2,0,0.3,12.9
22300001,T. Nwosu,New York Knicks,4,11,27,0.3,2PT Field Goal,Restricted Area,2.2,1.9,1,5.49,19.0
22300034,T. Nwosu,New York Knicks,1,11,43,9.3,2PT Field Goal,In The Paint (Non-RA),13.2,92.4,1,3.1,6.9
22300112,J. Carter,Miami Heat,3,11,1,16.4,2PT Field Goal,Mid-Range,23.1,162.0,1,5.63,22.9
22300945,J. Carter,Milwaukee Bucks,1,6,16,15.0,2PT Field Goal,Mid-Range,44.3,142.8,0,2.76,14.7
22300916,M. Okafor,Miami Heat,3,11,40,22.5,3PT Field Goal,Above the Break 3,162.4,155.7,1,0.64,16.9
22300775,D. Reyes,Golden State Warriors,4,2,38,16.5,2PT Field Goal,Mid-Range,-128.9,103.5,0,2.09,22.9
22300046,S. Whitfield,Golden State Warriors,2,10,33,5.1,2PT Field Goal,In The Paint (Non-RA),24.7,44.1,0,3.48,12.2
22300321,K. Albrecht,Los Angeles Lakers,1,7,1,26.0,3PT Field Goal,Above the Break 3,126.6,226.7,1,2.59,20.1
22300370,K. Albrecht,Denver Nuggets,1,10,12,13.7,2PT Field Goal,In The Paint (Non-RA),127.3,51.8,0,3.51,10.4
22300544,L. Fitzgerald,Denver Nuggets,4,8,45,10.3,2PT Field Goal,In The Paint (Non-RA),-35.2,96.4,1,5.41,15.0
22300922,T. Nwosu,Los Angeles Lakers,1,9,54,2.1,2PT Field Goal,Restricted Area,9.2,19.2,1,4.12,14.4
22300975,L. Fitzgerald,Miami Heat,4,2,56,9.7,2PT Field Goal,In The Paint (Non-RA),-29.5,92.7,0,5.22,1.7
22300775,S. Whitfield,Miami Heat,1,6,7,1.8,2PT Field Goal,Restricted Area,4.0,17.6,1,3.8,0.3
22300937,L. Fitzgerald,Denver Nuggets,2,3,38,3.1,2PT Field Goal,Restricted Area,-28.3,12.0,0,2.59,3.5
22300958,A. Kowalski,Denver Nuggets,4,0,9,0.8,2PT Field Goal,Restricted Area,5.3,5.5,1,1.91,17.6
22300286,D. Reyes,Milwaukee Bucks,3,6,5,12.3,2PT Field Goal,In The Paint (Non-RA),-82.3,90.9,0,0.3,16.8
22300696,T. Nwosu,Boston Celtics,1,0,40,1.3,2PT Field Goal,Restricted Area,-0.4,12.7,1,5.49,4.4
22300825,D. Reyes,Miami Heat,1,9,37,27.3,3PT Field Goal,Above the Break 3,-196.2,190.2,1,6.65,23.1
22300629,R. Delgado,Phoenix Suns,1,4,47,27.0,3PT Field Goal,Above the Break 3,234.5,132.8,0,1.88,23.7
22300466,R. Delgado,Miami Heat,1,9,49,1.7,2PT Field Goal,Restricted Area,8.9,15.1,0,1.97,23.1
22300694,S. Whitfield,Denver Nuggets,1,1,28,14.5,2PT Field Goal,Mid-Range,109.9,94.8,1,2.18,1.3
22300043,D. Reyes,New York Knicks,1,9,3,24.0,3PT Field Goal,Above the Break 3,137.6,196.1,0,4.91,17.8
22300483,R. Delgado,Denver Nuggets,3,10,18,4.0,2PT Field Goal,In The Paint (Non-RA),32.4,23.4,0,4.35,1.1
22300185,M. Okafor,Boston Celtics,1,3,20,18.8,2PT Field Goal,Mid-Range,67.8,175.6,0,3.6,0.2
22300417,R. Delgado,Denver Nuggets,1,8,56,4.5,2PT Field Goal,In The Paint (Non-RA),-37.5,24.7,0,4.02,12.8
22300766,K. Albrecht,Boston Celtics,3,3,26,18.4,2PT Field Goal,Mid-Range,-157.0,96.7,0,0.34,17.6
22300879,M. Okafor,Golden State Warriors,3,3,14,26.0,3PT Field Goal,Above the Break 3,145.2,215.5,1,3.84,2.1
22300434,M. Okafor,New York Knicks,4,0,8,0.3,2PT Field Goal,Restricted Area,-1.6,2.9,1,3.7,14.5
22300885,D. Reyes,Boston Celtics,1,3,46,23.4,3PT Field Goal,Above the Break 3,114.6,204.6,0,5.23,2.4
22300407,J. Carter,New York Knicks,2,1,19,20.8,2PT Field Goal,Mid-Range,-32.0,205.8,1,2.5,8.7
22300624,A. Kowalski,Boston Celtics,1,9,50,23.7,3PT Field Goal,Above the Break 3,176.3,158.8,0,2.92,14.8
22300705,D. Reyes,Boston Celtics,2,10,54,14.2,2PT Field Goal,Mid-Range,-53.0,131.9,0,4.61,23.3
22300159,T. Nwosu,Los Angeles Lakers,4,11,39,25.1,3PT Field Goal,Above the Break 3,-207.2,141.9,0,10.23,14.7
22300116,L. Fitzgerald,Milwaukee Bucks,3,7,41,2.4,2PT Field Goal,Restricted Area,16.9,16.4,1,2.76,5.4
22300228,L. Fitzgerald,New York Knicks,1,2,26,25.9,3PT Field Goal,Above the Break 3,-117.6,230.3,1,8.77,6.1
22300671,K. Albrecht,Los Angeles Lakers,1,8,39,1.3,2PT Field Goal,Restricted Area,-3.1,12.3,1,2.03,15.8
22300542,R. Delgado,Golden State Warriors,2,2,41,9.9,2PT Field Goal,In The Paint (Non-RA),60.1,78.2,1,4.26,14.1
22300810,K. Albrecht,New York Knicks,3,5,4,17.3,2PT Field Goal,Mid-Range,-96.2,143.4,1,2.01,0.7
22300451,D. Reyes,Golden State Warriors,2,3,3,2.4,2PT Field Goal,Restricted Area,20.5,12.0,1,7.25,1.5
22300845,D. Reyes,Los Angeles Lakers,1,8,26,2.8,2PT Field Goal,Restricted Area,-24.9,12.1,1,4.44,18.4
22300582,R. Delgado,Denver Nuggets,3,1,54,28.3,3PT Field Goal,Above the Break 3,164.5,230.6,0,4.6,14.9
22300171,L. Fitzgerald,Milwaukee Bucks,2,7,23,26.2,3PT Field Goal,Above the Break 3,194.5,174.9,0,6.49,12.3
22300597,D. Reyes,Los Angeles Lakers,4,0,43,21.9,2PT Field Goal,Mid-Range,62.9,209.5,0,7.12,21.3
22300458,S. Whitfield,Phoenix Suns,4,10,45,2.2,2PT Field Goal,Restricted Area,-14.4,16.3,1,2.65,19.7
22300920,B. Osei,Denver Nuggets,3,5,1,16.8,2PT Field Goal,Mid-Range,-135.3,99.2,0,4.72,14.9
22300803,A. Kowalski,Phoenix Suns,3,8,56,2.3,2PT Field Goal,Restricted Area,13.9,18.5,1,3.03,6.7
22300770,A. Kowalski,Los Angeles Lakers,2,3,53,14.5,2PT Field Goal,Mid-Range,75.1,123.6,1,6.8,1.9
22300911,T. Nwosu,Boston Celtics,2,6,5,20.4,2PT Field Goal,Mid-Range,126.0,160.4,0,0.3,1.4
22300340,R. Delgado,Phoenix Suns,1,0,36,14.7,2PT Field Goal,Mid-Range,133.5,62.5,0,9.14,2.7
22300813,R. Delgado,Boston Celtics,2,4,10,7.7,2PT Field Goal,In The Paint (Non-RA),19.0,74.6,1,3.64,7.4
22300416,A. Kowalski,Boston Celtics,4,4,37,2.3,2PT Field Goal,Restricted Area,20.4,11.4,1,0.3,20.3
22300467,M. Okafor,Phoenix Suns,2,2,24,27.4,3PT Field Goal,Above the Break 3,250.1,111.4,1,4.8,10.3
22300671,L. Fitzgerald,Phoenix Suns,3,1,23,10.4,2PT Field Goal,In The Paint (Non-RA),21.7,101.8,0,2.25,14.3
22300792,R. Delgado,New York Knicks,2,8,6,23.4,3PT Field Goal,Above the Break 3,141.6,186.8,1,4.24,5.6
22300018,J. Carter,Denver Nuggets,1,6,45,1.3,2PT Field Goal,Restricted Area,-9.6,9.4,0,4.45,23.1
22300247,S. Whitfield,New York Knicks,3,7,14,1.8,2PT Field Goal,Restricted Area,16.4,6.7,1,6.6,6.5
22300166,M. Okafor,Denver Nuggets,2,3,57,19.7,2PT Field Goal,Mid-Range,-1.7,197.1,0,0.3,6.5
22300472,D. Reyes,New York Knicks,1,11,3,18.2,2PT Field Goal,Mid-Range,0.7,182.1,1,5.06,14.2
22300222,R. Delgado,Boston Celtics,3,2,41,23.5,3PT Field Goal,Above the Break 3,100.2,212.7,0,6.8,22.9
22300885,K. Albrecht,Denver Nuggets,3,10,18,24.7,3PT Field Goal,Above the Break 3,184.6,163.9,0,1.2,23.9
22300000,J. Carter,Phoenix Suns,1,11,38,0.2,2PT Field Goal,Restricted Area,-1.0,1.7,1,5.87,18.8
22300031,D. Reyes,Los Angeles Lakers,1,0,41,28.6,3PT Field Goal,Above the Break 3,161.2,236.1,0,6.02,0.2
22300009,L. Fitzgerald,Milwaukee Bucks,4,10,24,1.6,2PT Field Goal,Restricted Area,11.4,11.3,0,2.94,8.5
22300994,S. Whitfield,Golden State Warriors,2,5,19,21.0,2PT Field Goal,Mid-Range,-51.3,203.8,0,0.3,16.6
22300235,L. Fitzgerald,Phoenix Suns,2,8,9,1.1,2PT Field Goal,Restricted Area,-1.6,11.2,0,4.52,7.5
22300256,L. Fitzgerald,Los Angeles Lakers,1,6,50,1.7,2PT Field Goal,Restricted Area,13.6,10.6,0,3.09,14.3
22300136,T. Nwosu,Denver Nuggets,4,0,2,13.4,2PT Field Goal,In The Paint (Non-RA),-51.3,123.6,0,7.73,15.6
22300382,L. Fitzgerald,Boston Celtics,3,9,59,18.1,2PT Field Goal,Mid-Range,120.2,135.4,0,3.64,2.3
22300268,L. Fitzgerald,Los Angeles Lakers,2,4,11,19.4,2PT Field Goal,Mid-Range,155.3,116.8,0,5.78,23.2
22300271,L. Fitzgerald,Los Angeles Lakers,1,10,3,16.1,2PT Field Goal,Mid-Range,-50.9,152.3,1,4.97,14.4
22300042,D. Reyes,Miami Heat,3,1,14,21.9,2PT Field Goal,Mid-Range,-92.5,198.1,0,4.61,8.4
22300520,A. Kowalski,Milwaukee Bucks,1,3,15,4.7,2PT Field Goal,In The Paint (Non-RA),-31.8,34.6,0,1.34,1.5
22300586,D. Reyes,Boston Celtics,1,7,59,15.7,2PT Field Goal,Mid-Range,-101.9,119.0,1,2.52,11.3
22300848,M. Okafor,Golden State Warriors,4,6,0,2.9,2PT Field Goal,Restricted Area,21.6,18.7,0,4.41,3.4
22300905,T. Nwosu,Golden State Warriors,1,11,7,20.7,2PT Field Goal,Mid-Range,-103.5,179.2,0,3.99,17.4
22300816,A. Kowalski,Phoenix Suns,1,6,16,5.7,2PT Field Goal,In The Paint (Non-RA),-29.8,49.0,1,3.93,13.9
22300900,K. Albrecht,Phoenix Suns,2,6,51,19.5,2PT Field Goal,Mid-Range,68.3,182.2,0,5.93,10.1
22300768,S. Whitfield,Denver Nuggets,1,1,43,2.4,2PT Field Goal,Restricted Area,-12.0,21.3,1,4.28,5.8
22300352,L. Fitzgerald,Boston Celtics,3,3,53,7.5,2PT Field Goal,In The Paint (Non-RA),-37.1,65.3,0,5.81,14.5
22300172,R. Delgado,New York Knicks,3,6,51,2.6,2PT Field Goal,Restricted Area,21.8,13.3,1,4.38,22.3
22300240,M. Okafor,Milwaukee Bucks,4,1,36,9.3,2PT Field Goal,In The Paint (Non-RA),85.7,37.1,1,5.03,22.5
22300524,S. Whitfield,Milwaukee Bucks,2,0,37,3.3,2PT Field Goal,Restricted Area,19.2,26.6,0,2.98,0.5
22300980,A. Kowalski,Milwaukee Bucks,3,9,0,17.9,2PT Field Goal,Mid-Range,111.7,139.2,0,0.75,12.9
22300440,J. Carter,Denver Nuggets,4,8,9,23.2,3PT Field Goal,Above the Break 3,-68.6,221.6,0,6.11,13.9
22300808,K. Albrecht,Los Angeles Lakers,3,11,21,0.2,2PT Field Goal,Restricted Area,-0.7,1.9,1,6.15,22.0
22300463,M. Okafor,Phoenix Suns,1,7,12,2.5,2PT Field Goal,Restricted Area,17.2,18.2,1,5.65,0.2
22300250,L. Fitzgerald,Denver Nuggets,3,1,44,17.0,2PT Field Goal,Mid-Range,10.6,169.5,0,2.34,5.2
22300394,B. Osei,Milwaukee Bucks,2,4,27,2.0,2PT Field Goal,Restricted Area,-12.6,15.3,1,6.68,4.3
22300116,T. Nwosu,Golden State Warriors,3,11,19,22.8,3PT Field Goal,Above the Break 3,-91.6,208.5,0,4.4,23.5
22300573,R. Delgado,Phoenix Suns,1,3,57,1.9,2PT Field Goal,Restricted Area,9.8,16.3,1,4.56,19.6
22300279,R. Delgado,Miami Heat,4,10,42,0.5,2PT Field Goal,Restricted Area,-1.4,4.9,1,2.64,19.3
22300395,A. Kowalski,Los Angeles Lakers,1,0,18,12.3,2PT Field Goal,In The Paint (Non-RA),82.4,91.1,1,3.06,16.6
22300146,D. Reyes,Miami Heat,1,8,26,2.6,2PT Field Goal,Restricted Area,-16.1,20.9,0,2.73,11.1
22300750,R. Delgado,Denver Nuggets,2,8,8,3.3,2PT Field Goal,Restricted Area,-30.8,12.6,0,5.01,4.2
22300333,K. Albrecht,Phoenix Suns,3,1,35,3.2,2PT Field Goal,Restricted Area,-23.9,21.1,1,2.61,4.8
22300717,A. Kowalski,Boston Celtics,1,6,51,25.4,3PT Field Goal,Above the Break 3,-204.0,151.3,0,4.11,5.7
22300218,L. Fitzgerald,Los Angeles Lakers,1,9,23,27.6,3PT Field Goal,Above the Break 3,-186.1,203.9,1,2.93,19.3
22300942,A. Kowalski,Miami Heat,2,10,40,1.9,2PT Field Goal,Restricted Area,17.3,8.1,0,1.25,2.8
22300813,S. Whitfield,Phoenix Suns,2,5,14,22.7,3PT Field Goal,Above the Break 3,80.2,212.2,0,4.29,3.1
22300880,M. Okafor,Milwaukee Bucks,2,7,9,2.7,2PT Field Goal,Restricted Area,-4.3,27.1,1,4.47,12.3
22300719,J. Carter,Miami Heat,4,10,4,14.7,2PT Field Goal,Mid-Range,-110.2,97.1,0,4.34,3.2
22300427,D. Reyes,Los Angeles Lakers,3,1,39,11.3,2PT Field Goal,In The Paint (Non-RA),76.1,84.1,1,0.3,11.2
22300693,J. Carter,Milwaukee Bucks,3,2,55,3.1,2PT Field Goal,Restricted Area,9.9,29.0,1,6.53,8.3
22300644,A. Kowalski,Miami Heat,1,9,14,25.1,3PT Field Goal,Above the Break 3,-134.1,212.1,0,4.15,13.6
22300808,L. Fitzgerald,Denver Nuggets,3,7,39,23.2,3PT Field Goal,Above the Break 3,-11.4,231.3,0,1.99,18.5
22300518,K. Albrecht,Milwaukee Bucks,1,9,37,4.0,2PT Field Goal,In The Paint (Non-RA),29.4,27.1,1,8.52,4.7
22300956,L. Fitzgerald,Phoenix Suns,4,5,48,3.4,2PT Field Goal,Restricted Area,30.3,15.6,1,4.23,14.2
22300192,B. Osei,Phoenix Suns,2,7,8,28.1,3PT Field Goal,Above the Break 3,246.2,134.5,0,5.86,8.9
22300140,B. Osei,Phoenix Suns,1,4,44,26.7,3PT Field Goal,Above the Break 3,53.9,261.9,1,4.47,12.2
22300512,R. Delgado,Miami Heat,3,10,27,20.3,2PT Field Goal,Mid-Range,14.4,202.9,0,0.3,13.6
22300073,D. Reyes,New York Knicks,3,1,8,26.0,3PT Field Goal,Above the Break 3,-49.4,255.3,0,6.9,0.7
22300436,S. Whitfield,Miami Heat,2,11,59,25.4,3PT Field Goal,Above the Break 3,-234.1,99.7,0,1.58,2.1
22300664,B. Osei,Golden State Warriors,4,10,6,25.1,3PT Field Goal,Above the Break 3,-117.4,222.0,1,6.64,11.2
22300994,A. Kowalski,Miami Heat,4,11,52,15.8,2PT Field Goal,Mid-Range,110.5,113.2,0,3.88,8.2
22300261,J. Carter,Miami Heat,1,10,14,2.2,2PT Field Goal,Restricted Area,-7.1,20.5,1,2.21,14.1
22300621,S. Whitfield,New York Knicks,3,4,57,2.1,2PT Field Goal,Restricted Area,7.7,19.7,1,0.3,11.8
22300844,S. Whitfield,Golden State Warriors,1,6,1,21.0,2PT Field Goal,Mid-Range,190.8,87.2,0,3.09,9.9
22300811,M. Okafor,Los Angeles Lakers,1,1,48,25.8,3PT Field Goal,Above the Break 3,165.1,197.9,0,1.88,2.6
22300279,L. Fitzgerald,Boston Celtics,4,3,36,2.2,2PT Field Goal,Restricted Area,-9.3,19.9,0,4.24,23.1
22300570,K. Albrecht,Milwaukee Bucks,2,1,47,9.5,2PT Field Goal,In The Paint (Non-RA),-55.5,77.0,0,1.67,16.1
22300489,M. Okafor,Phoenix Suns,1,5,15,2.3,2PT Field Goal,Restricted Area,19.2,12.1,1,5.8,18.8
22300204,L. Fitzgerald,Miami Heat,1,2,15,21.1,2PT Field Goal,Mid-Range,-133.6,163.4,0,2.96,2.1
22300993,L. Fitzgerald,Boston Celtics,4,10,47,5.9,2PT Field Goal,In The Paint (Non-RA),28.8,51.8,1,3.14,18.5
22300601,T. Nwosu,Miami Heat,4,10,5,24.4,3PT Field Goal,Above the Break 3,78.6,230.9,1,8.69,19.5
22300294,S. Whitfield,Denver Nuggets,2,1,16,1.4,2PT Field Goal,Restricted Area,2.1,14.2,1,5.95,23.1
22300453,S. Whitfield,New York Knicks,4,0,41,15.7,2PT Field Goal,Mid-Range,-68.0,141.3,1,2.7,1.1
22300534,A. Kowalski,Los Angeles Lakers,1,10,2,16.3,2PT Field Goal,Mid-Range,147.4,70.3,1,5.0,2.2
22300743,L. Fitzgerald,Phoenix Suns,1,0,20,9.0,2PT Field Goal,In The Paint (Non-RA),54.1,72.4,1,0.49,2.0
22300230,R. Delgado,Phoenix Suns,1,9,54,2.9,2PT Field Goal,Restricted Area,-6.0,28.3,1,2.46,9.2
22300527,L. Fitzgerald,Denver Nuggets,3,8,53,8.4,2PT Field Goal,In The Paint (Non-RA),-60.0,58.8,0,3.76,0.2
22300600,B. Osei,Miami Heat,1,3,17,24.0,3PT Field Goal,Above the Break 3,-51.8,234.2,0,2.47,20.1
22300666,A. Kowalski,New York Knicks,4,6,6,1.2,2PT Field Goal,Restricted Area,-10.7,5.7,0,1.88,11.5
22300387,M. Okafor,New York Knicks,3,7,32,1.1,2PT Field Goal,Restricted Area,-7.4,8.0,0,5.62,18.8
22300691,R. Delgado,Miami Heat,4,6,15,5.1,2PT Field Goal,In The Paint (Non-RA),-29.9,41.7,0,2.79,0.8
22300992,T. Nwosu,Miami Heat,4,9,45,2.4,2PT Field Goal,Restricted Area,-17.6,16.5,1,2.32,7.9
22300576,B. Osei,Phoenix Suns,4,3,18,23.6,3PT Field Goal,Above the Break 3,20.3,235.0,1,2.79,19.5
22300883,T. Nwosu,Golden State Warriors,4,10,18,25.5,3PT Field Goal,Above the Break 3,-190.7,170.0,1,2.67,11.6
22300263,B. Osei,Boston Celtics,1,7,40,24.1,3PT Field Goal,Above the Break 3,-199.5,135.9,0,5.95,1.0
22300960,A. Kowalski,Boston Celtics,4,4,40,27.1,3PT Field Goal,Above the Break 3,-230.8,141.2,1,4.82,13.8
22300458,L. Fitzgerald,Phoenix Suns,4,2,52,19.7,2PT Field Goal,Mid-Range,155.7,120.4,0,0.75,21.4
22300343,D. Reyes,Phoenix Suns,2,0,22,1.3,2PT Field Goal,Restricted Area,-11.3,7.3,0,7.19,15.7
22300860,L. Fitzgerald,New York Knicks,1,7,49,22.5,3PT Field Goal,Above the Break 3,199.6,103.9,0,6.6,22.4
22300444,J. Carter,Boston Celtics,1,10,48,26.5,3PT Field Goal,Above the Break 3,225.9,139.0,0,3.51,23.5
22300914,L. Fitzgerald,Miami Heat,4,6,56,26.5,3PT Field Goal,Above the Break 3,6.8,264.5,1,1.91,5.9
22300835,A. Kowalski,Denver Nuggets,3,9,36,20.1,2PT Field Goal,Mid-Range,159.5,122.6,0,4.2,12.3
22300935,J. Carter,Milwaukee Bucks,3,3,0,27.7,3PT Field Goal,Above the Break 3,-250.4,117.3,0,2.85,4.9
22300589,L. Fitzgerald,Los Angeles Lakers,3,3,10,1.7,2PT Field Goal,Restricted Area,9.8,14.2,1,5.32,16.2
22300415,M. Okafor,Los Angeles Lakers,4,3,47,14.4,2PT Field Goal,Mid-Range,10.4,143.5,1,4.06,23.1
22300453,A. Kowalski,Miami Heat,3,9,50,13.1,2PT Field Goal,In The Paint (Non-RA),34.5,126.9,1,7.02,21.3
22300720,M. Okafor,Denver Nuggets,4,0,16,0.2,2PT Field Goal,Restricted Area,1.9,0.7,0,0.48,3.8
22300855,D. Reyes,Los Angeles Lakers,4,6,50,2.9,2PT Field Goal,Restricted Area,-21.0,20.2,1,2.76,15.6
22300675,A. Kowalski,Miami Heat,2,8,31,2.0,2PT Field Goal,Restricted Area,-8.8,18.0,1,4.79,6.8
22300131,S. Whitfield,Denver Nuggets,3,6,15,12.4,2PT Field Goal,In The Paint (Non-RA),53.3,112.1,0,3.03,10.2
22300027,R. Delgado,New York Knicks,1,0,24,1.9,2PT Field Goal,Restricted Area,-12.8,13.5,1,3.2,5.7
22300782,L. Fitzgerald,Los Angeles Lakers,3,11,39,10.1,2PT Field Goal,In The Paint (Non-RA),85.2,54.9,1,1.54,15.9
22300605,L. Fitzgerald,New York Knicks,3,0,56,25.1,3PT Field Goal,Above the Break 3,-180.1,174.6,0,8.47,0.3
22300982,K. Albrecht,New York Knicks,4,7,48,20.6,2PT Field Goal,Mid-Range,-51.7,199.5,1,3.74,0.0
22300864,T. Nwosu,Miami Heat,4,1,42,20.5,2PT Field Goal,Mid-Range,114.2,170.6,0,5.72,7.8
22300638,T. Nwosu,Milwaukee Bucks,3,3,58,22.9,3PT Field Goal,Above the Break 3,175.4,147.2,0,2.39,20.0
22300603,B. Osei,Golden State Warriors,1,6,2,2.5,2PT Field Goal,Restricted Area,16.0,19.6,1,3.1,22.2
22300387,M. Okafor,Miami Heat,1,4,45,6.5,2PT Field Goal,In The Paint (Non-RA),44.4,47.0,1,3.98,17.7
22300163,L. Fitzgerald,Denver Nuggets,4,4,45,2.2,2PT Field Goal,Restricted Area,-4.9,21.9,1,7.86,0.5
22300004,J. Carter,Boston Celtics,3,8,12,9.8,2PT Field Goal,In The Paint (Non-RA),-28.3,93.5,0,7.24,19.3
22300732,M. Okafor,Golden State Warriors,4,11,45,23.9,3PT Field Goal,Above the Break 3,26.2,237.6,1,8.84,13.4
22300439,T. Nwosu,Denver Nuggets,4,4,8,1.2,2PT Field Goal,Restricted Area,-8.4,8.6,0,7.58,11.9
22300760,R. Delgado,Miami Heat,2,11,11,27.5,3PT Field Goal,Above the Break 3,23.6,274.0,0,7.5,4.6
22300102,S. Whitfield,Golden State Warriors,3,10,48,25.0,3PT Field Goal,Above the Break 3,31.7,247.9,0,3.67,9.8
22300630,K. Albrecht,Phoenix Suns,3,11,21,7.2,2PT Field Goal,In The Paint (Non-RA),-30.0,65.8,0,2.58,23.6
22300162,S. Whitfield,Boston Celtics,3,3,53,24.8,3PT Field Goal,Above the Break 3,-185.0,165.1,0,7.1,10.0
22300539,M. Okafor,Denver Nuggets,1,4,8,10.5,2PT Field Goal,In The Paint (Non-RA),-86.7,59.0,1,2.53,6.0
22300091,K. Albrecht,Denver Nuggets,3,1,52,4.0,2PT Field Goal,In The Paint (Non-RA),-13.2,37.8,1,5.35,10.2
22300045,D. Reyes,Boston Celtics,1,4,59,4.4,2PT Field Goal,In The Paint (Non-RA),4.2,43.5,1,2.76,22.3
22300698,T. Nwosu,Denver Nuggets,1,6,28,1.5,2PT Field Goal,Restricted Area,13.6,6.1,1,1.78,21.2
22300370,K. Albrecht,New York Knicks,4,5,15,3.1,2PT Field Goal,Restricted Area,-20.6,23.4,1,4.28,11.7
22300560,J. Carter,Los Angeles Lakers,3,10,45,4.0,2PT Field Goal,In The Paint (Non-RA),-36.3,16.7,0,2.13,16.4
22300493,L. Fitzgerald,Miami Heat,2,4,2,24.5,3PT Field Goal,Above the Break 3,-112.1,217.8,1,3.46,23.0
22300969,B. Osei,Miami Heat,1,9,41,1.3,2PT Field Goal,Restricted Area,-1.0,12.9,1,6.12,7.8
22300272,M. Okafor,Denver Nuggets,3,6,9,2.1,2PT Field Goal,Restricted Area,3.9,20.7,1,3.71,7.0
22300217,A. Kowalski,Milwaukee Bucks,2,8,27,25.4,3PT Field Goal,Above the Break 3,-95.4,235.5,0,6.4,0.2
22300787,B. Osei,Boston Celtics,3,5,33,1.1,2PT Field Goal,Restricted Area,8.9,5.9,0,3.14,14.7
22300309,A. Kowalski,Golden State Warriors,4,2,24,25.1,3PT Field Goal,Above the Break 3,-157.3,195.9,0,4.93,18.8
22300665,S. Whitfield,Boston Celtics,4,0,13,22.8,3PT Field Goal,Above the Break 3,-121.5,192.8,0,1.87,7.7
22300175,K. Albrecht,Denver Nuggets,4,0,57,19.0,2PT Field Goal,Mid-Range,-103.4,159.2,1,7.11,11.6
22300786,D. Reyes,New York Knicks,4,4,21,10.0,2PT Field Goal,In The Paint (Non-RA),89.8,44.6,1,0.3,22.5
22300351,K. Albrecht,Milwaukee Bucks,1,3,27,3.2,2PT Field Goal,Restricted Area,-1.7,32.0,1,4.79,15.4
22300703,T. Nwosu,Miami Heat,1,9,35,1.6,2PT Field Goal,Restricted Area,-5.6,15.2,1,5.4,12.7
22300724,L. Fitzgerald,Boston Celtics,3,6,41,0.7,2PT Field Goal,Restricted Area,-6.5,3.6,0,0.3,13.0
22300788,K. Albrecht,New York Knicks,3,0,55,3.5,2PT Field Goal,Restricted Area,-9.4,33.8,0,0.45,19.6
22300938,A. Kowalski,Phoenix Suns,1,9,48,9.6,2PT Field Goal,In The Paint (Non-RA),63.4,72.0,0,0.71,14.5
22300727,D. Reyes,Boston Celtics,2,9,22,24.5,3PT Field Goal,Above the Break 3,176.3,169.8,0,3.95,1.2
22300079,L. Fitzgerald,Miami Heat,4,3,33,21.1,2PT Field Goal,Mid-Range,185.5,101.2,0,3.55,2.0
22300197,K. Albrecht,Miami Heat,4,1,24,27.3,3PT Field Goal,Above the Break 3,-178.9,206.0,1,3.38,15.2
22300971,S. Whitfield,Boston Celtics,2,4,25,28.1,3PT Field Goal,Above the Break 3,-249.4,128.6,0,5.52,2.8
22300004,L. Fitzgerald,Boston Celtics,2,3,25,3.1,2PT Field Goal,Restricted Area,-21.1,22.0,0,9.26,15.6
22300701,K. Albrecht,Boston Celtics,1,9,27,21.8,2PT Field Goal,Mid-Range,-186.0,113.8,0,1.85,17.7
22300998,T. Nwosu,Milwaukee Bucks,2,6,32,1.0,2PT Field Goal,Restricted Area,7.5,6.4,1,4.94,16.4
22300225,J. Carter,Golden State Warriors,2,11,18,3.4,2PT Field Goal,Restricted Area,-16.3,29.4,1,4.24,19.4
22300899,M. Okafor,Milwaukee Bucks,1,0,26,25.3,3PT Field Goal,Above the Break 3,181.2,176.7,0,6.59,10.8
22300223,T. Nwosu,Miami Heat,4,1,14,2.2,2PT Field Goal,Restricted Area,-10.7,19.5,1,0.3,2.1
22300421,S. Whitfield,Denver Nuggets,2,6,1,4.0,2PT Field Goal,In The Paint (Non-RA),-32.3,23.6,1,0.5,21.1
22300460,M. Okafor,Miami Heat,1,8,52,4.0,2PT Field Goal,Restricted Area,-20.5,34.0,1,1.72,15.2
22300444,K. Albrecht,Golden State Warriors,2,0,51,15.6,2PT Field Goal,Mid-Range,41.2,150.9,0,1.7,11.8
22300982,K. Albrecht,Milwaukee Bucks,2,9,13,13.3,2PT Field Goal,In The Paint (Non-RA),119.4,57.6,1,4.68,19.4
22300088,B. Osei,Los Angeles Lakers,3,2,44,1.4,2PT Field Goal,Restricted Area,4.4,13.0,0,3.06,18.3
22300262,D. Reyes,Denver Nuggets,2,10,47,24.6,3PT Field Goal,Above the Break 3,162.3,185.1,0,0.3,14.5
22300747,R. Delgado,New York Knicks,4,6,15,1.7,2PT Field Goal,Restricted Area,0.5,16.9,1,2.45,20.4
22300126,B. Osei,Phoenix Suns,3,3,41,27.9,3PT Field Goal,Above the Break 3,235.5,149.5,0,0.49,3.6
22300867,R. Delgado,Milwaukee Bucks,2,8,42,9.7,2PT Field Goal,In The Paint (Non-RA),72.9,64.1,1,2.41,3.0
22300144,T. Nwosu,Miami Heat,4,6,22,21.5,2PT Field Goal,Mid-Range,197.5,86.2,1,3.69,13.4
22300526,M. Okafor,Denver Nuggets,3,0,4,11.8,2PT Field Goal,In The Paint (Non-RA),86.2,80.9,1,2.35,4.9
22300236,B. Osei,Boston Celtics,1,9,11,20.9,2PT Field Goal,Mid-Range,94.6,186.3,0,6.87,10.0
22300671,D. Reyes,Phoenix Suns,2,3,34,25.2,3PT Field Goal,Above the Break 3,178.6,177.9,0,9.19,23.8
22300248,D. Reyes,Phoenix Suns,3,9,48,23.5,3PT Field Goal,Above the Break 3,188.7,139.3,0,5.25,16.9
22300591,D. Reyes,Miami Heat,2,5,12,1.0,2PT Field Goal,Restricted Area,4.1,9.1,0,0.64,3.3
22300722,L. Fitzgerald,Milwaukee Bucks,1,8,52,6.2,2PT Field Goal,In The Paint (Non-RA),-52.3,33.6,1,7.34,19.0
22300931,K. Albrecht,Los Angeles Lakers,1,10,14,2.2,2PT Field Goal,Restricted Area,-3.2,21.3,1,8.84,9.7
22300980,T. Nwosu,New York Knicks,4,5,43,2.1,2PT Field Goal,Restricted Area,18.4,9.1,0,3.7,21.2
22300544,D. Reyes,Miami Heat,4,10,54,2.8,2PT Field Goal,Restricted Area,12.5,25.5,0,4.97,0.1
22300815,S. Whitfield,Phoenix Suns,2,0,54,2.1,2PT Field Goal,Restricted Area,-5.0,20.4,1,6.59,9.9
22300616,M. Okafor,Phoenix Suns,2,10,8,25.3,3PT Field Goal,Above the Break 3,201.1,153.5,0,4.57,1.2
22300053,T. Nwosu,Los Angeles Lakers,3,0,33,26.7,3PT Field Goal,Above the Break 3,-87.6,252.6,1,6.95,9.5
22300072,D. Reyes,Los Angeles Lakers,4,3,11,28.2,3PT Field Goal,Above the Break 3,-71.4,273.3,1,5.37,19.2
22300956,J. Carter,Denver Nuggets,1,4,51,18.7,2PT Field Goal,Mid-Range,16.3,186.3,0,2.74,15.8
22300787,M. Okafor,Golden State Warriors,2,1,26,0.3,2PT Field Goal,Restricted Area,1.3,2.9,0,3.02,4.2
22300156,R. Delgado,Miami Heat,1,10,38,9.5,2PT Field Goal,In The Paint (Non-RA),15.9,93.9,1,3.56,8.8
22300001,T. Nwosu,Boston Celtics,3,1,29,7.2,2PT Field Goal,In The Paint (Non-RA),-27.9,66.8,1,2.58,19.3
22300619,J. Carter,Golden State Warriors,3,8,46,1.1,2PT Field Goal,Restricted Area,1.6,10.6,1,7.07,17.5
22300867,S. Whitfield,Milwaukee Bucks,2,1,40,13.9,2PT Field Goal,In The Paint (Non-RA),-47.6,130.1,0,4.85,6.9
22300413,B. Osei,New York Knicks,2,11,52,24.7,3PT Field Goal,Above the Break 3,96.8,226.9,0,3.68,8.7
22300654,D. Reyes,Denver Nuggets,2,8,37,3.6,2PT Field Goal,Restricted Area,4.9,35.9,1,5.94,12.2
22300161,S. Whitfield,New York Knicks,1,2,15,3.3,2PT Field Goal,Restricted Area,-26.7,19.8,0,4.29,14.1
22300891,B. Osei,New York Knicks,3,7,6,13.6,2PT Field Goal,In The Paint (Non-RA),41.4,129.3,1,6.46,21.5
22300187,D. Reyes,Golden State Warriors,3,3,25,14.9,2PT Field Goal,Mid-Range,128.7,74.8,1,7.76,5.9
22300338,B. Osei,Denver Nuggets,3,0,46,21.7,2PT Field Goal,Mid-Range,62.3,207.8,0,4.51,1.2
22300589,B. Osei,Boston Celtics,3,2,24,26.5,3PT Field Goal,Above the Break 3,-224.4,140.3,0,2.8,23.0
22300604,A. Kowalski,Miami Heat,3,10,29,1.8,2PT Field Goal,Restricted Area,2.3,18.0,1,1.47,18.8
22300259,T. Nwosu,Phoenix Suns,4,2,44,1.8,2PT Field Goal,Restricted Area,-13.2,12.9,1,8.1,18.1
22300178,J. Carter,Boston Celtics,3,0,38,1.8,2PT Field Goal,Restricted Area,-3.5,17.7,0,4.98,10.1
22300389,S. Whitfield,Miami Heat,1,10,41,2.0,2PT Field Goal,Restricted Area,-14.5,14.2,0,2.77,6.9
22300034,K. Albrecht,Milwaukee Bucks,2,5,3,24.9,3PT Field Goal,Above the Break 3,208.7,136.5,0,3.9,22.2
22300759,M. Okafor,Golden State Warriors,4,11,33,27.5,3PT Field Goal,Above the Break 3,166.3,219.2,0,1.57,0.3
22300552,M. Okafor,Miami Heat,4,4,33,19.9,2PT Field Goal,Mid-Range,33.4,196.6,0,7.14,14.5
22300932,S. Whitfield,Los Angeles Lakers,3,10,35,0.2,2PT Field Goal,Restricted Area,-0.9,1.8,0,4.81,8.4
22300247,D. Reyes,Boston Celtics,4,6,33,3.0,2PT Field Goal,Restricted Area,-24.5,17.8,0,3.29,6.2
22300578,R. Delgado,Denver Nuggets,2,5,46,26.0,3PT Field Goal,Above the Break 3,124.2,228.1,1,0.8,7.6
22300419,T. Nwosu,Golden State Warriors,1,3,19,26.0,3PT Field Goal,Above the Break 3,-149.5,212.4,0,8.87,13.4
22300838,S. Whitfield,Miami Heat,3,10,55,17.0,2PT Field Goal,Mid-Range,139.9,95.9,0,4.39,11.4
22300623,M. Okafor,Phoenix Suns,2,3,38,1.2,2PT Field Goal,Restricted Area,9.7,7.8,0,0.3,23.2
22300039,L. Fitzgerald,Los Angeles Lakers,3,8,22,2.2,2PT Field Goal,Restricted Area,-15.6,15.1,0,2.82,8.1
22300909,S. Whitfield,New York Knicks,1,6,32,16.6,2PT Field Goal,Mid-Range,153.3,63.2,0,4.05,8.8
22300925,R. Delgado,Los Angeles Lakers,4,8,11,23.8,3PT Field Goal,Above the Break 3,213.4,105.2,1,4.46,10.8
22300670,K. Albrecht,Golden State Warriors,3,1,11,0.2,2PT Field Goal,Restricted Area,-1.7,1.1,1,1.66,14.0
22300573,K. Albrecht,Los Angeles Lakers,2,3,5,2.3,2PT Field Goal,Restricted Area,0.6,22.7,1,6.71,22.9
22300780,R. Delgado,Miami Heat,1,7,59,3.5,2PT Field Goal,Restricted Area,-16.8,31.1,1,5.43,16.1
22300923,S. Whitfield,Milwaukee Bucks,4,5,5,0.2,2PT Field Goal,Restricted Area,0.6,1.9,1,4.21,7.6
22300683,M. Okafor,Miami Heat,4,10,21,25.0,3PT Field Goal,Above the Break 3,180.4,172.4,1,2.63,13.3
22300563,A. Kowalski,Phoenix Suns,2,4,59,21.6,2PT Field Goal,Mid-Range,-114.5,183.2,0,0.3,7.7
22300398,T. Nwosu,Los Angeles Lakers,4,6,39,25.0,3PT Field Goal,Above the Break 3,-212.6,130.6,0,3.08,7.6
22300641,K. Albrecht,Golden State Warriors,1,8,5,3.7,2PT Field Goal,Restricted Area,-11.7,35.5,1,3.64,10.3
22300871,S. Whitfield,New York Knicks,3,4,38,2.5,2PT Field Goal,Restricted Area,-16.7,19.2,1,1.44,10.1
22300542,B. Osei,New York Knicks,3,7,24,22.5,3PT Field Goal,Above the Break 3,107.3,197.8,0,4.77,10.5
22300535,D. Reyes,Denver Nuggets,2,9,47,15.8,2PT Field Goal,Mid-Range,-74.1,140.1,1,5.9,13.2
22300004,R. Delgado,Denver Nuggets,2,1,32,1.2,2PT Field Goal,Restricted Area,2.7,11.3,1,3.04,0.7
22300626,K. Albrecht,Milwaukee Bucks,3,3,41,6.5,2PT Field Goal,In The Paint (Non-RA),-51.5,38.8,1,3.19,5.5
22300638,R. Delgado,New York Knicks,4,4,46,20.6,2PT Field Goal,Mid-Range,-106.9,175.6,1,4.07,20.1
22300336,K. Albrecht,Denver Nuggets,4,5,56,17.5,2PT Field Goal,Mid-Range,104.2,141.2,1,7.85,13.2
22300879,L. Fitzgerald,Miami Heat,3,11,2,10.2,2PT Field Goal,In The Paint (Non-RA),72.4,72.3,0,7.32,23.7
22300707,L. Fitzgerald,Phoenix Suns,2,3,29,0.2,2PT Field Goal,Restricted Area,0.2,2.0,1,0.37,3.6
22300390,T. Nwosu,Los Angeles Lakers,4,3,29,27.0,3PT Field Goal,Above the Break 3,48.7,265.7,0,2.99,5.6
22300773,L. Fitzgerald,Phoenix Suns,2,11,28,4.7,2PT Field Goal,In The Paint (Non-RA),-41.0,23.3,1,9.85,9.6
22300970,S. Whitfield,Milwaukee Bucks,3,0,2,25.5,3PT Field Goal,Above the Break 3,54.9,249.0,0,3.37,21.4
22300214,S. Whitfield,Boston Celtics,2,3,32,19.6,2PT Field Goal,Mid-Range,39.0,191.8,1,8.06,2.4
22300100,B. Osei,Miami Heat,1,7,10,3.3,2PT Field Goal,Restricted Area,-20.5,26.3,1,5.25,6.3
22300388,K. Albrecht,Milwaukee Bucks,2,3,36,2.3,2PT Field Goal,Restricted Area,11.7,19.8,0,6.95,22.4
22300638,J. Carter,Miami Heat,3,5,18,2.7,2PT Field Goal,Restricted Area,-20.8,16.9,1,3.31,7.6
22300586,K. Albrecht,Phoenix Suns,1,4,10,1.7,2PT Field Goal,Restricted Area,1.3,16.8,1,4.31,15.8
22300180,B. Osei,Golden State Warriors,1,3,0,1.1,2PT Field Goal,Restricted Area,-8.9,6.2,0,5.34,22.5
22300752,S. Whitfield,Milwaukee Bucks,3,1,26,9.5,2PT Field Goal,In The Paint (Non-RA),69.5,64.6,0,4.08,21.8
22300629,D. Reyes,Los Angeles Lakers,2,7,17,3.0,2PT Field Goal,Restricted Area,-6.9,29.2,1,4.0,12.9
22300892,T. Nwosu,Phoenix Suns,4,1,5,0.9,2PT Field Goal,Restricted Area,8.1,4.1,0,7.33,2.7
22300330,R. Delgado,Phoenix Suns,4,11,47,25.2,3PT Field Goal,Above the Break 3,-29.9,249.7,0,3.76,19.1
22300818,J. Carter,Milwaukee Bucks,4,1,9,3.0,2PT Field Goal,Restricted Area,18.4,24.1,1,7.1,14.6
22300930,R. Delgado,Denver Nuggets,3,1,38,0.2,2PT Field Goal,Restricted Area,0.0,2.0,1,2.78,6.2
22300486,M. Okafor,Milwaukee Bucks,2,3,22,24.9,3PT Field Goal,Above the Break 3,-218.2,119.6,0,3.42,3.2
22300575,T. Nwosu,Milwaukee Bucks,1,2,58,20.6,2PT Field Goal,Mid-Range,-86.1,186.8,1,5.76,19.8
22300427,K. Albrecht,Los Angeles Lakers,4,9,46,13.9,2PT Field Goal,In The Paint (Non-RA),28.5,135.5,1,5.28,15.5
22300554,J. Carter,Los Angeles Lakers,1,11,51,0.9,2PT Field Goal,Restricted Area,6.0,7.2,0,6.31,7.3
22300629,S. Whitfield,New York Knicks,4,9,34,14.8,2PT Field Goal,Mid-Range,-127.2,75.5,0,4.22,7.0
22300316,T. Nwosu,Los Angeles Lakers,4,7,48,0.3,2PT Field Goal,Restricted Area,0.1,3.4,1,4.06,18.5
22300265,A. Kowalski,Milwaukee Bucks,3,11,8,25.6,3PT Field Goal,Above the Break 3,154.8,203.4,0,3.07,0.3
22300177,T. Nwosu,New York Knicks,3,1,29,25.9,3PT Field Goal,Above the Break 3,-161.3,203.1,0,0.58,16.6
22300296,M. Okafor,Milwaukee Bucks,3,9,25,3.5,2PT Field Goal,Restricted Area,-12.6,32.7,0,3.2,16.7
22300069,K. Albrecht,Miami Heat,2,11,41,0.2,2PT Field Goal,Restricted Area,-1.0,1.8,0,6.46,4.1
22300738,D. Reyes,Los Angeles Lakers,1,4,54,23.2,3PT Field Goal,Above the Break 3,125.7,195.4,1,3.98,7.5
22300391,T. Nwosu,Golden State Warriors,4,11,47,0.7,2PT Field Goal,Restricted Area,-3.4,6.1,1,4.59,13.2
22300736,M. Okafor,Los Angeles Lakers,2,5,37,16.1,2PT Field Goal,Mid-Range,132.6,91.1,0,6.93,2.1
22300005,T. Nwosu,Miami Heat,4,7,20,25.7,3PT Field Goal,Above the Break 3,182.2,181.7,0,2.07,4.7
22300028,A. Kowalski,Golden State Warriors,1,6,24,25.7,3PT Field Goal,Above the Break 3,29.6,255.4,0,4.92,1.6
22300647,B. Osei,Phoenix Suns,2,2,32,25.6,3PT Field Goal,Above the Break 3,231.6,108.1,0,2.88,5.9
22300199,K. Albrecht,New York Knicks,2,10,7,5.4,2PT Field Goal,In The Paint (Non-RA),-22.5,49.1,1,6.67,15.6
22300611,K. Albrecht,Denver Nuggets,3,0,33,22.9,3PT Field Goal,Above the Break 3,-209.8,92.1,0,0.84,17.0
22300247,K. Albrecht,Milwaukee Bucks,1,1,19,11.3,2PT Field Goal,In The Paint (Non-RA),47.0,102.7,1,3.34,21.7
22300766,J. Carter,New York Knicks,3,5,12,2.8,2PT Field Goal,Restricted Area,18.7,20.3,0,2.99,23.8
22300506,L. Fitzgerald,Denver Nuggets,3,8,1,9.2,2PT Field Goal,In The Paint (Non-RA),79.3,45.7,1,3.38,22.9
22300017,J. Carter,Golden State Warriors,2,6,34,2.3,2PT Field Goal,Restricted Area,-16.0,16.0,1,2.88,12.8
22300412,T. Nwosu,Golden State Warriors,3,5,24,25.3,3PT Field Goal,Above the Break 3,-225.7,113.6,1,8.34,20.7
22300655,J. Carter,New York Knicks,3,1,8,23.3,3PT Field Goal,Above the Break 3,49.7,227.3,1,3.64,7.8
22300245,L. Fitzgerald,Miami Heat,2,9,45,4.0,2PT Field Goal,In The Paint (Non-RA),-9.6,38.8,1,3.8,7.4
22300302,K. Albrecht,Phoenix Suns,3,0,41,4.0,2PT Field Goal,In The Paint (Non-RA),-23.9,32.1,1,0.91,3.9
22300642,R. Delgado,Golden State Warriors,2,10,7,13.9,2PT Field Goal,In The Paint (Non-RA),54.3,128.3,1,1.16,22.7
22300943,J. Carter,Phoenix Suns,4,9,35,8.1,2PT Field Goal,In The Paint (Non-RA),4.5,80.7,1,2.44,20.0
22300274,D. Reyes,Phoenix Suns,3,8,1,26.1,3PT Field Goal,Above the Break 3,69.2,251.9,0,1.41,14.5
22300167,J. Carter,New York Knicks,1,2,35,27.8,3PT Field Goal,Above the Break 3,234.5,149.7,1,5.28,13.6
22300834,J. Carter,Denver Nuggets,3,8,11,27.0,3PT Field Goal,Above the Break 3,203.8,177.7,0,2.82,4.3
22300421,A. Kowalski,Miami Heat,4,3,34,24.9,3PT Field Goal,Above the Break 3,-172.9,179.5,0,3.12,3.1
22300553,R. Delgado,Phoenix Suns,4,7,12,14.9,2PT Field Goal,Mid-Range,-128.2,76.1,1,3.82,10.1
22300541,D. Reyes,Miami Heat,3,10,15,2.7,2PT Field Goal,Restricted Area,9.2,25.5,0,2.09,19.1
22300617,T. Nwosu,Los Angeles Lakers,3,1,25,2.8,2PT Field Goal,Restricted Area,-25.6,11.1,0,1.3,19.5
22300016,B. Osei,Los Angeles Lakers,1,1,20,0.2,2PT Field Goal,Restricted Area,-1.3,1.5,1,2.62,9.7
22300552,R. Delgado,Miami Heat,4,9,4,24.6,3PT Field Goal,Above the Break 3,205.5,134.7,1,4.59,10.3
22300681,M. Okafor,New York Knicks,4,5,3,1.0,2PT Field Goal,Restricted Area,-2.5,9.6,1,3.89,17.6
22300852,R. Delgado,Los Angeles Lakers,4,6,28,1.6,2PT Field Goal,Restricted Area,8.5,13.8,0,2.23,18.7
22300269,J. Carter,Phoenix Suns,2,8,50,1.8,2PT Field Goal,Restricted Area,6.6,16.7,1,7.69,4.4
22300691,R. Delgado,Denver Nuggets,4,9,23,0.4,2PT Field Goal,Restricted Area,-3.4,2.6,1,4.96,17.9
22300789,K. Albrecht,Golden State Warriors,4,1,30,24.5,3PT Field Goal,Above the Break 3,134.4,205.1,0,5.63,20.9
22300492,B. Osei,Miami Heat,1,8,42,0.9,2PT Field Goal,Restricted Area,5.3,7.7,1,7.56,4.5
22300093,D. Reyes,Denver Nuggets,2,4,7,1.0,2PT Field Goal,Restricted Area,-9.4,4.2,1,2.08,2.4
22300495,M. Okafor,Milwaukee Bucks,1,6,8,26.1,3PT Field Goal,Above the Break 3,231.0,122.0,1,6.28,4.8
22300546,L. Fitzgerald,Milwaukee Bucks,1,1,13,24.3,3PT Field Goal,Above the Break 3,-197.0,143.2,1,4.7,21.6
22300531,R. Delgado,New York Knicks,1,7,39,17.2,2PT Field Goal,Mid-Range,-10.2,171.9,1,4.79,9.7
22300085,S. Whitfield,New York Knicks,3,8,50,15.1,2PT Field Goal,Mid-Range,-6.7,151.2,0,0.74,18.3
22300276,R. Delgado,Denver Nuggets,4,11,35,3.2,2PT Field Goal,Restricted Area,-2.3,32.1,1,2.33,21.3
22300290,K. Albrecht,Golden State Warriors,4,2,16,24.6,3PT Field Goal,Above the Break 3,226.4,95.7,1,4.15,15.6
22300763,M. Okafor,Milwaukee Bucks,2,3,46,22.5,3PT Field Goal,Above the Break 3,-157.4,160.8,1,4.03,12.2
22300972,K. Albrecht,Los Angeles Lakers,1,10,15,12.3,2PT Field Goal,In The Paint (Non-RA),81.9,91.4,1,7.59,2.7
22300542,K. Albrecht,Milwaukee Bucks,1,0,57,2.5,2PT Field Goal,Restricted Area,19.5,15.5,1,3.3,20.5
22300209,A. Kowalski,Los Angeles Lakers,2,0,7,1.6,2PT Field Goal,Restricted Area,-12.1,10.8,1,4.69,22.9
22300648,L. Fitzgerald,Denver Nuggets,4,5,20,1.7,2PT Field Goal,Restricted Area,-15.6,6.4,1,3.45,6.5
22300907,A. Kowalski,Boston Celtics,1,11,47,2.3,2PT Field Goal,Restricted Area,-12.7,19.6,1,1.23,11.0
22300071,L. Fitzgerald,Golden State Warriors,1,4,24,1.2,2PT Field Goal,Restricted Area,-10.6,5.6,1,3.37,22.7
22300089,B. Osei,Boston Celtics,2,5,14,10.0,2PT Field Goal,In The Paint (Non-RA),-85.2,51.6,1,4.37,14.5
22300105,R. Delgado,New York Knicks,2,6,55,12.0,2PT Field Goal,In The Paint (Non-RA),84.3,85.4,0,8.02,18.8
22300834,R. Delgado,Los Angeles Lakers,3,5,14,1.7,2PT Field Goal,Restricted Area,-15.3,7.3,0,6.91,8.4
22300589,R. Delgado,Milwaukee Bucks,2,6,52,12.5,2PT Field Goal,In The Paint (Non-RA),-66.2,106.3,0,2.95,23.6
22300814,J. Carter,Milwaukee Bucks,4,9,39,0.2,2PT Field Goal,Restricted Area,-1.7,1.1,0,2.14,16.1
22300788,J. Carter,Miami Heat,1,8,25,2.8,2PT Field Goal,Restricted Area,-20.8,18.3,0,4.09,15.8
22300173,T. Nwosu,New York Knicks,4,3,29,21.3,2PT Field Goal,Mid-Range,21.1,212.2,1,2.89,9.4
22300496,D. Reyes,Milwaukee Bucks,3,1,16,10.5,2PT Field Goal,In The Paint (Non-RA),86.4,59.3,1,9.63,9.3
22300278,A. Kowalski,New York Knicks,3,10,48,3.1,2PT Field Goal,Restricted Area,23.9,19.7,1,6.04,2.1
22300508,K. Albrecht,Golden State Warriors,1,5,43,24.0,3PT Field Goal,Above the Break 3,-190.8,146.0,0,4.04,3.5
22300748,M. Okafor,New York Knicks,2,5,35,7.5,2PT Field Goal,In The Paint (Non-RA),53.2,52.9,0,2.96,6.1
22300306,T. Nwosu,Miami Heat,3,8,30,10.0,2PT Field Goal,In The Paint (Non-RA),76.4,63.9,0,1.77,8.5
22300304,A. Kowalski,Los Angeles Lakers,4,3,25,24.1,3PT Field Goal,Above the Break 3,-135.5,199.8,0,3.95,2.2
22300307,D. Reyes,Golden State Warriors,1,4,42,24.6,3PT Field Goal,Above the Break 3,-157.2,188.8,0,0.3,8.2
22300436,L. Fitzgerald,Milwaukee Bucks,2,10,58,27.6,3PT Field Goal,Above the Break 3,-86.9,262.4,0,3.3,7.4
22300638,K. Albrecht,Miami Heat,3,10,38,23.1,3PT Field Goal,Above the Break 3,142.3,182.4,0,3.14,22.7
22300797,R. Delgado,Milwaukee Bucks,2,3,18,20.3,2PT Field Goal,Mid-Range,186.7,79.8,1,7.55,2.3
22300223,R. Delgado,Los Angeles Lakers,3,11,41,23.2,3PT Field Goal,Above the Break 3,21.8,230.8,0,0.3,4.0
22300160,S. Whitfield,Golden State Warriors,4,9,8,2.4,2PT Field Goal,Restricted Area,-5.4,23.5,1,6.18,15.6
22300700,L. Fitzgerald,Miami Heat,2,4,43,18.7,2PT Field Goal,Mid-Range,-60.1,176.6,1,3.41,1.0
22300552,D. Reyes,Denver Nuggets,1,1,4,2.5,2PT Field Goal,Restricted Area,-3.1,25.3,1,5.9,1.7
22300842,R. Delgado,Phoenix Suns,1,10,2,2.4,2PT Field Goal,Restricted Area,-13.8,19.9,1,2.52,0.1
22300885,R. Delgado,Boston Celtics,2,7,59,4.0,2PT Field Goal,In The Paint (Non-RA),18.7,35.4,0,5.07,8.7
22300606,A. Kowalski,Los Angeles Lakers,1,3,56,11.9,2PT Field Goal,In The Paint (Non-RA),23.1,116.8,1,6.03,19.1
22300531,M. Okafor,Miami Heat,4,3,19,2.2,2PT Field Goal,Restricted Area,-7.9,20.9,1,9.85,21.1
22300169,R. Delgado,Golden State Warriors,4,1,17,15.5,2PT Field Goal,Mid-Range,72.6,137.2,0,2.38,13.7
22300069,M. Okafor,Boston Celtics,4,0,30,26.6,3PT Field Goal,Above the Break 3,164.3,208.8,0,3.89,9.5
22300585,L. Fitzgerald,Los Angeles Lakers,1,6,13,23.8,3PT Field Goal,Above the Break 3,-161.1,175.1,0,3.94,11.2
22300052,T. Nwosu,Boston Celtics,1,11,29,0.5,2PT Field Goal,Restricted Area,-1.2,4.6,1,2.86,16.4
22300822,B. Osei,Los Angeles Lakers,1,0,36,15.7,2PT Field Goal,Mid-Range,45.4,150.1,1,3.96,14.0
22300322,B. Osei,Miami Heat,2,8,57,25.2,3PT Field Goal,Above the Break 3,139.1,210.4,0,4.23,7.3
22300413,A. Kowalski,Phoenix Suns,1,2,34,0.8,2PT Field Goal,Restricted Area,-6.8,4.1,0,3.42,19.1
22300483,T. Nwosu,Milwaukee Bucks,3,1,24,2.8,2PT Field Goal,Restricted Area,-22.7,16.7,1,0.35,3.5
22300826,R. Delgado,Phoenix Suns,4,9,24,3.2,2PT Field Goal,Restricted Area,19.8,25.5,0,4.76,23.5
22300914,L. Fitzgerald,Miami Heat,4,4,46,12.2,2PT Field Goal,In The Paint (Non-RA),70.4,99.7,0,0.95,5.7
22300742,K. Albrecht,Phoenix Suns,3,11,11,2.9,2PT Field Goal,Restricted Area,-18.3,22.3,1,3.98,9.5
22300179,K. Albrecht,Miami Heat,2,4,50,18.7,2PT Field Goal,Mid-Range,-48.8,180.9,1,6.42,24.0
22300499,T. Nwosu,Miami Heat,1,11,39,3.0,2PT Field Goal,Restricted Area,12.4,26.9,1,1.34,15.2
22300642,M. Okafor,Denver Nuggets,1,7,1,21.3,2PT Field Goal,Mid-Range,4.4,212.6,0,3.88,18.8
22300152,L. Fitzgerald,Los Angeles Lakers,3,5,54,21.5,2PT Field Goal,Mid-Range,132.9,168.5,1,4.62,7.9
22300169,S. Whitfield,New York Knicks,3,11,23,21.4,2PT Field Goal,Mid-Range,-137.6,164.3,1,4.07,17.1
22300466,B. Osei,Phoenix Suns,2,11,49,2.2,2PT Field Goal,Restricted Area,-4.2,21.7,1,3.14,11.8
22300179,M. Okafor,Milwaukee Bucks,4,2,20,25.8,3PT Field Goal,Above the Break 3,-102.0,237.1,0,4.21,23.2
22300678,B. Osei,Denver Nuggets,2,3,25,25.5,3PT Field Goal,Above the Break 3,183.3,177.9,0,5.69,17.7
22300374,D. Reyes,New York Knicks,3,7,28,24.2,3PT Field Goal,Above the Break 3,-94.7,222.2,0,1.93,2.5
22300764,L. Fitzgerald,Golden State Warriors,3,4,34,0.3,2PT Field Goal,Restricted Area,1.5,2.5,1,3.81,14.3
22300665,L. Fitzgerald,Milwaukee Bucks,4,10,59,27.1,3PT Field Goal,Above the Break 3,-41.0,268.1,0,5.77,18.1
22300270,B. Osei,Phoenix Suns,2,10,10,16.6,2PT Field Goal,Mid-Range,-114.0,120.4,0,2.86,9.5
22300548,T. Nwosu,Denver Nuggets,4,3,46,1.2,2PT Field Goal,Restricted Area,3.5,11.3,1,1.52,17.6
22300638,M. Okafor,Miami Heat,2,3,51,10.3,2PT Field Goal,In The Paint (Non-RA),-74.6,71.3,1,5.88,12.0
22300322,K. Albrecht,Phoenix Suns,1,2,15,8.6,2PT Field Goal,In The Paint (Non-RA),-67.4,52.7,1,5.72,4.5
22300955,T. Nwosu,Golden State Warriors,3,5,54,4.8,2PT Field Goal,In The Paint (Non-RA),36.4,31.9,1,6.31,23.4
22300719,J. Carter,New York Knicks,2,5,2,0.2,2PT Field Goal,Restricted Area,1.6,1.2,0,4.16,17.0
22300530,A. Kowalski,Denver Nuggets,1,9,37,1.6,2PT Field Goal,Restricted Area,-5.5,14.5,1,2.75,17.6
22300848,J. Carter,Boston Celtics,2,6,40,0.4,2PT Field Goal,Restricted Area,-1.4,4.1,1,7.55,12.0
22300031,K. Albrecht,Boston Celtics,4,1,37,28.1,3PT Field Goal,Above the Break 3,68.6,272.9,1,6.94,18.8
22300383,A. Kowalski,New York Knicks,1,11,46,5.2,2PT Field Goal,In The Paint (Non-RA),14.3,49.6,1,5.96,8.6
22300047,L. Fitzgerald,Milwaukee Bucks,2,7,52,2.1,2PT Field Goal,Restricted Area,4.2,20.7,0,3.09,0.8
22300483,R. Delgado,Los Angeles Lakers,1,0,27,10.5,2PT Field Goal,In The Paint (Non-RA),-55.0,88.9,0,4.45,8.2
22300814,A. Kowalski,Los Angeles Lakers,3,4,57,1.8,2PT Field Goal,Restricted Area,11.4,13.9,1,2.24,17.6
22300301,S. Whitfield,Boston Celtics,2,10,44,0.2,2PT Field Goal,Restricted Area,-0.9,1.8,1,1.87,7.5
22300381,B. Osei,Golden State Warriors,1,7,49,23.8,3PT Field Goal,Above the Break 3,183.5,150.9,1,4.39,17.8
22300096,M. Okafor,Denver Nuggets,4,4,5,2.8,2PT Field Goal,Restricted Area,24.7,14.1,0,4.9,10.2
22300559,S. Whitfield,Golden State Warriors,2,2,35,19.6,2PT Field Goal,Mid-Range,-101.0,167.8,0,5.43,17.1
22300187,A. Kowalski,Golden State Warriors,4,11,10,2.9,2PT Field Goal,Restricted Area,7.1,27.8,1,4.42,2.5
22300024,T. Nwosu,Milwaukee Bucks,3,1,53,0.4,2PT Field Goal,Restricted Area,1.9,3.5,1,8.72,23.0
22300184,B. Osei,Phoenix Suns,3,7,12,25.0,3PT Field Goal,Above the Break 3,-150.5,200.1,1,2.02,9.4
22300829,J. Carter,Golden State Warriors,2,10,40,27.2,3PT Field Goal,Above the Break 3,242.5,122.3,0,7.1,13.3
22300271,S. Whitfield,Los Angeles Lakers,1,8,21,2.2,2PT Field Goal,Restricted Area,-2.7,21.4,1,3.3,3.5
22300842,B. Osei,New York Knicks,3,10,30,8.0,2PT Field Goal,In The Paint (Non-RA),2.2,79.5,1,6.27,12.6
22300255,A. Kowalski,Boston Celtics,3,2,55,2.8,2PT Field Goal,Restricted Area,-9.8,26.4,1,2.16,9.5
22300245,L. Fitzgerald,Denver Nuggets,3,8,27,1.7,2PT Field Goal,Restricted Area,-4.0,16.1,1,9.07,14.4
22300909,T. Nwosu,Phoenix Suns,1,7,43,18.1,2PT Field Goal,Mid-Range,-150.5,101.5,1,7.39,14.2
22300352,K. Albrecht,Phoenix Suns,4,5,10,25.1,3PT Field Goal,Above the Break 3,216.8,127.4,0,0.66,7.7
22300039,A. Kowalski,Miami Heat,1,5,33,23.8,3PT Field Goal,Above the Break 3,185.6,148.4,0,7.1,1.1
22300873,B. Osei,Phoenix Suns,4,2,41,18.4,2PT Field Goal,Mid-Range,110.0,148.1,0,4.62,12.2
22300992,K. Albrecht,Milwaukee Bucks,1,8,57,3.0,2PT Field Goal,Restricted Area,27.6,11.3,1,6.23,0.5
22300683,K. Albrecht,Golden State Warriors,2,4,19,2.2,2PT Field Goal,Restricted Area,16.9,14.2,1,4.22,17.2
22300668,B. Osei,Los Angeles Lakers,3,4,32,10.8,2PT Field Goal,In The Paint (Non-RA),29.4,103.6,0,3.93,17.3
22300031,D. Reyes,Los Angeles Lakers,1,9,43,24.8,3PT Field Goal,Above the Break 3,-223.8,105.9,0,1.17,7.7
22300424,B. Osei,New York Knicks,2,4,14,9.2,2PT Field Goal,In The Paint (Non-RA),81.7,42.6,1,3.19,13.1
22300174,K. Albrecht,Milwaukee Bucks,2,10,4,8.0,2PT Field Goal,In The Paint (Non-RA),49.2,62.9,0,4.18,19.9
22300036,L. Fitzgerald,Boston Celtics,2,6,34,27.0,3PT Field Goal,Above the Break 3,19.5,269.0,0,0.52,18.2
22300558,R. Delgado,Golden State Warriors,2,11,22,3.2,2PT Field Goal,Restricted Area,0.1,32.3,0,2.05,7.4
22300902,B. Osei,Miami Heat,2,5,33,2.2,2PT Field Goal,Restricted Area,6.7,21.0,0,4.26,20.9
22300271,M. Okafor,Miami Heat,4,2,32,1.8,2PT Field Goal,Restricted Area,9.2,15.5,0,5.23,7.2
22300532,T. Nwosu,Golden State Warriors,1,4,26,23.8,3PT Field Goal,Above the Break 3,27.4,236.1,0,3.23,8.9
22300997,J. Carter,Milwaukee Bucks,4,2,0,2.6,2PT Field Goal,Restricted Area,-8.8,24.3,1,7.35,8.3
22300502,R. Delgado,Golden State Warriors,2,3,2,2.9,2PT Field Goal,Restricted Area,-24.4,15.6,1,3.1,14.7
22300409,T. Nwosu,Boston Celtics,3,11,12,6.0,2PT Field Goal,In The Paint (Non-RA),-14.5,58.7,0,5.62,11.8
22300036,R. Delgado,Denver Nuggets,2,8,4,19.4,2PT Field Goal,Mid-Range,-159.3,111.1,0,7.16,22.2
22300113,A. Kowalski,Denver Nuggets,3,8,48,2.3,2PT Field Goal,Restricted Area,-6.4,21.9,0,2.51,14.8
22300694,L. Fitzgerald,Milwaukee Bucks,1,7,44,26.0,3PT Field Goal,Above the Break 3,201.2,164.0,0,6.82,22.4
22300681,J. Carter,Denver Nuggets,4,11,50,1.5,2PT Field Goal,Restricted Area,9.6,11.1,1,3.95,0.8
22300433,K. Albrecht,New York Knicks,1,11,20,26.2,3PT Field Goal,Above the Break 3,5.3,261.7,0,2.38,5.4
22300136,M. Okafor,Miami Heat,4,0,27,1.1,2PT Field Goal,Restricted Area,4.7,9.7,1,7.83,15.1
22300539,T. Nwosu,Miami Heat,4,3,48,24.4,3PT Field Goal,Above the Break 3,-41.3,240.2,0,7.91,15.4
22300133,S. Whitfield,Milwaukee Bucks,4,3,9,1.6,2PT Field Goal,Restricted Area,2.2,15.4,1,3.59,13.2
22300060,K. Albrecht,Boston Celtics,3,4,14,26.5,3PT Field Goal,Above the Break 3,210.8,160.6,1,6.65,2.0
22300879,K. Albrecht,Denver Nuggets,3,3,39,26.7,3PT Field Goal,Above the Break 3,235.6,125.2,1,6.47,8.4
22300022,B. Osei,Phoenix Suns,2,0,24,1.3,2PT Field Goal,Restricted Area,-6.6,11.5,1,4.23,13.9
22300173,D. Reyes,Denver Nuggets,4,3,5,2.2,2PT Field Goal,Restricted Area,13.2,17.9,0,9.16,15.6
22300872,A. Kowalski,Denver Nuggets,3,2,11,16.4,2PT Field Goal,Mid-Range,-45.4,157.1,0,4.03,20.9
22300160,D. Reyes,Milwaukee Bucks,3,2,39,12.5,2PT Field Goal,In The Paint (Non-RA),-14.0,123.9,0,2.83,5.4
22300663,K. Albrecht,Los Angeles Lakers,4,10,32,6.7,2PT Field Goal,In The Paint (Non-RA),-15.7,65.3,0,4.36,20.9
22300127,M. Okafor,Miami Heat,4,2,5,27.3,3PT Field Goal,Above the Break 3,-195.9,189.5,1,4.05,22.8
22300902,M. Okafor,Miami Heat,3,10,51,10.3,2PT Field Goal,In The Paint (Non-RA),-62.3,82.2,0,3.33,13.6
22300014,R. Delgado,Denver Nuggets,4,8,46,5.0,2PT Field Goal,In The Paint (Non-RA),39.1,31.4,0,3.67,6.2
22300019,K. Albrecht,Miami Heat,2,8,55,13.6,2PT Field Goal,In The Paint (Non-RA),24.0,134.2,0,1.33,21.6
22300125,A. Kowalski,Golden State Warriors,3,10,21,5.5,2PT Field Goal,In The Paint (Non-RA),-40.2,38.0,1,5.66,7.6
22300018,R. Delgado,Denver Nuggets,2,0,55,9.0,2PT Field Goal,In The Paint (Non-RA),82.6,36.7,0,1.28,7.4
22300809,R. Delgado,Milwaukee Bucks,1,9,34,2.2,2PT Field Goal,Restricted Area,13.4,17.3,1,6.76,20.4
22300584,B. Osei,Los Angeles Lakers,3,2,35,1.9,2PT Field Goal,Restricted Area,11.1,15.3,1,5.86,3.8
22300402,B. Osei,Denver Nuggets,4,1,9,2.0,2PT Field Goal,Restricted Area,2.0,19.7,1,3.44,8.4
22300106,M. Okafor,Phoenix Suns,3,3,46,2.2,2PT Field Goal,Restricted Area,5.1,21.2,0,3.45,23.1
22300127,S. Whitfield,Boston Celtics,1,3,47,27.1,3PT Field Goal,Above the Break 3,-202.5,180.8,0,2.85,2.5
22300715,J. Carter,Phoenix Suns,4,6,10,3.8,2PT Field Goal,Restricted Area,-26.1,27.5,1,4.32,9.1
22300101,R. Delgado,Los Angeles Lakers,4,7,25,3.4,2PT Field Goal,Restricted Area,12.8,31.2,0,8.22,8.8
22300428,A. Kowalski,Golden State Warriors,3,1,31,16.1,2PT Field Goal,Mid-Range,62.7,148.8,1,5.05,17.2
22300404,J. Carter,Phoenix Suns,2,7,8,1.3,2PT Field Goal,Restricted Area,-3.2,12.8,1,3.37,17.1
22300537,L. Fitzgerald,New York Knicks,3,10,12,2.5,2PT Field Goal,Restricted Area,16.8,18.1,1,8.22,7.2
22300561,L. Fitzgerald,Miami Heat,4,7,1,1.6,2PT Field Goal,Restricted Area,-9.7,12.8,1,3.43,11.2
22300224,R. Delgado,Miami Heat,1,7,17,12.1,2PT Field Goal,In The Paint (Non-RA),-87.9,83.4,0,3.54,4.7
22300682,J. Carter,Phoenix Suns,1,10,30,17.3,2PT Field Goal,Mid-Range,-149.5,87.0,0,9.1,7.5
22300830,R. Delgado,Los Angeles Lakers,4,4,12,22.9,3PT Field Goal,Above the Break 3,196.2,118.2,1,5.82,18.7
22300479,K. Albrecht,Los Angeles Lakers,2,0,32,27.1,3PT Field Goal,Above the Break 3,18.6,270.1,0,7.0,8.3
22300136,A. Kowalski,Los Angeles Lakers,2,10,36,6.3,2PT Field Goal,In The Paint (Non-RA),11.5,62.2,1,5.71,6.8
22300617,B. Osei,Miami Heat,3,7,5,10.5,2PT Field Goal,In The Paint (Non-RA),37.2,97.7,1,5.53,10.2
22300913,L. Fitzgerald,Los Angeles Lakers,1,7,27,8.1,2PT Field Goal,In The Paint (Non-RA),-63.5,50.0,0,5.85,16.7
22300631,T. Nwosu,New York Knicks,1,4,1,1.9,2PT Field Goal,Restricted Area,14.7,11.6,1,6.03,11.9
22300897,T. Nwosu,Miami Heat,1,8,15,26.5,3PT Field Goal,Above the Break 3,240.2,112.6,1,9.25,5.1
22300310,T. Nwosu,Golden State Warriors,1,2,51,1.7,2PT Field Goal,Restricted Area,-9.9,13.8,1,1.73,3.5
22300380,T. Nwosu,Boston Celtics,4,6,31,1.3,2PT Field Goal,Restricted Area,-7.4,10.2,0,0.3,22.4
22300436,T. Nwosu,Golden State Warriors,1,7,1,15.9,2PT Field Goal,Mid-Range,117.6,106.5,0,3.71,11.1
22300744,T. Nwosu,Golden State Warriors,2,7,24,20.9,2PT Field Goal,Mid-Range,4.2,208.8,0,1.03,1.9
22300437,J. Carter,Los Angeles Lakers,2,8,52,0.4,2PT Field Goal,Restricted Area,-2.7,3.1,1,4.68,15.4
22300052,D. Reyes,Golden State Warriors,4,6,0,27.2,3PT Field Goal,Above the Break 3,245.0,118.7,1,1.68,22.8
22300115,B. Osei,New York Knicks,4,3,55,13.6,2PT Field Goal,In The Paint (Non-RA),97.9,94.8,1,4.41,20.0
22300416,R. Delgado,Miami Heat,4,6,2,16.9,2PT Field Goal,Mid-Range,-50.5,161.6,0,6.79,8.2
22300344,A. Kowalski,Milwaukee Bucks,4,9,49,0.2,2PT Field Goal,Restricted Area,0.6,1.9,0,3.19,12.3
22300205,L. Fitzgerald,Milwaukee Bucks,3,7,32,24.0,3PT Field Goal,Above the Break 3,124.0,205.8,0,2.68,5.9
22300667,D. Reyes,Golden State Warriors,3,5,23,2.2,2PT Field Goal,Restricted Area,-7.3,20.9,1,6.09,16.7
22300304,J. Carter,New York Knicks,4,8,28,5.3,2PT Field Goal,In The Paint (Non-RA),10.8,52.3,1,2.65,0.0
22300221,T. Nwosu,Milwaukee Bucks,3,0,33,27.1,3PT Field Goal,Above the Break 3,-76.9,259.8,0,4.15,18.3
22300468,R. Delgado,Miami Heat,1,4,42,26.2,3PT Field Goal,Above the Break 3,190.7,179.1,0,4.01,9.8
22300289,A. Kowalski,Golden State Warriors,3,8,33,23.5,3PT Field Goal,Above the Break 3,-141.4,187.5,0,1.47,8.1
22300200,D. Reyes,Miami Heat,2,3,21,27.7,3PT Field Goal,Above the Break 3,-32.6,275.5,0,6.43,9.6
22300246,T. Nwosu,Golden State Warriors,3,0,14,3.3,2PT Field Goal,Restricted Area,-29.1,16.6,0,1.9,6.8
22300804,D. Reyes,Boston Celtics,3,9,6,0.9,2PT Field Goal,Restricted Area,2.2,9.1,0,6.34,15.1
22300437,R. Delgado,New York Knicks,2,0,48,5.9,2PT Field Goal,In The Paint (Non-RA),-51.2,29.7,0,5.17,19.9
22300609,M. Okafor,New York Knicks,1,10,52,2.6,2PT Field Goal,Restricted Area,-9.4,23.9,1,1.94,9.3
22300602,K. Albrecht,Miami Heat,1,4,0,24.1,3PT Field Goal,Above the Break 3,139.5,197.1,0,3.54,12.7
22300980,J. Carter,Phoenix Suns,1,11,14,1.5,2PT Field Goal,Restricted Area,1.6,15.3,1,6.24,8.0
22300421,A. Kowalski,New York Knicks,1,8,59,2.3,2PT Field Goal,Restricted Area,-8.4,21.5,1,3.69,3.6
22300660,K. Albrecht,Golden State Warriors,1,0,2,1.0,2PT Field Goal,Restricted Area,-0.3,10.5,0,9.24,2.7
22300151,S. Whitfield,Boston Celtics,4,3,57,1.7,2PT Field Goal,Restricted Area,-13.5,10.5,0,2.11,17.5
22300517,B. Osei,Los Angeles Lakers,4,5,23,9.5,2PT Field Goal,In The Paint (Non-RA),-52.4,78.7,1,6.99,19.0
22300152,K. Albrecht,Denver Nuggets,2,9,12,1.9,2PT Field Goal,Restricted Area,15.5,10.1,1,0.63,0.8
22300275,J. Carter,New York Knicks,1,8,5,23.7,3PT Field Goal,Above the Break 3,-178.5,156.4,0,3.75,20.0
22300750,S. Whitfield,Boston Celtics,4,8,28,14.3,2PT Field Goal,Mid-Range,89.7,111.5,1,6.55,18.5
22300160,D. Reyes,Milwaukee Bucks,2,2,56,0.2,2PT Field Goal,Restricted Area,1.1,1.7,0,0.3,8.7
22300491,B. Osei,Golden State Warriors,3,3,33,26.2,3PT Field Goal,Above the Break 3,83.0,248.6,1,4.92,21.1
22300095,B. Osei,Denver Nuggets,3,7,25,24.5,3PT Field Goal,Above the Break 3,150.1,193.1,0,1.85,3.1
22300614,J. Carter,Milwaukee Bucks,3,11,30,2.2,2PT Field Goal,Restricted Area,-17.0,14.4,1,1.35,22.9
22300328,A. Kowalski,Phoenix Suns,3,6,56,26.1,3PT Field Goal,Above the Break 3,-85.7,247.0,0,2.67,0.0
22300805,S. Whitfield,Miami Heat,2,9,56,25.1,3PT Field Goal,Above the Break 3,-91.3,233.6,1,3.08,6.4
22300394,S. Whitfield,Boston Celtics,3,5,35,19.1,2PT Field Goal,Mid-Range,-116.6,150.8,1,3.2,23.2
22300732,K. Albrecht,Golden State Warriors,1,6,31,1.8,2PT Field Goal,Restricted Area,-10.7,14.7,1,2.96,14.4
22300841,K. Albrecht,Denver Nuggets,2,8,46,26.0,3PT Field Goal,Above the Break 3,-115.8,232.9,0,2.37,9.2
22300713,L. Fitzgerald,Golden State Warriors,4,5,38,26.9,3PT Field Goal,Above the Break 3,240.0,122.4,0,0.3,13.6
22300754,S. Whitfield,Phoenix Suns,4,3,44,0.2,2PT Field Goal,Restricted Area,-0.6,1.9,0,7.31,12.9
22300366,M. Okafor,Miami Heat,2,7,43,2.7,2PT Field Goal,Restricted Area,17.4,21.0,1,9.02,23.0
22300060,K. Albrecht,Miami Heat,3,8,44,25.5,3PT Field Goal,Above the Break 3,141.9,211.3,0,5.31,5.0
22300976,D. Reyes,Phoenix Suns,2,2,6,21.9,2PT Field Goal,Mid-Range,118.8,183.8,1,3.66,22.3
22300262,T. Nwosu,Milwaukee Bucks,1,9,40,1.9,2PT Field Goal,Restricted Area,-0.4,19.4,1,2.08,13.7
22300383,K. Albrecht,Los Angeles Lakers,1,11,57,18.4,2PT Field Goal,Mid-Range,3.6,183.9,1,4.91,20.7
22300528,K. Albrecht,Miami Heat,4,3,7,2.2,2PT Field Goal,Restricted Area,-15.2,16.1,0,4.92,2.9
22300235,R. Delgado,Milwaukee Bucks,1,1,27,27.0,3PT Field Goal,Above the Break 3,213.9,165.3,0,2.27,12.8
22300193,A. Kowalski,Boston Celtics,1,8,37,2.4,2PT Field Goal,Restricted Area,-7.0,22.9,1,3.89,4.1
22300720,R. Delgado,Golden State Warriors,3,4,51,1.5,2PT Field Goal,Restricted Area,7.2,13.1,0,5.95,0.6
22300042,T. Nwosu,Miami Heat,1,10,12,0.7,2PT Field Goal,Restricted Area,5.6,4.7,0,4.94,11.4
22300520,R. Delgado,Milwaukee Bucks,1,9,43,1.5,2PT Field Goal,Restricted Area,2.5,14.4,0,4.17,1.7
22300994,M. Okafor,Milwaukee Bucks,1,9,2,27.0,3PT Field Goal,Above the Break 3,-85.5,256.0,0,4.56,0.5
22300324,S. Whitfield,Denver Nuggets,1,4,59,1.5,2PT Field Goal,Restricted Area,11.5,9.3,0,2.65,13.0
22300058,D. Reyes,Denver Nuggets,3,10,8,10.8,2PT Field Goal,In The Paint (Non-RA),-88.3,62.5,1,4.16,19.9
22300860,K. Albrecht,Golden State Warriors,2,1,16,24.1,3PT Field Goal,Above the Break 3,137.1,197.6,0,4.45,6.2
22300078,T. Nwosu,Denver Nuggets,3,1,44,4.0,2PT Field Goal,In The Paint (Non-RA),-19.2,35.1,0,2.62,0.6
22300001,J. Carter,Miami Heat,2,9,22,4.0,2PT Field Goal,In The Paint (Non-RA),18.4,35.5,1,4.01,5.1
22300864,K. Albrecht,New York Knicks,4,2,18,27.0,3PT Field Goal,Above the Break 3,-167.2,212.1,0,6.32,17.2
22300584,M. Okafor,Phoenix Suns,4,11,51,1.4,2PT Field Goal,Restricted Area,11.2,8.5,1,6.61,16.2
22300987,K. Albrecht,Milwaukee Bucks,3,4,47,26.6,3PT Field Goal,Above the Break 3,-16.7,265.4,0,0.3,21.7
22300660,K. Albrecht,Golden State Warriors,4,1,44,25.7,3PT Field Goal,Above the Break 3,-204.1,157.0,0,1.06,21.8
22300906,S. Whitfield,Golden State Warriors,4,2,10,1.5,2PT Field Goal,Restricted Area,9.9,11.2,0,6.52,6.8
22300918,A. Kowalski,Boston Celtics,1,0,5,16.3,2PT Field Goal,Mid-Range,-58.6,151.7,1,5.23,14.8
22300168,A. Kowalski,Denver Nuggets,3,11,41,21.2,2PT Field Goal,Mid-Range,-173.6,122.0,0,5.27,4.8
22300847,T. Nwosu,Miami Heat,3,7,13,19.0,2PT Field Goal,Mid-Range,138.7,130.4,0,1.15,18.4
22300766,B. Osei,Milwaukee Bucks,4,9,16,2.3,2PT Field Goal,Restricted Area,-19.6,12.9,1,4.44,20.4
22300335,B. Osei,New York Knicks,4,11,56,9.8,2PT Field Goal,In The Paint (Non-RA),-62.6,74.9,1,5.58,14.0
22300307,T. Nwosu,Denver Nuggets,3,5,0,2.6,2PT Field Goal,Restricted Area,-17.5,19.6,1,5.24,23.9
22300322,K. Albrecht,Milwaukee Bucks,4,8,45,1.2,2PT Field Goal,Restricted Area,-2.6,11.4,1,2.65,22.8
22300760,T. Nwosu,Boston Celtics,3,3,7,0.8,2PT Field Goal,Restricted Area,7.3,3.5,0,2.99,5.6
22300244,R. Delgado,Denver Nuggets,4,11,53,27.5,3PT Field Goal,Above the Break 3,-233.3,145.0,0,4.97,3.5
22300543,S. Whitfield,New York Knicks,1,11,5,28.4,3PT Field Goal,Above the Break 3,259.9,114.7,0,4.69,3.5
22300782,L. Fitzgerald,Boston Celtics,1,7,31,4.0,2PT Field Goal,In The Paint (Non-RA),-20.2,34.5,1,7.19,5.1
22300919,M. Okafor,New York Knicks,3,5,0,19.0,2PT Field Goal,Mid-Range,-36.6,186.0,1,0.3,7.8
22300080,M. Okafor,Phoenix Suns,4,9,37,5.8,2PT Field Goal,In The Paint (Non-RA),37.0,45.0,1,2.94,2.7
22300721,A. Kowalski,Boston Celtics,1,6,18,3.2,2PT Field Goal,Restricted Area,23.7,21.4,0,7.05,4.3
22300072,A. Kowalski,Golden State Warriors,3,11,4,0.2,2PT Field Goal,Restricted Area,-1.5,1.3,1,1.7,21.6
22300660,T. Nwosu,Los Angeles Lakers,2,4,44,26.8,3PT Field Goal,Above the Break 3,117.7,241.3,1,4.52,15.5
22300867,T. Nwosu,Golden State Warriors,4,2,11,0.2,2PT Field Goal,Restricted Area,-0.2,2.0,1,7.5,13.1
22300814,K. Albrecht,Milwaukee Bucks,2,3,5,17.7,2PT Field Goal,Mid-Range,-147.7,97.3,0,2.0,17.1
22300973,R. Delgado,New York Knicks,4,0,37,23.0,3PT Field Goal,Above the Break 3,212.4,87.0,0,5.02,14.5
22300409,T. Nwosu,Boston Celtics,1,8,17,1.0,2PT Field Goal,Restricted Area,-2.1,9.9,0,8.59,17.1
22300593,T. Nwosu,New York Knicks,1,8,29,26.3,3PT Field Goal,Above the Break 3,117.7,235.1,0,1.41,1.8
22300238,L. Fitzgerald,Phoenix Suns,4,6,55,2.2,2PT Field Goal,Restricted Area,12.3,18.5,0,0.3,14.9
22300658,A. Kowalski,Denver Nuggets,2,5,54,25.3,3PT Field Goal,Above the Break 3,-145.5,206.8,0,6.64,3.0
22300485,M. Okafor,Los Angeles Lakers,3,0,51,25.0,3PT Field Goal,Above the Break 3,-122.7,218.4,1,3.18,9.8
22300486,J. Carter,Phoenix Suns,3,7,1,26.1,3PT Field Goal,Above the Break 3,-66.6,252.6,1,4.16,9.4
22300094,K. Albrecht,Phoenix Suns,2,4,24,24.9,3PT Field Goal,Above the Break 3,197.0,153.1,1,4.43,8.2
22300388,L. Fitzgerald,Milwaukee Bucks,3,5,34,28.4,3PT Field Goal,Above the Break 3,203.5,197.7,0,7.05,12.6
22300969,R. Delgado,Denver Nuggets,4,6,12,26.0,3PT Field Goal,Above the Break 3,92.9,242.8,0,3.62,16.6
22300302,L. Fitzgerald,New York Knicks,2,8,10,2.6,2PT Field Goal,Restricted Area,-9.3,24.3,0,6.5,0.9
22300559,T. Nwosu,Miami Heat,2,9,44,20.2,2PT Field Goal,Mid-Range,-86.5,182.2,0,5.99,17.0
22300164,L. Fitzgerald,Denver Nuggets,2,10,27,1.6,2PT Field Goal,Restricted Area,-5.3,14.8,1,4.25,13.3
22300110,J. Carter,Boston Celtics,4,5,11,0.2,2PT Field Goal,Restricted Area,-0.5,1.9,1,6.64,3.8
22300201,R. Delgado,Phoenix Suns,4,5,21,8.9,2PT Field Goal,In The Paint (Non-RA),-7.6,88.7,0,4.95,5.5
22300378,M. Okafor,Miami Heat,4,3,53,25.6,3PT Field Goal,Above the Break 3,-57.2,249.1,0,4.06,13.6
22300713,B. Osei,Los Angeles Lakers,3,1,46,26.9,3PT Field Goal,Above the Break 3,-99.6,249.8,0,11.07,17.2
22300652,A. Kowalski,Boston Celtics,1,5,2,2.2,2PT Field Goal,Restricted Area,12.5,18.3,0,0.3,15.2
22300371,L. Fitzgerald,Denver Nuggets,4,4,34,26.9,3PT Field Goal,Above the Break 3,210.5,167.7,0,1.67,6.4
22300251,K. Albrecht,Milwaukee Bucks,4,10,58,2.7,2PT Field Goal,Restricted Area,20.7,16.8,0,1.97,8.4
22300858,K. Albrecht,Los Angeles Lakers,2,11,1,2.0,2PT Field Goal,Restricted Area,-14.4,13.4,0,3.31,14.7
22300383,R. Delgado,Denver Nuggets,2,10,17,27.6,3PT Field Goal,Above the Break 3,52.2,270.9,0,4.65,19.1
22300461,K. Albrecht,Phoenix Suns,1,2,6,26.6,3PT Field Goal,Above the Break 3,-186.2,190.3,0,3.76,20.3
22300575,B. Osei,Los Angeles Lakers,3,4,45,25.5,3PT Field Goal,Above the Break 3,199.2,158.6,1,9.37,18.3
22300421,J. Carter,Milwaukee Bucks,1,4,41,1.4,2PT Field Goal,Restricted Area,0.3,13.9,1,3.1,13.5
22300171,R. Delgado,Phoenix Suns,3,0,46,4.6,2PT Field Goal,In The Paint (Non-RA),-42.5,18.8,0,1.82,14.2
22300983,L. Fitzgerald,Miami Heat,3,1,13,25.8,3PT Field Goal,Above the Break 3,174.1,189.9,0,4.29,23.5
22300899,M. Okafor,Los Angeles Lakers,4,4,2,2.6,2PT Field Goal,Restricted Area,10.5,24.2,0,3.28,15.4
22300377,A. Kowalski,Boston Celtics,2,0,58,22.5,3PT Field Goal,Above the Break 3,-177.5,138.3,1,3.15,15.9
22300247,M. Okafor,Miami Heat,2,2,2,23.0,3PT Field Goal,Above the Break 3,173.0,151.1,0,6.33,8.4
22300918,B. Osei,New York Knicks,3,3,25,10.7,2PT Field Goal,In The Paint (Non-RA),-92.7,54.2,1,4.96,19.9
22300133,B. Osei,Golden State Warriors,2,1,13,27.3,3PT Field Goal,Above the Break 3,220.4,161.8,0,6.79,7.2
22300876,B. Osei,Denver Nuggets,2,4,58,7.3,2PT Field Goal,In The Paint (Non-RA),67.5,27.5,1,1.85,10.0
22300110,S. Whitfield,Boston Celtics,2,1,2,25.0,3PT Field Goal,Above the Break 3,-33.3,247.3,0,5.62,21.2
22300124,J. Carter,Miami Heat,4,9,4,19.4,2PT Field Goal,Mid-Range,45.6,188.2,0,4.28,6.2
22300854,M. Okafor,Golden State Warriors,4,7,33,1.9,2PT Field Goal,Restricted Area,-4.8,18.4,0,2.85,17.9
22300159,D. Reyes,Boston Celtics,2,2,14,18.4,2PT Field Goal,Mid-Range,-9.1,183.5,0,0.7,6.5
22300061,K. Albrecht,Milwaukee Bucks,2,9,38,16.7,2PT Field Goal,Mid-Range,117.3,118.5,0,4.06,1.6
22300244,A. Kowalski,Denver Nuggets,1,7,27,20.3,2PT Field Goal,Mid-Range,129.0,156.4,0,1.62,23.6
22300030,A. Kowalski,Denver Nuggets,3,5,3,0.7,2PT Field Goal,Restricted Area,-1.4,6.5,0,5.87,16.1
22300837,T. Nwosu,New York Knicks,3,0,54,28.7,3PT Field Goal,Above the Break 3,204.5,201.3,1,5.27,5.6
22300781,T. Nwosu,Miami Heat,4,8,37,28.7,3PT Field Goal,Above the Break 3,-118.0,261.3,0,5.32,4.1
22300319,M. Okafor,Phoenix Suns,2,2,6,2.1,2PT Field Goal,Restricted Area,13.0,16.1,1,10.54,20.9
22300549,T. Nwosu,Phoenix Suns,2,3,5,23.3,3PT Field Goal,Above the Break 3,-99.1,211.4,1,7.1,8.1
22300953,M. Okafor,Milwaukee Bucks,3,8,35,21.3,2PT Field Goal,Mid-Range,151.2,149.8,0,0.3,17.9
22300422,T. Nwosu,Denver Nuggets,1,8,7,0.5,2PT Field Goal,Restricted Area,-2.4,3.9,0,5.58,16.6
22300043,S. Whitfield,Phoenix Suns,4,3,58,26.1,3PT Field Goal,Above the Break 3,9.6,260.5,0,4.71,16.0
22300970,R. Delgado,New York Knicks,4,1,17,13.6,2PT Field Goal,In The Paint (Non-RA),-93.5,98.9,0,4.72,16.7
22300679,L. Fitzgerald,Denver Nuggets,2,2,23,29.0,3PT Field Goal,Above the Break 3,-247.3,151.5,1,3.11,19.3
22300150,A. Kowalski,Milwaukee Bucks,1,9,27,24.2,3PT Field Goal,Above the Break 3,-49.9,236.3,0,6.31,18.4
22300593,S. Whitfield,New York Knicks,3,6,32,14.7,2PT Field Goal,Mid-Range,-123.7,80.0,1,0.3,21.3
22300777,S. Whitfield,Denver Nuggets,3,11,35,3.1,2PT Field Goal,Restricted Area,-23.3,20.3,1,1.22,5.4
22300683,K. Albrecht,Denver Nuggets,4,4,26,26.2,3PT Field Goal,Above the Break 3,-75.0,251.2,0,5.62,3.2
22300368,T. Nwosu,Milwaukee Bucks,4,10,25,14.2,2PT Field Goal,Mid-Range,83.2,115.2,0,4.66,0.8
22300896,J. Carter,Los Angeles Lakers,4,10,11,25.1,3PT Field Goal,Above the Break 3,-77.9,238.9,1,6.3,15.7
22300899,D. Reyes,Phoenix Suns,4,8,23,2.5,2PT Field Goal,Restricted Area,-22.3,11.5,0,3.37,21.5
22300140,T. Nwosu,Miami Heat,2,5,56,25.1,3PT Field Goal,Above the Break 3,-44.4,247.1,0,3.02,8.7
22300037,R. Delgado,Boston Celtics,2,0,21,25.0,3PT Field Goal,Above the Break 3,-45.9,246.2,1,6.0,21.5
22300093,J. Carter,Denver Nuggets,3,8,47,0.8,2PT Field Goal,Restricted Area,-4.5,6.7,1,4.6,19.1
22300102,K. Albrecht,Miami Heat,4,0,26,8.0,2PT Field Goal,In The Paint (Non-RA),-30.0,74.2,0,0.31,2.3
22300701,D. Reyes,Miami Heat,2,1,57,2.2,2PT Field Goal,Restricted Area,-1.3,22.1,1,6.36,11.5
22300105,A. Kowalski,New York Knicks,3,11,37,3.4,2PT Field Goal,Restricted Area,1.2,34.2,0,1.76,11.5
22300013,R. Delgado,New York Knicks,3,9,34,0.2,2PT Field Goal,Restricted Area,0.5,1.9,0,6.23,11.8
22300192,D. Reyes,Phoenix Suns,4,3,17,1.8,2PT Field Goal,Restricted Area,15.7,8.9,0,4.65,17.0
22300343,S. Whitfield,Phoenix Suns,4,6,41,3.9,2PT Field Goal,Restricted Area,33.9,19.0,0,5.53,8.9
22300739,K. Albrecht,Phoenix Suns,3,8,8,25.5,3PT Field Goal,Above the Break 3,107.9,231.0,0,6.54,13.9
22300240,A. Kowalski,Milwaukee Bucks,4,4,11,4.5,2PT Field Goal,In The Paint (Non-RA),-13.9,43.0,0,1.93,3.8
22300049,J. Carter,Los Angeles Lakers,1,4,44,14.8,2PT Field Goal,Mid-Range,-135.1,60.4,1,5.7,22.8
22300180,B. Osei,Los Angeles Lakers,4,1,19,0.2,2PT Field Goal,Restricted Area,-0.3,2.0,1,4.09,17.0
22300199,L. Fitzgerald,Milwaukee Bucks,4,0,46,1.8,2PT Field Goal,Restricted Area,-9.0,15.2,0,3.65,11.0
22300067,K. Albrecht,Denver Nuggets,2,8,36,26.9,3PT Field Goal,Above the Break 3,75.9,257.7,0,4.24,14.4
22300776,B. Osei,Phoenix Suns,1,4,2,4.1,2PT Field Goal,In The Paint (Non-RA),-26.1,31.9,1,3.08,7.6
22300405,S. Whitfield,Milwaukee Bucks,4,10,53,21.0,2PT Field Goal,Mid-Range,51.3,203.5,0,4.32,22.1
22300354,B. Osei,Milwaukee Bucks,1,8,23,7.3,2PT Field Goal,In The Paint (Non-RA),-38.8,61.8,0,4.78,22.3
22300490,D. Reyes,New York Knicks,1,5,16,18.9,2PT Field Goal,Mid-Range,-134.3,133.5,0,2.78,22.3
22300815,K. Albrecht,Los Angeles Lakers,1,6,0,24.1,3PT Field Goal,Above the Break 3,-209.9,118.9,0,6.7,19.2
22300400,B. Osei,Golden State Warriors,4,0,47,0.3,2PT Field Goal,Restricted Area,-0.1,3.0,0,4.44,18.3
22300804,S. Whitfield,Miami Heat,3,1,3,6.6,2PT Field Goal,In The Paint (Non-RA),-51.4,41.6,0,1.73,2.6
22300114,A. Kowalski,New York Knicks,3,5,36,17.2,2PT Field Goal,Mid-Range,-114.5,128.1,1,5.26,5.5
22300669,R. Delgado,Phoenix Suns,3,4,55,1.9,2PT Field Goal,Restricted Area,-9.7,16.2,0,5.4,7.3
22300563,D. Reyes,Boston Celtics,2,11,0,26.4,3PT Field Goal,Above the Break 3,-191.9,181.5,0,0.98,18.5
22300285,K. Albrecht,New York Knicks,4,10,45,13.5,2PT Field Goal,In The Paint (Non-RA),-123.6,54.4,1,4.88,2.8
22300591,T. Nwosu,Miami Heat,2,11,3,0.2,2PT Field Goal,Restricted Area,-1.6,1.3,1,3.37,4.3
22300246,A. Kowalski,Milwaukee Bucks,3,5,54,24.3,3PT Field Goal,Above the Break 3,125.8,207.9,0,4.8,14.5
22300117,J. Carter,New York Knicks,3,6,53,26.4,3PT Field Goal,Above the Break 3,-49.1,259.8,0,3.83,9.1
22300550,R. Delgado,Phoenix Suns,4,4,45,21.8,2PT Field Goal,Mid-Range,87.4,199.7,1,5.1,22.4
22300679,L. Fitzgerald,Los Angeles Lakers,1,0,19,26.1,3PT Field Goal,Above the Break 3,116.0,233.6,0,4.64,8.7
22300961,A. Kowalski,Boston Celtics,1,5,23,0.2,2PT Field Goal,Restricted Area,0.5,1.9,0,0.3,22.0
22300864,M. Okafor,Miami Heat,2,9,58,21.6,2PT Field Goal,Mid-Range,34.8,212.7,1,4.4,12.2
22300766,L. Fitzgerald,Milwaukee Bucks,3,6,0,24.2,3PT Field Goal,Above the Break 3,177.4,164.2,1,5.47,7.1
22300353,B. Osei,Golden State Warriors,4,2,9,25.8,3PT Field Goal,Above the Break 3,-216.4,140.1,1,5.86,10.4
22300606,B. Osei,Denver Nuggets,1,0,34,17.4,2PT Field Goal,Mid-Range,-74.1,157.3,1,7.03,8.6
22300079,B. Osei,Phoenix Suns,4,1,41,17.0,2PT Field Goal,Mid-Range,-156.5,65.3,0,4.99,0.2
22300855,B. Osei,Golden State Warriors,3,0,36,11.8,2PT Field Goal,In The Paint (Non-RA),-14.1,117.2,0,7.2,19.8
22300126,B. Osei,Miami Heat,3,3,34,18.3,2PT Field Goal,Mid-Range,139.7,117.7,0,6.17,21.5
22300248,T. Nwosu,Phoenix Suns,1,6,14,18.7,2PT Field Goal,Mid-Range,9.6,187.2,0,3.15,8.0
22300097,R. Delgado,Boston Celtics,4,2,47,24.2,3PT Field Goal,Above the Break 3,180.4,162.0,0,2.65,3.2
22300573,J. Carter,Miami Heat,3,8,24,24.1,3PT Field Goal,Above the Break 3,63.8,231.9,1,7.11,20.9
22300397,L. Fitzgerald,Golden State Warriors,1,5,14,27.6,3PT Field Goal,Above the Break 3,-243.0,130.3,0,5.82,9.5
22300661,B. Osei,Miami Heat,1,10,50,22.5,3PT Field Goal,Above the Break 3,-187.1,125.0,0,0.3,15.1
22300840,T. Nwosu,Los Angeles Lakers,4,10,6,1.3,2PT Field Goal,Restricted Area,5.2,12.3,0,1.84,23.6
22300682,R. Delgado,Phoenix Suns,2,11,58,26.5,3PT Field Goal,Above the Break 3,233.7,125.1,1,6.86,4.7
22300532,M. Okafor,Golden State Warriors,2,10,34,7.7,2PT Field Goal,In The Paint (Non-RA),-55.8,52.7,1,4.59,10.3
22300412,M. Okafor,Boston Celtics,3,1,31,26.8,3PT Field Goal,Above the Break 3,226.7,142.2,1,0.31,14.6
22300640,A. Kowalski,Miami Heat,1,3,40,2.1,2PT Field Goal,Restricted Area,9.3,19.1,1,5.22,7.2
22300005,K. Albrecht,Miami Heat,1,1,35,6.6,2PT Field Goal,In The Paint (Non-RA),-50.0,43.1,1,6.47,16.8
22300559,L. Fitzgerald,Los Angeles Lakers,2,1,19,24.5,3PT Field Goal,Above the Break 3,-113.0,217.4,0,5.7,11.5
22300986,R. Delgado,Miami Heat,4,4,38,2.4,2PT Field Goal,Restricted Area,17.6,16.4,0,4.12,18.8
22300791,J. Carter,Denver Nuggets,1,4,49,2.5,2PT Field Goal,Restricted Area,18.6,16.1,1,3.78,19.9
22300004,R. Delgado,Phoenix Suns,1,1,57,4.7,2PT Field Goal,In The Paint (Non-RA),20.3,42.2,0,3.02,10.9
22300948,K. Albrecht,Los Angeles Lakers,3,6,38,27.4,3PT Field Goal,Above the Break 3,240.4,132.2,0,3.05,22.2
22300188,L. Fitzgerald,Los Angeles Lakers,2,0,5,3.3,2PT Field Goal,Restricted Area,20.5,26.0,1,4.84,6.1
22300734,D. Reyes,Miami Heat,1,0,35,27.1,3PT Field Goal,Above the Break 3,230.9,142.3,0,9.94,21.5
22300189,K. Albrecht,New York Knicks,1,9,29,2.8,2PT Field Goal,Restricted Area,-7.2,26.9,1,10.09,2.0
22300453,M. Okafor,New York Knicks,1,6,4,2.8,2PT Field Goal,Restricted Area,-4.0,28.0,0,3.84,4.4
22300326,M. Okafor,Phoenix Suns,1,4,35,20.7,2PT Field Goal,Mid-Range,-83.9,189.6,0,0.86,10.8
22300065,J. Carter,Golden State Warriors,3,4,0,21.0,2PT Field Goal,Mid-Range,-131.1,164.4,1,4.01,10.6
22300730,J. Carter,Los Angeles Lakers,2,7,21,23.3,3PT Field Goal,Above the Break 3,-104.4,208.0,1,3.58,20.7
22300158,R. Delgado,Milwaukee Bucks,2,7,37,26.4,3PT Field Goal,Above the Break 3,-197.8,175.6,0,3.65,16.1
22300247,L. Fitzgerald,Los Angeles Lakers,1,1,14,0.8,2PT Field Goal,Restricted Area,7.1,4.0,0,0.43,12.6
22300917,S. Whitfield,Milwaukee Bucks,1,11,1,26.3,3PT Field Goal,Above the Break 3,75.3,252.5,1,4.06,23.8
22300217,R. Delgado,Milwaukee Bucks,3,8,23,16.3,2PT Field Goal,Mid-Range,143.5,76.8,0,2.75,21.5
22300351,D. Reyes,Golden State Warriors,2,1,18,5.2,2PT Field Goal,In The Paint (Non-RA),-39.6,34.3,1,4.33,1.7
22300888,R. Delgado,Miami Heat,3,9,43,24.2,3PT Field Goal,Above the Break 3,71.8,231.6,0,0.71,15.3
22300982,J. Carter,Boston Celtics,3,0,36,26.5,3PT Field Goal,Above the Break 3,-33.5,263.2,1,4.3,8.5
22300400,B. Osei,Denver Nuggets,3,11,2,11.4,2PT Field Goal,In The Paint (Non-RA),94.7,63.9,0,1.46,19.4
22300683,K. Albrecht,Boston Celtics,3,10,55,26.8,3PT Field Goal,Above the Break 3,-244.2,111.3,0,2.33,7.5
22300814,S. Whitfield,Los Angeles Lakers,2,0,0,1.8,2PT Field Goal,Restricted Area,4.4,17.2,1,2.74,22.2
22300816,R. Delgado,Phoenix Suns,2,0,41,4.0,2PT Field Goal,In The Paint (Non-RA),2.3,39.9,1,2.97,20.2
22300781,B. Osei,Miami Heat,3,5,36,24.3,3PT Field Goal,Above the Break 3,-211.4,119.3,0,2.98,0.4
22300801,B. Osei,Milwaukee Bucks,4,9,50,4.0,2PT Field Goal,In The Paint (Non-RA),-2.5,39.9,0,2.94,13.6
22300911,A. Kowalski,Miami Heat,2,10,34,20.8,2PT Field Goal,Mid-Range,-100.0,182.8,0,2.82,10.3
22300280,D. Reyes,Phoenix Suns,1,7,24,4.6,2PT Field Goal,In The Paint (Non-RA),-21.5,40.3,1,2.62,18.8
22300718,K. Albrecht,Milwaukee Bucks,4,9,16,2.9,2PT Field Goal,Restricted Area,-26.0,13.6,1,2.91,14.7
22300480,L. Fitzgerald,Miami Heat,3,9,52,22.5,3PT Field Goal,Above the Break 3,157.9,160.3,0,3.42,17.6
22300196,L. Fitzgerald,Los Angeles Lakers,2,10,43,26.2,3PT Field Goal,Above the Break 3,-173.7,196.6,1,8.49,14.2
22300534,L. Fitzgerald,New York Knicks,2,7,17,2.8,2PT Field Goal,Restricted Area,23.4,15.9,1,6.3,23.2
22300460,J. Carter,Boston Celtics,1,2,15,3.1,2PT Field Goal,Restricted Area,-23.6,20.4,0,2.86,1.1
22300877,L. Fitzgerald,Boston Celtics,3,1,20,24.2,3PT Field Goal,Above the Break 3,189.3,151.3,0,1.1,14.2
22300441,D. Reyes,Los Angeles Lakers,3,3,35,22.5,3PT Field Goal,Above the Break 3,200.5,102.7,1,6.79,19.1
22300238,B. Osei,Denver Nuggets,4,4,58,24.9,3PT Field Goal,Above the Break 3,-9.1,248.4,0,4.18,22.2
22300445,D. Reyes,Phoenix Suns,2,11,14,11.9,2PT Field Goal,In The Paint (Non-RA),89.1,78.2,1,5.01,6.5
22300825,K. Albrecht,Golden State Warriors,4,11,56,1.5,2PT Field Goal,Restricted Area,-8.1,12.5,0,6.85,6.4
22300051,B. Osei,Phoenix Suns,4,11,41,7.9,2PT Field Goal,In The Paint (Non-RA),-60.0,52.1,0,0.3,12.0
22300423,B. Osei,Los Angeles Lakers,4,1,44,4.0,2PT Field Goal,In The Paint (Non-RA),21.4,33.8,1,2.83,19.8
22300053,L. Fitzgerald,New York Knicks,4,1,14,10.8,2PT Field Goal,In The Paint (Non-RA),17.5,106.9,0,4.64,9.3
22300936,J. Carter,Phoenix Suns,3,3,51,1.5,2PT Field Goal,Restricted Area,11.3,10.2,1,7.39,9.4
22300274,J. Carter,Los Angeles Lakers,2,9,53,1.9,2PT Field Goal,Restricted Area,2.3,18.5,1,4.03,7.1
22300432,J. Carter,Boston Celtics,3,8,13,10.2,2PT Field Goal,In The Paint (Non-RA),92.9,41.2,0,4.4,5.7
22300436,S. Whitfield,Boston Celtics,1,7,1,4.0,2PT Field Goal,In The Paint (Non-RA),-7.4,39.3,0,4.13,2.6
22300584,J. Carter,Los Angeles Lakers,2,1,16,5.1,2PT Field Goal,In The Paint (Non-RA),-11.1,49.6,1,4.12,17.5
22300692,A. Kowalski,Boston Celtics,1,1,8,14.6,2PT Field Goal,Mid-Range,86.6,117.8,0,4.56,2.2
22300554,K. Albrecht,Los Angeles Lakers,1,4,31,15.7,2PT Field Goal,Mid-Range,144.3,60.9,0,2.92,7.3
22300397,B. Osei,Denver Nuggets,1,3,35,22.5,3PT Field Goal,Above the Break 3,-90.0,206.2,0,2.6,16.4
22300161,R. Delgado,Phoenix Suns,4,1,29,24.9,3PT Field Goal,Above the Break 3,-140.6,206.0,1,3.35,23.7
22300428,M. Okafor,Golden State Warriors,4,0,37,17.4,2PT Field Goal,Mid-Range,117.7,127.6,0,5.64,12.5
22300504,D. Reyes,Boston Celtics,1,0,4,28.2,3PT Field Goal,Above the Break 3,-135.8,246.6,1,6.87,10.3
22300663,D. Reyes,Phoenix Suns,2,3,25,11.6,2PT Field Goal,In The Paint (Non-RA),-84.1,79.2,0,4.51,21.3
22300286,D. Reyes,Phoenix Suns,1,5,46,22.5,3PT Field Goal,Above the Break 3,33.8,222.4,1,3.6,7.7
22300565,S. Whitfield,Los Angeles Lakers,2,3,42,0.2,2PT Field Goal,Restricted Area,-0.9,1.8,1,7.01,14.8
22300592,R. Delgado,Los Angeles Lakers,3,3,39,14.6,2PT Field Goal,Mid-Range,-117.3,87.0,1,5.49,21.4
22300360,K. Albrecht,Golden State Warriors,3,3,47,26.3,3PT Field Goal,Above the Break 3,74.3,252.6,0,5.89,7.2
22300794,B. Osei,Boston Celtics,1,4,28,16.8,2PT Field Goal,Mid-Range,-42.1,162.4,0,3.94,20.0
22300878,R. Delgado,Los Angeles Lakers,2,5,41,12.8,2PT Field Goal,In The Paint (Non-RA),-103.1,75.5,0,3.27,0.9
22300760,K. Albrecht,Boston Celtics,3,5,54,23.9,3PT Field Goal,Above the Break 3,-105.2,214.8,0,5.33,14.2
22300175,S. Whitfield,Milwaukee Bucks,3,9,4,2.4,2PT Field Goal,Restricted Area,-4.7,23.4,0,3.86,11.4
22300199,J. Carter,Milwaukee Bucks,2,8,33,24.8,3PT Field Goal,Above the Break 3,-184.7,165.6,0,6.88,6.5
22300268,L. Fitzgerald,Golden State Warriors,2,0,14,0.2,2PT Field Goal,Restricted Area,0.9,1.8,1,2.22,7.6
22300168,M. Okafor,Los Angeles Lakers,4,7,21,1.2,2PT Field Goal,Restricted Area,-10.5,5.7,0,4.97,1.8
22300932,T. Nwosu,Milwaukee Bucks,3,2,30,1.9,2PT Field Goal,Restricted Area,-3.4,18.2,0,4.26,12.9
22300265,R. Delgado,Phoenix Suns,3,10,3,1.5,2PT Field Goal,Restricted Area,-6.6,14.0,0,1.92,16.0
22300839,B. Osei,Denver Nuggets,3,7,58,23.9,3PT Field Goal,Above the Break 3,199.8,131.8,1,3.42,23.3
22300065,R. Delgado,New York Knicks,3,7,48,2.2,2PT Field Goal,Restricted Area,-16.9,13.6,0,1.84,15.1
22300374,S. Whitfield,Phoenix Suns,4,2,29,1.1,2PT Field Goal,Restricted Area,-8.9,5.7,1,3.42,1.5
22300409,L. Fitzgerald,New York Knicks,4,8,6,14.2,2PT Field Goal,Mid-Range,-57.1,130.2,1,3.61,12.4
22300516,D. Reyes,Phoenix Suns,3,1,57,26.6,3PT Field Goal,Above the Break 3,235.9,123.8,1,10.23,21.6
22300713,M. Okafor,Milwaukee Bucks,4,1,39,25.5,3PT Field Goal,Above the Break 3,-13.1,254.8,0,1.86,16.4
22300857,L. Fitzgerald,Miami Heat,1,8,57,5.1,2PT Field Goal,In The Paint (Non-RA),39.6,32.3,0,5.69,9.7
22300761,R. Delgado,Boston Celtics,1,8,38,1.8,2PT Field Goal,Restricted Area,-16.3,8.6,0,3.18,3.5
22300216,K. Albrecht,Miami Heat,3,4,12,24.2,3PT Field Goal,Above the Break 3,153.0,187.0,0,5.05,1.2
22300013,R. Delgado,Miami Heat,1,5,32,0.6,2PT Field Goal,Restricted Area,2.7,4.9,0,3.46,9.2
22300993,L. Fitzgerald,Boston Celtics,2,0,46,1.5,2PT Field Goal,Restricted Area,13.6,6.4,1,2.4,19.2
22300215,R. Delgado,New York Knicks,2,5,2,0.3,2PT Field Goal,Restricted Area,-2.2,2.4,0,7.46,5.3
22300090,A. Kowalski,Milwaukee Bucks,3,10,16,13.7,2PT Field Goal,In The Paint (Non-RA),-109.1,83.0,0,6.76,19.1
22300843,L. Fitzgerald,New York Knicks,3,11,33,23.2,3PT Field Goal,Above the Break 3,210.0,99.6,0,0.3,20.1
22300393,J. Carter,New York Knicks,4,7,51,24.8,3PT Field Goal,Above the Break 3,212.6,127.3,0,3.89,14.9
22300701,A. Kowalski,Miami Heat,1,2,6,20.4,2PT Field Goal,Mid-Range,6.9,204.3,0,3.41,0.3
22300997,M. Okafor,Los Angeles Lakers,1,2,52,19.4,2PT Field Goal,Mid-Range,158.1,112.6,0,0.61,7.2
22300393,A. Kowalski,Golden State Warriors,3,3,13,16.1,2PT Field Goal,Mid-Range,111.3,116.0,0,4.6,22.2
22300113,D. Reyes,Boston Celtics,2,6,28,18.2,2PT Field Goal,Mid-Range,33.5,178.7,0,5.37,22.3
22300793,T. Nwosu,Los Angeles Lakers,4,2,19,2.7,2PT Field Goal,Restricted Area,-2.2,27.3,1,4.34,17.7
22300533,L. Fitzgerald,Miami Heat,4,7,52,0.4,2PT Field Goal,Restricted Area,-3.9,1.9,1,5.27,20.0
22300605,T. Nwosu,Golden State Warriors,2,10,21,2.8,2PT Field Goal,Restricted Area,11.2,25.5,0,8.24,17.6
22300899,D. Reyes,Miami Heat,2,4,12,27.5,3PT Field Goal,Above the Break 3,152.4,229.4,1,3.2,11.1
22300451,L. Fitzgerald,Golden State Warriors,1,10,54,17.1,2PT Field Goal,Mid-Range,35.4,167.5,1,7.06,0.0
22300893,R. Delgado,Miami Heat,3,4,34,23.4,3PT Field Goal,Above the Break 3,134.6,191.5,1,9.17,20.2
22300825,S. Whitfield,Los Angeles Lakers,1,11,35,1.5,2PT Field Goal,Restricted Area,-0.7,14.7,0,0.3,2.4
22300601,S. Whitfield,Milwaukee Bucks,2,1,28,26.3,3PT Field Goal,Above the Break 3,-154.0,212.7,1,3.72,4.5
22300522,K. Albrecht,Golden State Warriors,3,10,17,12.1,2PT Field Goal,In The Paint (Non-RA),105.7,58.2,0,7.3,11.9
22300637,M. Okafor,New York Knicks,4,0,17,26.1,3PT Field Goal,Above the Break 3,-219.2,142.1,0,5.0,22.9
22300956,J. Carter,Milwaukee Bucks,3,8,11,20.6,2PT Field Goal,Mid-Range,-106.7,175.7,0,2.85,9.5
22300465,B. Osei,Milwaukee Bucks,1,0,23,16.4,2PT Field Goal,Mid-Range,-105.2,125.2,1,7.47,12.7
22300952,B. Osei,Golden State Warriors,4,5,14,22.5,3PT Field Goal,Above the Break 3,57.8,217.5,1,6.25,21.3
22300082,S. Whitfield,Miami Heat,2,3,22,15.9,2PT Field Goal,Mid-Range,-13.8,158.3,1,0.6,13.2
22300778,J. Carter,Los Angeles Lakers,3,2,18,20.2,2PT Field Goal,Mid-Range,34.4,199.2,0,6.1,1.3
22300169,A. Kowalski,Golden State Warriors,3,4,34,1.6,2PT Field Goal,Restricted Area,-1.3,16.0,0,3.83,13.7
22300677,T. Nwosu,Miami Heat,1,7,15,20.1,2PT Field Goal,Mid-Range,52.4,193.5,0,4.7,18.1
22300439,R. Delgado,Golden State Warriors,2,1,7,3.4,2PT Field Goal,Restricted Area,-27.0,20.0,1,1.58,6.7
22300301,B. Osei,New York Knicks,2,6,46,2.1,2PT Field Goal,Restricted Area,-6.3,19.9,0,5.47,5.4
22300695,J. Carter,New York Knicks,3,5,55,0.2,2PT Field Goal,Restricted Area,0.2,2.0,0,4.62,23.4
22300199,M. Okafor,Los Angeles Lakers,1,2,26,10.1,2PT Field Goal,In The Paint (Non-RA),25.4,97.3,0,2.11,3.2
22300317,T. Nwosu,Milwaukee Bucks,2,8,15,2.6,2PT Field Goal,Restricted Area,-3.8,25.3,0,3.48,4.4
22300030,D. Reyes,Milwaukee Bucks,3,9,35,27.5,3PT Field Goal,Above the Break 3,-240.1,133.3,1,7.48,17.4
22300922,T. Nwosu,Boston Celtics,2,8,27,0.2,2PT Field Goal,Restricted Area,0.9,1.8,1,7.73,17.6
22300634,R. Delgado,Los Angeles Lakers,2,5,32,2.3,2PT Field Goal,Restricted Area,0.1,22.8,0,0.86,19.7
22300711,B. Osei,Denver Nuggets,1,3,59,25.5,3PT Field Goal,Above the Break 3,227.0,115.2,1,5.39,8.5
22300299,B. Osei,Los Angeles Lakers,1,6,54,1.5,2PT Field Goal,Restricted Area,-5.4,13.9,0,3.57,14.8
22300932,M. Okafor,New York Knicks,4,5,41,11.0,2PT Field Goal,In The Paint (Non-RA),45.5,99.7,0,3.09,5.2
22300746,J. Carter,Boston Celtics,4,11,9,0.3,2PT Field Goal,Restricted Area,-2.7,1.4,1,4.82,5.4
22300453,S. Whitfield,New York Knicks,1,0,42,2.1,2PT Field Goal,Restricted Area,8.8,18.6,1,7.7,17.6
22300504,J. Carter,Los Angeles Lakers,4,1,42,4.5,2PT Field Goal,In The Paint (Non-RA),-38.2,23.1,1,5.51,23.0
22300569,A. Kowalski,New York Knicks,4,7,2,29.0,3PT Field Goal,Above the Break 3,77.6,279.4,0,2.08,20.8
22300445,T. Nwosu,Denver Nuggets,4,11,12,1.6,2PT Field Goal,Restricted Area,5.0,15.2,1,4.38,14.9
22300499,A. Kowalski,Phoenix Suns,3,8,48,28.6,3PT Field Goal,Above the Break 3,138.5,250.0,0,5.27,11.8
22300667,L. Fitzgerald,Boston Celtics,4,6,7,25.1,3PT Field Goal,Above the Break 3,0.5,250.9,1,6.78,7.7
22300439,M. Okafor,Denver Nuggets,3,2,22,19.6,2PT Field Goal,Mid-Range,-7.2,196.2,0,4.11,0.8
22300793,M. Okafor,Miami Heat,3,10,43,4.0,2PT Field Goal,In The Paint (Non-RA),-31.5,24.7,1,4.57,15.5
22300729,B. Osei,New York Knicks,2,11,50,1.4,2PT Field Goal,Restricted Area,-8.0,12.0,1,4.8,1.9
22300723,B. Osei,Milwaukee Bucks,3,7,33,4.0,2PT Field Goal,In The Paint (Non-RA),26.6,29.9,1,5.74,9.6
22300182,A. Kowalski,Golden State Warriors,1,6,22,3.6,2PT Field Goal,Restricted Area,31.8,16.9,1,0.3,0.5
22300254,R. Delgado,Milwaukee Bucks,4,6,40,25.3,3PT Field Goal,Above the Break 3,-96.7,233.4,1,7.42,9.9
22300552,L. Fitzgerald,Denver Nuggets,4,0,7,1.2,2PT Field Goal,Restricted Area,1.1,12.3,1,5.0,11.5
22300723,K. Albrecht,Golden State Warriors,2,10,47,23.8,3PT Field Goal,Above the Break 3,-116.5,207.2,0,4.29,6.5
22300092,L. Fitzgerald,Boston Celtics,1,10,16,14.5,2PT Field Goal,Mid-Range,-71.7,126.1,0,1.8,6.1
22300620,M. Okafor,Golden State Warriors,2,5,12,1.0,2PT Field Goal,Restricted Area,6.4,7.6,1,4.87,3.3
22300686,L. Fitzgerald,Boston Celtics,1,10,44,3.5,2PT Field Goal,Restricted Area,25.2,24.8,1,8.76,8.0
22300841,R. Delgado,Boston Celtics,4,7,4,23.1,3PT Field Goal,Above the Break 3,63.6,222.3,0,2.92,10.7
22300668,S. Whitfield,Golden State Warriors,2,6,18,14.3,2PT Field Goal,Mid-Range,110.1,91.7,0,0.57,1.7
22300463,L. Fitzgerald,Golden State Warriors,4,6,5,1.8,2PT Field Goal,Restricted Area,-16.6,6.9,1,5.27,5.9
22300348,M. Okafor,Golden State Warriors,4,1,9,26.9,3PT Field Goal,Above the Break 3,221.7,152.8,0,4.33,14.9
22300712,S. Whitfield,Golden State Warriors,4,10,31,2.2,2PT Field Goal,Restricted Area,-17.4,12.7,0,4.16,20.0
22300496,J. Carter,Phoenix Suns,1,2,49,6.3,2PT Field Goal,In The Paint (Non-RA),-56.8,26.5,0,0.81,21.3
22300861,D. Reyes,Los Angeles Lakers,1,1,34,1.7,2PT Field Goal,Restricted Area,-13.1,10.2,0,5.23,5.7
22300263,M. Okafor,Miami Heat,4,1,32,21.4,2PT Field Goal,Mid-Range,-118.7,178.6,1,5.72,23.1
22300196,R. Delgado,Los Angeles Lakers,3,10,47,0.5,2PT Field Goal,Restricted Area,0.5,5.2,1,0.3,18.7
22300379,L. Fitzgerald,Golden State Warriors,3,9,21,1.5,2PT Field Goal,Restricted Area,-13.2,7.6,0,4.64,4.2
22300573,D. Reyes,Denver Nuggets,1,1,31,25.1,3PT Field Goal,Above the Break 3,208.3,139.9,0,6.01,11.9
22300243,B. Osei,Miami Heat,4,6,14,13.1,2PT Field Goal,In The Paint (Non-RA),-19.5,129.1,0,2.23,7.3
22300853,S. Whitfield,Phoenix Suns,1,7,42,21.8,2PT Field Goal,Mid-Range,198.5,89.7,0,0.3,7.1
22300202,M. Okafor,Boston Celtics,4,4,20,24.8,3PT Field Goal,Above the Break 3,119.3,217.7,1,4.48,4.0
22300405,J. Carter,Los Angeles Lakers,2,9,33,15.6,2PT Field Goal,Mid-Range,-85.3,131.1,0,9.14,23.0
22300309,T. Nwosu,Golden State Warriors,4,11,31,0.8,2PT Field Goal,Restricted Area,-5.3,6.3,0,5.09,12.1
22300725,R. Delgado,Milwaukee Bucks,4,11,27,17.9,2PT Field Goal,Mid-Range,122.6,130.9,0,9.4,17.2
22300903,L. Fitzgerald,New York Knicks,1,2,23,0.2,2PT Field Goal,Restricted Area,0.4,2.0,1,5.05,3.4
22300200,L. Fitzgerald,Los Angeles Lakers,2,3,4,1.6,2PT Field Goal,Restricted Area,-13.3,9.2,1,3.77,15.9
22300554,D. Reyes,Milwaukee Bucks,4,8,2,12.6,2PT Field Goal,In The Paint (Non-RA),-65.8,107.8,0,2.5,8.3
22300638,S. Whitfield,Denver Nuggets,1,2,38,4.0,2PT Field Goal,In The Paint (Non-RA),-31.1,25.1,1,7.5,7.3
22300776,T. Nwosu,Los Angeles Lakers,2,7,53,3.9,2PT Field Goal,Restricted Area,8.5,37.9,1,1.25,21.9
22300921,R. Delgado,Phoenix Suns,1,5,25,17.7,2PT Field Goal,Mid-Range,141.8,106.0,0,2.88,12.4
22300515,D. Reyes,Boston Celtics,1,3,29,25.2,3PT Field Goal,Above the Break 3,-77.8,240.0,0,3.32,17.3
22300345,D. Reyes,Phoenix Suns,1,11,55,1.9,2PT Field Goal,Restricted Area,-17.0,8.2,1,4.95,2.2
22300137,S. Whitfield,New York Knicks,1,2,30,6.2,2PT Field Goal,In The Paint (Non-RA),53.3,31.3,0,4.38,20.6
22300739,T. Nwosu,Denver Nuggets,2,1,0,2.1,2PT Field Goal,Restricted Area,15.0,15.0,1,0.9,3.4
22300100,K. Albrecht,Milwaukee Bucks,1,7,12,16.3,2PT Field Goal,Mid-Range,-145.4,73.0,0,1.6,17.6
22300269,R. Delgado,Phoenix Suns,4,9,46,14.6,2PT Field Goal,Mid-Range,-72.7,126.9,0,8.18,20.0
22300503,J. Carter,Los Angeles Lakers,1,2,42,26.7,3PT Field Goal,Above the Break 3,-73.3,257.0,0,4.48,14.5
22300262,K. Albrecht,Milwaukee Bucks,1,0,58,2.6,2PT Field Goal,Restricted Area,23.5,10.5,1,4.28,11.8
22300487,S. Whitfield,Golden State Warriors,4,8,6,27.2,3PT Field Goal,Above the Break 3,-243.5,120.9,1,3.48,20.1
22300876,K. Albrecht,Golden State Warriors,2,2,59,25.5,3PT Field Goal,Above the Break 3,235.7,98.1,0,4.92,11.9
22300462,L. Fitzgerald,Milwaukee Bucks,1,11,23,3.6,2PT Field Goal,Restricted Area,10.2,34.4,0,2.57,11.6
22300151,K. Albrecht,Boston Celtics,1,9,10,25.2,3PT Field Goal,Above the Break 3,-59.4,244.8,0,6.82,15.1
22300045,S. Whitfield,Los Angeles Lakers,3,3,36,25.7,3PT Field Goal,Above the Break 3,-57.2,250.7,1,6.23,20.6
22300007,D. Reyes,Milwaukee Bucks,1,6,44,16.0,2PT Field Goal,Mid-Range,61.0,148.2,0,4.26,10.5
22300690,J. Carter,Los Angeles Lakers,2,0,11,2.3,2PT Field Goal,Restricted Area,-10.1,21.1,1,6.37,2.1
22300690,T. Nwosu,Golden State Warriors,3,3,50,21.7,2PT Field Goal,Mid-Range,-99.4,192.8,1,3.91,18.6
22300884,S. Whitfield,New York Knicks,2,10,24,29.0,3PT Field Goal,Above the Break 3,185.2,223.1,1,3.32,15.4
22300420,R. Delgado,Boston Celtics,3,2,50,1.4,2PT Field Goal,Restricted Area,-5.7,12.8,0,6.54,13.2
22300517,K. Albrecht,Milwaukee Bucks,3,0,10,9.5,2PT Field Goal,In The Paint (Non-RA),63.6,70.2,1,4.07,16.5
22300570,D. Reyes,New York Knicks,3,8,59,1.5,2PT Field Goal,Restricted Area,-5.6,13.9,0,2.43,4.7
22300396,L. Fitzgerald,Los Angeles Lakers,2,7,40,22.5,3PT Field Goal,Above the Break 3,94.4,204.2,1,7.91,16.2
22300505,B. Osei,Denver Nuggets,3,4,13,23.5,3PT Field Goal,Above the Break 3,-217.7,88.4,0,3.86,2.3
22300957,R. Delgado,Los Angeles Lakers,2,0,52,3.3,2PT Field Goal,Restricted Area,3.2,33.0,1,5.31,11.4
22300415,D. Reyes,New York Knicks,2,8,1,26.4,3PT Field Goal,Above the Break 3,-36.6,261.1,0,7.73,20.5
22300051,K. Albrecht,New York Knicks,2,11,4,17.5,2PT Field Goal,Mid-Range,109.2,137.3,0,1.39,19.5
22300179,K. Albrecht,Los Angeles Lakers,3,4,45,4.0,2PT Field Goal,In The Paint (Non-RA),10.2,38.7,1,3.58,21.6
22300179,R. Delgado,Miami Heat,2,6,20,15.6,2PT Field Goal,Mid-Range,56.4,146.0,0,6.5,24.0
22300247,S. Whitfield,Golden State Warriors,4,11,21,14.6,2PT Field Goal,Mid-Range,-102.3,104.2,1,3.61,13.8
22300090,T. Nwosu,New York Knicks,2,4,42,1.2,2PT Field Goal,Restricted Area,9.2,8.0,0,3.27,3.0
22300804,L. Fitzgerald,Phoenix Suns,3,11,11,7.4,2PT Field Goal,In The Paint (Non-RA),51.9,53.3,0,3.95,5.3
22300811,K. Albrecht,Boston Celtics,4,5,12,25.8,3PT Field Goal,Above the Break 3,11.0,257.7,1,3.6,14.4
22300130,T. Nwosu,Boston Celtics,3,0,42,19.2,2PT Field Goal,Mid-Range,69.9,178.5,0,3.58,2.5
22300841,S. Whitfield,Golden State Warriors,2,2,6,5.9,2PT Field Goal,In The Paint (Non-RA),-30.4,50.2,0,5.21,5.6
22300798,A. Kowalski,Los Angeles Lakers,4,6,14,0.2,2PT Field Goal,Restricted Area,-1.0,1.7,1,4.5,0.2
22300338,M. Okafor,Los Angeles Lakers,2,4,20,2.9,2PT Field Goal,Restricted Area,3.5,29.1,1,8.22,4.5
22300886,B. Osei,Phoenix Suns,4,9,46,27.7,3PT Field Goal,Above the Break 3,-38.3,274.3,1,5.04,20.6
22300771,D. Reyes,Golden State Warriors,3,3,16,27.8,3PT Field Goal,Above the Break 3,-215.9,175.8,1,8.11,8.0
22300379,K. Albrecht,Phoenix Suns,1,6,9,29.0,3PT Field Goal,Above the Break 3,225.8,181.9,0,4.61,21.6
22300099,J. Carter,Los Angeles Lakers,4,1,46,20.7,2PT Field Goal,Mid-Range,101.5,180.7,1,8.26,5.1
22300649,T. Nwosu,Miami Heat,3,4,11,16.0,2PT Field Goal,Mid-Range,-106.8,119.4,1,4.0,23.4
22300316,M. Okafor,Golden State Warriors,2,10,57,20.0,2PT Field Goal,Mid-Range,171.4,103.8,1,7.09,0.9
22300481,B. Osei,Los Angeles Lakers,2,4,37,24.1,3PT Field Goal,Above the Break 3,41.0,237.8,0,4.68,14.5
22300421,L. Fitzgerald,New York Knicks,3,6,0,1.9,2PT Field Goal,Restricted Area,-1.3,18.7,0,7.99,13.0
22300246,L. Fitzgerald,Denver Nuggets,4,2,18,11.8,2PT Field Goal,In The Paint (Non-RA),89.9,76.7,0,2.52,0.9
22300001,J. Carter,Los Angeles Lakers,4,5,51,10.8,2PT Field Goal,In The Paint (Non-RA),-87.0,63.3,0,3.25,23.8
22300812,A. Kowalski,Milwaukee Bucks,1,7,10,14.2,2PT Field Goal,Mid-Range,-116.9,80.1,1,5.2,13.5
22300742,A. Kowalski,Denver Nuggets,1,9,23,2.1,2PT Field Goal,Restricted Area,19.3,9.1,1,2.12,14.7
22300406,S. Whitfield,Miami Heat,4,2,33,3.4,2PT Field Goal,Restricted Area,-26.9,21.4,1,7.65,16.6
22300582,M. Okafor,Denver Nuggets,4,1,3,2.0,2PT Field Goal,Restricted Area,-2.5,20.3,0,3.91,20.8
22300630,R. Delgado,New York Knicks,2,2,47,0.4,2PT Field Goal,Restricted Area,3.5,1.6,1,5.52,13.2
22300220,L. Fitzgerald,New York Knicks,3,4,26,26.6,3PT Field Goal,Above the Break 3,-113.0,241.0,0,6.65,12.1
22300927,J. Carter,Miami Heat,4,1,58,25.1,3PT Field Goal,Above the Break 3,213.2,132.8,1,5.69,9.6
22300804,K. Albrecht,New York Knicks,3,0,3,27.2,3PT Field Goal,Above the Break 3,-195.4,189.8,0,2.64,11.0
22300778,A. Kowalski,New York Knicks,3,3,41,4.7,2PT Field Goal,In The Paint (Non-RA),37.1,28.6,1,1.29,23.9
22300486,J. Carter,Miami Heat,4,1,21,0.2,2PT Field Goal,Restricted Area,-1.9,0.8,0,0.51,3.9
22300064,T. Nwosu,Miami Heat,3,5,17,10.7,2PT Field Goal,In The Paint (Non-RA),1.4,106.8,0,2.26,12.2
22300035,T. Nwosu,Los Angeles Lakers,2,4,55,25.9,3PT Field Goal,Above the Break 3,222.1,132.5,0,2.6,7.9
22300899,T. Nwosu,Denver Nuggets,4,9,58,4.1,2PT Field Goal,In The Paint (Non-RA),25.4,32.5,0,2.5,20.0
22300658,D. Reyes,Phoenix Suns,1,5,25,15.0,2PT Field Goal,Mid-Range,62.7,136.6,0,5.35,22.0
22300144,D. Reyes,Golden State Warriors,4,7,56,1.9,2PT Field Goal,Restricted Area,-1.1,19.1,0,1.22,3.8
22300009,B. Osei,Milwaukee Bucks,1,11,19,0.6,2PT Field Goal,Restricted Area,3.5,4.6,0,0.62,1.2
22300922,A. Kowalski,Milwaukee Bucks,1,7,25,19.1,2PT Field Goal,Mid-Range,93.7,166.6,1,4.71,4.9
22300499,R. Delgado,Miami Heat,1,8,12,5.0,2PT Field Goal,In The Paint (Non-RA),-35.8,34.3,1,8.37,19.3
22300659,D. Reyes,Miami Heat,4,2,38,2.3,2PT Field Goal,Restricted Area,11.4,20.1,1,2.2,18.5
22300749,B. Osei,New York Knicks,1,0,40,0.4,2PT Field Goal,Restricted Area,3.0,3.3,1,4.03,1.2
22300122,A. Kowalski,Phoenix Suns,3,8,28,14.8,2PT Field Goal,Mid-Range,59.6,135.0,1,4.18,20.1
22300400,M. Okafor,Boston Celtics,4,4,11,1.5,2PT Field Goal,Restricted Area,-9.1,12.5,0,6.77,1.0
22300201,K. Albrecht,Golden State Warriors,2,0,46,17.7,2PT Field Goal,Mid-Range,-45.3,171.3,0,6.26,18.1
22300746,T. Nwosu,Golden State Warriors,2,9,31,0.2,2PT Field Goal,Restricted Area,-1.3,1.6,1,3.29,4.6
22300764,D. Reyes,Phoenix Suns,3,5,19,27.1,3PT Field Goal,Above the Break 3,-80.3,258.8,0,6.39,14.7
22300734,K. Albrecht,New York Knicks,2,6,10,1.5,2PT Field Goal,Restricted Area,-3.4,14.9,0,4.45,9.4
22300445,L. Fitzgerald,Miami Heat,4,10,42,8.1,2PT Field Goal,In The Paint (Non-RA),53.8,61.1,0,6.13,12.3
22300752,S. Whitfield,Denver Nuggets,4,3,49,24.2,3PT Field Goal,Above the Break 3,134.4,201.6,1,8.42,16.0
22300014,K. Albrecht,Miami Heat,4,10,35,25.8,3PT Field Goal,Above the Break 3,-179.6,185.6,0,0.3,16.5
22300267,T. Nwosu,Boston Celtics,3,3,27,24.6,3PT Field Goal,Above the Break 3,164.4,183.4,0,1.06,1.6
22300739,L. Fitzgerald,Denver Nuggets,1,10,3,1.4,2PT Field Goal,Restricted Area,6.6,12.7,1,1.21,16.7
22300158,B. Osei,Los Angeles Lakers,1,10,12,25.1,3PT Field Goal,Above the Break 3,-97.1,231.2,1,1.46,14.7
22300529,T. Nwosu,Golden State Warriors,2,8,19,4.4,2PT Field Goal,In The Paint (Non-RA),8.6,42.7,0,4.53,1.4
22300508,R. Delgado,New York Knicks,4,11,1,24.7,3PT Field Goal,Above the Break 3,-198.2,148.1,1,4.56,8.7
22300228,K. Albrecht,New York Knicks,4,8,51,23.7,3PT Field Goal,Above the Break 3,-169.1,166.4,1,8.24,17.4
22300602,B. Osei,Miami Heat,2,2,31,17.9,2PT Field Goal,Mid-Range,-94.7,151.6,0,7.5,5.4
22300119,S. Whitfield,Los Angeles Lakers,2,8,24,27.5,3PT Field Goal,Above the Break 3,167.0,218.5,1,4.94,5.2
22300901,M. Okafor,Denver Nuggets,4,6,24,14.2,2PT Field Goal,Mid-Range,-96.9,104.2,1,3.99,14.7
22300354,L. Fitzgerald,Boston Celtics,4,1,14,26.1,3PT Field Goal,Above the Break 3,-132.2,224.6,0,5.8,14.1
22300932,K. Albrecht,Miami Heat,3,10,26,2.7,2PT Field Goal,Restricted Area,0.9,26.7,1,5.25,19.0
22300909,S. Whitfield,Boston Celtics,2,4,3,27.5,3PT Field Goal,Above the Break 3,-54.8,269.1,0,3.2,13.7
22300443,T. Nwosu,Phoenix Suns,3,8,35,23.8,3PT Field Goal,Above the Break 3,-151.8,183.1,0,5.85,13.8
22300138,D. Reyes,Miami Heat,4,11,7,3.6,2PT Field Goal,Restricted Area,2.0,35.7,0,3.12,14.5
22300448,R. Delgado,Phoenix Suns,4,9,38,1.7,2PT Field Goal,Restricted Area,16.2,6.6,1,4.06,9.1
22300848,A. Kowalski,Miami Heat,1,0,30,20.6,2PT Field Goal,Mid-Range,3.5,205.8,0,3.92,23.2
22300233,M. Okafor,Denver Nuggets,3,0,49,22.5,3PT Field Goal,Above the Break 3,170.7,146.6,0,2.92,4.4
22300802,J. Carter,Los Angeles Lakers,1,6,13,0.9,2PT Field Goal,Restricted Area,6.7,6.5,0,2.8,11.2
22300902,R. Delgado,Boston Celtics,2,10,20,24.4,3PT Field Goal,Above the Break 3,-179.1,165.7,0,4.41,1.7
22300844,S. Whitfield,Milwaukee Bucks,2,6,18,4.0,2PT Field Goal,In The Paint (Non-RA),-0.3,40.0,0,3.98,22.4
22300557,S. Whitfield,Miami Heat,1,5,41,25.3,3PT Field Goal,Above the Break 3,-37.5,249.9,1,1.46,20.3
22300702,M. Okafor,Milwaukee Bucks,2,7,44,26.9,3PT Field Goal,Above the Break 3,183.9,196.8,0,8.04,16.3
22300839,S. Whitfield,Milwaukee Bucks,2,3,26,9.2,2PT Field Goal,In The Paint (Non-RA),42.3,81.7,1,8.12,8.1
22300033,K. Albrecht,Boston Celtics,4,0,35,2.4,2PT Field Goal,Restricted Area,7.3,22.9,1,7.99,11.3
22300148,R. Delgado,Phoenix Suns,4,5,16,2.7,2PT Field Goal,Restricted Area,21.8,15.9,1,6.92,19.4
22300572,M. Okafor,Boston Celtics,4,1,29,2.7,2PT Field Goal,Restricted Area,-21.6,16.2,0,4.04,13.5
22300187,R. Delgado,Miami Heat,2,3,8,19.9,2PT Field Goal,Mid-Range,-156.6,122.9,0,2.11,0.0
22300662,B. Osei,Los Angeles Lakers,3,7,35,27.4,3PT Field Goal,Above the Break 3,-9.6,273.9,0,1.95,11.2
22300732,B. Osei,New York Knicks,4,0,56,27.7,3PT Field Goal,Above the Break 3,99.7,258.4,0,0.31,21.9
22300254,D. Reyes,Milwaukee Bucks,3,7,56,3.7,2PT Field Goal,Restricted Area,14.3,34.2,1,3.51,19.4
22300440,L. Fitzgerald,Boston Celtics,1,1,46,28.3,3PT Field Goal,Above the Break 3,213.2,185.5,0,0.34,17.6
22300569,S. Whitfield,Miami Heat,2,10,4,3.2,2PT Field Goal,Restricted Area,-22.1,22.8,0,4.49,4.3
22300681,D. Reyes,Phoenix Suns,2,2,37,26.8,3PT Field Goal,Above the Break 3,-216.3,158.7,0,4.85,20.2
22300251,D. Reyes,Los Angeles Lakers,4,9,49,25.7,3PT Field Goal,Above the Break 3,-90.2,241.1,0,3.02,19.5
22300804,J. Carter,Milwaukee Bucks,1,9,53,2.8,2PT Field Goal,Restricted Area,12.3,24.9,0,3.01,16.9
22300322,D. Reyes,Miami Heat,1,2,59,24.2,3PT Field Goal,Above the Break 3,-110.4,215.3,1,4.09,2.1
22300259,J. Carter,Denver Nuggets,2,11,6,26.8,3PT Field Goal,Above the Break 3,136.5,230.1,0,5.52,10.0
22300510,J. Carter,Boston Celtics,4,9,59,24.7,3PT Field Goal,Above the Break 3,26.5,245.2,1,3.47,13.1
22300820,T. Nwosu,Miami Heat,2,2,27,24.1,3PT Field Goal,Above the Break 3,-115.8,211.6,1,8.06,11.1
22300174,R. Delgado,New York Knicks,3,2,13,20.3,2PT Field Goal,Mid-Range,28.2,201.3,1,2.22,23.7
22300516,K. Albrecht,Miami Heat,2,11,43,10.8,2PT Field Goal,In The Paint (Non-RA),-9.3,107.9,1,2.83,21.2
22300362,S. Whitfield,Boston Celtics,1,1,29,2.9,2PT Field Goal,Restricted Area,21.1,19.7,0,3.14,12.4
22300330,R. Delgado,Denver Nuggets,1,3,15,26.6,3PT Field Goal,Above the Break 3,175.0,200.0,0,3.77,20.3
22300386,R. Delgado,Milwaukee Bucks,3,6,36,25.9,3PT Field Goal,Above the Break 3,-154.5,208.3,0,4.71,5.7
22300688,D. Reyes,Golden State Warriors,2,10,38,0.9,2PT Field Goal,Restricted Area,-5.8,7.4,0,5.45,6.0
22300220,A. Kowalski,Denver Nuggets,2,6,31,27.1,3PT Field Goal,Above the Break 3,197.9,184.5,0,3.48,15.8
22300271,R. Delgado,Golden State Warriors,3,6,38,1.2,2PT Field Goal,Restricted Area,9.1,8.4,1,7.8,5.5
22300619,R. Delgado,Miami Heat,3,1,37,1.8,2PT Field Goal,Restricted Area,14.0,12.0,1,0.3,21.8
22300021,M. Okafor,Miami Heat,1,0,55,2.1,2PT Field Goal,Restricted Area,-6.2,19.9,1,4.82,17.4
22300124,B. Osei,Golden State Warriors,4,1,8,19.2,2PT Field Goal,Mid-Range,-148.7,121.8,0,4.31,2.8
22300183,K. Albrecht,New York Knicks,2,5,14,2.0,2PT Field Goal,Restricted Area,2.2,19.8,0,1.13,9.5
22300439,T. Nwosu,Phoenix Suns,3,1,54,2.3,2PT Field Goal,Restricted Area,20.6,11.1,1,0.98,20.7
22300668,A. Kowalski,Boston Celtics,2,2,18,2.0,2PT Field Goal,Restricted Area,4.1,19.6,1,4.44,15.4
22300128,B. Osei,Miami Heat,1,4,15,1.5,2PT Field Goal,Restricted Area,6.2,13.2,0,6.78,9.1
22300150,R. Delgado,Denver Nuggets,4,5,27,24.3,3PT Field Goal,Above the Break 3,-218.1,106.7,1,5.09,15.1
22300840,D. Reyes,Golden State Warriors,1,3,39,0.2,2PT Field Goal,Restricted Area,-0.4,2.0,0,4.01,3.4
22300111,D. Reyes,Los Angeles Lakers,4,9,12,6.6,2PT Field Goal,In The Paint (Non-RA),-45.7,47.4,0,3.47,23.8
22300646,T. Nwosu,Phoenix Suns,1,2,9,16.3,2PT Field Goal,Mid-Range,-136.2,88.7,0,3.07,7.3
22300361,L. Fitzgerald,Milwaukee Bucks,3,9,34,3.0,2PT Field Goal,Restricted Area,-18.4,23.3,0,3.28,11.5
22300415,M. Okafor,New York Knicks,3,4,50,2.7,2PT Field Goal,Restricted Area,-12.9,23.4,1,5.61,13.3
22300489,M. Okafor,New York Knicks,1,6,43,27.6,3PT Field Goal,Above the Break 3,0.2,276.1,1,6.58,12.9
22300520,T. Nwosu,Denver Nuggets,3,2,59,26.2,3PT Field Goal,Above the Break 3,69.2,252.5,0,5.39,21.3
22300256,M. Okafor,Los Angeles Lakers,2,6,18,25.2,3PT Field Goal,Above the Break 3,24.8,251.3,0,2.62,4.9
22300366,L. Fitzgerald,Los Angeles Lakers,3,0,1,0.9,2PT Field Goal,Restricted Area,-3.0,8.7,1,5.45,2.9
22300952,J. Carter,Milwaukee Bucks,4,0,20,24.2,3PT Field Goal,Above the Break 3,-177.8,164.3,0,6.48,3.5
22300813,R. Delgado,Miami Heat,3,6,12,11.0,2PT Field Goal,In The Paint (Non-RA),-1.2,109.7,0,0.3,7.1
22300632,S. Whitfield,Denver Nuggets,3,1,14,2.6,2PT Field Goal,Restricted Area,20.8,15.0,1,4.87,1.9
22300625,T. Nwosu,Denver Nuggets,2,3,30,4.7,2PT Field Goal,In The Paint (Non-RA),38.2,27.6,0,2.95,0.2
22300303,B. Osei,Golden State Warriors,4,7,15,23.6,3PT Field Goal,Above the Break 3,196.9,130.8,0,4.41,7.7
22300990,K. Albrecht,Milwaukee Bucks,3,2,34,23.1,3PT Field Goal,Above the Break 3,185.2,138.6,0,1.3,20.4
22300392,L. Fitzgerald,Milwaukee Bucks,2,6,25,4.9,2PT Field Goal,In The Paint (Non-RA),8.5,48.1,1,1.78,4.6
22300879,M. Okafor,Phoenix Suns,3,4,19,2.4,2PT Field Goal,Restricted Area,1.1,24.4,0,3.9,6.1
22300233,S. Whitfield,Miami Heat,2,10,29,28.0,3PT Field Goal,Above the Break 3,-172.1,221.1,0,2.92,0.7
22300300,B. Osei,Boston Celtics,3,1,58,23.0,3PT Field Goal,Above the Break 3,126.6,192.5,0,3.04,22.9
22300984,D. Reyes,Miami Heat,4,8,3,9.0,2PT Field Goal,In The Paint (Non-RA),17.3,88.1,0,2.17,19.3
22300948,A. Kowalski,Los Angeles Lakers,4,11,17,2.1,2PT Field Goal,Restricted Area,-4.7,20.0,1,5.12,16.2
22300122,K. Albrecht,Milwaukee Bucks,4,3,26,19.6,2PT Field Goal,Mid-Range,-168.9,98.7,0,6.54,5.0
22300718,B. Osei,Miami Heat,3,4,7,18.6,2PT Field Goal,Mid-Range,-127.8,134.8,0,1.99,11.3
22300801,L. Fitzgerald,Golden State Warriors,2,10,15,4.3,2PT Field Goal,In The Paint (Non-RA),18.4,38.7,1,4.72,12.6
22300845,L. Fitzgerald,Golden State Warriors,3,5,44,0.2,2PT Field Goal,Restricted Area,0.1,2.0,1,3.15,3.5
22300067,L. Fitzgerald,Boston Celtics,1,7,37,0.5,2PT Field Goal,Restricted Area,3.2,4.2,1,4.71,12.5
22300822,D. Reyes,Los Angeles Lakers,4,0,57,1.2,2PT Field Goal,Restricted Area,-9.9,7.6,1,6.63,21.3
22300712,T. Nwosu,Miami Heat,3,1,37,3.9,2PT Field Goal,Restricted Area,15.9,35.6,1,4.71,12.6
22300658,M. Okafor,Golden State Warriors,2,2,48,0.9,2PT Field Goal,Restricted Area,7.4,5.8,0,3.86,1.7
22300587,S. Whitfield,Miami Heat,4,4,15,26.7,3PT Field Goal,Above the Break 3,-239.3,117.6,0,1.79,15.1
22300085,L. Fitzgerald,Denver Nuggets,2,11,25,1.6,2PT Field Goal,Restricted Area,14.1,6.6,0,6.64,22.2
22300148,B. Osei,Golden State Warriors,1,0,25,25.1,3PT Field Goal,Above the Break 3,-216.9,126.4,1,7.8,5.1
22300833,J. Carter,Miami Heat,1,0,23,24.5,3PT Field Goal,Above the Break 3,126.4,210.2,0,0.3,22.6
22300400,S. Whitfield,Boston Celtics,3,0,18,11.6,2PT Field Goal,In The Paint (Non-RA),9.3,115.5,1,5.43,10.9
22300579,L. Fitzgerald,Milwaukee Bucks,1,0,17,19.0,2PT Field Goal,Mid-Range,-82.6,171.0,0,3.74,20.4
22300033,T. Nwosu,Denver Nuggets,4,0,16,0.6,2PT Field Goal,Restricted Area,-2.2,6.0,1,1.28,19.9
22300920,J. Carter,Los Angeles Lakers,3,10,37,20.0,2PT Field Goal,Mid-Range,-178.6,90.5,1,7.99,6.7
22300719,S. Whitfield,Milwaukee Bucks,3,10,19,24.7,3PT Field Goal,Above the Break 3,142.1,202.2,0,5.31,6.7
22300702,S. Whitfield,Denver Nuggets,3,9,6,25.4,3PT Field Goal,Above the Break 3,-230.0,107.1,1,8.8,17.5
22300064,T. Nwosu,Golden State Warriors,1,8,25,12.9,2PT Field Goal,In The Paint (Non-RA),114.8,59.2,1,2.37,20.7
22300335,R. Delgado,Los Angeles Lakers,4,10,23,27.1,3PT Field Goal,Above the Break 3,243.9,119.1,0,3.09,15.3
22300019,B. Osei,Los Angeles Lakers,2,4,25,26.5,3PT Field Goal,Above the Break 3,189.8,185.5,0,0.78,10.9
22300014,D. Reyes,Phoenix Suns,4,9,17,16.3,2PT Field Goal,Mid-Range,-126.3,103.3,0,4.29,8.3
22300603,R. Delgado,Boston Celtics,2,9,1,21.3,2PT Field Goal,Mid-Range,60.4,204.4,1,0.37,20.0
22300344,A. Kowalski,Golden State Warriors,3,3,29,1.4,2PT Field Goal,Restricted Area,9.3,10.2,1,3.42,5.1
22300937,A. Kowalski,Miami Heat,1,7,33,25.5,3PT Field Goal,Above the Break 3,-57.3,248.9,0,6.68,6.3
22300347,A. Kowalski,Miami Heat,4,0,39,17.7,2PT Field Goal,Mid-Range,-31.9,174.1,0,5.32,23.6
22300898,T. Nwosu,Denver Nuggets,2,0,21,23.1,3PT Field Goal,Above the Break 3,148.2,177.5,0,6.28,4.1
22300076,A. Kowalski,Boston Celtics,3,6,43,2.4,2PT Field Goal,Restricted Area,-21.6,10.0,1,4.42,3.7
22300478,T. Nwosu,Boston Celtics,3,9,59,22.5,3PT Field Goal,Above the Break 3,-65.6,215.2,1,5.83,6.0
22300560,S. Whitfield,Miami Heat,3,10,0,0.2,2PT Field Goal,Restricted Area,1.5,1.4,0,3.86,13.8
22300109,J. Carter,Denver Nuggets,3,3,38,16.5,2PT Field Goal,Mid-Range,108.2,125.0,0,1.3,20.6
22300822,S. Whitfield,Phoenix Suns,4,3,20,0.2,2PT Field Goal,Restricted Area,1.7,1.1,0,5.2,8.1
22300620,D. Reyes,Miami Heat,1,2,27,2.8,2PT Field Goal,Restricted Area,21.1,17.8,0,3.98,8.8
22300292,R. Delgado,New York Knicks,3,8,29,28.8,3PT Field Goal,Above the Break 3,-188.3,218.5,0,2.35,18.3
22300288,K. Albrecht,Boston Celtics,1,1,3,2.0,2PT Field Goal,Restricted Area,17.0,10.7,1,1.65,12.5
22300717,M. Okafor,Boston Celtics,3,10,29,4.1,2PT Field Goal,In The Paint (Non-RA),-22.9,33.6,1,6.82,17.2
22300837,M. Okafor,New York Knicks,1,5,3,1.2,2PT Field Goal,Restricted Area,1.5,12.4,1,0.44,4.0
22300979,J. Carter,Golden State Warriors,4,0,24,23.8,3PT Field Goal,Above the Break 3,42.7,233.8,1,2.26,6.7
22300217,D. Reyes,Los Angeles Lakers,2,3,45,3.1,2PT Field Goal,Restricted Area,12.3,28.8,1,4.92,3.8
22300603,J. Carter,Milwaukee Bucks,3,11,54,3.1,2PT Field Goal,Restricted Area,8.9,30.0,1,5.48,19.7
22300399,R. Delgado,Boston Celtics,2,11,31,22.8,3PT Field Goal,Above the Break 3,-136.3,182.4,0,4.65,4.7
22300480,K. Albrecht,Miami Heat,1,2,19,18.2,2PT Field Goal,Mid-Range,139.9,116.8,1,0.74,18.8
22300111,J. Carter,Denver Nuggets,2,4,43,27.5,3PT Field Goal,Above the Break 3,-203.9,185.0,0,6.55,0.1
22300695,M. Okafor,Milwaukee Bucks,2,3,15,22.9,3PT Field Goal,Above the Break 3,125.2,191.7,1,3.87,10.6
22300377,B. Osei,Boston Celtics,1,2,19,0.2,2PT Field Goal,Restricted Area,-1.8,0.8,1,0.84,23.6
22300330,R. Delgado,Boston Celtics,2,6,46,21.8,2PT Field Goal,Mid-Range,175.6,129.0,0,6.53,15.4
22300347,R. Delgado,Denver Nuggets,3,10,5,26.9,3PT Field Goal,Above the Break 3,210.1,167.3,0,3.9,8.9
22300271,S. Whitfield,Denver Nuggets,4,10,2,27.2,3PT Field Goal,Above the Break 3,-145.7,229.6,0,0.3,16.2
22300347,D. Reyes,Denver Nuggets,1,11,29,26.0,3PT Field Goal,Above the Break 3,32.3,257.8,0,0.3,8.7
22300320,M. Okafor,New York Knicks,2,10,5,1.8,2PT Field Goal,Restricted Area,-0.7,17.7,0,3.75,0.7
22300960,R. Delgado,Phoenix Suns,3,6,38,3.3,2PT Field Goal,Restricted Area,28.2,17.1,0,2.7,14.8
22300766,D. Reyes,Milwaukee Bucks,2,6,34,27.2,3PT Field Goal,Above the Break 3,-129.6,239.7,0,4.72,3.3
22300125,T. Nwosu,Milwaukee Bucks,4,8,12,19.6,2PT Field Goal,Mid-Range,-165.8,105.2,0,4.45,12.3
22300425,A. Kowalski,Phoenix Suns,2,4,48,1.2,2PT Field Goal,Restricted Area,-2.8,11.3,0,2.37,19.8
22300182,L. Fitzgerald,Miami Heat,3,8,3,1.6,2PT Field Goal,Restricted Area,-7.0,14.3,1,5.07,11.9
22300914,T. Nwosu,Golden State Warriors,4,7,36,14.8,2PT Field Goal,Mid-Range,-79.0,124.7,1,4.61,16.9
22300325,T. Nwosu,Miami Heat,3,1,27,3.1,2PT Field Goal,Restricted Area,19.0,24.7,0,1.75,15.8
22300607,S. Whitfield,Denver Nuggets,2,10,26,23.1,3PT Field Goal,Above the Break 3,-62.9,222.1,1,5.87,12.8
22300957,S. Whitfield,Boston Celtics,4,10,33,1.6,2PT Field Goal,Restricted Area,-12.4,10.8,0,4.56,3.5
22300416,D. Reyes,Los Angeles Lakers,3,9,27,23.4,3PT Field Goal,Above the Break 3,-158.9,171.5,0,3.7,13.4
22300757,K. Albrecht,Phoenix Suns,3,9,40,0.5,2PT Field Goal,Restricted Area,4.1,3.4,1,4.89,6.7
22300993,K. Albrecht,Miami Heat,3,9,28,12.0,2PT Field Goal,In The Paint (Non-RA),-10.2,119.5,0,2.31,0.1
22300738,T. Nwosu,Miami Heat,3,9,49,1.1,2PT Field Goal,Restricted Area,-7.5,8.7,0,2.34,8.3
22300465,T. Nwosu,New York Knicks,1,8,41,25.2,3PT Field Goal,Above the Break 3,-13.5,251.7,0,3.87,13.6
22300207,K. Albrecht,Boston Celtics,2,5,53,16.2,2PT Field Goal,Mid-Range,-129.6,97.3,0,2.01,9.0
22300122,B. Osei,Miami Heat,1,3,12,0.4,2PT Field Goal,Restricted Area,-0.2,3.8,1,7.5,18.0
22300762,S. Whitfield,Miami Heat,2,4,13,25.5,3PT Field Goal,Above the Break 3,-148.3,207.9,1,4.67,12.9
22300717,R. Delgado,Boston Celtics,1,4,0,19.4,2PT Field Goal,Mid-Range,-53.0,186.5,0,5.74,18.9
22300233,M. Okafor,Boston Celtics,3,8,51,2.6,2PT Field Goal,Restricted Area,22.5,13.7,0,8.13,16.5
22300280,S. Whitfield,Denver Nuggets,1,10,42,25.4,3PT Field Goal,Above the Break 3,-9.7,253.8,1,7.35,1.9
22300589,M. Okafor,Phoenix Suns,1,8,14,0.2,2PT Field Goal,Restricted Area,1.1,1.7,1,8.82,4.7
22300115,K. Albrecht,Denver Nuggets,4,3,8,26.4,3PT Field Goal,Above the Break 3,-106.4,241.2,0,2.22,4.9
22300541,A. Kowalski,Denver Nuggets,2,10,27,3.2,2PT Field Goal,Restricted Area,-21.1,23.6,0,7.82,17.4
22300949,M. Okafor,Los Angeles Lakers,3,10,22,24.2,3PT Field Goal,Above the Break 3,-86.0,226.6,0,3.23,6.1
22300513,S. Whitfield,Denver Nuggets,2,11,0,0.2,2PT Field Goal,Restricted Area,-1.3,1.6,1,3.69,8.4
22300263,J. Carter,Milwaukee Bucks,3,9,6,22.5,3PT Field Goal,Above the Break 3,4.9,224.9,1,4.63,13.3
22300642,D. Reyes,New York Knicks,1,9,1,2.0,2PT Field Goal,Restricted Area,8.1,18.5,0,4.35,18.8
22300979,R. Delgado,Phoenix Suns,1,0,41,9.7,2PT Field Goal,In The Paint (Non-RA),-51.3,82.3,0,4.13,2.0
22300363,S. Whitfield,Miami Heat,4,11,27,21.7,2PT Field Goal,Mid-Range,100.5,191.9,0,4.86,6.9
22300688,J. Carter,Boston Celtics,3,8,30,0.2,2PT Field Goal,Restricted Area,0.1,2.1,1,7.58,21.9
22300800,D. Reyes,Golden State Warriors,2,8,9,1.6,2PT Field Goal,Restricted Area,10.2,12.2,0,0.3,12.9
22300964,T. Nwosu,Los Angeles Lakers,1,4,57,3.2,2PT Field Goal,Restricted Area,18.6,26.0,0,0.92,7.7
22300714,L. Fitzgerald,Boston Celtics,3,3,27,26.3,3PT Field Goal,Above the Break 3,227.6,130.9,1,1.28,9.4
22300034,R. Delgado,Golden State Warriors,2,3,23,3.3,2PT Field Goal,Restricted Area,14.2,30.0,1,4.85,23.3
22300280,L. Fitzgerald,Miami Heat,2,4,8,13.7,2PT Field Goal,In The Paint (Non-RA),-118.2,70.1,1,4.43,18.0
22300896,M. Okafor,Denver Nuggets,3,7,41,3.5,2PT Field Goal,Restricted Area,-12.8,32.9,0,5.05,8.0
22300152,A. Kowalski,Boston Celtics,1,4,2,1.9,2PT Field Goal,Restricted Area,-4.5,18.1,0,8.43,1.6
22300482,K. Albrecht,Denver Nuggets,2,10,6,25.1,3PT Field Goal,Above the Break 3,194.5,159.3,1,4.26,12.2
22300690,J. Carter,Phoenix Suns,1,10,19,12.0,2PT Field Goal,In The Paint (Non-RA),91.8,77.3,1,1.01,7.9
22300461,D. Reyes,Denver Nuggets,4,4,59,18.3,2PT Field Goal,Mid-Range,-113.9,143.3,0,5.16,19.8
22300251,M. Okafor,New York Knicks,3,7,19,27.0,3PT Field Goal,Above the Break 3,218.7,158.1,0,8.26,3.1
22300614,A. Kowalski,Los Angeles Lakers,3,4,20,29.0,3PT Field Goal,Above the Break 3,-58.8,284.0,1,8.62,10.2
22300495,D. Reyes,Milwaukee Bucks,4,7,18,2.1,2PT Field Goal,Restricted Area,8.4,19.2,0,4.05,13.6
22300393,B. Osei,Phoenix Suns,3,0,21,2.2,2PT Field Goal,Restricted Area,8.8,20.7,1,4.54,17.1
22300220,B. Osei,Golden State Warriors,4,10,8,13.0,2PT Field Goal,In The Paint (Non-RA),-21.3,128.6,0,4.94,1.9
22300657,T. Nwosu,Los Angeles Lakers,2,2,43,2.7,2PT Field Goal,Restricted Area,4.0,26.8,0,5.54,2.6
22300496,D. Reyes,Denver Nuggets,3,0,42,1.5,2PT Field Goal,Restricted Area,-1.0,14.9,0,3.88,8.4
22300079,R. Delgado,Milwaukee Bucks,4,4,16,25.7,3PT Field Goal,Above the Break 3,108.0,233.0,1,3.14,14.3
22300822,M. Okafor,Miami Heat,1,5,34,18.3,2PT Field Goal,Mid-Range,128.2,130.9,1,7.68,15.5
22300268,M. Okafor,Golden State Warriors,2,1,43,12.5,2PT Field Goal,In The Paint (Non-RA),12.7,124.8,1,7.64,12.4
22300778,M. Okafor,Milwaukee Bucks,2,1,50,3.3,2PT Field Goal,Restricted Area,25.7,20.5,1,4.25,23.8
22300786,B. Osei,Golden State Warriors,3,2,9,26.6,3PT Field Goal,Above the Break 3,1.5,265.7,0,2.9,0.7
22300085,M. Okafor,Denver Nuggets,3,3,41,14.0,2PT Field Goal,Mid-Range,-122.2,68.5,1,2.81,16.1
22300244,M. Okafor,Milwaukee Bucks,1,5,16,2.4,2PT Field Goal,Restricted Area,5.3,23.0,1,1.64,21.3
22300948,T. Nwosu,Boston Celtics,4,6,53,24.0,3PT Field Goal,Above the Break 3,-97.1,219.0,1,1.45,7.9
22300133,A. Kowalski,Los Angeles Lakers,4,7,28,27.1,3PT Field Goal,Above the Break 3,145.1,229.4,0,3.59,7.0
22300805,S. Whitfield,Phoenix Suns,2,3,10,26.1,3PT Field Goal,Above the Break 3,-128.2,227.8,0,2.59,13.5
22300246,J. Carter,Boston Celtics,1,6,36,26.0,3PT Field Goal,Above the Break 3,87.2,244.7,0,4.82,3.7
22300985,R. Delgado,Golden State Warriors,1,1,48,15.2,2PT Field Goal,Mid-Range,-101.5,113.5,1,3.06,16.3
22300144,T. Nwosu,Denver Nuggets,1,3,44,3.3,2PT Field Goal,Restricted Area,11.5,31.4,0,2.14,6.9
22300392,K. Albrecht,Los Angeles Lakers,1,9,5,20.4,2PT Field Goal,Mid-Range,48.9,198.5,0,3.33,16.8
22300943,K. Albrecht,Boston Celtics,4,3,10,2.5,2PT Field Goal,Restricted Area,11.2,22.8,0,0.3,2.7
22300176,D. Reyes,Denver Nuggets,3,7,20,15.9,2PT Field Goal,Mid-Range,-142.7,71.0,1,5.01,24.0
22300335,R. Delgado,Golden State Warriors,2,7,4,2.8,2PT Field Goal,Restricted Area,-3.2,27.6,1,3.65,6.8
22300692,B. Osei,Golden State Warriors,4,1,0,1.1,2PT Field Goal,Restricted Area,6.0,9.1,1,7.27,18.0
22300947,R. Delgado,Los Angeles Lakers,3,7,58,27.2,3PT Field Goal,Above the Break 3,-34.1,269.4,0,3.19,18.2
22300250,L. Fitzgerald,Los Angeles Lakers,4,0,22,1.5,2PT Field Goal,Restricted Area,-7.0,12.9,1,3.86,11.5
22300690,L. Fitzgerald,Miami Heat,2,8,39,18.3,2PT Field Goal,Mid-Range,103.5,150.8,1,2.16,18.1
22300896,D. Reyes,New York Knicks,1,6,57,23.5,3PT Field Goal,Above the Break 3,96.2,214.8,1,8.85,2.0
22300411,K. Albrecht,Miami Heat,3,1,58,26.5,3PT Field Goal,Above the Break 3,-35.8,262.9,1,4.81,16.8
22300965,R. Delgado,Phoenix Suns,3,5,8,19.5,2PT Field Goal,Mid-Range,141.1,134.0,1,6.92,22.3
22300435,M. Okafor,New York Knicks,4,5,4,26.3,3PT Field Goal,Above the Break 3,108.7,240.0,1,3.44,7.3
22300360,K. Albrecht,Phoenix Suns,2,6,4,18.8,2PT Field Goal,Mid-Range,173.1,72.4,0,5.51,15.3
22300634,K. Albrecht,New York Knicks,3,7,3,28.3,3PT Field Goal,Above the Break 3,103.8,263.8,1,2.08,7.9
22300453,A. Kowalski,Phoenix Suns,4,4,12,22.5,3PT Field Goal,Above the Break 3,201.1,100.9,0,2.81,5.6
22300330,S. Whitfield,Denver Nuggets,4,5,21,0.4,2PT Field Goal,Restricted Area,2.2,3.5,1,3.51,10.2
22300500,R. Delgado,Miami Heat,2,9,15,1.6,2PT Field Goal,Restricted Area,-1.9,16.0,1,2.19,15.5
22300827,T. Nwosu,New York Knicks,1,5,36,12.5,2PT Field Goal,In The Paint (Non-RA),-115.2,49.4,1,5.81,4.4
22300272,S. Whitfield,Miami Heat,4,7,51,1.8,2PT Field Goal,Restricted Area,9.3,14.9,1,6.06,15.2
22300671,K. Albrecht,Boston Celtics,4,5,44,3.0,2PT Field Goal,Restricted Area,-5.0,29.3,1,6.84,9.5
22300618,K. Albrecht,Los Angeles Lakers,1,0,0,25.4,3PT Field Goal,Above the Break 3,192.8,165.0,0,2.14,3.2
22300063,B. Osei,Milwaukee Bucks,2,6,24,0.5,2PT Field Goal,Restricted Area,3.6,2.8,0,2.88,1.9
22300446,S. Whitfield,Miami Heat,4,8,22,4.0,2PT Field Goal,In The Paint (Non-RA),28.4,28.1,1,4.08,21.4
22300797,B. Osei,Denver Nuggets,3,4,7,29.0,3PT Field Goal,Above the Break 3,33.0,288.1,0,5.63,15.3
22300142,R. Delgado,Milwaukee Bucks,3,9,0,1.8,2PT Field Goal,Restricted Area,5.6,17.3,0,1.35,6.4
22300449,B. Osei,Miami Heat,2,4,24,3.5,2PT Field Goal,Restricted Area,11.5,32.8,0,3.57,11.1
22300509,D. Reyes,Los Angeles Lakers,1,6,25,24.8,3PT Field Goal,Above the Break 3,-31.6,246.2,0,6.46,9.9
22300977,J. Carter,Denver Nuggets,4,8,6,24.8,3PT Field Goal,Above the Break 3,-57.2,241.0,0,4.38,9.0
22300830,B. Osei,New York Knicks,3,7,17,11.6,2PT Field Goal,In The Paint (Non-RA),104.9,48.8,0,3.92,3.8
22300442,A. Kowalski,Los Angeles Lakers,4,8,3,3.2,2PT Field Goal,Restricted Area,-29.8,12.1,1,1.64,5.2
22300868,M. Okafor,Boston Celtics,1,9,9,0.2,2PT Field Goal,Restricted Area,1.5,1.3,0,3.41,13.5
22300245,T. Nwosu,Milwaukee Bucks,2,5,37,28.7,3PT Field Goal,Above the Break 3,-220.3,183.8,0,5.71,17.0
22300754,B. Osei,Los Angeles Lakers,4,4,40,29.0,3PT Field Goal,Above the Break 3,-230.8,175.6,1,6.43,5.4
22300115,K. Albrecht,Los Angeles Lakers,4,7,49,1.7,2PT Field Goal,Restricted Area,9.9,13.3,1,0.4,4.1
22300614,T. Nwosu,Miami Heat,4,11,30,25.7,3PT Field Goal,Above the Break 3,-235.1,104.8,1,5.04,19.0
22300902,R. Delgado,Miami Heat,3,11,15,3.7,2PT Field Goal,Restricted Area,13.9,34.7,0,3.32,15.8
22300369,L. Fitzgerald,Denver Nuggets,3,6,3,24.3,3PT Field Goal,Above the Break 3,-140.0,198.3,1,2.05,19.1
22300913,K. Albrecht,Los Angeles Lakers,3,11,36,0.2,2PT Field Goal,Restricted Area,1.5,1.3,1,8.24,5.4
22300080,A. Kowalski,Milwaukee Bucks,3,8,22,2.9,2PT Field Goal,Restricted Area,4.4,28.6,0,5.62,12.7
22300189,J. Carter,Milwaukee Bucks,2,9,6,0.9,2PT Field Goal,Restricted Area,-5.2,7.0,0,1.72,6.8
22300918,M. Okafor,Golden State Warriors,4,7,49,1.4,2PT Field Goal,Restricted Area,2.8,13.8,1,1.85,18.8
22300984,K. Albrecht,New York Knicks,3,3,22,24.5,3PT Field Goal,Above the Break 3,128.6,208.4,0,4.52,22.7
22300101,B. Osei,Phoenix Suns,4,2,43,24.8,3PT Field Goal,Above the Break 3,182.8,168.2,1,0.82,8.9
22300567,S. Whitfield,Milwaukee Bucks,2,1,12,20.1,2PT Field Goal,Mid-Range,-183.0,83.9,1,3.65,11.9
22300115,T. Nwosu,Denver Nuggets,3,10,34,24.0,3PT Field Goal,Above the Break 3,203.4,128.2,1,5.22,11.1
22300944,R. Delgado,Milwaukee Bucks,3,2,32,2.2,2PT Field Goal,Restricted Area,15.6,16.0,0,1.16,16.7
22300934,M. Okafor,Boston Celtics,2,5,21,0.2,2PT Field Goal,Restricted Area,-1.2,1.6,1,4.49,17.4
22300453,L. Fitzgerald,Denver Nuggets,4,10,25,24.1,3PT Field Goal,Above the Break 3,57.8,234.1,1,5.07,21.8
22300432,K. Albrecht,Phoenix Suns,3,10,31,25.8,3PT Field Goal,Above the Break 3,14.8,258.0,0,2.63,3.3
22300840,T. Nwosu,Phoenix Suns,2,4,4,13.1,2PT Field Goal,In The Paint (Non-RA),32.5,126.5,0,4.93,2.8
22300246,J. Carter,Golden State Warriors,1,11,32,25.6,3PT Field Goal,Above the Break 3,-146.1,210.3,1,5.57,10.6
22300820,L. Fitzgerald,Milwaukee Bucks,3,5,58,26.4,3PT Field Goal,Above the Break 3,222.6,141.6,0,5.04,12.0
22300791,B. Osei,Denver Nuggets,3,8,4,25.6,3PT Field Goal,Above the Break 3,120.3,225.8,1,2.59,6.1
22300009,J. Carter,Phoenix Suns,2,0,35,2.2,2PT Field Goal,Restricted Area,3.5,21.7,0,5.99,12.1
22300035,A. Kowalski,Denver Nuggets,4,1,22,19.2,2PT Field Goal,Mid-Range,167.4,93.2,0,3.35,10.9
22300307,R. Delgado,Phoenix Suns,1,1,10,4.9,2PT Field Goal,In The Paint (Non-RA),-14.7,46.4,0,4.55,22.5
22300267,S. Whitfield,Milwaukee Bucks,3,5,37,12.0,2PT Field Goal,In The Paint (Non-RA),10.8,119.9,1,4.22,18.5
22300219,S. Whitfield,Boston Celtics,3,10,26,10.8,2PT Field Goal,In The Paint (Non-RA),33.4,102.5,1,4.07,15.4
22300644,J. Carter,Denver Nuggets,4,1,47,1.2,2PT Field Goal,Restricted Area,3.3,11.5,0,0.3,18.3
22300037,A. Kowalski,Milwaukee Bucks,3,7,50,1.1,2PT Field Goal,Restricted Area,-4.1,9.9,1,6.4,3.4
22300210,R. Delgado,Miami Heat,3,9,49,23.4,3PT Field Goal,Above the Break 3,52.3,228.1,0,5.15,12.0
22300132,A. Kowalski,Denver Nuggets,1,0,17,16.5,2PT Field Goal,Mid-Range,-28.0,162.4,1,4.36,12.6
22300502,M. Okafor,Los Angeles Lakers,1,5,42,26.8,3PT Field Goal,Above the Break 3,137.7,230.4,0,5.44,1.1
22300525,K. Albrecht,Milwaukee Bucks,3,0,42,2.8,2PT Field Goal,Restricted Area,-9.0,26.6,1,3.14,4.6
22300579,A. Kowalski,Denver Nuggets,3,4,8,4.0,2PT Field Goal,In The Paint (Non-RA),-4.7,39.7,1,3.75,4.0
22300107,M. Okafor,Miami Heat,2,9,34,18.7,2PT Field Goal,Mid-Range,39.3,182.7,0,5.2,0.4
22300549,M. Okafor,Milwaukee Bucks,1,3,19,26.0,3PT Field Goal,Above the Break 3,-176.4,190.6,1,0.3,15.0
22300698,M. Okafor,Los Angeles Lakers,2,6,28,7.6,2PT Field Goal,In The Paint (Non-RA),8.3,75.8,1,2.42,8.7
22300941,R. Delgado,Golden State Warriors,3,4,1,2.4,2PT Field Goal,Restricted Area,18.6,14.8,0,2.75,21.3
22300353,J. Carter,Golden State Warriors,2,1,37,19.6,2PT Field Goal,Mid-Range,87.5,175.0,1,3.4,7.4
22300784,L. Fitzgerald,Milwaukee Bucks,3,6,54,24.5,3PT Field Goal,Above the Break 3,0.2,245.1,0,2.87,17.2
22300454,J. Carter,Phoenix Suns,3,3,26,25.1,3PT Field Goal,Above the Break 3,-193.1,159.7,0,2.34,19.5
22300333,A. Kowalski,Los Angeles Lakers,3,4,24,26.1,3PT Field Goal,Above the Break 3,46.1,256.9,0,4.61,8.9
22300390,T. Nwosu,Milwaukee Bucks,1,1,53,8.4,2PT Field Goal,In The Paint (Non-RA),-17.4,81.9,0,5.81,2.8
22300624,T. Nwosu,Golden State Warriors,2,3,54,2.6,2PT Field Goal,Restricted Area,-7.6,25.2,1,5.08,23.2
22300960,B. Osei,Miami Heat,2,5,0,25.7,3PT Field Goal,Above the Break 3,126.5,223.4,1,6.34,13.8
22300141,B. Osei,Milwaukee Bucks,4,9,22,25.3,3PT Field Goal,Above the Break 3,228.6,108.6,0,5.21,15.4
22300229,B. Osei,Los Angeles Lakers,1,10,2,26.9,3PT Field Goal,Above the Break 3,11.7,268.6,1,7.36,13.1
22300362,L. Fitzgerald,Denver Nuggets,2,5,43,5.1,2PT Field Goal,In The Paint (Non-RA),-34.8,37.7,1,7.6,3.2
22300279,S. Whitfield,Phoenix Suns,1,4,30,1.9,2PT Field Goal,Restricted Area,7.8,17.4,1,3.05,14.5
22300680,S. Whitfield,Los Angeles Lakers,2,8,55,1.1,2PT Field Goal,Restricted Area,-1.3,10.9,1,2.26,17.1
22300887,S. Whitfield,Phoenix Suns,3,5,7,27.4,3PT Field Goal,Above the Break 3,202.9,184.4,0,2.75,7.6
22300795,T. Nwosu,Boston Celtics,1,7,14,25.0,3PT Field Goal,Above the Break 3,141.9,205.6,0,3.29,21.8
22300665,T. Nwosu,Milwaukee Bucks,4,8,0,2.3,2PT Field Goal,Restricted Area,-7.6,21.5,1,5.69,18.8
22300436,J. Carter,Boston Celtics,4,4,2,25.5,3PT Field Goal,Above the Break 3,177.0,183.6,0,5.23,16.5
22300579,M. Okafor,Milwaukee Bucks,3,3,14,7.1,2PT Field Goal,In The Paint (Non-RA),5.7,70.9,1,4.55,4.1
22300042,M. Okafor,Boston Celtics,4,9,50,11.1,2PT Field Goal,In The Paint (Non-RA),52.6,98.3,0,2.58,22.1
22300062,M. Okafor,Los Angeles Lakers,3,4,43,14.6,2PT Field Goal,Mid-Range,-125.6,73.5,0,3.14,19.4
22300427,R. Delgado,Denver Nuggets,1,5,25,3.8,2PT Field Goal,Restricted Area,-19.1,32.7,1,3.63,3.6
22300324,K. Albrecht,Los Angeles Lakers,1,7,23,2.2,2PT Field Goal,Restricted Area,16.4,14.6,0,4.57,22.5
22300330,R. Delgado,Golden State Warriors,2,7,18,3.0,2PT Field Goal,Restricted Area,-27.5,12.8,0,0.3,23.2
22300650,L. Fitzgerald,Milwaukee Bucks,4,7,52,1.7,2PT Field Goal,Restricted Area,7.3,15.3,1,4.63,20.3
22300930,D. Reyes,Phoenix Suns,3,11,28,9.5,2PT Field Goal,In The Paint (Non-RA),80.6,50.6,0,5.17,3.6
22300913,S. Whitfield,Phoenix Suns,2,1,56,4.0,2PT Field Goal,In The Paint (Non-RA),29.1,27.5,1,2.46,8.7
22300974,L. Fitzgerald,New York Knicks,4,8,47,23.6,3PT Field Goal,Above the Break 3,-173.2,160.0,1,7.25,8.8
22300160,R. Delgado,Boston Celtics,3,4,52,0.2,2PT Field Goal,Restricted Area,-1.5,1.3,0,5.79,8.0
22300496,K. Albrecht,Miami Heat,4,11,26,13.3,2PT Field Goal,In The Paint (Non-RA),-38.5,127.0,1,5.63,10.9
22300672,K. Albrecht,Milwaukee Bucks,1,4,45,21.7,2PT Field Goal,Mid-Range,-187.8,109.2,0,0.53,17.3
22300204,A. Kowalski,Los Angeles Lakers,3,4,59,2.7,2PT Field Goal,Restricted Area,7.1,25.7,1,5.85,15.1
22300331,A. Kowalski,New York Knicks,1,0,26,6.6,2PT Field Goal,In The Paint (Non-RA),24.1,60.9,1,4.42,20.1
22300633,R. Delgado,Miami Heat,4,8,58,19.0,2PT Field Goal,Mid-Range,79.4,172.1,1,4.52,8.1
22300522,R. Delgado,Los Angeles Lakers,3,11,31,21.8,2PT Field Goal,Mid-Range,152.2,156.1,1,0.3,18.1
22300056,K. Albrecht,Boston Celtics,2,8,26,25.2,3PT Field Goal,Above the Break 3,-104.7,229.6,0,0.61,8.9
22300452,B. Osei,Boston Celtics,2,8,59,26.4,3PT Field Goal,Above the Break 3,-240.9,107.4,0,3.39,16.6
22300754,D. Reyes,New York Knicks,1,0,34,2.6,2PT Field Goal,Restricted Area,-18.0,18.9,0,1.08,16.5
22300416,T. Nwosu,Milwaukee Bucks,2,10,23,27.1,3PT Field Goal,Above the Break 3,187.1,195.5,1,7.0,13.2
22300018,S. Whitfield,Miami Heat,2,8,26,20.9,2PT Field Goal,Mid-Range,-155.0,140.3,0,1.56,19.0
22300107,T. Nwosu,Los Angeles Lakers,3,10,37,14.3,2PT Field Goal,Mid-Range,-114.6,84.7,0,5.73,22.5
22300881,B. Osei,Boston Celtics,1,4,0,2.3,2PT Field Goal,Restricted Area,9.8,20.6,0,4.89,3.8
22300293,B. Osei,Denver Nuggets,2,9,56,6.3,2PT Field Goal,In The Paint (Non-RA),16.1,60.8,1,10.39,15.4
22300886,K. Albrecht,Golden State Warriors,4,2,31,14.7,2PT Field Goal,Mid-Range,122.5,80.6,0,4.2,23.0
22300626,L. Fitzgerald,Los Angeles Lakers,3,11,4,25.8,3PT Field Goal,Above the Break 3,174.0,190.9,0,7.4,22.5
22300457,D. Reyes,Los Angeles Lakers,4,9,44,25.4,3PT Field Goal,Above the Break 3,198.1,158.6,0,3.1,4.9
22300056,K. Albrecht,Golden State Warriors,4,3,14,0.6,2PT Field Goal,Restricted Area,5.1,3.6,1,1.53,4.3
22300087,S. Whitfield,Milwaukee Bucks,1,3,21,24.3,3PT Field Goal,Above the Break 3,-222.2,97.6,1,4.88,20.1
22300247,R. Delgado,Denver Nuggets,3,8,42,20.8,2PT Field Goal,Mid-Range,182.7,100.4,0,6.95,16.2
22300426,S. Whitfield,New York Knicks,2,0,2,16.0,2PT Field Goal,Mid-Range,-85.0,135.2,0,2.88,8.6
22300703,D. Reyes,Los Angeles Lakers,3,8,15,25.9,3PT Field Goal,Above the Break 3,-213.1,147.5,1,6.42,10.8
22300823,J. Carter,Phoenix Suns,2,4,7,11.4,2PT Field Goal,In The Paint (Non-RA),92.9,65.6,0,5.4,10.6
22300941,L. Fitzgerald,Golden State Warriors,4,0,15,23.6,3PT Field Goal,Above the Break 3,-109.1,209.3,1,4.13,3.7
22300476,S. Whitfield,Denver Nuggets,2,4,55,25.8,3PT Field Goal,Above the Break 3,-192.6,171.1,1,4.57,13.4
22300627,J. Carter,Milwaukee Bucks,2,1,16,25.6,3PT Field Goal,Above the Break 3,40.1,252.5,0,4.41,12.6
22300345,S. Whitfield,Denver Nuggets,4,2,37,0.6,2PT Field Goal,Restricted Area,4.2,4.3,0,2.75,16.0
22300330,A. Kowalski,Los Angeles Lakers,3,9,35,21.3,2PT Field Goal,Mid-Range,-86.2,194.7,0,4.44,23.9
22300417,L. Fitzgerald,New York Knicks,3,4,13,1.7,2PT Field Goal,Restricted Area,12.6,11.1,0,5.05,3.2
22300464,T. Nwosu,Denver Nuggets,3,5,9,23.9,3PT Field Goal,Above the Break 3,214.6,106.0,0,2.46,1.5
22300487,A. Kowalski,Los Angeles Lakers,1,8,56,26.1,3PT Field Goal,Above the Break 3,21.2,260.3,0,0.3,19.7
22300640,D. Reyes,Golden State Warriors,4,1,52,2.1,2PT Field Goal,Restricted Area,-12.4,16.7,1,5.55,10.1
22300339,L. Fitzgerald,Milwaukee Bucks,4,1,58,25.2,3PT Field Goal,Above the Break 3,-115.8,223.4,0,2.59,12.3
22300963,S. Whitfield,New York Knicks,4,0,57,21.8,2PT Field Goal,Mid-Range,-154.6,154.2,0,5.36,12.7
22300228,R. Delgado,Los Angeles Lakers,3,7,57,0.5,2PT Field Goal,Restricted Area,-0.7,5.0,1,2.19,7.8
22300549,M. Okafor,Los Angeles Lakers,3,3,22,26.6,3PT Field Goal,Above the Break 3,-64.3,258.0,0,4.98,3.4
22300957,A. Kowalski,Boston Celtics,2,10,57,13.6,2PT Field Goal,In The Paint (Non-RA),-64.5,119.3,0,3.6,9.3
22300660,D. Reyes,New York Knicks,1,10,46,0.7,2PT Field Goal,Restricted Area,-1.5,6.6,1,3.39,6.5
22300712,K. Albrecht,New York Knicks,3,2,16,2.6,2PT Field Goal,Restricted Area,-14.1,22.2,0,4.0,8.1
22300725,K. Albrecht,Denver Nuggets,3,1,5,24.7,3PT Field Goal,Above the Break 3,185.4,162.9,1,4.91,7.7
22300666,R. Delgado,Milwaukee Bucks,4,7,54,3.2,2PT Field Goal,Restricted Area,26.7,17.6,1,0.3,14.7
22300213,J. Carter,Denver Nuggets,3,6,6,7.7,2PT Field Goal,In The Paint (Non-RA),-11.8,75.8,1,6.9,0.0
22300160,L. Fitzgerald,Boston Celtics,3,7,59,1.3,2PT Field Goal,Restricted Area,-10.2,7.9,1,6.39,8.4
22300187,M. Okafor,Miami Heat,3,5,57,20.2,2PT Field Goal,Mid-Range,-95.0,177.7,1,4.84,20.1
22300547,K. Albrecht,New York Knicks,4,11,30,7.9,2PT Field Goal,In The Paint (Non-RA),33.6,71.9,1,0.45,22.4
22300014,R. Delgado,Golden State Warriors,3,3,27,26.4,3PT Field Goal,Above the Break 3,239.6,110.6,0,6.0,5.2
22300871,R. Delgado,New York Knicks,3,5,52,19.0,2PT Field Goal,Mid-Range,108.5,155.9,0,4.12,22.2
22300287,K. Albrecht,Denver Nuggets,4,0,33,28.3,3PT Field Goal,Above the Break 3,-242.6,145.5,0,7.8,15.4
22300188,B. Osei,Golden State Warriors,2,0,54,1.1,2PT Field Goal,Restricted Area,-4.0,10.5,0,3.08,22.9
22300279,K. Albrecht,Boston Celtics,3,9,12,1.1,2PT Field Goal,Restricted Area,-9.3,5.6,0,3.68,3.2
22300149,M. Okafor,Milwaukee Bucks,1,0,8,25.8,3PT Field Goal,Above the Break 3,37.7,255.7,1,6.32,21.0
22300240,K. Albrecht,New York Knicks,2,3,29,26.9,3PT Field Goal,Above the Break 3,-66.3,261.0,0,0.3,21.5
22300081,J. Carter,Phoenix Suns,3,1,9,17.5,2PT Field Goal,Mid-Range,-22.1,173.7,1,3.23,17.9
22300872,K. Albrecht,Miami Heat,2,3,30,24.4,3PT Field Goal,Above the Break 3,-119.1,213.0,0,3.72,20.3
22300462,T. Nwosu,Denver Nuggets,1,10,9,24.9,3PT Field Goal,Above the Break 3,-206.0,140.0,1,0.3,20.5
22300298,A. Kowalski,Phoenix Suns,3,1,12,21.3,2PT Field Goal,Mid-Range,132.3,166.5,1,1.99,16.6
22300684,J. Carter,Miami Heat,3,8,39,4.5,2PT Field Goal,In The Paint (Non-RA),-16.4,42.4,1,4.64,16.2
22300678,L. Fitzgerald,Boston Celtics,1,8,18,4.0,2PT Field Goal,In The Paint (Non-RA),-34.1,20.9,1,4.87,1.0
22300688,T. Nwosu,Phoenix Suns,1,1,32,6.3,2PT Field Goal,In The Paint (Non-RA),-41.2,48.2,0,7.83,5.1
22300086,A. Kowalski,Phoenix Suns,1,5,30,2.5,2PT Field Goal,Restricted Area,-22.3,12.2,0,6.25,1.6
22300442,T. Nwosu,Phoenix Suns,4,2,36,13.1,2PT Field Goal,In The Paint (Non-RA),101.6,82.6,1,1.11,13.1
22300942,L. Fitzgerald,Miami Heat,4,6,59,13.8,2PT Field Goal,In The Paint (Non-RA),-96.7,98.1,1,5.89,2.6
22300465,M. Okafor,Golden State Warriors,2,8,21,1.9,2PT Field Goal,Restricted Area,16.2,9.5,0,4.98,11.5
22300616,D. Reyes,Phoenix Suns,4,5,21,8.9,2PT Field Goal,In The Paint (Non-RA),80.2,38.9,1,4.36,0.0
22300485,K. Albrecht,Miami Heat,4,8,59,3.2,2PT Field Goal,Restricted Area,-24.7,19.8,0,1.56,6.6
22300936,T. Nwosu,Boston Celtics,1,2,3,19.0,2PT Field Goal,Mid-Range,120.8,147.1,0,8.31,21.6
22300324,J. Carter,Boston Celtics,3,1,16,22.5,3PT Field Goal,Above the Break 3,-140.8,175.5,1,8.07,13.3
22300670,J. Carter,Boston Celtics,2,4,17,14.7,2PT Field Goal,Mid-Range,71.3,129.1,1,4.8,2.2
22300289,S. Whitfield,New York Knicks,1,3,9,19.8,2PT Field Goal,Mid-Range,177.2,88.6,1,2.29,7.0
22300956,K. Albrecht,Golden State Warriors,4,10,46,16.7,2PT Field Goal,Mid-Range,-14.5,165.9,0,1.56,6.1
22300700,K. Albrecht,Boston Celtics,1,7,35,4.0,2PT Field Goal,In The Paint (Non-RA),-25.0,31.2,1,1.61,9.5
22300139,S. Whitfield,Miami Heat,4,6,6,3.4,2PT Field Goal,Restricted Area,12.5,31.2,0,6.13,3.4
22300863,A. Kowalski,Boston Celtics,4,7,51,25.3,3PT Field Goal,Above the Break 3,64.4,244.3,0,0.3,21.8
22300857,B. Osei,Milwaukee Bucks,1,9,27,23.5,3PT Field Goal,Above the Break 3,-134.5,193.1,0,6.7,11.2
22300204,R. Delgado,Boston Celtics,3,5,4,0.2,2PT Field Goal,Restricted Area,0.2,2.4,0,3.74,2.6
22300543,R. Delgado,New York Knicks,1,8,21,1.9,2PT Field Goal,Restricted Area,0.4,18.5,0,4.93,23.5
22300917,T. Nwosu,Boston Celtics,3,8,34,25.7,3PT Field Goal,Above the Break 3,-54.2,251.6,1,5.85,6.8
22300920,R. Delgado,Golden State Warriors,4,3,52,22.5,3PT Field Goal,Above the Break 3,-66.9,214.8,0,9.52,20.6
22300601,L. Fitzgerald,Phoenix Suns,3,5,25,15.1,2PT Field Goal,Mid-Range,127.1,81.2,0,5.8,18.7
22300894,M. Okafor,Miami Heat,2,4,44,24.0,3PT Field Goal,Above the Break 3,89.2,222.9,0,3.76,2.0
22300317,S. Whitfield,Los Angeles Lakers,4,11,12,16.9,2PT Field Goal,Mid-Range,-35.6,165.5,0,4.98,5.6
22300828,A. Kowalski,Golden State Warriors,3,6,4,25.7,3PT Field Goal,Above the Break 3,38.4,253.9,0,4.45,7.1
22300003,R. Delgado,Milwaukee Bucks,4,6,57,1.5,2PT Field Goal,Restricted Area,4.4,14.1,1,4.22,17.5
22300330,S. Whitfield,Milwaukee Bucks,3,6,15,12.5,2PT Field Goal,In The Paint (Non-RA),96.4,80.2,0,4.38,4.3
22300427,B. Osei,Miami Heat,3,11,43,20.9,2PT Field Goal,Mid-Range,-24.6,207.2,0,1.9,20.3
22300729,T. Nwosu,Milwaukee Bucks,4,11,7,1.5,2PT Field Goal,Restricted Area,10.5,11.3,0,4.85,4.6
22300963,K. Albrecht,New York Knicks,4,3,57,26.2,3PT Field Goal,Above the Break 3,-190.1,180.6,1,1.09,19.3
22300453,T. Nwosu,Denver Nuggets,1,6,54,0.5,2PT Field Goal,Restricted Area,2.6,4.2,0,6.69,21.5
22300554,B. Osei,Denver Nuggets,4,10,45,22.6,3PT Field Goal,Above the Break 3,104.4,200.6,1,3.3,19.5
22300977,J. Carter,Los Angeles Lakers,1,5,3,24.8,3PT Field Goal,Above the Break 3,-227.1,99.6,0,1.52,6.4
22300975,K. Albrecht,Golden State Warriors,3,11,47,6.2,2PT Field Goal,In The Paint (Non-RA),20.7,58.1,1,5.63,18.0
22300730,M. Okafor,Phoenix Suns,3,9,14,29.0,3PT Field Goal,Above the Break 3,-245.9,153.7,0,5.68,0.4
22300117,B. Osei,Golden State Warriors,1,11,33,19.9,2PT Field Goal,Mid-Range,164.6,112.5,0,4.39,2.7
22300562,D. Reyes,Los Angeles Lakers,2,8,35,26.9,3PT Field Goal,Above the Break 3,35.1,266.9,0,0.75,21.7
22300344,S. Whitfield,New York Knicks,2,10,26,1.5,2PT Field Goal,Restricted Area,-11.0,10.0,0,1.22,1.8
22300370,B. Osei,Miami Heat,3,9,36,0.7,2PT Field Goal,Restricted Area,3.4,5.6,1,5.37,23.6
22300210,J. Carter,Golden State Warriors,3,2,57,25.8,3PT Field Goal,Above the Break 3,-132.5,221.5,0,9.23,2.7
22300294,M. Okafor,Phoenix Suns,4,6,40,22.5,3PT Field Goal,Above the Break 3,-192.1,117.2,0,4.73,11.1
22300261,S. Whitfield,Milwaukee Bucks,1,2,3,17.0,2PT Field Goal,Mid-Range,24.9,168.6,0,4.82,12.8
22300609,T. Nwosu,Golden State Warriors,3,10,2,23.9,3PT Field Goal,Above the Break 3,156.1,181.0,0,5.48,5.5
22300617,S. Whitfield,New York Knicks,2,4,49,2.4,2PT Field Goal,Restricted Area,11.5,20.6,0,2.21,7.9
22300014,T. Nwosu,Los Angeles Lakers,3,7,44,26.4,3PT Field Goal,Above the Break 3,174.2,198.9,1,6.66,23.7
22300324,M. Okafor,Miami Heat,2,4,34,25.9,3PT Field Goal,Above the Break 3,124.3,227.7,0,2.75,12.2
22300487,K. Albrecht,Phoenix Suns,3,10,8,20.6,2PT Field Goal,Mid-Range,-55.4,198.3,0,4.25,2.3
22300730,J. Carter,Miami Heat,1,0,31,10.5,2PT Field Goal,In The Paint (Non-RA),-65.1,82.1,0,2.33,10.0
22300510,A. Kowalski,Los Angeles Lakers,3,0,50,26.3,3PT Field Goal,Above the Break 3,-98.2,244.3,0,1.44,16.1
22300501,L. Fitzgerald,Boston Celtics,4,7,58,2.0,2PT Field Goal,Restricted Area,14.3,14.2,0,2.43,6.0
22300140,K. Albrecht,New York Knicks,2,11,2,18.5,2PT Field Goal,Mid-Range,-167.2,78.5,0,2.07,23.4
22300147,B. Osei,Denver Nuggets,2,3,57,16.7,2PT Field Goal,Mid-Range,-140.9,89.8,0,3.26,17.3
22300743,K. Albrecht,New York Knicks,4,2,44,14.8,2PT Field Goal,Mid-Range,124.2,80.8,1,7.63,14.4
22300090,D. Reyes,Miami Heat,3,8,52,0.3,2PT Field Goal,Restricted Area,-2.3,1.0,1,4.83,11.7
22300053,L. Fitzgerald,Phoenix Suns,1,10,17,0.2,2PT Field Goal,Restricted Area,0.3,2.0,0,2.9,11.9
22300691,J. Carter,Boston Celtics,2,2,36,1.4,2PT Field Goal,Restricted Area,11.1,8.1,1,5.09,20.7
22300587,A. Kowalski,Los Angeles Lakers,3,7,33,27.2,3PT Field Goal,Above the Break 3,13.7,271.8,0,2.88,9.3
22300408,K. Albrecht,Phoenix Suns,3,10,1,2.7,2PT Field Goal,Restricted Area,15.0,22.9,1,6.71,0.4
22300998,D. Reyes,New York Knicks,3,0,33,2.5,2PT Field Goal,Restricted Area,-22.9,11.2,1,5.96,4.7
22300960,T. Nwosu,Miami Heat,4,9,3,1.9,2PT Field Goal,Restricted Area,10.0,15.8,1,3.37,4.9
22300364,M. Okafor,Milwaukee Bucks,4,9,24,13.1,2PT Field Goal,In The Paint (Non-RA),36.2,126.3,1,4.07,9.5
22300190,B. Osei,New York Knicks,3,7,19,19.5,2PT Field Goal,Mid-Range,60.5,184.9,0,4.34,9.6
22300131,M. Okafor,New York Knicks,4,3,39,25.7,3PT Field Goal,Above the Break 3,-130.6,221.4,1,1.89,15.5
22300107,J. Carter,Milwaukee Bucks,4,1,17,27.0,3PT Field Goal,Above the Break 3,69.6,261.2,0,1.59,2.0
22300355,R. Delgado,Milwaukee Bucks,3,5,0,22.5,3PT Field Goal,Above the Break 3,131.4,182.6,0,3.87,22.6
22300654,R. Delgado,Golden State Warriors,3,7,1,29.0,3PT Field Goal,Above the Break 3,211.5,198.4,0,2.15,7.7
22300744,A. Kowalski,Denver Nuggets,1,5,5,7.5,2PT Field Goal,In The Paint (Non-RA),-63.3,40.3,0,4.12,3.1
22300611,T. Nwosu,Phoenix Suns,4,5,57,0.2,2PT Field Goal,Restricted Area,1.6,1.2,1,6.09,5.9
22300065,J. Carter,Phoenix Suns,1,8,44,25.0,3PT Field Goal,Above the Break 3,120.7,218.9,0,3.68,2.1
22300299,L. Fitzgerald,Golden State Warriors,1,8,12,1.4,2PT Field Goal,Restricted Area,1.5,13.5,1,5.5,15.6
22300908,B. Osei,Denver Nuggets,4,10,1,16.0,2PT Field Goal,Mid-Range,85.0,135.3,0,8.14,20.0
22300176,T. Nwosu,Boston Celtics,4,0,17,1.1,2PT Field Goal,Restricted Area,5.9,8.8,0,3.22,8.6
22300902,L. Fitzgerald,Phoenix Suns,2,9,16,24.4,3PT Field Goal,Above the Break 3,29.5,242.1,0,7.42,9.3
22300717,J. Carter,Phoenix Suns,4,7,54,1.5,2PT Field Goal,Restricted Area,11.7,10.2,1,2.33,4.5
22300247,M. Okafor,Los Angeles Lakers,2,8,12,10.4,2PT Field Goal,In The Paint (Non-RA),80.5,65.5,1,1.61,4.9
22300568,L. Fitzgerald,Miami Heat,2,3,5,0.5,2PT Field Goal,Restricted Area,3.2,3.6,1,4.6,4.1
22300837,T. Nwosu,Milwaukee Bucks,3,5,39,28.2,3PT Field Goal,Above the Break 3,-172.9,222.4,0,3.83,0.9
22300701,D. Reyes,Denver Nuggets,1,10,26,18.0,2PT Field Goal,Mid-Range,-47.9,174.0,0,0.89,5.8
22300528,T. Nwosu,Milwaukee Bucks,4,1,16,15.9,2PT Field Goal,Mid-Range,133.8,86.2,1,7.1,11.2
22300845,D. Reyes,Miami Heat,3,3,48,1.4,2PT Field Goal,Restricted Area,2.2,14.1,1,6.12,18.8
22300738,D. Reyes,Denver Nuggets,2,4,19,1.2,2PT Field Goal,Restricted Area,-8.1,8.2,1,2.01,19.8
22300581,D. Reyes,Denver Nuggets,1,10,11,26.6,3PT Field Goal,Above the Break 3,176.8,198.6,0,3.75,8.3
22300357,S. Whitfield,Los Angeles Lakers,4,11,25,27.2,3PT Field Goal,Above the Break 3,-189.6,195.5,0,4.02,5.1
22300993,M. Okafor,New York Knicks,1,2,41,24.4,3PT Field Goal,Above the Break 3,217.8,110.7,0,1.41,19.3
22300536,A. Kowalski,Milwaukee Bucks,1,3,20,26.0,3PT Field Goal,Above the Break 3,96.5,241.7,0,4.93,7.4
22300450,M. Okafor,New York Knicks,3,2,13,19.0,2PT Field Goal,Mid-Range,166.5,92.6,0,1.15,15.6
22300176,R. Delgado,Los Angeles Lakers,3,7,9,4.0,2PT Field Goal,In The Paint (Non-RA),-17.2,36.1,1,0.31,9.0
22300885,D. Reyes,Milwaukee Bucks,2,7,46,14.5,2PT Field Goal,Mid-Range,114.1,89.0,0,7.45,14.4
22300502,J. Carter,Milwaukee Bucks,2,2,36,2.8,2PT Field Goal,Restricted Area,-12.4,25.1,1,2.78,16.7
22300825,R. Delgado,Miami Heat,2,4,25,11.4,2PT Field Goal,In The Paint (Non-RA),-96.6,61.3,1,2.49,8.5
22300937,M. Okafor,Milwaukee Bucks,4,9,40,5.4,2PT Field Goal,In The Paint (Non-RA),30.7,44.5,1,3.69,15.6
22300836,A. Kowalski,Los Angeles Lakers,4,2,38,16.2,2PT Field Goal,Mid-Range,138.8,84.2,0,2.58,10.8
22300070,T. Nwosu,Los Angeles Lakers,4,9,11,26.8,3PT Field Goal,Above the Break 3,226.1,143.4,0,9.02,16.7
22300177,B. Osei,Boston Celtics,2,4,53,23.5,3PT Field Goal,Above the Break 3,-179.7,151.8,1,5.23,16.1
22300110,A. Kowalski,Phoenix Suns,4,0,13,6.6,2PT Field Goal,In The Paint (Non-RA),8.7,65.3,1,6.08,1.4
22300592,A. Kowalski,Phoenix Suns,3,3,17,25.1,3PT Field Goal,Above the Break 3,97.3,231.8,0,6.2,18.0
22300245,M. Okafor,Phoenix Suns,2,1,54,25.1,3PT Field Goal,Above the Break 3,-107.2,226.9,0,8.99,20.9
22300291,R. Delgado,Phoenix Suns,3,10,49,25.0,3PT Field Goal,Above the Break 3,130.2,213.6,0,0.3,7.2
22300183,A. Kowalski,Boston Celtics,3,11,41,19.0,2PT Field Goal,Mid-Range,-54.7,182.0,0,5.95,23.8
22300996,A. Kowalski,Miami Heat,3,10,18,24.3,3PT Field Goal,Above the Break 3,185.4,156.9,0,4.6,9.7
22300940,D. Reyes,Miami Heat,3,10,56,9.9,2PT Field Goal,In The Paint (Non-RA),14.6,98.2,0,4.38,8.1
22300083,T. Nwosu,Phoenix Suns,1,10,0,1.7,2PT Field Goal,Restricted Area,-2.9,17.0,0,6.83,3.8
22300722,R. Delgado,Golden State Warriors,4,1,49,1.9,2PT Field Goal,Restricted Area,0.0,18.9,0,5.61,12.7
22300309,D. Reyes,Phoenix Suns,3,11,10,20.7,2PT Field Goal,Mid-Range,-41.9,203.2,0,0.31,5.1
22300346,M. Okafor,New York Knicks,3,0,10,1.8,2PT Field Goal,Restricted Area,-0.7,18.1,1,4.76,5.6
22300496,L. Fitzgerald,New York Knicks,4,4,10,6.6,2PT Field Goal,In The Paint (Non-RA),29.9,58.7,0,3.83,13.2
22300826,M. Okafor,Golden State Warriors,2,7,44,5.6,2PT Field Goal,In The Paint (Non-RA),-22.1,51.5,0,6.71,7.6
22300506,M. Okafor,Boston Celtics,1,6,21,2.2,2PT Field Goal,Restricted Area,-19.7,9.3,0,0.3,7.4
22300711,K. Albrecht,Golden State Warriors,2,0,39,1.5,2PT Field Goal,Restricted Area,6.1,13.3,1,5.64,17.9
22300340,L. Fitzgerald,Los Angeles Lakers,1,7,21,1.9,2PT Field Goal,Restricted Area,-2.3,19.2,0,4.53,2.5
22300580,K. Albrecht,Milwaukee Bucks,4,4,12,19.8,2PT Field Goal,Mid-Range,150.7,128.9,1,5.68,16.2
22300372,K. Albrecht,Boston Celtics,2,0,13,3.2,2PT Field Goal,Restricted Area,-28.9,13.5,1,5.09,19.1
22300347,B. Osei,New York Knicks,1,0,12,5.6,2PT Field Goal,In The Paint (Non-RA),33.2,45.3,1,0.3,0.6
22300972,D. Reyes,Milwaukee Bucks,4,4,15,23.3,3PT Field Goal,Above the Break 3,-105.9,207.6,0,5.76,23.5
22300942,J. Carter,Los Angeles Lakers,2,5,27,16.3,2PT Field Goal,Mid-Range,110.9,119.5,1,4.12,21.9
22300009,B. Osei,New York Knicks,1,1,51,26.3,3PT Field Goal,Above the Break 3,-107.3,239.9,1,2.42,15.9
22300353,L. Fitzgerald,Phoenix Suns,4,5,57,26.0,3PT Field Goal,Above the Break 3,-202.6,162.2,1,6.33,16.5
22300674,T. Nwosu,New York Knicks,4,0,53,27.6,3PT Field Goal,Above the Break 3,94.0,259.0,0,4.1,2.6
22300528,R. Delgado,Phoenix Suns,3,7,10,3.0,2PT Field Goal,Restricted Area,-18.7,22.9,1,7.93,2.5
22300889,A. Kowalski,Los Angeles Lakers,3,3,42,11.8,2PT Field Goal,In The Paint (Non-RA),76.9,89.9,1,6.63,17.4
22300444,R. Delgado,Miami Heat,3,7,0,25.4,3PT Field Goal,Above the Break 3,32.2,252.0,0,1.7,5.9
22300234,R. Delgado,Miami Heat,2,11,47,8.6,2PT Field Goal,In The Paint (Non-RA),63.7,57.8,0,5.97,4.2
22300210,L. Fitzgerald,New York Knicks,4,5,2,24.3,3PT Field Goal,Above the Break 3,97.9,222.9,0,4.2,17.3
22300815,S. Whitfield,Milwaukee Bucks,3,2,12,2.3,2PT Field Goal,Restricted Area,-2.6,23.1,1,4.14,7.2
22300494,B. Osei,Phoenix Suns,4,3,14,3.6,2PT Field Goal,Restricted Area,8.6,34.5,0,3.86,10.5
22300385,K. Albrecht,Miami Heat,4,0,5,23.0,3PT Field Goal,Above the Break 3,-199.8,113.3,0,6.5,0.2
22300183,T. Nwosu,Denver Nuggets,3,10,48,9.6,2PT Field Goal,In The Paint (Non-RA),-77.7,55.7,0,2.39,21.7
22300886,K. Albrecht,Golden State Warriors,3,4,11,10.4,2PT Field Goal,In The Paint (Non-RA),-57.8,85.9,1,5.18,11.5
22300259,S. Whitfield,Los Angeles Lakers,4,4,31,25.7,3PT Field Goal,Above the Break 3,8.7,256.6,1,0.73,4.1
22300530,K. Albrecht,Milwaukee Bucks,2,10,43,2.2,2PT Field Goal,Restricted Area,18.0,13.1,0,4.93,7.9
22300102,L. Fitzgerald,Los Angeles Lakers,1,0,47,25.0,3PT Field Goal,Above the Break 3,-229.5,98.4,0,1.35,13.9
22300134,R. Delgado,Golden State Warriors,4,4,48,7.3,2PT Field Goal,In The Paint (Non-RA),-38.8,61.3,1,1.33,18.0
22300657,R. Delgado,Golden State Warriors,2,7,9,0.8,2PT Field Goal,Restricted Area,-6.4,4.3,1,4.1,16.2
22300623,T. Nwosu,Boston Celtics,4,6,11,0.2,2PT Field Goal,Restricted Area,1.4,1.5,0,1.66,8.3
22300350,L. Fitzgerald,Los Angeles Lakers,1,4,21,10.6,2PT Field Goal,In The Paint (Non-RA),83.7,64.6,1,6.69,13.8
22300426,T. Nwosu,Los Angeles Lakers,2,7,33,8.5,2PT Field Goal,In The Paint (Non-RA),10.7,84.5,1,1.72,4.9
22300185,L. Fitzgerald,Phoenix Suns,2,1,34,29.0,3PT Field Goal,Above the Break 3,-179.2,228.0,0,7.81,11.4
22300058,T. Nwosu,Miami Heat,3,4,53,1.1,2PT Field Goal,Restricted Area,7.8,8.0,0,6.05,12.2
22300224,L. Fitzgerald,Miami Heat,3,11,25,1.9,2PT Field Goal,Restricted Area,-7.3,17.3,1,4.42,12.0
22300924,R. Delgado,Denver Nuggets,1,11,35,2.4,2PT Field Goal,Restricted Area,6.7,23.4,1,5.63,23.4
22300601,K. Albrecht,Los Angeles Lakers,4,0,30,17.2,2PT Field Goal,Mid-Range,110.6,131.5,0,4.67,8.7
22300137,B. Osei,Phoenix Suns,2,10,31,29.0,3PT Field Goal,Above the Break 3,-108.4,269.0,0,9.54,15.8
22300017,L. Fitzgerald,Milwaukee Bucks,4,11,6,4.9,2PT Field Goal,In The Paint (Non-RA),-30.9,38.3,0,5.34,4.4
22300670,M. Okafor,Boston Celtics,1,9,43,18.0,2PT Field Goal,Mid-Range,-153.6,94.0,1,2.87,12.5
22300993,D. Reyes,Los Angeles Lakers,3,8,32,21.6,2PT Field Goal,Mid-Range,180.8,117.7,0,5.07,10.7
22300443,J. Carter,Boston Celtics,1,6,1,3.2,2PT Field Goal,Restricted Area,-29.0,14.7,1,3.44,7.8
22300991,D. Reyes,Golden State Warriors,3,11,11,1.3,2PT Field Goal,Restricted Area,8.7,9.1,1,4.05,19.2
22300018,A. Kowalski,Miami Heat,2,4,9,28.3,3PT Field Goal,Above the Break 3,243.4,144.3,0,2.88,3.4
22300711,A. Kowalski,Milwaukee Bucks,2,3,26,1.0,2PT Field Goal,Restricted Area,-1.9,9.6,0,3.0,10.3
22300105,L. Fitzgerald,Phoenix Suns,1,8,26,23.9,3PT Field Goal,Above the Break 3,-182.3,154.9,0,6.11,3.6
22300497,B. Osei,Milwaukee Bucks,3,2,57,9.2,2PT Field Goal,In The Paint (Non-RA),39.8,83.3,0,4.11,12.4
22300577,R. Delgado,Los Angeles Lakers,2,10,53,2.9,2PT Field Goal,Restricted Area,-19.0,21.6,1,5.94,15.9
22300545,L. Fitzgerald,Miami Heat,1,4,58,3.4,2PT Field Goal,Restricted Area,-5.0,33.3,0,3.51,21.6
22300930,J. Carter,Miami Heat,4,7,57,1.4,2PT Field Goal,Restricted Area,-5.4,12.7,1,4.01,15.2
22300748,J. Carter,Phoenix Suns,4,5,0,2.4,2PT Field Goal,Restricted Area,12.1,20.2,1,3.14,21.0
22300205,A. Kowalski,Phoenix Suns,1,10,4,9.0,2PT Field Goal,In The Paint (Non-RA),49.9,74.8,1,7.12,8.9
22300859,B. Osei,New York Knicks,1,2,7,10.9,2PT Field Goal,In The Paint (Non-RA),30.2,104.6,1,7.92,22.3
22300410,M. Okafor,Miami Heat,3,7,48,15.4,2PT Field Goal,Mid-Range,3.1,154.2,0,4.01,9.5
22300358,S. Whitfield,Milwaukee Bucks,4,5,4,13.6,2PT Field Goal,In The Paint (Non-RA),73.4,114.5,0,6.24,23.0
22300742,T. Nwosu,Boston Celtics,1,3,3,3.6,2PT Field Goal,Restricted Area,-24.8,26.2,1,0.96,8.0
22300415,D. Reyes,Denver Nuggets,1,1,41,2.3,2PT Field Goal,Restricted Area,-15.2,17.8,1,1.35,16.7
22300621,M. Okafor,Golden State Warriors,1,8,4,23.1,3PT Field Goal,Above the Break 3,-161.7,164.4,1,5.88,8.2
22300633,B. Osei,Boston Celtics,3,11,58,1.9,2PT Field Goal,Restricted Area,-12.6,14.0,0,0.3,8.9
22300820,K. Albrecht,Boston Celtics,3,7,50,25.1,3PT Field Goal,Above the Break 3,-27.7,249.5,1,10.52,15.0
22300379,J. Carter,Milwaukee Bucks,4,11,42,4.5,2PT Field Goal,In The Paint (Non-RA),-33.6,29.7,1,6.51,19.9
22300015,A. Kowalski,Miami Heat,1,3,38,23.9,3PT Field Goal,Above the Break 3,203.1,126.8,1,8.15,3.5
22300942,K. Albrecht,New York Knicks,1,5,46,0.2,2PT Field Goal,Restricted Area,-1.7,1.0,1,4.03,1.6
22300041,B. Osei,Boston Celtics,3,7,1,3.5,2PT Field Goal,Restricted Area,30.4,18.4,0,1.17,9.8
22300443,S. Whitfield,Miami Heat,3,3,53,10.2,2PT Field Goal,In The Paint (Non-RA),65.2,78.0,0,2.22,15.9
22300366,K. Albrecht,Phoenix Suns,2,9,44,28.0,3PT Field Goal,Above the Break 3,35.5,278.0,0,2.25,16.4
22300307,L. Fitzgerald,Phoenix Suns,2,4,4,2.7,2PT Field Goal,Restricted Area,1.7,27.2,1,6.15,22.0
22300586,R. Delgado,Boston Celtics,4,10,4,2.1,2PT Field Goal,Restricted Area,13.6,16.0,1,1.88,23.6
22300943,D. Reyes,Boston Celtics,4,3,58,1.4,2PT Field Goal,Restricted Area,-5.5,12.8,1,2.39,11.2
22300075,D. Reyes,Milwaukee Bucks,2,11,4,25.7,3PT Field Goal,Above the Break 3,174.3,189.2,0,7.79,22.6
22300012,S. Whitfield,New York Knicks,1,1,32,0.5,2PT Field Goal,Restricted Area,-0.7,4.5,0,1.48,23.0
22300552,S. Whitfield,Milwaukee Bucks,4,6,27,1.8,2PT Field Goal,Restricted Area,12.1,13.8,1,2.8,11.4
22300634,M. Okafor,Golden State Warriors,4,5,43,20.3,2PT Field Goal,Mid-Range,8.0,202.9,1,7.34,11.2
22300380,K. Albrecht,Milwaukee Bucks,3,7,14,24.8,3PT Field Goal,Above the Break 3,224.4,105.7,1,9.92,8.1
22300281,M. Okafor,New York Knicks,2,1,34,14.9,2PT Field Goal,Mid-Range,40.3,143.5,0,0.5,19.3
22300222,R. Delgado,Los Angeles Lakers,3,6,58,1.8,2PT Field Goal,Restricted Area,6.1,17.2,0,0.3,14.7
22300076,R. Delgado,Phoenix Suns,4,5,56,11.0,2PT Field Goal,In The Paint (Non-RA),-65.2,89.0,0,2.65,9.6
22300423,R. Delgado,Phoenix Suns,2,0,55,3.3,2PT Field Goal,Restricted Area,30.3,12.4,1,4.72,6.4
22300155,S. Whitfield,Denver Nuggets,3,11,53,0.5,2PT Field Goal,Restricted Area,-4.2,2.5,0,4.14,15.7
22300039,D. Reyes,Los Angeles Lakers,2,0,40,25.5,3PT Field Goal,Above the Break 3,-230.0,110.0,0,2.97,3.7
22300343,J. Carter,New York Knicks,2,0,51,8.8,2PT Field Goal,In The Paint (Non-RA),-29.6,82.9,0,1.31,21.6
22300638,B. Osei,Los Angeles Lakers,2,10,51,3.7,2PT Field Goal,Restricted Area,33.5,15.3,1,6.17,23.2
22300849,B. Osei,Golden State Warriors,2,0,43,27.7,3PT Field Goal,Above the Break 3,-149.0,233.9,1,3.07,12.6
22300128,M. Okafor,Phoenix Suns,3,1,4,23.9,3PT Field Goal,Above the Break 3,-203.7,124.2,0,2.75,17.5
22300394,R. Delgado,New York Knicks,2,7,16,26.4,3PT Field Goal,Above the Break 3,-108.9,240.3,0,4.34,8.1
22300354,T. Nwosu,Denver Nuggets,2,4,36,2.0,2PT Field Goal,Restricted Area,11.7,16.1,1,7.56,21.3
22300633,L. Fitzgerald,Los Angeles Lakers,1,7,44,3.4,2PT Field Goal,Restricted Area,21.5,26.1,0,4.65,13.9
22300012,B. Osei,Phoenix Suns,3,8,41,20.7,2PT Field Goal,Mid-Range,-174.5,111.6,0,10.16,0.8
22300077,S. Whitfield,Milwaukee Bucks,3,11,10,14.9,2PT Field Goal,Mid-Range,-29.4,145.9,0,3.52,4.0
22300953,S. Whitfield,Los Angeles Lakers,4,10,14,23.2,3PT Field Goal,Above the Break 3,-39.0,228.6,0,5.65,18.8
22300691,K. Albrecht,Golden State Warriors,1,5,37,25.2,3PT Field Goal,Above the Break 3,-176.1,179.5,0,0.3,17.2
22300833,L. Fitzgerald,Los Angeles Lakers,1,0,48,24.4,3PT Field Goal,Above the Break 3,-180.5,163.5,0,2.77,14.0
22300909,K. Albrecht,Phoenix Suns,2,5,7,0.8,2PT Field Goal,Restricted Area,-3.2,7.1,0,4.2,17.1
22300538,B. Osei,Phoenix Suns,1,10,34,17.1,2PT Field Goal,Mid-Range,-46.4,164.2,1,2.65,11.3
22300267,R. Delgado,New York Knicks,4,8,15,2.4,2PT Field Goal,Restricted Area,5.9,22.9,0,2.47,21.9
22300193,R. Delgado,Boston Celtics,1,8,27,8.3,2PT Field Goal,In The Paint (Non-RA),29.7,77.7,0,2.98,20.5
22300791,R. Delgado,Phoenix Suns,3,9,30,3.4,2PT Field Goal,Restricted Area,9.1,33.0,1,2.03,6.0
22300092,J. Carter,New York Knicks,1,2,28,2.1,2PT Field Goal,Restricted Area,-3.8,20.5,1,3.03,10.1
22300886,A. Kowalski,Boston Celtics,2,8,21,0.2,2PT Field Goal,Restricted Area,-1.4,1.4,1,4.43,1.5
22300517,D. Reyes,Denver Nuggets,1,8,20,1.6,2PT Field Goal,Restricted Area,-12.4,9.4,1,5.12,22.9
22300759,D. Reyes,Miami Heat,1,3,37,2.6,2PT Field Goal,Restricted Area,-19.7,16.9,1,1.8,3.6
22300137,M. Okafor,Milwaukee Bucks,2,8,48,26.1,3PT Field Goal,Above the Break 3,137.7,221.4,0,3.79,14.0
22300211,T. Nwosu,Phoenix Suns,1,6,52,0.3,2PT Field Goal,Restricted Area,-1.8,2.0,0,2.42,17.0
22300289,B. Osei,New York Knicks,2,4,1,0.2,2PT Field Goal,Restricted Area,-0.1,2.1,1,6.35,14.4
22300515,L. Fitzgerald,Boston Celtics,1,10,0,17.0,2PT Field Goal,Mid-Range,-96.3,139.6,1,8.25,5.0
22300448,T. Nwosu,Miami Heat,3,5,5,19.3,2PT Field Goal,Mid-Range,-102.5,164.0,1,4.72,14.0
22300515,J. Carter,Los Angeles Lakers,3,0,43,25.8,3PT Field Goal,Above the Break 3,141.5,215.6,1,5.23,4.5
22300276,J. Carter,Boston Celtics,1,6,55,27.6,3PT Field Goal,Above the Break 3,174.9,213.8,0,3.66,0.5
22300800,M. Okafor,Golden State Warriors,2,0,54,16.5,2PT Field Goal,Mid-Range,14.5,164.6,1,5.4,7.8
22300806,L. Fitzgerald,Boston Celtics,2,7,14,20.4,2PT Field Goal,Mid-Range,59.7,195.6,1,3.8,5.4
22300139,D. Reyes,New York Knicks,1,7,36,26.7,3PT Field Goal,Above the Break 3,84.1,253.7,0,1.37,12.9
22300412,B. Osei,New York Knicks,4,5,29,2.2,2PT Field Goal,Restricted Area,14.5,17.0,0,7.13,8.0
22300988,L. Fitzgerald,New York Knicks,1,8,6,0.8,2PT Field Goal,Restricted Area,-7.5,3.1,1,9.44,20.4
22300196,M. Okafor,New York Knicks,3,6,16,24.5,3PT Field Goal,Above the Break 3,-127.6,208.6,0,5.72,9.1
22300787,D. Reyes,Golden State Warriors,4,6,43,2.8,2PT Field Goal,Restricted Area,17.8,21.2,1,4.28,9.9
22300704,R. Delgado,New York Knicks,2,5,52,21.9,2PT Field Goal,Mid-Range,202.8,82.3,1,5.38,19.3
22300278,J. Carter,Miami Heat,3,1,39,0.5,2PT Field Goal,Restricted Area,2.5,4.8,1,8.15,15.2
22300625,K. Albrecht,Los Angeles Lakers,3,1,50,11.1,2PT Field Goal,In The Paint (Non-RA),77.3,79.8,1,3.22,11.6
22300194,J. Carter,Golden State Warriors,1,3,31,23.2,3PT Field Goal,Above the Break 3,-157.7,169.9,1,5.99,6.0
22300088,T. Nwosu,Milwaukee Bucks,3,3,39,19.7,2PT Field Goal,Mid-Range,-175.8,89.9,1,4.7,23.8
22300129,L. Fitzgerald,Golden State Warriors,2,5,43,9.4,2PT Field Goal,In The Paint (Non-RA),81.2,47.6,0,0.3,9.9
22300330,B. Osei,Miami Heat,1,7,43,0.2,2PT Field Goal,Restricted Area,-1.1,1.6,1,3.48,6.7
22300679,L. Fitzgerald,Phoenix Suns,4,8,53,24.1,3PT Field Goal,Above the Break 3,-121.8,207.7,0,5.61,9.1
22300018,A. Kowalski,Milwaukee Bucks,3,3,37,14.2,2PT Field Goal,Mid-Range,44.7,134.5,1,5.12,11.6
22300477,R. Delgado,Phoenix Suns,4,0,42,8.2,2PT Field Goal,In The Paint (Non-RA),3.1,81.6,1,4.04,15.0
22300860,K. Albrecht,Milwaukee Bucks,4,9,52,24.8,3PT Field Goal,Above the Break 3,180.4,169.6,1,1.43,2.1
22300708,B. Osei,Milwaukee Bucks,4,4,24,14.8,2PT Field Goal,Mid-Range,-85.2,120.7,0,4.89,9.4
22300098,T. Nwosu,Boston Celtics,2,2,24,25.1,3PT Field Goal,Above the Break 3,-174.6,180.4,1,4.72,1.4
22300552,A. Kowalski,New York Knicks,3,9,43,20.4,2PT Field Goal,Mid-Range,-171.9,110.4,0,5.56,6.9
22300820,S. Whitfield,Phoenix Suns,4,11,38,24.2,3PT Field Goal,Above the Break 3,154.3,186.1,1,8.43,7.9
22300134,T. Nwosu,Miami Heat,4,10,47,17.3,2PT Field Goal,Mid-Range,61.6,161.3,1,4.42,16.0
22300562,S. Whitfield,Golden State Warriors,4,1,5,27.4,3PT Field Goal,Above the Break 3,112.3,250.1,0,6.84,4.5
22300335,S. Whitfield,Phoenix Suns,3,2,28,27.2,3PT Field Goal,Above the Break 3,-142.7,231.0,1,5.44,8.1
22300400,M. Okafor,Los Angeles Lakers,3,2,58,1.0,2PT Field Goal,Restricted Area,-6.7,7.7,0,10.68,0.3
22300591,D. Reyes,Golden State Warriors,4,7,15,10.6,2PT Field Goal,In The Paint (Non-RA),54.5,90.4,0,5.49,7.9
22300610,A. Kowalski,Los Angeles Lakers,1,5,39,18.1,2PT Field Goal,Mid-Range,118.6,136.7,1,10.42,23.7
22300121,D. Reyes,Denver Nuggets,1,1,46,3.7,2PT Field Goal,Restricted Area,-18.1,32.8,1,2.04,19.4
22300708,K. Albrecht,Golden State Warriors,2,6,49,25.0,3PT Field Goal,Above the Break 3,-106.6,226.5,1,1.54,15.5
22300432,M. Okafor,Miami Heat,2,0,6,24.6,3PT Field Goal,Above the Break 3,158.0,189.1,1,5.45,9.4
22300034,K. Albrecht,Denver Nuggets,1,8,37,25.1,3PT Field Goal,Above the Break 3,165.5,188.6,1,4.03,1.5
22300717,L. Fitzgerald,Milwaukee Bucks,2,8,42,0.9,2PT Field Goal,Restricted Area,-6.4,6.5,1,7.36,15.4
22300391,A. Kowalski,Phoenix Suns,4,6,13,10.1,2PT Field Goal,In The Paint (Non-RA),-54.0,85.0,0,6.22,17.4
22300854,S. Whitfield,Miami Heat,1,11,16,25.4,3PT Field Goal,Above the Break 3,146.5,207.9,1,6.26,11.8
22300346,D. Reyes,Milwaukee Bucks,3,4,29,4.9,2PT Field Goal,In The Paint (Non-RA),23.0,43.0,1,2.57,6.0
22300947,M. Okafor,Miami Heat,3,7,1,25.5,3PT Field Goal,Above the Break 3,-70.9,244.7,0,4.31,23.1
22300229,J. Carter,Denver Nuggets,2,8,11,7.6,2PT Field Goal,In The Paint (Non-RA),49.6,57.5,1,6.33,18.7
22300523,D. Reyes,Miami Heat,3,6,53,1.9,2PT Field Goal,Restricted Area,8.5,17.5,0,3.08,4.6
22300109,J. Carter,Los Angeles Lakers,4,2,25,2.2,2PT Field Goal,Restricted Area,-3.4,22.2,0,4.42,3.8
22300980,K. Albrecht,Boston Celtics,4,3,23,0.8,2PT Field Goal,Restricted Area,-0.1,8.1,1,7.19,15.4
22300527,R. Delgado,Miami Heat,1,9,51,12.9,2PT Field Goal,In The Paint (Non-RA),-82.3,99.8,0,4.31,6.1
22300231,R. Delgado,New York Knicks,3,2,31,3.3,2PT Field Goal,Restricted Area,-7.2,31.8,1,4.95,23.5
22300785,K. Albrecht,Denver Nuggets,2,1,43,22.7,3PT Field Goal,Above the Break 3,-180.1,137.6,1,7.21,20.3
22300792,D. Reyes,Miami Heat,4,11,27,24.8,3PT Field Goal,Above the Break 3,9.4,247.4,1,5.45,8.9
22300082,B. Osei,Milwaukee Bucks,1,1,57,2.2,2PT Field Goal,Restricted Area,-18.4,11.5,1,1.04,18.1
22300765,M. Okafor,Milwaukee Bucks,3,5,45,2.5,2PT Field Goal,Restricted Area,-22.9,9.8,0,4.69,2.5
22300229,D. Reyes,Golden State Warriors,2,3,25,0.2,2PT Field Goal,Restricted Area,1.8,0.9,0,4.48,2.8
22300633,D. Reyes,New York Knicks,2,1,8,22.5,3PT Field Goal,Above the Break 3,-170.8,146.4,0,5.2,6.0
22300384,R. Delgado,Los Angeles Lakers,4,4,26,0.2,2PT Field Goal,Restricted Area,-0.8,1.8,1,9.7,21.6
22300766,A. Kowalski,Golden State Warriors,4,1,37,20.8,2PT Field Goal,Mid-Range,163.8,127.5,0,7.06,20.3
22300975,B. Osei,Golden State Warriors,1,5,46,0.2,2PT Field Goal,Restricted Area,-1.7,1.1,1,4.76,23.4
22300569,M. Okafor,Golden State Warriors,3,6,12,1.7,2PT Field Goal,Restricted Area,3.1,17.0,1,2.9,9.4
22300486,R. Delgado,Boston Celtics,2,5,43,1.7,2PT Field Goal,Restricted Area,-0.0,16.8,1,6.38,14.1
22300309,T. Nwosu,Phoenix Suns,3,3,20,19.7,2PT Field Goal,Mid-Range,40.3,192.9,0,4.86,22.5
22300151,L. Fitzgerald,Denver Nuggets,1,9,46,2.8,2PT Field Goal,Restricted Area,10.1,26.3,1,7.45,22.3
22300080,J. Carter,Golden State Warriors,1,11,28,25.6,3PT Field Goal,Above the Break 3,-2.0,255.7,0,5.16,17.5
22300254,T. Nwosu,Phoenix Suns,2,4,32,18.2,2PT Field Goal,Mid-Range,148.6,105.4,0,6.74,14.1
22300180,K. Albrecht,Miami Heat,2,3,55,3.7,2PT Field Goal,Restricted Area,12.4,35.3,0,2.58,15.3
22300097,K. Albrecht,Golden State Warriors,4,8,55,1.6,2PT Field Goal,Restricted Area,-12.0,11.3,0,4.02,0.0
22300435,K. Albrecht,Milwaukee Bucks,2,0,21,16.4,2PT Field Goal,Mid-Range,30.5,161.1,0,4.55,13.3
22300218,D. Reyes,Boston Celtics,2,7,32,14.6,2PT Field Goal,Mid-Range,-128.0,71.2,1,2.53,22.4
22300757,B. Osei,Golden State Warriors,1,6,37,1.6,2PT Field Goal,Restricted Area,-8.7,13.8,0,5.32,23.0
22300726,T. Nwosu,Miami Heat,3,3,45,2.5,2PT Field Goal,Restricted Area,20.4,14.4,1,3.55,10.9
22300753,R. Delgado,Golden State Warriors,1,8,24,5.6,2PT Field Goal,In The Paint (Non-RA),-48.6,27.7,1,3.58,13.1
22300171,K. Albrecht,Denver Nuggets,1,3,16,26.7,3PT Field Goal,Above the Break 3,-97.3,248.7,0,2.81,16.4
22300577,L. Fitzgerald,Denver Nuggets,4,1,0,14.9,2PT Field Goal,Mid-Range,-127.4,77.4,0,4.21,12.2
22300225,T. Nwosu,New York Knicks,4,10,54,23.6,3PT Field Goal,Above the Break 3,190.1,140.5,0,0.64,20.8
22300013,S. Whitfield,Los Angeles Lakers,1,4,59,14.4,2PT Field Goal,Mid-Range,-125.3,71.4,1,6.48,7.8
22300358,J. Carter,Miami Heat,1,8,48,17.2,2PT Field Goal,Mid-Range,25.9,170.0,0,5.35,23.9
22300515,R. Delgado,Golden State Warriors,2,9,54,9.2,2PT Field Goal,In The Paint (Non-RA),-8.3,91.8,0,5.73,20.8
22300730,A. Kowalski,Milwaukee Bucks,2,4,21,21.6,2PT Field Goal,Mid-Range,169.9,133.1,1,7.3,15.2
22300908,M. Okafor,Denver Nuggets,4,8,42,10.4,2PT Field Goal,In The Paint (Non-RA),-91.1,49.5,0,5.04,15.2
22300822,R. Delgado,Milwaukee Bucks,1,7,2,25.8,3PT Field Goal,Above the Break 3,-235.5,105.4,0,3.72,15.3
22300559,T. Nwosu,Boston Celtics,2,11,1,3.8,2PT Field Goal,Restricted Area,26.4,27.2,1,7.47,1.6
22300621,R. Delgado,Phoenix Suns,1,3,8,1.0,2PT Field Goal,Restricted Area,-6.6,7.1,0,3.52,10.0
22300392,M. Okafor,Denver Nuggets,3,8,27,24.4,3PT Field Goal,Above the Break 3,-35.7,241.7,0,4.76,3.6
22300696,J. Carter,Milwaukee Bucks,3,8,8,5.2,2PT Field Goal,In The Paint (Non-RA),43.0,29.2,1,0.3,9.2
22300572,K. Albrecht,Miami Heat,3,2,40,24.3,3PT Field Goal,Above the Break 3,-101.7,220.5,0,3.14,10.3
22300232,R. Delgado,Milwaukee Bucks,2,7,43,29.0,3PT Field Goal,Above the Break 3,-182.6,224.9,0,4.33,11.4
22300521,D. Reyes,Miami Heat,4,4,39,14.9,2PT Field Goal,Mid-Range,104.1,106.4,1,5.88,21.3
22300842,J. Carter,Milwaukee Bucks,2,1,15,2.7,2PT Field Goal,Restricted Area,17.8,20.4,0,5.58,17.6
22300695,T. Nwosu,Miami Heat,4,2,23,27.1,3PT Field Goal,Above the Break 3,249.6,105.1,0,6.59,0.0
22300282,D. Reyes,Miami Heat,2,1,44,18.1,2PT Field Goal,Mid-Range,116.1,139.2,0,3.08,4.0
22300421,K. Albrecht,Milwaukee Bucks,1,2,7,1.7,2PT Field Goal,Restricted Area,3.9,16.1,1,3.07,4.8
22300240,A. Kowalski,Golden State Warriors,4,1,8,26.4,3PT Field Goal,Above the Break 3,-168.5,202.8,0,4.84,3.0
22300019,D. Reyes,Golden State Warriors,3,6,24,6.0,2PT Field Goal,In The Paint (Non-RA),33.9,49.5,0,2.52,6.7
22300591,D. Reyes,Denver Nuggets,1,10,40,1.6,2PT Field Goal,Restricted Area,2.0,15.4,1,3.43,11.4
22300860,J. Carter,Milwaukee Bucks,3,10,57,2.9,2PT Field Goal,Restricted Area,-5.4,28.8,1,4.47,23.4
22300402,J. Carter,Miami Heat,1,10,44,1.0,2PT Field Goal,Restricted Area,2.0,9.8,1,0.3,4.4
22300713,T. Nwosu,Golden State Warriors,2,10,51,18.9,2PT Field Goal,Mid-Range,-138.4,129.1,0,0.68,0.3
22300751,J. Carter,Golden State Warriors,4,10,45,24.7,3PT Field Goal,Above the Break 3,212.0,127.6,1,5.26,0.7
22300127,S. Whitfield,New York Knicks,2,11,21,0.7,2PT Field Goal,Restricted Area,-2.0,6.4,0,2.66,6.9
22300095,K. Albrecht,Boston Celtics,1,1,11,2.8,2PT Field Goal,Restricted Area,23.5,14.4,1,6.04,2.4
22300096,K. Albrecht,New York Knicks,1,8,7,21.5,2PT Field Goal,Mid-Range,132.7,169.6,1,3.18,0.8
22300076,L. Fitzgerald,New York Knicks,2,7,32,7.2,2PT Field Goal,In The Paint (Non-RA),24.9,67.8,0,1.91,0.7
22300832,A. Kowalski,Los Angeles Lakers,1,2,59,10.0,2PT Field Goal,In The Paint (Non-RA),-49.4,86.9,1,5.71,12.2
22300795,K. Albrecht,Denver Nuggets,1,10,53,26.2,3PT Field Goal,Above the Break 3,119.9,233.4,1,3.69,4.0
22300715,B. Osei,Phoenix Suns,1,3,42,25.2,3PT Field Goal,Above the Break 3,-78.1,239.3,0,5.13,1.4
22300481,A. Kowalski,Boston Celtics,2,10,44,26.3,3PT Field Goal,Above the Break 3,220.4,143.8,0,2.73,6.9
22300611,R. Delgado,New York Knicks,4,11,11,23.9,3PT Field Goal,Above the Break 3,-77.6,226.3,0,2.43,18.0
22300597,K. Albrecht,Phoenix Suns,3,7,17,1.9,2PT Field Goal,Restricted Area,14.5,12.7,1,3.52,13.2
22300353,S. Whitfield,Boston Celtics,1,0,22,1.6,2PT Field Goal,Restricted Area,-14.4,7.8,0,2.46,16.1
22300205,J. Carter,New York Knicks,1,4,41,22.0,2PT Field Goal,Mid-Range,146.4,163.7,1,3.84,18.4
22300551,L. Fitzgerald,Boston Celtics,1,0,46,25.4,3PT Field Goal,Above the Break 3,0.5,253.8,0,1.94,12.1
22300040,B. Osei,Denver Nuggets,3,10,39,1.8,2PT Field Goal,Restricted Area,4.2,17.4,1,5.05,23.1
22300271,S. Whitfield,New York Knicks,1,5,38,5.3,2PT Field Goal,In The Paint (Non-RA),14.9,50.5,1,6.04,9.6
22300231,T. Nwosu,Phoenix Suns,4,11,10,11.7,2PT Field Goal,In The Paint (Non-RA),106.3,48.2,0,5.32,8.7
22300557,J. Carter,Milwaukee Bucks,1,6,9,10.8,2PT Field Goal,In The Paint (Non-RA),30.5,103.8,1,1.34,5.4
22300039,K. Albrecht,Miami Heat,1,0,7,2.6,2PT Field Goal,Restricted Area,22.3,12.4,1,7.07,17.4
22300613,B. Osei,Milwaukee Bucks,3,9,32,1.5,2PT Field Goal,Restricted Area,7.1,13.3,0,0.3,11.3
22300624,S. Whitfield,Miami Heat,4,4,51,2.9,2PT Field Goal,Restricted Area,-3.4,28.6,1,4.73,10.3
22300329,M. Okafor,Los Angeles Lakers,2,8,40,2.5,2PT Field Goal,Restricted Area,20.6,13.3,1,4.48,17.6
22300700,S. Whitfield,Phoenix Suns,1,6,46,19.2,2PT Field Goal,Mid-Range,110.0,157.9,1,5.99,3.3
22300718,K. Albrecht,Boston Celtics,3,3,34,12.0,2PT Field Goal,In The Paint (Non-RA),54.7,107.2,1,2.69,14.3
22300997,K. Albrecht,Denver Nuggets,1,0,12,24.8,3PT Field Goal,Above the Break 3,207.8,135.6,0,3.09,22.4
22300062,A. Kowalski,Miami Heat,1,4,18,18.6,2PT Field Goal,Mid-Range,-125.1,138.2,0,6.9,24.0
22300078,R. Delgado,Milwaukee Bucks,1,8,55,23.0,3PT Field Goal,Above the Break 3,-158.2,167.2,0,6.84,11.4
22300611,A. Kowalski,Denver Nuggets,3,8,36,3.7,2PT Field Goal,Restricted Area,9.1,36.2,0,1.9,12.4
22300411,S. Whitfield,Milwaukee Bucks,2,3,45,28.5,3PT Field Goal,Above the Break 3,-99.6,266.9,0,3.59,23.6
22300311,A. Kowalski,Los Angeles Lakers,3,5,41,6.4,2PT Field Goal,In The Paint (Non-RA),-46.7,43.9,1,2.43,13.0
22300897,M. Okafor,Miami Heat,3,4,22,19.7,2PT Field Goal,Mid-Range,-101.8,168.2,0,0.3,21.0
22300556,L. Fitzgerald,Golden State Warriors,4,9,52,26.9,3PT Field Goal,Above the Break 3,-239.1,124.3,1,6.84,9.9
22300189,K. Albrecht,Boston Celtics,1,7,34,9.4,2PT Field Goal,In The Paint (Non-RA),66.9,66.3,0,2.73,14.9
22300096,D. Reyes,Denver Nuggets,4,7,51,12.6,2PT Field Goal,In The Paint (Non-RA),-98.4,78.5,1,4.37,2.9
22300543,R. Delgado,New York Knicks,4,11,34,17.5,2PT Field Goal,Mid-Range,-157.5,75.9,0,4.81,2.0
22300891,K. Albrecht,Miami Heat,4,4,22,3.5,2PT Field Goal,Restricted Area,4.5,34.5,0,1.28,10.5
22300808,K. Albrecht,Los Angeles Lakers,3,5,19,20.2,2PT Field Goal,Mid-Range,-107.6,171.5,1,6.31,15.7
22300907,B. Osei,Boston Celtics,3,7,36,3.0,2PT Field Goal,Restricted Area,-22.0,20.2,0,2.7,17.8
22300955,L. Fitzgerald,Denver Nuggets,3,11,31,1.7,2PT Field Goal,Restricted Area,0.8,17.1,0,0.89,8.8
22300797,J. Carter,Miami Heat,1,1,10,20.7,2PT Field Goal,Mid-Range,-40.9,202.9,1,5.0,21.2
22300067,D. Reyes,Denver Nuggets,2,7,59,24.1,3PT Field Goal,Above the Break 3,-64.1,232.5,0,4.61,10.1
22300238,S. Whitfield,New York Knicks,3,9,40,22.9,3PT Field Goal,Above the Break 3,85.2,212.8,1,2.99,7.4
22300972,T. Nwosu,New York Knicks,1,1,18,2.1,2PT Field Goal,Restricted Area,-15.0,14.7,1,4.1,9.1
22300348,A. Kowalski,Denver Nuggets,1,6,42,1.2,2PT Field Goal,Restricted Area,-0.3,12.4,1,8.11,1.2
22300108,L. Fitzgerald,Golden State Warriors,2,8,47,8.4,2PT Field Goal,In The Paint (Non-RA),70.2,45.5,0,5.83,1.2
22300406,A. Kowalski,Milwaukee Bucks,1,10,26,9.7,2PT Field Goal,In The Paint (Non-RA),-31.4,91.8,1,4.25,4.6
22300869,J. Carter,Phoenix Suns,2,0,54,4.0,2PT Field Goal,In The Paint (Non-RA),21.2,33.9,1,3.4,23.0
22300102,L. Fitzgerald,Miami Heat,3,11,57,24.2,3PT Field Goal,Above the Break 3,-70.7,231.7,1,8.45,23.5
22300163,R. Delgado,Golden State Warriors,2,6,30,24.0,3PT Field Goal,Above the Break 3,-138.6,196.3,1,3.23,0.6
22300191,J. Carter,Denver Nuggets,1,8,35,15.7,2PT Field Goal,Mid-Range,-40.2,152.0,1,0.3,4.8
22300505,B. Osei,Los Angeles Lakers,1,8,7,18.2,2PT Field Goal,Mid-Range,-155.0,95.8,1,7.04,21.7
22300603,A. Kowalski,Milwaukee Bucks,2,0,52,16.5,2PT Field Goal,Mid-Range,-80.1,144.3,0,3.09,11.4
22300847,B. Osei,Miami Heat,1,9,8,15.0,2PT Field Goal,Mid-Range,-65.6,134.9,0,0.3,0.6
22300270,T. Nwosu,Los Angeles Lakers,3,6,3,24.4,3PT Field Goal,Above the Break 3,172.0,173.5,0,1.01,2.9
22300392,M. Okafor,Golden State Warriors,2,5,49,22.8,3PT Field Goal,Above the Break 3,169.3,153.3,0,1.11,1.3
22300620,T. Nwosu,Denver Nuggets,4,8,7,24.0,3PT Field Goal,Above the Break 3,141.5,194.4,0,0.3,7.9
22300085,S. Whitfield,Milwaukee Bucks,3,2,58,25.6,3PT Field Goal,Above the Break 3,-2.2,256.2,0,2.49,16.2
22300219,A. Kowalski,Golden State Warriors,2,5,39,1.7,2PT Field Goal,Restricted Area,-14.4,8.9,1,2.85,20.9
22300188,T. Nwosu,Los Angeles Lakers,3,10,10,8.1,2PT Field Goal,In The Paint (Non-RA),35.1,73.0,0,7.98,13.6
22300515,B. Osei,Los Angeles Lakers,3,6,48,26.2,3PT Field Goal,Above the Break 3,1.8,262.3,0,4.03,10.3
22300675,R. Delgado,Phoenix Suns,2,4,45,2.6,2PT Field Goal,Restricted Area,17.5,19.6,0,2.88,16.6
22300078,A. Kowalski,Golden State Warriors,3,8,3,17.4,2PT Field Goal,Mid-Range,-7.6,173.5,0,3.84,12.0
22300231,D. Reyes,Boston Celtics,3,0,56,3.6,2PT Field Goal,Restricted Area,-31.6,17.0,1,4.67,13.8
22300878,M. Okafor,Los Angeles Lakers,3,10,11,0.3,2PT Field Goal,Restricted Area,0.1,3.2,1,6.5,19.6
22300474,M. Okafor,Denver Nuggets,2,5,42,11.4,2PT Field Goal,In The Paint (Non-RA),-88.7,71.6,1,7.24,1.0
22300885,K. Albrecht,Miami Heat,3,3,54,1.0,2PT Field Goal,Restricted Area,7.7,5.8,1,0.3,8.0
22300396,D. Reyes,Phoenix Suns,3,9,33,10.3,2PT Field Goal,In The Paint (Non-RA),-90.1,49.6,0,0.83,19.7
22300129,B. Osei,Boston Celtics,3,6,40,1.5,2PT Field Goal,Restricted Area,-2.3,14.7,0,4.18,3.8
22300098,S. Whitfield,Miami Heat,2,7,20,22.5,3PT Field Goal,Above the Break 3,-170.7,146.6,0,8.64,8.6
22300030,A. Kowalski,Boston Celtics,3,2,46,0.8,2PT Field Goal,Restricted Area,1.1,7.6,1,3.09,9.9
22300709,D. Reyes,Milwaukee Bucks,4,10,46,11.5,2PT Field Goal,In The Paint (Non-RA),-100.8,55.6,0,6.72,1.9
22300759,K. Albrecht,Milwaukee Bucks,4,3,55,25.5,3PT Field Goal,Above the Break 3,231.4,107.3,0,2.94,20.6
22300863,R. Delgado,Miami Heat,2,4,45,18.8,2PT Field Goal,Mid-Range,66.4,176.3,0,2.93,0.8
22300058,L. Fitzgerald,Milwaukee Bucks,4,9,2,0.4,2PT Field Goal,Restricted Area,3.1,3.0,1,3.63,18.2
22300927,B. Osei,Golden State Warriors,1,2,18,1.3,2PT Field Goal,Restricted Area,-3.8,12.8,0,7.42,2.5
22300256,D. Reyes,Miami Heat,3,0,19,18.1,2PT Field Goal,Mid-Range,-65.7,169.1,0,3.12,4.9
22300158,S. Whitfield,Boston Celtics,4,5,41,3.5,2PT Field Goal,Restricted Area,-7.5,34.3,0,4.4,19.8
22300505,M. Okafor,Miami Heat,1,2,14,2.8,2PT Field Goal,Restricted Area,-25.6,12.1,1,4.99,0.2
22300267,T. Nwosu,Golden State Warriors,1,9,20,17.1,2PT Field Goal,Mid-Range,76.1,152.9,1,6.34,10.9
22300203,L. Fitzgerald,Denver Nuggets,4,3,17,13.7,2PT Field Goal,In The Paint (Non-RA),12.8,136.3,1,4.37,23.1
22300866,S. Whitfield,Denver Nuggets,4,2,51,2.0,2PT Field Goal,Restricted Area,5.5,19.3,1,6.29,23.9
22300910,T. Nwosu,Miami Heat,1,0,37,18.4,2PT Field Goal,Mid-Range,-81.0,165.7,1,8.14,19.6
22300261,S. Whitfield,Boston Celtics,3,2,1,18.0,2PT Field Goal,Mid-Range,-157.1,88.7,1,6.07,5.0
22300741,T. Nwosu,Miami Heat,1,6,26,2.0,2PT Field Goal,Restricted Area,7.6,18.4,0,3.38,1.4
22300755,M. Okafor,Los Angeles Lakers,2,8,39,0.2,2PT Field Goal,Restricted Area,1.4,1.4,1,3.93,9.6
22300558,D. Reyes,Denver Nuggets,1,11,27,2.8,2PT Field Goal,Restricted Area,-6.5,27.2,0,4.89,0.6
22300561,L. Fitzgerald,Golden State Warriors,3,0,29,23.8,3PT Field Goal,Above the Break 3,-52.1,231.9,1,3.64,7.0
22300958,R. Delgado,Golden State Warriors,2,10,43,2.5,2PT Field Goal,Restricted Area,-13.3,20.8,1,1.67,13.7
22300847,A. Kowalski,Miami Heat,1,0,34,0.7,2PT Field Goal,Restricted Area,-4.0,5.3,0,2.1,1.9
22300083,D. Reyes,Phoenix Suns,3,3,7,2.2,2PT Field Goal,Restricted Area,12.1,18.5,1,2.97,15.2
22300901,S. Whitfield,Milwaukee Bucks,1,3,1,14.2,2PT Field Goal,Mid-Range,13.2,141.6,0,0.3,15.6
22300822,L. Fitzgerald,New York Knicks,4,7,13,23.7,3PT Field Goal,Above the Break 3,216.3,96.2,1,10.95,7.0
22300436,T. Nwosu,Milwaukee Bucks,3,10,20,1.7,2PT Field Goal,Restricted Area,4.5,16.7,1,6.22,2.7
22300785,B. Osei,Golden State Warriors,4,5,2,24.9,3PT Field Goal,Above the Break 3,-173.1,179.6,0,2.95,8.6
22300241,D. Reyes,Denver Nuggets,1,8,48,19.5,2PT Field Goal,Mid-Range,-104.5,164.9,0,2.54,9.6
22300603,S. Whitfield,New York Knicks,2,9,56,1.3,2PT Field Goal,Restricted Area,5.4,12.3,1,7.08,14.7
22300117,S. Whitfield,Miami Heat,3,5,36,24.3,3PT Field Goal,Above the Break 3,-81.4,228.9,1,1.01,18.0
22300572,M. Okafor,Phoenix Suns,2,9,46,0.8,2PT Field Goal,Restricted Area,3.6,6.9,0,1.9,7.9
22300200,A. Kowalski,Phoenix Suns,2,8,45,26.7,3PT Field Goal,Above the Break 3,96.8,249.2,1,6.64,5.6
22300739,S. Whitfield,Miami Heat,2,3,53,1.2,2PT Field Goal,Restricted Area,7.2,9.0,0,4.07,20.3
22300556,L. Fitzgerald,Boston Celtics,1,1,0,11.8,2PT Field Goal,In The Paint (Non-RA),28.2,114.4,0,6.04,13.6
22300907,T. Nwosu,Boston Celtics,3,10,14,9.7,2PT Field Goal,In The Paint (Non-RA),-0.6,97.3,0,4.5,1.0
22300610,D. Reyes,New York Knicks,2,10,9,26.7,3PT Field Goal,Above the Break 3,3.2,267.4,0,4.25,0.9
22300121,T. Nwosu,Miami Heat,4,11,23,25.0,3PT Field Goal,Above the Break 3,-132.6,211.5,1,2.77,9.0
22300152,T. Nwosu,Milwaukee Bucks,4,1,41,20.3,2PT Field Goal,Mid-Range,-133.5,153.1,1,5.37,22.6
22300709,J. Carter,Milwaukee Bucks,2,9,46,0.8,2PT Field Goal,Restricted Area,5.9,5.8,0,4.81,1.8
22300948,D. Reyes,Golden State Warriors,4,6,41,6.5,2PT Field Goal,In The Paint (Non-RA),27.0,59.6,1,4.79,6.7
22300654,T. Nwosu,Los Angeles Lakers,1,0,5,2.5,2PT Field Goal,Restricted Area,4.5,24.8,0,3.27,22.3
22300385,J. Carter,Denver Nuggets,4,7,50,24.4,3PT Field Goal,Above the Break 3,154.8,188.2,1,7.02,18.6
22300104,K. Albrecht,Denver Nuggets,1,3,45,17.7,2PT Field Goal,Mid-Range,-145.9,100.1,1,4.42,11.7
22300085,L. Fitzgerald,Milwaukee Bucks,3,4,7,9.1,2PT Field Goal,In The Paint (Non-RA),21.3,88.8,0,5.65,20.1
22300176,J. Carter,New York Knicks,1,1,46,2.4,2PT Field Goal,Restricted Area,17.4,16.6,1,1.57,22.7
22300082,B. Osei,Denver Nuggets,2,10,4,28.7,3PT Field Goal,Above the Break 3,48.8,282.5,0,0.45,14.6
22300025,K. Albrecht,Denver Nuggets,3,11,59,2.3,2PT Field Goal,Restricted Area,18.3,14.8,1,5.95,9.7
22300535,M. Okafor,Milwaukee Bucks,2,4,17,28.8,3PT Field Goal,Above the Break 3,-223.6,181.6,1,2.76,13.3
22300967,A. Kowalski,Los Angeles Lakers,2,2,24,19.2,2PT Field Goal,Mid-Range,168.5,92.2,1,2.32,18.8
22300064,B. Osei,Los Angeles Lakers,4,2,44,13.5,2PT Field Goal,In The Paint (Non-RA),-63.9,118.5,1,5.1,12.3
22300821,L. Fitzgerald,New York Knicks,3,3,11,26.2,3PT Field Goal,Above the Break 3,120.3,232.6,0,7.33,19.4
22300555,S. Whitfield,Phoenix Suns,1,9,30,13.9,2PT Field Goal,In The Paint (Non-RA),123.3,63.0,1,3.62,13.8
22300215,L. Fitzgerald,Los Angeles Lakers,1,1,56,1.7,2PT Field Goal,Restricted Area,2.4,17.3,0,3.58,14.1
22300323,D. Reyes,Los Angeles Lakers,2,5,33,5.2,2PT Field Goal,In The Paint (Non-RA),-25.5,45.6,0,5.28,23.6
22300700,D. Reyes,Boston Celtics,1,4,11,1.5,2PT Field Goal,Restricted Area,13.4,6.1,1,5.53,23.8
22300164,K. Albrecht,Phoenix Suns,2,5,51,4.0,2PT Field Goal,In The Paint (Non-RA),-21.7,33.6,0,4.41,6.4
22300201,B. Osei,Miami Heat,4,3,10,10.7,2PT Field Goal,In The Paint (Non-RA),52.8,93.3,1,0.3,4.4
22300307,J. Carter,Phoenix Suns,3,6,13,25.2,3PT Field Goal,Above the Break 3,53.5,246.6,1,6.03,18.1
22300185,M. Okafor,Miami Heat,4,2,13,0.2,2PT Field Goal,Restricted Area,0.1,2.0,1,2.48,23.9
22300403,S. Whitfield,Miami Heat,4,4,1,4.2,2PT Field Goal,In The Paint (Non-RA),26.0,33.3,1,9.07,3.4
22300277,L. Fitzgerald,Golden State Warriors,4,10,22,27.3,3PT Field Goal,Above the Break 3,230.8,145.5,0,2.67,11.9
22300796,D. Reyes,Milwaukee Bucks,2,3,51,28.1,3PT Field Goal,Above the Break 3,247.0,133.4,0,4.77,20.6
22300980,M. Okafor,Denver Nuggets,2,9,1,24.6,3PT Field Goal,Above the Break 3,151.9,193.2,0,4.14,16.9
22300042,R. Delgado,Miami Heat,4,0,26,15.9,2PT Field Goal,Mid-Range,110.6,114.7,0,4.73,16.0
22300577,L. Fitzgerald,Phoenix Suns,4,9,34,19.8,2PT Field Goal,Mid-Range,-178.3,87.0,1,10.03,16.6
22300959,D. Reyes,Denver Nuggets,4,4,33,17.6,2PT Field Goal,Mid-Range,-52.7,168.4,0,3.68,11.7
22300312,L. Fitzgerald,Boston Celtics,1,7,16,19.1,2PT Field Goal,Mid-Range,28.1,189.2,0,6.63,20.6
22300597,J. Carter,Golden State Warriors,2,8,37,5.1,2PT Field Goal,In The Paint (Non-RA),-3.0,50.7,0,4.29,18.1
22300291,M. Okafor,New York Knicks,2,5,10,3.4,2PT Field Goal,Restricted Area,29.2,17.4,1,3.46,21.1
22300323,M. Okafor,Los Angeles Lakers,2,3,54,2.4,2PT Field Goal,Restricted Area,19.9,13.1,1,6.03,17.3
22300233,K. Albrecht,Miami Heat,4,0,14,2.0,2PT Field Goal,Restricted Area,-0.9,20.4,1,5.05,11.9
22300862,S. Whitfield,Golden State Warriors,4,8,7,1.4,2PT Field Goal,Restricted Area,11.4,7.3,1,3.85,19.2
22300444,K. Albrecht,Los Angeles Lakers,3,7,42,28.7,3PT Field Goal,Above the Break 3,-97.3,270.0,1,2.03,23.5
22300814,M. Okafor,Denver Nuggets,2,9,42,19.4,2PT Field Goal,Mid-Range,124.3,148.7,1,5.25,10.5
22300896,T. Nwosu,New York Knicks,3,0,37,1.7,2PT Field Goal,Restricted Area,-13.0,11.0,1,12.12,16.6
22300863,D. Reyes,Phoenix Suns,3,7,8,25.2,3PT Field Goal,Above the Break 3,231.5,100.2,0,3.97,14.0
22300694,A. Kowalski,Boston Celtics,2,5,52,0.5,2PT Field Goal,Restricted Area,-0.6,5.4,1,5.74,23.6
22300987,R. Delgado,Miami Heat,1,11,19,27.4,3PT Field Goal,Above the Break 3,247.6,118.3,0,2.94,14.3
22300719,J. Carter,New York Knicks,1,0,8,17.5,2PT Field Goal,Mid-Range,-95.5,146.1,1,12.28,9.7
22300023,T. Nwosu,Golden State Warriors,3,4,59,15.5,2PT Field Goal,Mid-Range,-77.7,134.1,0,0.99,16.1
22300973,B. Osei,Golden State Warriors,2,11,54,7.7,2PT Field Goal,In The Paint (Non-RA),-38.4,66.9,1,2.93,5.4
22300761,D. Reyes,Milwaukee Bucks,3,2,17,24.6,3PT Field Goal,Above the Break 3,-116.0,216.9,0,0.3,11.4
22300881,K. Albrecht,Golden State Warriors,1,4,3,0.3,2PT Field Goal,Restricted Area,-2.5,1.7,1,5.88,0.8
22300815,A. Kowalski,New York Knicks,2,3,47,1.8,2PT Field Goal,Restricted Area,11.6,14.2,1,4.64,8.4
22300838,J. Carter,New York Knicks,3,7,51,21.5,2PT Field Goal,Mid-Range,5.4,215.0,0,5.27,22.2
22300090,B. Osei,Milwaukee Bucks,3,9,3,0.2,2PT Field Goal,Restricted Area,0.1,2.0,1,4.26,23.9
22300157,S. Whitfield,Denver Nuggets,3,6,10,5.0,2PT Field Goal,In The Paint (Non-RA),-26.3,42.1,1,7.88,11.9
22300765,K. Albrecht,Milwaukee Bucks,1,10,44,20.6,2PT Field Goal,Mid-Range,-9.1,206.1,0,7.46,4.9
22300458,T. Nwosu,Golden State Warriors,4,6,5,3.0,2PT Field Goal,Restricted Area,-2.8,29.6,1,6.99,11.9
22300889,D. Reyes,Boston Celtics,4,7,1,25.6,3PT Field Goal,Above the Break 3,-233.8,104.9,0,0.3,23.4
22300963,A. Kowalski,Golden State Warriors,3,0,16,17.1,2PT Field Goal,Mid-Range,-78.2,151.7,0,2.19,18.4
22300224,B. Osei,Milwaukee Bucks,1,2,14,3.3,2PT Field Goal,Restricted Area,-23.3,23.4,0,4.54,11.4
22300599,S. Whitfield,Miami Heat,1,3,55,24.7,3PT Field Goal,Above the Break 3,-113.9,219.2,0,6.33,17.4
22300411,T. Nwosu,Milwaukee Bucks,3,8,13,17.0,2PT Field Goal,Mid-Range,-28.6,167.9,0,0.3,6.1
22300635,B. Osei,Milwaukee Bucks,4,0,39,20.8,2PT Field Goal,Mid-Range,190.0,84.2,1,7.96,10.8
22300603,L. Fitzgerald,Milwaukee Bucks,3,0,12,25.6,3PT Field Goal,Above the Break 3,-75.0,244.3,0,5.07,17.1
22300918,K. Albrecht,New York Knicks,1,11,56,27.3,3PT Field Goal,Above the Break 3,218.9,163.3,0,7.98,0.6
22300419,D. Reyes,Miami Heat,4,11,17,0.2,2PT Field Goal,Restricted Area,1.1,1.7,1,1.59,14.4
22300618,T. Nwosu,Miami Heat,3,6,16,23.9,3PT Field Goal,Above the Break 3,218.7,96.8,0,2.51,12.0
22300034,J. Carter,Miami Heat,3,10,15,10.5,2PT Field Goal,In The Paint (Non-RA),71.8,76.7,0,1.87,4.9
22300851,R. Delgado,Denver Nuggets,1,7,54,0.2,2PT Field Goal,Restricted Area,1.7,1.0,1,2.84,12.5
22300915,S. Whitfield,Boston Celtics,2,8,40,2.3,2PT Field Goal,Restricted Area,-17.0,15.3,0,2.49,3.9
22300546,K. Albrecht,New York Knicks,1,1,53,2.2,2PT Field Goal,Restricted Area,13.8,17.3,1,0.3,4.9
22300241,J. Carter,Golden State Warriors,4,1,11,25.0,3PT Field Goal,Above the Break 3,-86.9,234.1,1,7.28,5.0
22300042,S. Whitfield,Denver Nuggets,1,6,44,20.0,2PT Field Goal,Mid-Range,-50.6,193.7,0,5.53,17.2
22300446,T. Nwosu,Boston Celtics,1,9,22,2.1,2PT Field Goal,Restricted Area,-16.8,12.6,1,2.37,18.0
22300029,S. Whitfield,Los Angeles Lakers,2,4,4,26.5,3PT Field Goal,Above the Break 3,-198.3,175.3,1,0.3,12.3
22300558,R. Delgado,Milwaukee Bucks,2,2,8,9.0,2PT Field Goal,In The Paint (Non-RA),37.0,81.9,1,6.95,9.5
22300428,A. Kowalski,Golden State Warriors,4,7,15,24.7,3PT Field Goal,Above the Break 3,-152.5,194.0,0,0.3,8.9
22300462,L. Fitzgerald,Denver Nuggets,1,2,3,2.5,2PT Field Goal,Restricted Area,8.4,23.2,0,1.7,7.5
22300252,J. Carter,Los Angeles Lakers,2,3,48,29.0,3PT Field Goal,Above the Break 3,-97.5,273.1,0,1.33,8.6
22300897,A. Kowalski,Golden State Warriors,4,8,17,22.9,3PT Field Goal,Above the Break 3,71.9,217.5,0,2.55,17.5
22300981,D. Reyes,Milwaukee Bucks,3,8,28,2.9,2PT Field Goal,Restricted Area,8.5,27.3,1,5.32,7.1
22300822,L. Fitzgerald,Phoenix Suns,4,5,32,7.9,2PT Field Goal,In The Paint (Non-RA),-49.1,61.3,0,6.24,15.6
22300269,D. Reyes,New York Knicks,3,4,52,3.0,2PT Field Goal,Restricted Area,24.8,17.0,0,4.98,1.6
22300532,D. Reyes,Phoenix Suns,1,11,53,16.2,2PT Field Goal,Mid-Range,78.4,142.0,1,1.55,12.5
22300352,R. Delgado,Golden State Warriors,2,11,22,4.0,2PT Field Goal,In The Paint (Non-RA),6.2,39.5,1,7.26,1.7
22300249,M. Okafor,Miami Heat,3,1,19,29.0,3PT Field Goal,Above the Break 3,80.9,278.5,0,7.0,3.2
22300641,J. Carter,Miami Heat,1,5,32,2.0,2PT Field Goal,Restricted Area,6.9,18.8,1,6.06,22.5
22300109,S. Whitfield,Miami Heat,3,10,53,20.6,2PT Field Goal,Mid-Range,-69.7,193.5,1,9.73,14.8
22300880,L. Fitzgerald,Miami Heat,2,11,21,16.7,2PT Field Goal,Mid-Range,43.2,161.4,0,1.77,0.7
22300957,L. Fitzgerald,Los Angeles Lakers,2,1,11,3.0,2PT Field Goal,Restricted Area,-21.9,20.6,1,2.47,12.7
22300452,B. Osei,Milwaukee Bucks,3,6,16,0.2,2PT Field Goal,Restricted Area,1.8,0.8,1,2.43,7.0
22300017,D. Reyes,Miami Heat,4,3,47,24.3,3PT Field Goal,Above the Break 3,111.4,216.4,0,2.8,21.3
22300919,S. Whitfield,New York Knicks,1,2,37,1.8,2PT Field Goal,Restricted Area,10.7,14.6,0,5.73,7.2
22300786,R. Delgado,Boston Celtics,2,8,38,0.5,2PT Field Goal,Restricted Area,2.8,4.2,1,4.72,9.8
22300930,K. Albrecht,Golden State Warriors,3,3,7,3.6,2PT Field Goal,Restricted Area,26.9,24.5,1,3.3,22.2
22300605,K. Albrecht,Golden State Warriors,1,2,56,20.7,2PT Field Goal,Mid-Range,-18.5,206.5,0,6.91,9.2
22300674,L. Fitzgerald,Miami Heat,4,6,14,4.0,2PT Field Goal,In The Paint (Non-RA),-22.0,33.4,1,4.04,7.7
22300752,T. Nwosu,Milwaukee Bucks,3,7,36,2.6,2PT Field Goal,Restricted Area,-23.5,11.6,1,2.93,14.9
22300046,R. Delgado,Los Angeles Lakers,4,0,35,14.9,2PT Field Goal,Mid-Range,5.4,148.7,0,2.77,17.6
22300590,D. Reyes,New York Knicks,2,4,44,27.2,3PT Field Goal,Above the Break 3,-199.1,185.8,0,1.21,12.3
22300979,R. Delgado,Phoenix Suns,4,3,44,28.4,3PT Field Goal,Above the Break 3,-24.0,282.7,0,3.69,9.6
22300227,K. Albrecht,Golden State Warriors,3,1,18,12.5,2PT Field Goal,In The Paint (Non-RA),-107.9,63.3,0,2.21,23.5
22300755,K. Albrecht,Boston Celtics,3,2,34,0.4,2PT Field Goal,Restricted Area,2.5,3.2,1,3.96,12.0
22300002,B. Osei,Phoenix Suns,2,10,51,1.8,2PT Field Goal,Restricted Area,-6.1,17.3,0,5.08,12.0
22300593,L. Fitzgerald,Denver Nuggets,3,4,28,21.6,2PT Field Goal,Mid-Range,-96.0,193.3,0,5.28,6.8
22300624,A. Kowalski,Golden State Warriors,1,7,20,16.9,2PT Field Goal,Mid-Range,111.0,127.8,1,3.16,17.9
22300233,M. Okafor,Milwaukee Bucks,3,0,30,7.6,2PT Field Goal,In The Paint (Non-RA),-18.1,73.4,1,8.6,15.1
22300451,R. Delgado,Golden State Warriors,2,2,58,26.5,3PT Field Goal,Above the Break 3,-19.0,263.8,0,1.54,13.2
22300716,T. Nwosu,Phoenix Suns,3,1,33,2.0,2PT Field Goal,Restricted Area,7.6,18.6,1,5.84,10.8
22300547,D. Reyes,Phoenix Suns,2,4,47,23.0,3PT Field Goal,Above the Break 3,-205.7,102.9,0,4.26,21.1
22300086,K. Albrecht,Boston Celtics,1,3,31,24.9,3PT Field Goal,Above the Break 3,-108.3,224.3,1,4.86,17.9
22300817,R. Delgado,New York Knicks,3,5,6,25.6,3PT Field Goal,Above the Break 3,236.5,98.7,0,2.63,10.9
22300644,T. Nwosu,Phoenix Suns,1,8,21,26.5,3PT Field Goal,Above the Break 3,112.9,239.9,0,2.4,23.2
22300228,B. Osei,Miami Heat,1,3,22,2.2,2PT Field Goal,Restricted Area,-17.0,14.1,1,5.67,16.4
22300610,J. Carter,Phoenix Suns,1,6,37,27.3,3PT Field Goal,Above the Break 3,238.7,131.4,0,0.3,15.9
22300066,T. Nwosu,Denver Nuggets,3,5,24,6.5,2PT Field Goal,In The Paint (Non-RA),55.2,33.8,0,4.51,14.7
22300363,K. Albrecht,Milwaukee Bucks,2,0,8,21.4,2PT Field Goal,Mid-Range,76.9,199.4,0,0.81,0.5
22300339,L. Fitzgerald,Miami Heat,1,4,58,27.5,3PT Field Goal,Above the Break 3,-250.8,113.0,0,0.3,13.6
22300474,T. Nwosu,Miami Heat,4,4,50,16.0,2PT Field Goal,Mid-Range,-31.5,156.6,1,4.36,20.7
22300925,M. Okafor,Boston Celtics,2,3,1,17.0,2PT Field Goal,Mid-Range,-45.5,163.6,0,2.88,19.6
22300096,R. Delgado,New York Knicks,2,9,30,3.3,2PT Field Goal,Restricted Area,-22.6,23.7,1,8.67,18.6
22300317,R. Delgado,New York Knicks,2,0,30,16.0,2PT Field Goal,Mid-Range,39.2,155.4,0,0.3,16.3
22300537,B. Osei,Boston Celtics,1,1,29,3.1,2PT Field Goal,Restricted Area,-15.0,27.3,0,4.53,15.6
22300643,A. Kowalski,Golden State Warriors,1,2,1,6.8,2PT Field Goal,In The Paint (Non-RA),27.0,62.9,0,4.43,18.5
22300484,D. Reyes,Los Angeles Lakers,3,10,55,0.2,2PT Field Goal,Restricted Area,-1.1,1.6,1,4.58,2.6
22300554,L. Fitzgerald,Los Angeles Lakers,1,10,55,28.1,3PT Field Goal,Above the Break 3,233.0,157.5,1,3.1,10.3
22300570,A. Kowalski,New York Knicks,4,2,45,18.7,2PT Field Goal,Mid-Range,-95.2,160.8,0,0.45,9.7
22300034,L. Fitzgerald,Milwaukee Bucks,3,1,4,23.8,3PT Field Goal,Above the Break 3,-217.6,96.7,0,5.88,17.7
22300871,A. Kowalski,Los Angeles Lakers,1,10,9,3.6,2PT Field Goal,Restricted Area,26.5,24.5,1,5.91,9.7
22300510,S. Whitfield,Boston Celtics,1,11,44,1.4,2PT Field Goal,Restricted Area,-8.4,10.9,1,5.08,19.6
22300385,M. Okafor,Phoenix Suns,3,9,58,27.3,3PT Field Goal,Above the Break 3,-240.9,127.7,1,4.82,11.5
22300655,D. Reyes,Phoenix Suns,1,9,55,1.3,2PT Field Goal,Restricted Area,11.4,6.3,0,6.96,1.7
22300916,D. Reyes,Miami Heat,4,3,53,22.5,3PT Field Goal,Above the Break 3,-91.6,205.5,0,6.46,23.3
22300949,B. Osei,Golden State Warriors,1,3,44,4.2,2PT Field Goal,In The Paint (Non-RA),19.5,37.5,0,5.8,23.6
22300792,S. Whitfield,Milwaukee Bucks,4,10,12,11.2,2PT Field Goal,In The Paint (Non-RA),-89.8,67.3,1,2.74,22.7
22300746,R. Delgado,New York Knicks,3,4,40,10.5,2PT Field Goal,In The Paint (Non-RA),70.0,77.6,1,6.54,0.6
22300964,A. Kowalski,Denver Nuggets,2,0,40,8.2,2PT Field Goal,In The Paint (Non-RA),59.2,56.2,0,2.18,20.0
22300189,J. Carter,Denver Nuggets,4,7,37,12.2,2PT Field Goal,In The Paint (Non-RA),-61.3,105.1,0,5.09,23.3
22300097,S. Whitfield,New York Knicks,1,10,33,7.3,2PT Field Goal,In The Paint (Non-RA),-42.1,59.8,0,1.88,0.4
22300541,R. Delgado,Boston Celtics,1,4,26,25.8,3PT Field Goal,Above the Break 3,-196.1,167.2,0,3.82,11.2
22300596,K. Albrecht,Boston Celtics,1,11,30,3.7,2PT Field Goal,Restricted Area,7.5,35.9,1,6.02,13.9
22300302,R. Delgado,Boston Celtics,4,9,14,1.7,2PT Field Goal,Restricted Area,-3.4,16.1,1,3.48,5.8
22300469,D. Reyes,Denver Nuggets,2,5,36,6.1,2PT Field Goal,In The Paint (Non-RA),49.2,36.8,1,6.39,8.8
22300059,T. Nwosu,Denver Nuggets,1,0,13,0.3,2PT Field Goal,Restricted Area,-1.0,3.1,1,3.1,13.6
22300954,M. Okafor,Milwaukee Bucks,4,7,43,4.3,2PT Field Goal,In The Paint (Non-RA),0.7,43.3,1,8.05,17.6
22300307,S. Whitfield,Denver Nuggets,4,10,56,5.8,2PT Field Goal,In The Paint (Non-RA),-15.3,55.7,1,3.83,10.5
22300683,B. Osei,Los Angeles Lakers,3,1,26,23.6,3PT Field Goal,Above the Break 3,-123.7,201.0,1,10.21,23.9
22300669,T. Nwosu,New York Knicks,3,5,38,0.4,2PT Field Goal,Restricted Area,-3.3,1.9,0,5.86,15.3
22300316,J. Carter,Phoenix Suns,4,7,15,8.5,2PT Field Goal,In The Paint (Non-RA),18.9,82.8,1,4.11,6.1
22300991,D. Reyes,Golden State Warriors,3,0,27,22.5,3PT Field Goal,Above the Break 3,-106.8,198.0,0,1.61,22.1
22300439,D. Reyes,Milwaukee Bucks,4,2,33,2.0,2PT Field Goal,Restricted Area,16.8,11.5,0,3.23,4.2
22300311,B. Osei,Phoenix Suns,4,7,43,27.1,3PT Field Goal,Above the Break 3,96.9,253.5,1,8.75,6.7
22300472,B. Osei,Denver Nuggets,1,4,50,25.5,3PT Field Goal,Above the Break 3,78.7,242.0,0,1.31,0.5
22300017,R. Delgado,Los Angeles Lakers,1,9,33,3.1,2PT Field Goal,Restricted Area,23.4,19.8,0,0.58,8.1
22300728,J. Carter,New York Knicks,3,2,7,7.3,2PT Field Goal,In The Paint (Non-RA),-49.2,54.0,0,4.89,8.0
22300420,T. Nwosu,Miami Heat,1,4,34,27.3,3PT Field Goal,Above the Break 3,218.1,163.6,0,7.1,4.8
22300606,J. Carter,New York Knicks,2,10,3,16.0,2PT Field Goal,Mid-Range,109.3,117.3,1,3.33,1.5
22300025,S. Whitfield,Los Angeles Lakers,4,3,18,19.4,2PT Field Goal,Mid-Range,-131.9,142.2,0,2.21,11.8
22300083,L. Fitzgerald,Miami Heat,1,0,4,22.7,3PT Field Goal,Above the Break 3,-140.2,178.3,0,3.68,6.6
22300104,D. Reyes,Phoenix Suns,1,7,19,19.4,2PT Field Goal,Mid-Range,-171.4,91.8,0,3.7,23.2
22300917,D. Reyes,Denver Nuggets,3,6,54,20.1,2PT Field Goal,Mid-Range,-25.7,199.7,1,6.79,21.1
22300991,A. Kowalski,Miami Heat,3,0,47,23.3,3PT Field Goal,Above the Break 3,-184.2,143.2,1,8.54,10.5
22300081,T. Nwosu,Los Angeles Lakers,4,9,57,8.4,2PT Field Goal,In The Paint (Non-RA),57.2,62.1,0,3.86,2.8
22300731,D. Reyes,Boston Celtics,2,8,10,3.8,2PT Field Goal,Restricted Area,-19.1,32.6,1,2.29,9.1
22300687,A. Kowalski,Los Angeles Lakers,4,3,10,1.8,2PT Field Goal,Restricted Area,-10.7,14.1,0,1.43,1.7
22300652,K. Albrecht,Los Angeles Lakers,4,5,10,17.6,2PT Field Goal,Mid-Range,146.8,97.6,0,0.3,23.5
22300722,S. Whitfield,Milwaukee Bucks,4,11,4,25.3,3PT Field Goal,Above the Break 3,-109.8,228.2,0,4.03,6.0
22300219,K. Albrecht,Denver Nuggets,1,0,36,17.4,2PT Field Goal,Mid-Range,-66.5,161.0,1,0.59,17.6
22300560,M. Okafor,Los Angeles Lakers,4,7,57,1.4,2PT Field Goal,Restricted Area,1.9,14.0,1,5.84,15.9
22300158,D. Reyes,Golden State Warriors,3,11,54,24.3,3PT Field Goal,Above the Break 3,22.3,242.1,0,3.65,20.7
22300947,J. Carter,Miami Heat,3,4,33,4.5,2PT Field Goal,In The Paint (Non-RA),-20.7,40.4,0,2.56,14.2
22300519,L. Fitzgerald,Miami Heat,1,7,10,3.9,2PT Field Goal,Restricted Area,10.8,37.7,1,7.51,15.9
22300800,K. Albrecht,Denver Nuggets,1,10,23,16.0,2PT Field Goal,Mid-Range,-100.1,124.8,1,0.3,15.6
22300054,L. Fitzgerald,Phoenix Suns,4,10,42,1.4,2PT Field Goal,Restricted Area,5.6,13.1,1,6.28,15.3
22300151,L. Fitzgerald,Denver Nuggets,4,6,44,3.7,2PT Field Goal,Restricted Area,-16.0,33.6,1,4.43,13.0
22300236,J. Carter,Los Angeles Lakers,1,0,44,25.6,3PT Field Goal,Above the Break 3,-155.2,204.0,0,4.78,16.1
22300554,D. Reyes,New York Knicks,1,4,52,17.9,2PT Field Goal,Mid-Range,-65.1,166.7,0,4.16,2.8
22300345,A. Kowalski,Miami Heat,3,1,53,24.4,3PT Field Goal,Above the Break 3,-130.3,206.2,0,1.56,15.2
22300259,J. Carter,Boston Celtics,2,10,17,2.3,2PT Field Goal,Restricted Area,14.6,17.2,0,5.58,11.2
22300615,S. Whitfield,Milwaukee Bucks,4,5,1,24.9,3PT Field Goal,Above the Break 3,143.6,203.4,0,6.94,9.0
22300135,M. Okafor,Los Angeles Lakers,1,11,42,23.5,3PT Field Goal,Above the Break 3,-187.0,141.7,0,0.3,9.9
22300606,T. Nwosu,Golden State Warriors,2,0,59,2.3,2PT Field Goal,Restricted Area,18.3,13.2,1,4.41,20.0
22300991,D. Reyes,Milwaukee Bucks,1,0,27,4.3,2PT Field Goal,In The Paint (Non-RA),29.4,30.9,1,3.9,22.1
22300983,B. Osei,Los Angeles Lakers,1,2,29,18.2,2PT Field Goal,Mid-Range,-149.4,104.4,1,3.49,15.5
22300357,L. Fitzgerald,Golden State Warriors,3,7,25,1.7,2PT Field Goal,Restricted Area,-0.2,16.9,1,5.12,8.9
22300982,S. Whitfield,Phoenix Suns,3,4,32,2.3,2PT Field Goal,Restricted Area,1.4,23.2,0,3.72,7.7
22300324,T. Nwosu,Miami Heat,1,2,38,27.8,3PT Field Goal,Above the Break 3,4.2,277.9,0,3.24,19.2
22300113,S. Whitfield,Golden State Warriors,2,10,6,1.4,2PT Field Goal,Restricted Area,-12.9,5.9,1,6.93,11.0
22300090,M. Okafor,Los Angeles Lakers,4,4,19,10.8,2PT Field Goal,In The Paint (Non-RA),90.1,58.8,0,1.93,22.1
22300869,A. Kowalski,Miami Heat,4,9,28,8.2,2PT Field Goal,In The Paint (Non-RA),-13.4,80.4,1,3.23,9.8
22300127,L. Fitzgerald,Boston Celtics,2,7,48,24.9,3PT Field Goal,Above the Break 3,129.4,213.1,1,3.19,6.5
22300035,A. Kowalski,Miami Heat,3,7,49,16.2,2PT Field Goal,Mid-Range,19.2,161.1,0,2.3,21.6
22300715,R. Delgado,Miami Heat,1,9,12,11.9,2PT Field Goal,In The Paint (Non-RA),100.5,63.0,0,2.95,8.9
22300604,L. Fitzgerald,Boston Celtics,2,6,46,23.4,3PT Field Goal,Above the Break 3,-108.1,207.5,0,7.4,23.4
22300473,T. Nwosu,Miami Heat,3,7,0,1.2,2PT Field Goal,Restricted Area,5.4,10.3,0,2.22,9.7
22300261,L. Fitzgerald,Milwaukee Bucks,2,2,55,26.7,3PT Field Goal,Above the Break 3,-111.7,242.7,1,9.95,8.7
22300588,L. Fitzgerald,Milwaukee Bucks,2,8,11,1.8,2PT Field Goal,Restricted Area,15.4,9.5,0,0.49,18.2
22300454,T. Nwosu,Los Angeles Lakers,2,11,18,26.4,3PT Field Goal,Above the Break 3,-117.5,236.0,0,0.3,9.5
22300800,K. Albrecht,Miami Heat,2,5,56,25.9,3PT Field Goal,Above the Break 3,-229.2,120.4,0,2.52,4.3
22300554,D. Reyes,Golden State Warriors,3,11,39,25.9,3PT Field Goal,Above the Break 3,-8.6,258.9,1,1.2,14.8
22300785,D. Reyes,New York Knicks,2,8,18,12.5,2PT Field Goal,In The Paint (Non-RA),58.2,110.2,0,7.03,12.8
22300637,B. Osei,Milwaukee Bucks,2,10,18,1.2,2PT Field Goal,Restricted Area,-2.6,11.6,1,5.2,21.2
22300110,T. Nwosu,Golden State Warriors,1,5,32,18.5,2PT Field Goal,Mid-Range,102.5,153.6,0,1.65,13.4
22300771,K. Albrecht,Milwaukee Bucks,2,4,10,24.8,3PT Field Goal,Above the Break 3,135.5,207.7,0,3.67,17.1
22300612,R. Delgado,Denver Nuggets,2,9,4,2.3,2PT Field Goal,Restricted Area,-14.2,18.6,0,3.41,8.8
22300981,B. Osei,Miami Heat,3,9,44,2.1,2PT Field Goal,Restricted Area,-4.7,20.2,1,10.22,15.7
22300568,S. Whitfield,Boston Celtics,3,4,35,1.7,2PT Field Goal,Restricted Area,15.2,6.6,1,4.46,15.4
22300565,S. Whitfield,Boston Celtics,1,2,17,25.3,3PT Field Goal,Above the Break 3,10.4,252.5,0,4.75,4.5
22300284,T. Nwosu,Golden State Warriors,1,7,48,1.7,2PT Field Goal,Restricted Area,13.5,10.8,1,5.37,7.3
22300071,A. Kowalski,Los Angeles Lakers,2,8,21,1.7,2PT Field Goal,Restricted Area,-4.1,16.5,0,4.66,3.1
22300135,R. Delgado,Phoenix Suns,4,2,24,4.0,2PT Field Goal,In The Paint (Non-RA),-24.4,31.7,0,4.13,22.9
22300306,K. Albrecht,Miami Heat,2,8,59,22.5,3PT Field Goal,Above the Break 3,176.8,139.2,1,2.13,10.3
22300635,J. Carter,Miami Heat,3,3,42,7.6,2PT Field Goal,In The Paint (Non-RA),-8.2,75.7,1,4.34,18.5
22300880,R. Delgado,Phoenix Suns,1,3,24,15.4,2PT Field Goal,Mid-Range,-140.5,62.4,0,4.61,0.7
22300903,M. Okafor,Milwaukee Bucks,4,4,57,22.7,3PT Field Goal,Above the Break 3,104.5,201.8,1,1.02,20.5
22300818,T. Nwosu,Miami Heat,1,5,29,8.6,2PT Field Goal,In The Paint (Non-RA),7.4,85.5,1,4.31,14.1
22300593,B. Osei,New York Knicks,4,9,42,23.3,3PT Field Goal,Above the Break 3,162.4,167.2,0,1.22,0.7
22300932,J. Carter,Denver Nuggets,1,9,45,11.6,2PT Field Goal,In The Paint (Non-RA),103.6,53.2,0,0.3,1.5
22300722,A. Kowalski,Golden State Warriors,1,4,59,17.3,2PT Field Goal,Mid-Range,75.6,156.1,0,3.95,17.0
22300214,J. Carter,Golden State Warriors,2,7,39,2.0,2PT Field Goal,Restricted Area,-15.1,12.5,0,5.33,6.7
22300638,K. Albrecht,Miami Heat,1,6,35,1.3,2PT Field Goal,Restricted Area,-10.3,7.3,1,6.29,3.1
22300456,B. Osei,Phoenix Suns,4,7,36,16.6,2PT Field Goal,Mid-Range,124.0,110.4,0,2.82,11.2
22300089,M. Okafor,Miami Heat,1,10,59,1.6,2PT Field Goal,Restricted Area,8.7,13.7,1,0.72,10.3
22300779,A. Kowalski,New York Knicks,1,8,20,2.8,2PT Field Goal,Restricted Area,19.0,20.2,0,2.04,6.0
22300647,K. Albrecht,Phoenix Suns,4,11,2,26.0,3PT Field Goal,Above the Break 3,27.9,258.6,0,3.51,24.0
22300321,K. Albrecht,Golden State Warriors,2,9,5,1.7,2PT Field Goal,Restricted Area,3.7,16.9,1,3.85,23.4
22300786,T. Nwosu,Golden State Warriors,3,11,20,1.8,2PT Field Goal,Restricted Area,-15.2,9.5,1,5.2,17.0
22300504,A. Kowalski,Denver Nuggets,2,0,42,18.3,2PT Field Goal,Mid-Range,-32.2,179.8,1,3.69,0.9
22300437,J. Carter,Denver Nuggets,2,10,47,20.2,2PT Field Goal,Mid-Range,30.6,199.7,1,6.56,20.2
22300193,M. Okafor,Los Angeles Lakers,3,2,51,1.7,2PT Field Goal,Restricted Area,-8.1,14.5,1,2.63,14.3
22300276,M. Okafor,Los Angeles Lakers,1,1,21,2.2,2PT Field Goal,Restricted Area,-18.2,11.7,0,5.2,1.6
22300352,M. Okafor,Miami Heat,1,6,42,14.2,2PT Field Goal,Mid-Range,112.5,87.4,1,5.61,2.1
22300883,K. Albrecht,Boston Celtics,3,10,39,2.4,2PT Field Goal,Restricted Area,-18.0,16.5,1,5.02,10.3
22300244,L. Fitzgerald,Denver Nuggets,4,6,43,27.7,3PT Field Goal,Above the Break 3,8.7,276.7,0,5.36,14.4
22300740,B. Osei,Golden State Warriors,4,2,12,25.2,3PT Field Goal,Above the Break 3,99.9,231.5,0,1.59,6.4
22300985,A. Kowalski,Miami Heat,4,8,28,5.3,2PT Field Goal,In The Paint (Non-RA),-1.1,53.3,1,6.17,7.8
22300056,T. Nwosu,Golden State Warriors,2,2,30,25.0,3PT Field Goal,Above the Break 3,200.2,150.1,0,2.93,8.6
22300297,K. Albrecht,Milwaukee Bucks,2,10,26,2.5,2PT Field Goal,Restricted Area,-14.7,20.2,0,3.7,0.3
22300954,K. Albrecht,Miami Heat,3,4,21,0.2,2PT Field Goal,Restricted Area,1.6,1.2,0,1.77,22.8
22300149,B. Osei,Denver Nuggets,1,9,4,27.5,3PT Field Goal,Above the Break 3,208.7,179.3,0,4.98,5.3
22300746,L. Fitzgerald,Phoenix Suns,4,7,57,12.1,2PT Field Goal,In The Paint (Non-RA),12.8,119.9,0,3.1,9.7
22300582,S. Whitfield,Phoenix Suns,4,1,11,0.7,2PT Field Goal,Restricted Area,-1.4,6.8,0,2.54,5.2
22300367,B. Osei,Miami Heat,3,0,20,17.5,2PT Field Goal,Mid-Range,132.2,115.0,1,5.71,11.7
22300543,A. Kowalski,New York Knicks,1,5,2,24.9,3PT Field Goal,Above the Break 3,-6.4,248.4,0,2.36,20.7
22300251,S. Whitfield,New York Knicks,3,2,57,14.8,2PT Field Goal,Mid-Range,131.7,67.6,0,4.97,21.2
22300389,S. Whitfield,Golden State Warriors,2,11,14,0.2,2PT Field Goal,Restricted Area,-1.5,1.3,0,4.56,3.6
22300492,B. Osei,Los Angeles Lakers,2,1,34,2.9,2PT Field Goal,Restricted Area,-23.9,17.0,1,5.37,5.5
22300763,M. Okafor,Phoenix Suns,1,9,11,7.7,2PT Field Goal,In The Paint (Non-RA),-53.9,54.6,1,4.25,6.5
22300305,K. Albrecht,Golden State Warriors,3,6,18,3.3,2PT Field Goal,Restricted Area,23.8,22.8,1,1.32,20.6
22300582,M. Okafor,Golden State Warriors,4,6,40,3.5,2PT Field Goal,Restricted Area,-5.5,34.9,0,4.48,20.0
22300807,J. Carter,Los Angeles Lakers,1,6,30,16.8,2PT Field Goal,Mid-Range,-12.6,167.9,1,5.0,20.9
22300391,L. Fitzgerald,Phoenix Suns,3,1,24,6.5,2PT Field Goal,In The Paint (Non-RA),25.3,59.8,1,8.49,9.6
22300341,K. Albrecht,Los Angeles Lakers,4,4,41,2.1,2PT Field Goal,Restricted Area,-13.8,16.4,0,8.47,23.7
22300842,T. Nwosu,Los Angeles Lakers,2,5,7,26.7,3PT Field Goal,Above the Break 3,-37.5,264.1,0,6.19,4.1
22300710,S. Whitfield,New York Knicks,4,10,16,3.3,2PT Field Goal,Restricted Area,8.3,32.4,0,6.43,13.6
22300030,S. Whitfield,Boston Celtics,3,4,2,26.3,3PT Field Goal,Above the Break 3,-236.9,113.7,0,0.3,6.7
22300053,D. Reyes,Miami Heat,2,6,13,19.9,2PT Field Goal,Mid-Range,-30.2,196.6,0,2.92,12.1
22300725,L. Fitzgerald,Denver Nuggets,3,6,55,19.1,2PT Field Goal,Mid-Range,39.3,186.7,1,1.63,21.5
22300281,A. Kowalski,Denver Nuggets,1,7,23,8.7,2PT Field Goal,In The Paint (Non-RA),-16.7,85.2,0,5.56,23.5
22300226,A. Kowalski,Phoenix Suns,2,3,21,19.7,2PT Field Goal,Mid-Range,-129.7,148.7,0,5.41,8.5
22300971,T. Nwosu,Denver Nuggets,4,4,39,1.9,2PT Field Goal,Restricted Area,-16.6,9.8,0,5.43,11.7
22300393,L. Fitzgerald,Miami Heat,2,8,52,1.8,2PT Field Goal,Restricted Area,16.0,8.9,1,5.53,6.9
22300358,B. Osei,Denver Nuggets,1,3,48,23.1,3PT Field Goal,Above the Break 3,149.6,176.4,1,5.01,19.8
22300930,D. Reyes,Miami Heat,3,8,59,0.2,2PT Field Goal,Restricted Area,0.3,2.0,1,3.91,3.5
22300601,D. Reyes,Denver Nuggets,3,3,20,10.5,2PT Field Goal,In The Paint (Non-RA),53.9,89.8,0,2.81,12.3
22300759,B. Osei,Golden State Warriors,1,5,14,26.1,3PT Field Goal,Above the Break 3,-236.1,110.4,1,5.82,18.7
22300096,M. Okafor,New York Knicks,3,1,48,1.0,2PT Field Goal,Restricted Area,9.6,3.9,0,4.19,9.9
22300958,D. Reyes,Phoenix Suns,1,2,19,1.3,2PT Field Goal,Restricted Area,-4.7,11.7,1,6.64,4.7
22300798,J. Carter,Golden State Warriors,4,8,57,25.9,3PT Field Goal,Above the Break 3,-33.7,256.5,0,3.15,11.9
22300943,D. Reyes,Boston Celtics,4,3,59,3.1,2PT Field Goal,Restricted Area,-26.4,15.8,0,3.54,18.0
22300930,T. Nwosu,Golden State Warriors,3,2,58,4.0,2PT Field Goal,Restricted Area,-16.3,36.1,1,2.35,10.9
22300513,A. Kowalski,Phoenix Suns,4,1,14,23.4,3PT Field Goal,Above the Break 3,-185.0,144.1,0,5.7,23.9
22300607,M. Okafor,Los Angeles Lakers,1,8,10,1.4,2PT Field Goal,Restricted Area,-5.3,13.1,1,2.26,17.3
22300223,A. Kowalski,Milwaukee Bucks,4,8,43,2.4,2PT Field Goal,Restricted Area,-4.7,23.7,0,0.3,2.0
22300436,D. Reyes,Miami Heat,4,4,48,23.7,3PT Field Goal,Above the Break 3,57.7,229.4,1,2.29,16.1
22300647,K. Albrecht,New York Knicks,1,4,8,2.3,2PT Field Goal,Restricted Area,-17.7,14.7,1,2.56,19.1
22300440,A. Kowalski,Los Angeles Lakers,2,3,0,23.2,3PT Field Goal,Above the Break 3,178.4,148.7,1,4.15,23.0
22300022,K. Albrecht,Boston Celtics,1,0,30,28.0,3PT Field Goal,Above the Break 3,243.3,137.6,0,3.35,19.6
22300714,K. Albrecht,Golden State Warriors,1,6,54,29.0,3PT Field Goal,Above the Break 3,-222.3,186.2,0,7.12,19.7
22300975,S. Whitfield,Golden State Warriors,4,7,0,1.0,2PT Field Goal,Restricted Area,-7.7,7.0,1,4.92,2.2
22300638,B. Osei,Golden State Warriors,2,11,15,0.2,2PT Field Goal,Restricted Area,1.3,1.6,1,6.44,5.3
22300104,L. Fitzgerald,Milwaukee Bucks,3,3,4,26.8,3PT Field Goal,Above the Break 3,-102.9,247.1,0,7.43,11.6
22300682,R. Delgado,Phoenix Suns,2,5,35,28.3,3PT Field Goal,Above the Break 3,-146.2,242.4,0,6.62,10.7
22300378,R. Delgado,Miami Heat,4,10,24,1.1,2PT Field Goal,Restricted Area,-5.6,9.1,1,6.33,1.9
22300899,M. Okafor,Golden State Warriors,3,4,1,0.2,2PT Field Goal,Restricted Area,-1.7,1.8,1,3.09,14.3
22300586,B. Osei,New York Knicks,1,3,1,1.6,2PT Field Goal,Restricted Area,13.1,9.1,1,5.22,14.2
22300616,B. Osei,Los Angeles Lakers,1,0,1,1.8,2PT Field Goal,Restricted Area,7.0,16.6,1,3.96,4.4
22300425,K. Albrecht,Boston Celtics,3,9,17,12.4,2PT Field Goal,In The Paint (Non-RA),-77.3,96.7,1,6.0,12.9
22300810,M. Okafor,Golden State Warriors,3,4,51,12.2,2PT Field Goal,In The Paint (Non-RA),113.2,46.1,0,2.85,16.4
22300836,M. Okafor,Miami Heat,3,10,7,20.5,2PT Field Goal,Mid-Range,-80.3,188.8,1,5.74,5.0
22300521,L. Fitzgerald,Miami Heat,1,10,47,1.8,2PT Field Goal,Restricted Area,10.2,14.3,1,3.04,17.6
22300000,K. Albrecht,Milwaukee Bucks,3,2,5,1.8,2PT Field Goal,Restricted Area,9.3,15.0,0,5.94,5.6
22300873,B. Osei,Phoenix Suns,4,3,58,2.5,2PT Field Goal,Restricted Area,-3.8,25.2,1,7.06,21.9
22300132,T. Nwosu,Denver Nuggets,3,3,27,0.9,2PT Field Goal,Restricted Area,3.4,7.8,1,7.07,20.7
22300288,T. Nwosu,Phoenix Suns,4,8,43,3.0,2PT Field Goal,Restricted Area,-15.0,26.4,0,3.27,0.7
22300926,A. Kowalski,Los Angeles Lakers,1,4,6,23.1,3PT Field Goal,Above the Break 3,119.8,197.4,0,7.29,14.9
22300131,D. Reyes,Phoenix Suns,2,5,10,0.2,2PT Field Goal,Restricted Area,-1.3,1.5,0,0.3,16.2
22300593,S. Whitfield,Boston Celtics,2,7,1,2.0,2PT Field Goal,Restricted Area,-15.8,13.0,0,4.61,2.0
22300277,K. Albrecht,Golden State Warriors,1,3,2,16.7,2PT Field Goal,Mid-Range,-47.4,160.4,1,0.92,9.4
22300529,L. Fitzgerald,Phoenix Suns,4,9,44,28.0,3PT Field Goal,Above the Break 3,131.1,247.6,0,4.26,6.6
22300695,D. Reyes,Boston Celtics,2,7,43,29.0,3PT Field Goal,Above the Break 3,140.9,253.4,0,1.47,23.2
22300766,B. Osei,Boston Celtics,1,4,48,17.0,2PT Field Goal,Mid-Range,-85.0,147.0,0,4.13,0.3
22300557,R. Delgado,Miami Heat,1,11,29,2.4,2PT Field Goal,Restricted Area,-21.8,10.8,1,2.57,9.5
22300774,J. Carter,Milwaukee Bucks,4,9,10,4.4,2PT Field Goal,In The Paint (Non-RA),5.3,43.2,1,7.18,9.0
22300756,M. Okafor,Golden State Warriors,4,6,41,1.0,2PT Field Goal,Restricted Area,5.7,8.5,1,9.25,6.7
22300810,B. Osei,Los Angeles Lakers,2,4,55,28.4,3PT Field Goal,Above the Break 3,-252.5,129.8,0,6.24,20.6
22300859,D. Reyes,Golden State Warriors,2,7,25,23.8,3PT Field Goal,Above the Break 3,-179.4,156.7,0,6.63,2.0
22300332,A. Kowalski,Miami Heat,3,2,16,5.6,2PT Field Goal,In The Paint (Non-RA),-5.7,56.1,1,5.33,6.9
22300774,K. Albrecht,Milwaukee Bucks,4,4,8,27.4,3PT Field Goal,Above the Break 3,-181.8,205.6,0,4.04,7.2
22300411,J. Carter,Miami Heat,3,11,35,15.5,2PT Field Goal,Mid-Range,-42.0,149.3,0,3.73,21.8
22300975,R. Delgado,Miami Heat,3,8,7,16.6,2PT Field Goal,Mid-Range,-114.8,120.2,0,1.55,7.2
22300223,L. Fitzgerald,Denver Nuggets,1,6,25,0.2,2PT Field Goal,Restricted Area,0.9,1.8,1,2.42,20.4
22300667,M. Okafor,Miami Heat,2,11,56,2.7,2PT Field Goal,Restricted Area,16.8,21.6,1,6.1,20.0
22300096,M. Okafor,Golden State Warriors,2,1,10,1.2,2PT Field Goal,Restricted Area,10.2,5.5,0,3.3,21.6
22300169,R. Delgado,Denver Nuggets,1,0,44,25.3,3PT Field Goal,Above the Break 3,-227.1,111.5,1,5.15,15.2
22300090,B. Osei,Denver Nuggets,4,0,56,27.4,3PT Field Goal,Above the Break 3,-208.3,178.5,0,2.18,22.0
22300848,K. Albrecht,Boston Celtics,4,7,15,24.4,3PT Field Goal,Above the Break 3,190.0,152.4,0,9.59,10.6
22300429,J. Carter,Golden State Warriors,1,10,19,25.5,3PT Field Goal,Above the Break 3,112.7,229.0,0,7.42,1.3
22300450,T. Nwosu,Los Angeles Lakers,3,9,2,24.5,3PT Field Goal,Above the Break 3,105.9,220.7,0,4.06,2.8
22300174,J. Carter,Golden State Warriors,2,4,1,7.4,2PT Field Goal,In The Paint (Non-RA),-67.2,30.5,1,8.62,10.6
22300418,R. Delgado,Boston Celtics,2,10,30,26.4,3PT Field Goal,Above the Break 3,243.6,100.7,1,5.47,14.1
22300815,B. Osei,New York Knicks,2,10,56,2.9,2PT Field Goal,Restricted Area,-12.2,26.3,0,6.83,0.5
22300113,S. Whitfield,Boston Celtics,1,9,40,18.9,2PT Field Goal,Mid-Range,-165.0,93.1,0,3.92,19.9
22300828,K. Albrecht,New York Knicks,4,3,59,2.9,2PT Field Goal,Restricted Area,-23.1,17.3,1,3.24,12.4
22300616,B. Osei,Milwaukee Bucks,3,11,50,25.3,3PT Field Goal,Above the Break 3,-189.3,168.1,0,7.58,16.6
22300125,J. Carter,Milwaukee Bucks,2,9,51,27.5,3PT Field Goal,Above the Break 3,94.7,258.1,0,6.0,16.2
22300996,T. Nwosu,Los Angeles Lakers,3,8,5,2.0,2PT Field Goal,Restricted Area,-4.0,19.2,1,6.22,12.4
22300555,B. Osei,Milwaukee Bucks,1,11,9,27.0,3PT Field Goal,Above the Break 3,-121.5,240.9,0,6.63,1.7
22300047,L. Fitzgerald,Phoenix Suns,4,3,46,26.2,3PT Field Goal,Above the Break 3,-186.5,184.7,0,4.6,8.6
22300867,D. Reyes,Denver Nuggets,3,9,22,2.0,2PT Field Goal,Restricted Area,-9.9,17.0,1,3.24,3.5
22300660,K. Albrecht,Boston Celtics,3,11,55,19.4,2PT Field Goal,Mid-Range,129.6,143.9,1,5.19,2.7
22300940,M. Okafor,Miami Heat,1,11,26,4.6,2PT Field Goal,In The Paint (Non-RA),-14.2,43.8,1,0.3,3.8
22300920,A. Kowalski,Phoenix Suns,1,1,16,19.7,2PT Field Goal,Mid-Range,-181.1,77.1,0,4.51,18.1
22300086,T. Nwosu,Denver Nuggets,1,2,51,25.4,3PT Field Goal,Above the Break 3,235.2,96.8,1,6.91,20.4
22300375,B. Osei,Los Angeles Lakers,3,3,56,25.0,3PT Field Goal,Above the Break 3,220.9,116.2,1,3.78,8.0
22300446,M. Okafor,Milwaukee Bucks,1,2,35,3.2,2PT Field Goal,Restricted Area,-9.4,30.1,0,8.63,3.3
22300357,B. Osei,Golden State Warriors,4,7,6,18.3,2PT Field Goal,Mid-Range,63.1,171.7,1,3.51,21.9
22300925,S. Whitfield,Los Angeles Lakers,3,3,35,14.4,2PT Field Goal,Mid-Range,-118.7,81.7,0,1.91,13.1
22300155,J. Carter,Milwaukee Bucks,3,8,40,2.4,2PT Field Goal,Restricted Area,4.1,23.8,0,5.66,13.1
22300043,K. Albrecht,Denver Nuggets,1,0,35,0.8,2PT Field Goal,Restricted Area,-7.4,4.1,1,3.91,7.4
22300801,R. Delgado,Miami Heat,3,8,33,2.2,2PT Field Goal,Restricted Area,-12.7,17.5,1,5.74,14.4
22300560,S. Whitfield,New York Knicks,3,1,53,2.6,2PT Field Goal,Restricted Area,22.8,13.2,0,2.82,10.1
22300488,D. Reyes,Miami Heat,2,0,26,2.2,2PT Field Goal,Restricted Area,-16.9,14.2,1,5.58,17.1
22300817,S. Whitfield,Golden State Warriors,3,1,25,19.2,2PT Field Goal,Mid-Range,12.2,191.2,1,4.57,22.1
22300095,T. Nwosu,Golden State Warriors,1,9,11,25.5,3PT Field Goal,Above the Break 3,58.1,248.4,0,4.89,4.0
22300141,B. Osei,Boston Celtics,1,6,53,8.5,2PT Field Goal,In The Paint (Non-RA),-51.8,67.1,0,6.51,15.7
22300132,A. Kowalski,Denver Nuggets,2,6,32,20.8,2PT Field Goal,Mid-Range,184.7,95.2,0,2.53,16.0
22300466,T. Nwosu,Denver Nuggets,4,4,43,26.8,3PT Field Goal,Above the Break 3,3.1,268.5,0,3.92,20.1
22300052,S. Whitfield,Boston Celtics,1,5,29,21.0,2PT Field Goal,Mid-Range,-176.8,113.0,0,6.87,7.8
22300735,A. Kowalski,Boston Celtics,1,3,2,14.2,2PT Field Goal,Mid-Range,84.2,114.1,0,7.14,12.3
22300038,A. Kowalski,Los Angeles Lakers,4,8,24,2.2,2PT Field Goal,Restricted Area,-1.3,21.9,1,5.96,11.1
22300061,T. Nwosu,Boston Celtics,4,7,50,25.7,3PT Field Goal,Above the Break 3,-179.8,184.2,0,1.74,18.9
22300112,K. Albrecht,Miami Heat,4,7,42,1.8,2PT Field Goal,Restricted Area,-6.0,16.9,0,4.77,14.0
22300427,R. Delgado,Miami Heat,2,4,53,1.8,2PT Field Goal,Restricted Area,2.5,18.1,1,3.37,17.3
22300737,S. Whitfield,New York Knicks,3,8,3,8.5,2PT Field Goal,In The Paint (Non-RA),-0.7,85.2,0,3.57,15.2
22300215,A. Kowalski,Golden State Warriors,4,2,17,17.0,2PT Field Goal,Mid-Range,-24.3,168.4,0,0.75,19.9
22300791,K. Albrecht,Phoenix Suns,3,1,5,26.0,3PT Field Goal,Above the Break 3,-240.2,100.2,1,0.3,18.1
22300421,A. Kowalski,Miami Heat,3,10,41,0.8,2PT Field Goal,Restricted Area,-6.9,4.9,1,6.57,13.0
22300798,L. Fitzgerald,Phoenix Suns,2,3,16,25.4,3PT Field Goal,Above the Break 3,-50.3,249.4,1,6.16,13.5
22300971,K. Albrecht,Phoenix Suns,3,9,4,17.9,2PT Field Goal,Mid-Range,162.2,76.5,0,0.95,12.6
22300093,A. Kowalski,Miami Heat,4,3,20,25.4,3PT Field Goal,Above the Break 3,-178.1,180.7,1,3.47,5.8
22300190,B. Osei,New York Knicks,2,2,33,9.2,2PT Field Goal,In The Paint (Non-RA),-53.6,75.2,1,4.42,22.1
22300665,R. Delgado,Phoenix Suns,1,9,38,0.3,2PT Field Goal,Restricted Area,-0.3,2.5,1,2.95,4.9
22300281,S. Whitfield,New York Knicks,4,9,13,3.3,2PT Field Goal,Restricted Area,-14.5,29.8,1,5.44,11.5
22300878,J. Carter,Denver Nuggets,3,7,0,19.0,2PT Field Goal,Mid-Range,149.0,117.7,0,3.39,7.4
22300212,R. Delgado,Miami Heat,4,11,44,7.5,2PT Field Goal,In The Paint (Non-RA),42.9,61.5,0,1.08,2.3
22300235,L. Fitzgerald,Los Angeles Lakers,2,0,35,6.4,2PT Field Goal,In The Paint (Non-RA),28.1,57.4,1,3.31,19.4
22300660,S. Whitfield,Phoenix Suns,3,8,34,1.2,2PT Field Goal,Restricted Area,-9.1,7.9,1,5.31,9.8
22300817,T. Nwosu,Miami Heat,1,2,38,2.2,2PT Field Goal,Restricted Area,-6.8,21.3,1,2.15,13.0
22300806,T. Nwosu,New York Knicks,1,5,28,9.9,2PT Field Goal,In The Paint (Non-RA),63.1,76.1,0,6.01,19.9
22300097,R. Delgado,Miami Heat,4,2,13,0.2,2PT Field Goal,Restricted Area,0.3,2.0,1,6.69,0.6
22300918,M. Okafor,Miami Heat,1,7,13,24.3,3PT Field Goal,Above the Break 3,-181.8,161.4,1,5.67,7.3
22300933,J. Carter,Boston Celtics,3,10,44,2.2,2PT Field Goal,Restricted Area,15.9,14.5,1,5.57,17.8
22300143,K. Albrecht,Denver Nuggets,3,10,41,22.5,3PT Field Goal,Above the Break 3,188.6,122.8,1,4.06,7.8
22300375,K. Albrecht,Miami Heat,2,9,44,26.5,3PT Field Goal,Above the Break 3,155.4,215.0,0,5.53,11.3
22300802,S. Whitfield,Boston Celtics,4,2,30,4.6,2PT Field Goal,In The Paint (Non-RA),10.2,44.5,0,2.59,23.3
22300049,L. Fitzgerald,Milwaukee Bucks,4,1,13,26.5,3PT Field Goal,Above the Break 3,-189.5,185.4,0,0.3,11.1
22300686,L. Fitzgerald,Miami Heat,3,0,25,20.4,2PT Field Goal,Mid-Range,-69.8,191.3,0,2.65,21.1
22300228,R. Delgado,New York Knicks,4,11,40,4.4,2PT Field Goal,In The Paint (Non-RA),-5.9,43.6,0,7.61,1.3
22300930,A. Kowalski,Milwaukee Bucks,1,1,28,23.8,3PT Field Goal,Above the Break 3,40.3,234.2,0,6.64,23.7
22300598,A. Kowalski,Los Angeles Lakers,1,5,18,28.9,3PT Field Goal,Above the Break 3,27.0,288.1,1,1.8,17.0
22300159,A. Kowalski,Denver Nuggets,3,10,22,1.0,2PT Field Goal,Restricted Area,-7.3,6.5,1,3.74,15.4
22300153,B. Osei,Golden State Warriors,1,6,55,23.4,3PT Field Goal,Above the Break 3,53.8,227.9,0,2.59,15.4
22300493,R. Delgado,Los Angeles Lakers,4,1,0,4.0,2PT Field Goal,In The Paint (Non-RA),26.8,29.7,0,1.52,11.3
22300673,B. Osei,Los Angeles Lakers,4,6,47,0.7,2PT Field Goal,Restricted Area,-4.7,5.8,1,3.48,1.0
22300145,A. Kowalski,Miami Heat,2,11,58,11.4,2PT Field Goal,In The Paint (Non-RA),-97.2,60.5,1,6.05,7.9
22300177,T. Nwosu,Los Angeles Lakers,1,4,8,0.8,2PT Field Goal,Restricted Area,-2.1,7.9,0,4.36,15.2
22300732,T. Nwosu,Boston Celtics,2,10,52,5.9,2PT Field Goal,In The Paint (Non-RA),-15.1,57.1,0,3.66,11.5
22300033,D. Reyes,Los Angeles Lakers,4,10,56,5.6,2PT Field Goal,In The Paint (Non-RA),47.4,29.7,1,0.3,14.3
22300677,J. Carter,Los Angeles Lakers,3,4,33,6.5,2PT Field Goal,In The Paint (Non-RA),-34.0,55.0,1,9.26,13.5
22300662,R. Delgado,New York Knicks,3,4,4,27.3,3PT Field Goal,Above the Break 3,165.5,217.1,1,1.55,8.8
22300950,K. Albrecht,Miami Heat,4,5,2,26.0,3PT Field Goal,Above the Break 3,180.2,186.8,1,4.27,11.0
22300138,A. Kowalski,Milwaukee Bucks,2,7,41,3.1,2PT Field Goal,Restricted Area,-23.7,19.9,1,6.1,5.1
22300641,M. Okafor,Golden State Warriors,2,2,32,3.3,2PT Field Goal,Restricted Area,27.4,18.8,1,4.63,13.4
22300212,D. Reyes,Phoenix Suns,1,6,28,14.2,2PT Field Goal,Mid-Range,25.2,139.9,1,6.14,10.8
22300654,S. Whitfield,New York Knicks,3,10,47,0.2,2PT Field Goal,Restricted Area,1.5,1.3,0,0.3,0.2
22300701,D. Reyes,Golden State Warriors,3,4,37,9.7,2PT Field Goal,In The Paint (Non-RA),61.8,75.3,1,2.19,12.7
22300333,R. Delgado,Phoenix Suns,1,7,45,26.1,3PT Field Goal,Above the Break 3,-7.9,260.6,0,2.65,10.0
22300162,L. Fitzgerald,Golden State Warriors,2,0,43,2.3,2PT Field Goal,Restricted Area,16.7,15.4,0,1.11,12.1
22300952,B. Osei,Phoenix Suns,4,6,3,27.5,3PT Field Goal,Above the Break 3,-109.8,252.6,0,0.57,1.4
22300225,B. Osei,Boston Celtics,3,1,16,27.2,3PT Field Goal,Above the Break 3,-111.7,247.6,0,6.22,9.3
22300176,L. Fitzgerald,Denver Nuggets,1,7,54,6.4,2PT Field Goal,In The Paint (Non-RA),14.7,62.2,0,1.27,3.3
22300367,K. Albrecht,Los Angeles Lakers,1,2,50,3.0,2PT Field Goal,Restricted Area,-8.8,28.9,1,6.72,3.0
22300524,M. Okafor,Los Angeles Lakers,2,6,43,21.2,2PT Field Goal,Mid-Range,-134.5,163.9,0,6.26,1.8
22300894,A. Kowalski,Denver Nuggets,1,8,15,0.5,2PT Field Goal,Restricted Area,3.4,3.8,1,3.4,0.4
22300700,M. Okafor,Miami Heat,2,4,42,25.5,3PT Field Goal,Above the Break 3,172.5,188.4,0,1.0,21.4
22300598,A. Kowalski,Milwaukee Bucks,4,7,34,17.5,2PT Field Goal,Mid-Range,-146.3,95.9,0,2.84,14.3
22300847,D. Reyes,Phoenix Suns,4,0,10,2.8,2PT Field Goal,Restricted Area,13.1,24.5,0,2.54,20.1
22300636,D. Reyes,Denver Nuggets,3,5,52,23.6,3PT Field Goal,Above the Break 3,198.0,128.6,0,2.69,8.7
22300385,S. Whitfield,Golden State Warriors,1,5,53,21.7,2PT Field Goal,Mid-Range,146.6,160.4,0,2.4,12.7
22300578,R. Delgado,New York Knicks,3,1,54,1.3,2PT Field Goal,Restricted Area,-9.9,8.9,1,4.31,2.3
22300970,T. Nwosu,Los Angeles Lakers,2,3,44,10.6,2PT Field Goal,In The Paint (Non-RA),-88.2,59.3,1,3.52,8.1
22300522,R. Delgado,New York Knicks,4,7,11,10.4,2PT Field Goal,In The Paint (Non-RA),-13.5,103.1,1,4.06,5.8
22300640,B. Osei,Phoenix Suns,3,11,41,23.3,3PT Field Goal,Above the Break 3,188.0,137.9,0,4.13,17.3
22300669,J. Carter,Miami Heat,2,4,53,0.8,2PT Field Goal,Restricted Area,6.4,4.3,1,6.99,17.8
22300750,R. Delgado,Boston Celtics,2,0,24,8.0,2PT Field Goal,In The Paint (Non-RA),-72.6,34.6,1,8.81,20.9
22300369,L. Fitzgerald,New York Knicks,1,5,43,25.8,3PT Field Goal,Above the Break 3,210.1,150.6,0,4.23,1.4
22300734,L. Fitzgerald,Miami Heat,3,0,56,13.3,2PT Field Goal,In The Paint (Non-RA),44.8,124.9,0,4.0,14.0
22300160,A. Kowalski,Denver Nuggets,1,7,21,28.3,3PT Field Goal,Above the Break 3,103.9,263.7,0,3.82,16.7
22300722,B. Osei,New York Knicks,3,2,54,1.5,2PT Field Goal,Restricted Area,-9.0,12.6,1,6.4,0.7
22300783,J. Carter,Los Angeles Lakers,1,3,18,11.6,2PT Field Goal,In The Paint (Non-RA),34.4,110.3,0,5.79,20.8
22300658,D. Reyes,Golden State Warriors,1,8,15,1.4,2PT Field Goal,Restricted Area,12.2,7.1,0,4.45,9.3
22300284,T. Nwosu,Phoenix Suns,1,2,31,27.1,3PT Field Goal,Above the Break 3,52.5,265.7,1,3.86,23.7
22300720,K. Albrecht,Phoenix Suns,3,2,10,20.3,2PT Field Goal,Mid-Range,168.8,113.0,1,5.51,5.9
22300017,K. Albrecht,Phoenix Suns,4,4,53,0.3,2PT Field Goal,Restricted Area,1.3,2.8,1,6.59,15.3
22300307,L. Fitzgerald,Los Angeles Lakers,4,11,42,4.0,2PT Field Goal,In The Paint (Non-RA),-23.2,32.5,1,3.2,15.9
22300185,K. Albrecht,Los Angeles Lakers,1,10,22,5.4,2PT Field Goal,In The Paint (Non-RA),-18.6,50.5,1,5.18,6.8
22300200,T. Nwosu,Boston Celtics,4,8,16,1.4,2PT Field Goal,Restricted Area,-7.7,12.0,0,0.3,8.0
22300087,R. Delgado,Denver Nuggets,1,7,3,6.3,2PT Field Goal,In The Paint (Non-RA),-28.9,55.9,0,2.66,17.6
22300678,B. Osei,Golden State Warriors,3,6,29,25.4,3PT Field Goal,Above the Break 3,99.1,234.4,1,5.29,13.3
22300749,A. Kowalski,New York Knicks,3,6,54,1.1,2PT Field Goal,Restricted Area,-0.3,10.7,0,0.57,21.5
22300734,M. Okafor,Milwaukee Bucks,1,3,2,3.0,2PT Field Goal,Restricted Area,24.4,17.2,1,0.73,20.3
22300135,R. Delgado,New York Knicks,3,4,2,1.9,2PT Field Goal,Restricted Area,-12.4,14.2,1,4.77,2.5
22300452,K. Albrecht,Los Angeles Lakers,2,6,16,3.6,2PT Field Goal,Restricted Area,-27.3,22.8,0,0.3,18.5
22300391,M. Okafor,Denver Nuggets,4,0,58,26.1,3PT Field Goal,Above the Break 3,-216.3,146.1,0,3.45,19.7
22300636,B. Osei,Phoenix Suns,3,4,50,1.6,2PT Field Goal,Restricted Area,-9.3,13.6,1,8.96,20.8
22300249,L. Fitzgerald,Phoenix Suns,1,8,59,26.7,3PT Field Goal,Above the Break 3,130.5,233.3,1,5.0,15.6
22300378,S. Whitfield,Denver Nuggets,4,11,16,2.4,2PT Field Goal,Restricted Area,-17.0,16.7,1,8.22,5.7
22300827,R. Delgado,Miami Heat,4,8,47,28.6,3PT Field Goal,Above the Break 3,92.9,270.4,0,7.77,1.8
22300080,A. Kowalski,Phoenix Suns,3,10,0,24.1,3PT Field Goal,Above the Break 3,200.3,134.9,0,2.46,20.8
22300168,B. Osei,New York Knicks,1,4,18,2.1,2PT Field Goal,Restricted Area,6.1,19.8,0,3.74,18.9
22300412,S. Whitfield,New York Knicks,1,5,32,26.8,3PT Field Goal,Above the Break 3,-171.9,205.7,0,5.06,10.1
22300799,T. Nwosu,Phoenix Suns,2,4,43,26.0,3PT Field Goal,Above the Break 3,151.9,211.1,1,6.73,20.3
22300428,R. Delgado,Los Angeles Lakers,2,9,24,17.2,2PT Field Goal,Mid-Range,123.7,119.1,0,7.49,1.7
22300120,R. Delgado,Boston Celtics,4,3,39,21.6,2PT Field Goal,Mid-Range,14.0,215.6,0,5.98,21.7
22300970,T. Nwosu,Milwaukee Bucks,4,6,52,2.2,2PT Field Goal,Restricted Area,-5.9,20.8,1,4.97,13.8
22300161,J. Carter,Golden State Warriors,3,3,0,1.7,2PT Field Goal,Restricted Area,4.3,16.6,0,1.79,14.1
22300467,D. Reyes,Miami Heat,2,0,46,24.1,3PT Field Goal,Above the Break 3,-196.9,139.7,1,6.61,22.9
22300189,S. Whitfield,Boston Celtics,3,10,51,23.7,3PT Field Goal,Above the Break 3,87.6,220.0,0,2.88,21.0
22300910,M. Okafor,Miami Heat,3,5,41,1.8,2PT Field Goal,Restricted Area,-11.1,14.7,1,6.47,3.7
22300952,J. Carter,Phoenix Suns,4,10,12,4.0,2PT Field Goal,Restricted Area,12.7,37.6,0,7.27,19.1
22300727,L. Fitzgerald,Phoenix Suns,3,10,58,1.2,2PT Field Goal,Restricted Area,-5.0,10.4,1,0.89,3.9
22300161,M. Okafor,Miami Heat,4,7,11,17.7,2PT Field Goal,Mid-Range,-53.3,169.0,0,8.84,14.3
22300961,S. Whitfield,Phoenix Suns,2,9,52,1.3,2PT Field Goal,Restricted Area,11.2,6.9,1,3.77,10.7
22300860,K. Albrecht,Miami Heat,4,7,50,27.8,3PT Field Goal,Above the Break 3,-102.3,258.3,0,6.69,11.6
22300892,J. Carter,New York Knicks,4,3,3,26.1,3PT Field Goal,Above the Break 3,164.9,202.4,0,6.38,14.9
22300441,D. Reyes,Denver Nuggets,4,3,27,25.1,3PT Field Goal,Above the Break 3,-203.2,147.8,0,8.49,19.6
22300280,B. Osei,Boston Celtics,3,2,15,14.9,2PT Field Goal,Mid-Range,65.3,133.6,0,6.94,9.8
22300661,M. Okafor,New York Knicks,3,10,55,25.7,3PT Field Goal,Above the Break 3,-216.7,138.0,1,7.98,21.9
22300418,K. Albrecht,Miami Heat,4,7,32,27.3,3PT Field Goal,Above the Break 3,4.3,272.7,1,6.15,2.0
22300016,L. Fitzgerald,Phoenix Suns,3,0,56,1.6,2PT Field Goal,Restricted Area,12.4,9.4,0,2.42,3.6
22300082,L. Fitzgerald,Milwaukee Bucks,3,3,23,15.6,2PT Field Goal,Mid-Range,-81.3,133.2,1,3.8,20.0
22300980,T. Nwosu,Los Angeles Lakers,4,1,43,2.6,2PT Field Goal,Restricted Area,-13.1,23.0,1,5.81,15.3
22300783,M. Okafor,Golden State Warriors,2,5,41,25.7,3PT Field Goal,Above the Break 3,214.3,141.4,0,6.42,22.3
22300253,K. Albrecht,Miami Heat,1,0,49,2.4,2PT Field Goal,Restricted Area,-4.1,24.1,0,4.57,14.8
22300534,M. Okafor,Los Angeles Lakers,3,5,6,28.4,3PT Field Goal,Above the Break 3,88.6,269.7,1,2.58,4.4
22300602,B. Osei,Milwaukee Bucks,3,3,43,3.1,2PT Field Goal,Restricted Area,15.0,26.9,0,1.35,11.2
22300344,R. Delgado,Denver Nuggets,1,7,58,18.3,2PT Field Goal,Mid-Range,93.0,157.5,0,4.43,0.1
22300916,L. Fitzgerald,Los Angeles Lakers,4,8,38,20.1,2PT Field Goal,Mid-Range,178.9,90.9,1,11.14,22.9
22300197,T. Nwosu,New York Knicks,3,4,3,25.0,3PT Field Goal,Above the Break 3,220.5,118.8,0,3.95,22.1
22300111,M. Okafor,Golden State Warriors,3,1,47,24.1,3PT Field Goal,Above the Break 3,-203.4,129.3,0,3.11,0.6
22300903,K. Albrecht,Phoenix Suns,2,1,18,5.1,2PT Field Goal,In The Paint (Non-RA),-44.5,24.7,0,5.63,10.6
22300234,A. Kowalski,Golden State Warriors,3,3,4,16.5,2PT Field Goal,Mid-Range,90.3,138.0,0,5.92,6.8
22300476,L. Fitzgerald,Golden State Warriors,3,5,38,0.4,2PT Field Goal,Restricted Area,-2.4,2.8,1,4.53,11.6
22300104,B. Osei,Milwaukee Bucks,2,1,0,2.3,2PT Field Goal,Restricted Area,10.5,20.2,0,0.3,8.9
22300862,K. Albrecht,New York Knicks,3,9,38,25.3,3PT Field Goal,Above the Break 3,-200.6,154.3,1,2.67,20.6
22300851,L. Fitzgerald,Denver Nuggets,4,7,37,23.8,3PT Field Goal,Above the Break 3,-22.8,237.1,0,2.79,7.7
22300965,A. Kowalski,New York Knicks,3,8,33,24.9,3PT Field Goal,Above the Break 3,-38.5,245.8,1,5.67,4.8
22300351,D. Reyes,Boston Celtics,3,8,57,11.1,2PT Field Goal,In The Paint (Non-RA),-16.7,109.9,0,2.79,23.3
22300536,K. Albrecht,Denver Nuggets,3,8,28,21.5,2PT Field Goal,Mid-Range,28.2,213.2,1,3.7,7.1
22300219,K. Albrecht,Boston Celtics,1,5,31,27.7,3PT Field Goal,Above the Break 3,-213.7,176.3,0,1.69,16.8
22300496,A. Kowalski,Milwaukee Bucks,1,5,39,16.1,2PT Field Goal,Mid-Range,-20.1,159.2,0,2.96,12.3
22300247,M. Okafor,Phoenix Suns,1,6,52,1.8,2PT Field Goal,Restricted Area,16.1,6.9,1,9.32,17.4
22300214,B. Osei,Milwaukee Bucks,3,4,45,28.6,3PT Field Goal,Above the Break 3,-246.9,143.7,0,6.15,13.4
22300303,T. Nwosu,New York Knicks,2,3,4,1.6,2PT Field Goal,Restricted Area,10.4,12.5,1,5.22,19.4
22300832,J. Carter,Miami Heat,2,3,47,26.6,3PT Field Goal,Above the Break 3,43.2,262.9,0,2.3,3.8
22300375,R. Delgado,Golden State Warriors,4,2,16,25.9,3PT Field Goal,Above the Break 3,-175.4,190.1,1,1.43,22.6
22300123,R. Delgado,Golden State Warriors,4,4,23,23.9,3PT Field Goal,Above the Break 3,93.6,219.6,1,6.6,6.2
22300045,K. Albrecht,Los Angeles Lakers,2,5,54,23.7,3PT Field Goal,Above the Break 3,-87.4,220.4,1,4.22,21.8
22300206,D. Reyes,Boston Celtics,4,0,32,26.2,3PT Field Goal,Above the Break 3,-11.6,261.5,0,5.61,0.2
22300240,B. Osei,Denver Nuggets,2,7,27,25.8,3PT Field Goal,Above the Break 3,-161.5,201.4,1,4.93,12.8
22300360,D. Reyes,Phoenix Suns,4,10,59,5.9,2PT Field Goal,In The Paint (Non-RA),54.7,22.6,1,4.53,9.4
22300997,A. Kowalski,Boston Celtics,4,5,6,2.2,2PT Field Goal,Restricted Area,18.5,11.2,1,0.3,2.5
22300105,T. Nwosu,Boston Celtics,3,3,18,24.5,3PT Field Goal,Above the Break 3,2.5,244.7,0,6.33,17.7
22300934,B. Osei,Golden State Warriors,1,9,51,24.7,3PT Field Goal,Above the Break 3,-12.0,246.8,0,8.3,16.5
22300467,B. Osei,Los Angeles Lakers,1,11,51,21.8,2PT Field Goal,Mid-Range,-54.7,211.2,1,4.42,16.6
22300939,A. Kowalski,Denver Nuggets,3,5,39,0.2,2PT Field Goal,Restricted Area,0.4,2.0,1,3.86,11.5
22300833,K. Albrecht,Denver Nuggets,3,1,46,2.3,2PT Field Goal,Restricted Area,7.0,21.8,0,4.75,13.4
22300887,L. Fitzgerald,Phoenix Suns,3,1,22,8.5,2PT Field Goal,In The Paint (Non-RA),49.0,69.7,0,3.67,12.3
22300542,M. Okafor,Denver Nuggets,1,0,18,28.3,3PT Field Goal,Above the Break 3,-211.0,188.8,0,0.3,7.5
22300908,J. Carter,Boston Celtics,2,10,56,27.3,3PT Field Goal,Above the Break 3,226.3,152.4,1,3.43,13.1
22300953,K. Albrecht,Denver Nuggets,2,5,52,2.1,2PT Field Goal,Restricted Area,-18.1,11.4,0,4.23,20.2
22300953,J. Carter,Phoenix Suns,1,3,25,4.9,2PT Field Goal,In The Paint (Non-RA),42.2,25.4,0,6.7,19.7
22300421,S. Whitfield,Denver Nuggets,4,1,49,12.8,2PT Field Goal,In The Paint (Non-RA),-79.5,99.9,0,2.0,1.7
22300247,B. Osei,Boston Celtics,1,8,39,0.3,2PT Field Goal,Restricted Area,-0.1,2.6,1,3.54,18.4
22300184,S. Whitfield,Miami Heat,3,3,34,1.9,2PT Field Goal,Restricted Area,13.3,12.9,1,4.3,11.1
22300065,S. Whitfield,Miami Heat,2,4,46,19.2,2PT Field Goal,Mid-Range,-65.3,180.4,0,5.33,16.3
22300144,S. Whitfield,Los Angeles Lakers,2,7,39,11.5,2PT Field Goal,In The Paint (Non-RA),-92.5,67.7,1,8.73,11.0
22300387,D. Reyes,Golden State Warriors,2,10,39,25.6,3PT Field Goal,Above the Break 3,106.1,233.0,0,5.73,6.3
22300472,S. Whitfield,Golden State Warriors,2,2,22,3.8,2PT Field Goal,Restricted Area,19.6,32.7,0,5.78,23.3
22300492,D. Reyes,New York Knicks,1,10,1,25.9,3PT Field Goal,Above the Break 3,-56.8,252.9,1,1.51,23.1
22300184,K. Albrecht,New York Knicks,1,11,30,1.5,2PT Field Goal,Restricted Area,5.5,14.0,1,7.95,16.8
22300981,B. Osei,Boston Celtics,2,7,9,19.9,2PT Field Goal,Mid-Range,143.9,137.1,1,0.31,3.9
22300115,A. Kowalski,New York Knicks,3,10,47,27.8,3PT Field Goal,Above the Break 3,-257.1,105.8,0,7.38,1.2
22300600,L. Fitzgerald,Golden State Warriors,4,8,3,2.7,2PT Field Goal,Restricted Area,9.3,25.0,1,6.28,16.0
22300866,J. Carter,New York Knicks,3,7,23,26.2,3PT Field Goal,Above the Break 3,75.4,250.5,0,4.51,16.7
22300012,A. Kowalski,Denver Nuggets,1,3,31,25.9,3PT Field Goal,Above the Break 3,-28.5,257.8,0,1.85,2.5
22300473,R. Delgado,Los Angeles Lakers,3,6,31,22.7,3PT Field Goal,Above the Break 3,-148.4,171.6,0,5.51,10.3
22300891,S. Whitfield,Miami Heat,4,10,34,1.7,2PT Field Goal,Restricted Area,-6.3,15.8,1,3.19,17.2
22300055,B. Osei,Golden State Warriors,3,4,24,17.1,2PT Field Goal,Mid-Range,-36.9,166.9,0,7.39,23.1
22300043,A. Kowalski,Milwaukee Bucks,4,5,14,18.3,2PT Field Goal,Mid-Range,124.5,133.5,1,0.3,20.7
22300454,M. Okafor,Miami Heat,4,1,20,22.5,3PT Field Goal,Above the Break 3,121.8,189.2,0,4.47,19.4
22300048,S. Whitfield,Miami Heat,3,9,15,1.0,2PT Field Goal,Restricted Area,0.2,10.0,1,0.3,2.5
22300402,B. Osei,Golden State Warriors,4,5,1,0.9,2PT Field Goal,Restricted Area,-3.9,7.8,0,4.45,21.8
22300000,M. Okafor,Boston Celtics,4,8,6,22.5,3PT Field Goal,Above the Break 3,173.8,142.9,1,3.56,11.9
22300629,A. Kowalski,New York Knicks,1,11,1,1.5,2PT Field Goal,Restricted Area,-13.3,6.9,1,6.21,10.7
22300328,S. Whitfield,Milwaukee Bucks,2,3,13,3.5,2PT Field Goal,Restricted Area,-11.4,33.2,0,1.64,13.5
22300742,M. Okafor,Golden State Warriors,3,1,45,2.9,2PT Field Goal,Restricted Area,-11.2,27.1,1,2.0,14.5
22300186,D. Reyes,Miami Heat,4,8,20,16.8,2PT Field Goal,Mid-Range,-6.2,168.1,0,0.3,20.0
22300153,S. Whitfield,Phoenix Suns,3,8,40,18.0,2PT Field Goal,Mid-Range,-159.1,85.0,1,3.23,0.3
22300397,K. Albrecht,Milwaukee Bucks,2,8,44,22.5,3PT Field Goal,Above the Break 3,-39.6,221.5,0,4.65,1.0
22300894,T. Nwosu,Milwaukee Bucks,1,8,22,25.5,3PT Field Goal,Above the Break 3,-190.8,169.0,0,3.68,11.0
22300404,T. Nwosu,New York Knicks,2,10,48,1.1,2PT Field Goal,Restricted Area,-9.7,5.7,1,2.01,20.2
22300856,A. Kowalski,Milwaukee Bucks,4,4,4,26.1,3PT Field Goal,Above the Break 3,240.3,101.9,0,3.74,2.4
22300456,S. Whitfield,Golden State Warriors,4,9,9,23.9,3PT Field Goal,Above the Break 3,170.4,168.2,1,5.55,15.4
22300475,J. Carter,New York Knicks,1,9,20,26.3,3PT Field Goal,Above the Break 3,-99.9,243.3,0,4.95,9.8
22300710,J. Carter,Phoenix Suns,3,4,17,26.3,3PT Field Goal,Above the Break 3,92.5,246.3,0,0.3,22.8
22300485,A. Kowalski,Golden State Warriors,4,2,58,10.6,2PT Field Goal,In The Paint (Non-RA),-61.9,86.6,0,3.09,18.7
22300757,L. Fitzgerald,Denver Nuggets,3,7,57,3.2,2PT Field Goal,Restricted Area,25.1,19.1,1,2.19,4.9
22300090,L. Fitzgerald,Milwaukee Bucks,4,9,6,25.4,3PT Field Goal,Above the Break 3,81.6,240.2,0,0.3,23.9
22300005,A. Kowalski,Denver Nuggets,4,6,29,11.0,2PT Field Goal,In The Paint (Non-RA),-16.0,108.7,1,5.63,22.0
22300845,M. Okafor,Phoenix Suns,1,8,36,7.6,2PT Field Goal,In The Paint (Non-RA),-36.7,66.8,1,4.99,4.0
22300678,S. Whitfield,New York Knicks,2,10,26,20.7,2PT Field Goal,Mid-Range,-29.2,205.3,1,1.84,18.1
22300736,T. Nwosu,Golden State Warriors,4,3,15,20.1,2PT Field Goal,Mid-Range,112.4,167.1,1,5.45,12.7
22300590,K. Albrecht,New York Knicks,1,8,38,20.6,2PT Field Goal,Mid-Range,126.6,162.5,0,4.8,12.0
22300378,D. Reyes,Los Angeles Lakers,2,2,12,17.3,2PT Field Goal,Mid-Range,-150.7,85.1,1,3.13,10.1
22300891,B. Osei,Denver Nuggets,4,2,33,5.9,2PT Field Goal,In The Paint (Non-RA),53.0,25.7,1,4.95,10.5
22300298,T. Nwosu,New York Knicks,4,8,37,22.9,3PT Field Goal,Above the Break 3,12.1,228.3,0,3.74,14.0
22300694,K. Albrecht,Boston Celtics,2,7,20,4.2,2PT Field Goal,In The Paint (Non-RA),34.2,24.1,0,2.65,23.7
22300004,K. Albrecht,Miami Heat,4,9,59,1.8,2PT Field Goal,Restricted Area,-15.8,9.0,1,6.62,21.8
22300722,R. Delgado,Milwaukee Bucks,2,5,42,28.1,3PT Field Goal,Above the Break 3,212.0,184.5,1,0.62,8.6
22300287,M. Okafor,Phoenix Suns,4,6,33,28.0,3PT Field Goal,Above the Break 3,59.5,273.4,1,8.63,9.6
22300155,J. Carter,Boston Celtics,4,10,57,24.5,3PT Field Goal,Above the Break 3,-200.8,139.9,0,4.82,20.2
22300130,A. Kowalski,Milwaukee Bucks,1,5,8,1.1,2PT Field Goal,Restricted Area,-10.6,4.3,1,3.27,7.6
22300791,S. Whitfield,New York Knicks,3,11,54,2.5,2PT Field Goal,Restricted Area,-14.4,20.2,1,5.22,9.7
22300115,J. Carter,Golden State Warriors,1,7,32,29.0,3PT Field Goal,Above the Break 3,241.6,160.3,1,2.08,16.5
22300193,A. Kowalski,Los Angeles Lakers,4,2,29,25.6,3PT Field Goal,Above the Break 3,93.2,238.3,0,3.3,1.9
22300979,B. Osei,Los Angeles Lakers,2,10,14,0.9,2PT Field Goal,Restricted Area,-3.5,8.1,1,8.84,19.2
22300802,T. Nwosu,Miami Heat,2,10,3,16.4,2PT Field Goal,Mid-Range,-73.7,146.3,0,5.33,5.1
22300322,M. Okafor,Phoenix Suns,4,5,14,0.2,2PT Field Goal,Restricted Area,1.0,1.7,1,3.87,12.2
22300670,T. Nwosu,Milwaukee Bucks,2,2,40,8.1,2PT Field Goal,In The Paint (Non-RA),-19.3,78.6,0,3.88,6.6
22300379,A. Kowalski,New York Knicks,3,5,54,24.1,3PT Field Goal,Above the Break 3,-199.9,134.6,0,6.37,13.0
22300079,B. Osei,Phoenix Suns,2,4,0,3.5,2PT Field Goal,Restricted Area,11.4,33.1,1,6.37,7.1
22300842,J. Carter,Denver Nuggets,4,5,50,24.8,3PT Field Goal,Above the Break 3,5.1,247.7,1,3.49,10.3
22300986,R. Delgado,Golden State Warriors,4,10,31,22.5,3PT Field Goal,Above the Break 3,174.5,142.0,1,6.98,14.1
22300187,A. Kowalski,Milwaukee Bucks,3,10,38,0.2,2PT Field Goal,Restricted Area,-1.6,1.2,1,4.2,21.7
22300650,T. Nwosu,Miami Heat,1,6,39,18.7,2PT Field Goal,Mid-Range,70.1,173.8,1,4.14,7.5
22300098,L. Fitzgerald,Los Angeles Lakers,2,7,32,2.6,2PT Field Goal,Restricted Area,15.8,20.8,1,6.0,21.9
22300715,T. Nwosu,Golden State Warriors,4,1,18,0.2,2PT Field Goal,Restricted Area,0.0,2.0,1,2.55,23.6
22300870,R. Delgado,Golden State Warriors,4,7,12,1.9,2PT Field Goal,Restricted Area,12.6,14.6,0,0.65,20.7
22300261,M. Okafor,Denver Nuggets,3,8,11,13.1,2PT Field Goal,In The Paint (Non-RA),103.9,79.4,0,3.9,7.8
22300458,A. Kowalski,Boston Celtics,1,1,20,24.9,3PT Field Goal,Above the Break 3,132.0,210.9,1,6.28,14.5
22300878,L. Fitzgerald,Miami Heat,3,11,27,22.6,3PT Field Goal,Above the Break 3,-149.1,170.3,1,3.56,14.4
22300362,M. Okafor,Los Angeles Lakers,1,6,3,1.7,2PT Field Goal,Restricted Area,-13.5,10.9,1,6.28,17.4
22300603,A. Kowalski,Miami Heat,2,9,54,1.4,2PT Field Goal,Restricted Area,1.6,14.4,1,7.05,15.2
22300643,B. Osei,Golden State Warriors,3,11,7,27.5,3PT Field Goal,Above the Break 3,250.7,114.2,0,3.46,5.5
22300569,B. Osei,Phoenix Suns,1,10,30,21.6,2PT Field Goal,Mid-Range,191.0,101.3,1,4.27,7.5
22300696,A. Kowalski,Denver Nuggets,4,5,10,19.6,2PT Field Goal,Mid-Range,-19.8,195.5,0,3.94,4.8
22300659,R. Delgado,Phoenix Suns,2,11,46,0.2,2PT Field Goal,Restricted Area,0.6,1.9,1,5.77,10.7
22300419,D. Reyes,Miami Heat,3,3,11,26.1,3PT Field Goal,Above the Break 3,-112.7,235.2,0,5.39,19.2
22300903,S. Whitfield,Los Angeles Lakers,3,10,33,15.9,2PT Field Goal,Mid-Range,50.7,150.3,1,4.7,17.2
22300249,D. Reyes,Miami Heat,1,7,59,20.3,2PT Field Goal,Mid-Range,-185.1,84.3,0,7.43,2.5
22300868,J. Carter,Denver Nuggets,1,7,10,1.8,2PT Field Goal,Restricted Area,14.9,10.8,0,5.18,6.5
22300491,S. Whitfield,Denver Nuggets,4,4,38,23.0,3PT Field Goal,Above the Break 3,189.5,130.5,0,4.93,16.7
22300401,K. Albrecht,Miami Heat,4,5,25,1.9,2PT Field Goal,Restricted Area,8.1,17.4,0,2.58,12.3
22300470,M. Okafor,Denver Nuggets,2,9,32,0.9,2PT Field Goal,Restricted Area,-6.8,5.9,1,4.45,14.4
22300230,J. Carter,Los Angeles Lakers,4,8,10,21.1,2PT Field Goal,Mid-Range,-104.8,183.0,0,7.37,15.9
22300436,B. Osei,Phoenix Suns,1,10,7,26.5,3PT Field Goal,Above the Break 3,202.5,171.6,0,5.91,16.5
22300661,R. Delgado,Denver Nuggets,4,10,44,1.9,2PT Field Goal,Restricted Area,-8.5,16.8,1,4.55,5.7
22300062,L. Fitzgerald,Golden State Warriors,3,4,12,3.1,2PT Field Goal,Restricted Area,20.1,24.2,0,4.07,17.1
22300402,J. Carter,Milwaukee Bucks,4,4,51,1.1,2PT Field Goal,Restricted Area,8.4,7.3,1,2.15,5.4
22300252,L. Fitzgerald,Golden State Warriors,3,6,36,19.9,2PT Field Goal,Mid-Range,95.6,174.5,0,2.62,9.4
22300140,S. Whitfield,Golden State Warriors,1,8,6,22.5,3PT Field Goal,Above the Break 3,-102.7,200.2,0,6.66,6.7
22300205,J. Carter,New York Knicks,1,10,39,2.3,2PT Field Goal,Restricted Area,6.5,21.8,1,4.36,4.4
22300211,S. Whitfield,Boston Celtics,2,8,29,19.8,2PT Field Goal,Mid-Range,148.6,131.0,1,4.5,7.0
22300340,A. Kowalski,Phoenix Suns,3,4,3,19.4,2PT Field Goal,Mid-Range,96.2,168.7,0,7.22,1.6
22300192,B. Osei,Golden State Warriors,2,3,28,0.6,2PT Field Goal,Restricted Area,4.1,4.4,1,3.34,22.4
22300072,B. Osei,Los Angeles Lakers,1,8,30,18.5,2PT Field Goal,Mid-Range,143.9,116.7,0,3.2,9.2
22300092,M. Okafor,Milwaukee Bucks,2,7,29,2.4,2PT Field Goal,Restricted Area,1.8,24.1,1,7.58,22.9
22300359,S. Whitfield,Golden State Warriors,1,6,52,2.7,2PT Field Goal,Restricted Area,10.9,25.0,1,5.75,5.3
22300272,K. Albrecht,Boston Celtics,3,10,22,25.8,3PT Field Goal,Above the Break 3,40.4,254.7,0,0.67,9.4
22300136,K. Albrecht,New York Knicks,4,6,41,4.0,2PT Field Goal,In The Paint (Non-RA),36.4,16.6,1,4.27,22.5
22300276,J. Carter,Los Angeles Lakers,1,1,17,3.0,2PT Field Goal,Restricted Area,-25.0,17.3,0,2.51,6.3
22300514,J. Carter,Phoenix Suns,1,4,30,17.2,2PT Field Goal,Mid-Range,-154.7,74.2,0,3.14,10.0
22300033,T. Nwosu,Milwaukee Bucks,3,1,35,4.3,2PT Field Goal,In The Paint (Non-RA),27.7,32.6,0,3.77,12.7
22300674,D. Reyes,Golden State Warriors,4,4,0,2.5,2PT Field Goal,Restricted Area,15.0,19.8,0,0.55,3.9
22300538,K. Albrecht,Miami Heat,1,4,45,26.4,3PT Field Goal,Above the Break 3,70.6,254.1,0,2.65,16.5
22300043,R. Delgado,Los Angeles Lakers,3,11,54,3.6,2PT Field Goal,Restricted Area,-33.4,14.5,0,8.49,11.7
22300655,L. Fitzgerald,Boston Celtics,1,2,26,5.9,2PT Field Goal,In The Paint (Non-RA),-26.5,53.2,0,3.84,12.2
22300373,L. Fitzgerald,Los Angeles Lakers,2,2,50,25.6,3PT Field Goal,Above the Break 3,186.4,176.0,0,3.22,19.4
22300036,D. Reyes,Golden State Warriors,3,11,21,23.5,3PT Field Goal,Above the Break 3,-173.2,158.6,0,6.52,1.7
22300366,K. Albrecht,Miami Heat,2,11,53,25.3,3PT Field Goal,Above the Break 3,-228.6,108.7,1,1.18,22.7
22300316,M. Okafor,Denver Nuggets,1,2,13,9.3,2PT Field Goal,In The Paint (Non-RA),84.1,39.0,0,3.79,8.6
22300588,L. Fitzgerald,New York Knicks,3,7,0,25.2,3PT Field Goal,Above the Break 3,26.6,250.4,1,7.28,19.6
22300177,L. Fitzgerald,Denver Nuggets,2,0,18,25.6,3PT Field Goal,Above the Break 3,-202.0,157.5,1,4.33,16.2
22300119,D. Reyes,Milwaukee Bucks,3,11,21,0.8,2PT Field Goal,Restricted Area,-2.4,7.5,1,5.1,18.2
22300372,K. Albrecht,Los Angeles Lakers,4,1,13,28.2,3PT Field Goal,Above the Break 3,208.0,190.1,0,3.82,15.5
22300354,S. Whitfield,Phoenix Suns,1,9,39,3.2,2PT Field Goal,Restricted Area,23.7,22.1,0,5.12,18.4
22300697,M. Okafor,Milwaukee Bucks,4,5,49,19.7,2PT Field Goal,Mid-Range,-107.4,165.7,0,5.93,17.8
22300711,M. Okafor,Los Angeles Lakers,1,8,5,1.3,2PT Field Goal,Restricted Area,7.9,10.6,1,3.94,5.1
22300547,A. Kowalski,Boston Celtics,3,3,15,1.2,2PT Field Goal,Restricted Area,-4.6,11.5,0,4.57,20.7
22300900,M. Okafor,Denver Nuggets,3,0,30,3.3,2PT Field Goal,Restricted Area,-22.2,24.0,1,4.9,3.6
22300706,R. Delgado,Phoenix Suns,2,8,35,28.6,3PT Field Goal,Above the Break 3,50.2,281.1,0,0.3,3.7
22300937,M. Okafor,New York Knicks,3,3,9,2.2,2PT Field Goal,Restricted Area,-6.6,21.5,1,6.42,4.9
22300340,T. Nwosu,Golden State Warriors,1,0,40,28.4,3PT Field Goal,Above the Break 3,172.7,224.9,1,8.5,11.2
22300032,L. Fitzgerald,Phoenix Suns,1,11,37,3.5,2PT Field Goal,Restricted Area,28.3,21.3,1,6.21,22.3
22300304,S. Whitfield,Miami Heat,4,10,45,0.3,2PT Field Goal,Restricted Area,2.3,1.1,1,4.88,2.9
22300891,K. Albrecht,Denver Nuggets,2,7,4,2.3,2PT Field Goal,Restricted Area,13.0,18.9,1,3.49,23.6
22300121,L. Fitzgerald,Los Angeles Lakers,4,3,39,24.4,3PT Field Goal,Above the Break 3,-80.9,229.9,0,5.17,2.8
22300445,S. Whitfield,Denver Nuggets,4,6,47,1.3,2PT Field Goal,Restricted Area,-4.8,12.6,1,8.83,11.7
22300550,D. Reyes,Miami Heat,4,10,5,24.2,3PT Field Goal,Above the Break 3,-163.0,178.4,0,7.75,8.4
22300534,J. Carter,Miami Heat,4,3,9,1.7,2PT Field Goal,Restricted Area,-1.3,16.5,1,2.76,16.6
22300699,S. Whitfield,Los Angeles Lakers,1,10,43,25.5,3PT Field Goal,Above the Break 3,139.7,213.9,1,7.84,14.1
22300899,K. Albrecht,Miami Heat,2,4,56,26.3,3PT Field Goal,Above the Break 3,-231.0,125.5,0,2.76,6.0
22300753,L. Fitzgerald,Denver Nuggets,3,9,8,0.2,2PT Field Goal,Restricted Area,-1.6,1.2,0,2.88,12.6
22300113,A. Kowalski,Phoenix Suns,4,8,57,4.7,2PT Field Goal,In The Paint (Non-RA),20.9,42.5,0,4.03,10.8
22300676,D. Reyes,Denver Nuggets,2,0,43,3.1,2PT Field Goal,Restricted Area,-16.9,25.8,1,5.79,6.1
22300269,B. Osei,Los Angeles Lakers,1,2,41,7.0,2PT Field Goal,In The Paint (Non-RA),8.3,69.2,0,3.85,5.3
22300325,M. Okafor,Los Angeles Lakers,2,7,2,2.2,2PT Field Goal,Restricted Area,1.4,22.2,1,6.64,4.7
22300729,D. Reyes,Denver Nuggets,2,6,49,17.4,2PT Field Goal,Mid-Range,-123.2,122.4,1,5.07,1.0
22300450,R. Delgado,Golden State Warriors,2,1,58,15.4,2PT Field Goal,Mid-Range,121.0,95.5,1,7.96,2.9
22300799,A. Kowalski,New York Knicks,4,1,27,0.8,2PT Field Goal,Restricted Area,-0.7,8.0,1,1.21,2.3
22300640,D. Reyes,Milwaukee Bucks,1,4,41,0.4,2PT Field Goal,Restricted Area,-3.4,1.7,1,4.63,7.1
22300816,A. Kowalski,Denver Nuggets,2,6,12,22.5,3PT Field Goal,Above the Break 3,175.7,140.5,0,5.89,2.6
22300728,D. Reyes,Milwaukee Bucks,3,10,34,0.9,2PT Field Goal,Restricted Area,4.9,8.1,0,7.89,16.1
22300924,A. Kowalski,Golden State Warriors,4,0,25,3.6,2PT Field Goal,Restricted Area,-25.9,25.4,1,0.3,17.3
22300831,T. Nwosu,Golden State Warriors,2,4,15,1.9,2PT Field Goal,Restricted Area,12.1,14.1,1,3.84,23.7
22300530,T. Nwosu,Los Angeles Lakers,1,0,5,11.5,2PT Field Goal,In The Paint (Non-RA),-90.6,71.1,1,0.3,21.1
22300979,J. Carter,Milwaukee Bucks,2,8,16,6.1,2PT Field Goal,In The Paint (Non-RA),-2.3,61.4,1,5.37,16.8
22300138,B. Osei,Denver Nuggets,1,2,32,21.2,2PT Field Goal,Mid-Range,82.4,195.0,0,3.11,23.0
22300459,L. Fitzgerald,Milwaukee Bucks,3,5,0,1.6,2PT Field Goal,Restricted Area,14.6,6.2,0,5.13,20.8
22300606,M. Okafor,Golden State Warriors,2,6,43,2.6,2PT Field Goal,Restricted Area,22.5,12.3,0,6.69,21.2
22300921,K. Albrecht,Denver Nuggets,2,6,4,24.4,3PT Field Goal,Above the Break 3,193.3,148.9,0,6.37,0.6
22300383,M. Okafor,Los Angeles Lakers,1,9,22,2.0,2PT Field Goal,Restricted Area,17.0,10.4,1,3.92,19.3
22300193,D. Reyes,Golden State Warriors,3,2,36,2.3,2PT Field Goal,Restricted Area,-17.8,13.8,0,5.8,8.8
22300066,K. Albrecht,Denver Nuggets,2,2,37,7.0,2PT Field Goal,In The Paint (Non-RA),-61.8,33.8,1,11.47,7.5
22300200,L. Fitzgerald,Phoenix Suns,4,7,1,2.9,2PT Field Goal,Restricted Area,-22.8,17.3,0,3.29,21.3
22300025,A. Kowalski,Milwaukee Bucks,2,3,8,28.7,3PT Field Goal,Above the Break 3,120.1,261.0,0,5.7,16.3
22300270,D. Reyes,Denver Nuggets,2,7,20,2.4,2PT Field Goal,Restricted Area,-20.9,11.1,1,3.28,17.5
22300345,T. Nwosu,Boston Celtics,1,4,20,3.0,2PT Field Goal,Restricted Area,-19.6,22.9,1,6.32,22.3
22300614,L. Fitzgerald,Boston Celtics,2,2,55,6.8,2PT Field Goal,In The Paint (Non-RA),-59.8,32.9,0,2.58,10.1
22300026,L. Fitzgerald,Denver Nuggets,1,3,40,0.6,2PT Field Goal,Restricted Area,1.7,5.5,1,5.78,18.8
22300308,R. Delgado,Miami Heat,3,8,26,23.3,3PT Field Goal,Above the Break 3,94.2,212.8,1,1.03,1.8
22300947,J. Carter,Phoenix Suns,2,11,19,2.1,2PT Field Goal,Restricted Area,-12.3,16.5,1,4.85,1.3
22300527,K. Albrecht,Golden State Warriors,2,11,53,6.1,2PT Field Goal,In The Paint (Non-RA),-33.9,50.2,1,10.16,5.2
22300499,K. Albrecht,New York Knicks,2,5,45,12.1,2PT Field Goal,In The Paint (Non-RA),109.0,51.6,0,1.81,6.8
22300495,J. Carter,Miami Heat,3,8,51,24.2,3PT Field Goal,Above the Break 3,-38.5,238.7,0,3.08,0.1
22300348,R. Delgado,Milwaukee Bucks,2,8,35,1.6,2PT Field Goal,Restricted Area,-8.1,13.3,0,6.52,21.4
22300260,S. Whitfield,Milwaukee Bucks,4,11,41,24.2,3PT Field Goal,Above the Break 3,97.2,222.0,1,1.91,13.8
22300963,J. Carter,New York Knicks,4,6,50,26.4,3PT Field Goal,Above the Break 3,131.4,228.8,0,0.3,12.2
22300284,M. Okafor,Los Angeles Lakers,1,11,32,2.1,2PT Field Goal,Restricted Area,1.1,21.1,0,0.64,3.7
22300825,L. Fitzgerald,Golden State Warriors,2,1,45,1.9,2PT Field Goal,Restricted Area,-16.1,10.8,1,4.87,19.6
22300345,A. Kowalski,Phoenix Suns,2,5,40,25.4,3PT Field Goal,Above the Break 3,-137.0,213.8,0,6.93,17.0
22300918,A. Kowalski,Phoenix Suns,4,3,39,1.2,2PT Field Goal,Restricted Area,8.1,9.3,1,4.63,10.0
22300005,A. Kowalski,Los Angeles Lakers,4,6,59,1.6,2PT Field Goal,Restricted Area,-7.9,13.6,1,4.57,3.4
22300475,A. Kowalski,New York Knicks,4,1,40,3.1,2PT Field Goal,Restricted Area,-22.4,21.5,1,6.89,23.4
22300196,B. Osei,Los Angeles Lakers,4,7,7,21.3,2PT Field Goal,Mid-Range,-106.8,184.6,0,4.34,21.5
22300295,B. Osei,Denver Nuggets,2,11,39,24.9,3PT Field Goal,Above the Break 3,138.8,207.0,0,7.49,2.7
22300690,M. Okafor,New York Knicks,2,6,55,22.8,3PT Field Goal,Above the Break 3,188.2,128.2,1,7.82,9.8
22300868,K. Albrecht,Denver Nuggets,2,5,26,15.0,2PT Field Goal,Mid-Range,116.5,94.6,1,3.7,12.1
22300275,T. Nwosu,Miami Heat,1,9,31,13.5,2PT Field Goal,In The Paint (Non-RA),107.7,81.3,1,7.34,15.1
22300330,M. Okafor,Golden State Warriors,1,2,16,26.6,3PT Field Goal,Above the Break 3,214.5,157.4,0,6.04,16.6
22300755,K. Albrecht,Miami Heat,3,3,4,20.4,2PT Field Goal,Mid-Range,183.3,90.4,0,4.14,17.5
22300644,R. Delgado,Phoenix Suns,1,11,38,25.5,3PT Field Goal,Above the Break 3,187.9,172.6,0,4.38,8.4
22300939,M. Okafor,Milwaukee Bucks,2,9,1,19.0,2PT Field Goal,Mid-Range,56.1,181.2,1,6.89,10.4
22300585,L. Fitzgerald,Boston Celtics,4,6,52,16.6,2PT Field Goal,Mid-Range,-76.2,148.0,0,1.6,3.0
22300448,K. Albrecht,Los Angeles Lakers,2,6,27,24.3,3PT Field Goal,Above the Break 3,224.9,92.1,0,0.78,12.3
22300781,T. Nwosu,Los Angeles Lakers,1,9,22,1.3,2PT Field Goal,Restricted Area,-8.2,10.5,0,7.09,19.5
22300960,M. Okafor,Los Angeles Lakers,2,5,31,0.5,2PT Field Goal,Restricted Area,-2.2,4.7,1,8.9,3.8
22300333,K. Albrecht,Milwaukee Bucks,1,11,55,2.7,2PT Field Goal,Restricted Area,15.8,21.7,1,5.06,11.1
22300518,L. Fitzgerald,Denver Nuggets,3,1,5,25.5,3PT Field Goal,Above the Break 3,-36.5,252.9,0,6.79,2.5
22300385,D. Reyes,Miami Heat,3,5,19,26.9,3PT Field Goal,Above the Break 3,-238.4,125.2,1,0.68,5.0
22300642,M. Okafor,Boston Celtics,4,4,12,16.6,2PT Field Goal,Mid-Range,19.4,165.2,0,1.38,15.5
22300611,K. Albrecht,Boston Celtics,4,7,38,3.1,2PT Field Goal,Restricted Area,24.5,19.5,1,3.16,1.8
22300581,T. Nwosu,Miami Heat,3,6,1,1.7,2PT Field Goal,Restricted Area,0.9,16.7,0,3.59,14.7
22300238,M. Okafor,Miami Heat,3,2,18,9.9,2PT Field Goal,In The Paint (Non-RA),58.7,79.8,0,4.77,7.3
22300825,J. Carter,Boston Celtics,2,10,59,6.5,2PT Field Goal,In The Paint (Non-RA),-42.9,49.4,1,3.31,7.4
22300071,S. Whitfield,Boston Celtics,2,11,52,2.1,2PT Field Goal,Restricted Area,13.3,16.8,1,4.24,18.9
22300049,B. Osei,Golden State Warriors,2,10,38,1.0,2PT Field Goal,Restricted Area,-3.9,9.2,1,3.96,12.4
22300905,A. Kowalski,Milwaukee Bucks,3,1,35,15.2,2PT Field Goal,Mid-Range,-50.5,143.0,0,5.81,13.6
22300995,T. Nwosu,Phoenix Suns,3,3,25,22.8,3PT Field Goal,Above the Break 3,123.1,192.5,0,6.86,20.6
22300521,B. Osei,Phoenix Suns,3,6,16,1.8,2PT Field Goal,Restricted Area,2.5,17.3,1,6.42,18.1
22300339,J. Carter,Boston Celtics,2,10,14,3.3,2PT Field Goal,Restricted Area,-5.3,32.5,0,7.61,0.5
22300572,L. Fitzgerald,Milwaukee Bucks,3,0,3,2.9,2PT Field Goal,Restricted Area,-9.9,27.6,0,3.96,12.3
22300171,T. Nwosu,Miami Heat,2,8,42,17.6,2PT Field Goal,Mid-Range,-76.2,158.3,0,3.35,8.5
22300526,A. Kowalski,Milwaukee Bucks,3,4,8,15.7,2PT Field Goal,Mid-Range,122.7,97.9,1,0.3,12.6
22300487,B. Osei,Milwaukee Bucks,3,3,40,6.4,2PT Field Goal,In The Paint (Non-RA),11.9,63.2,0,0.54,3.8
22300665,M. Okafor,Phoenix Suns,3,1,57,22.7,3PT Field Goal,Above the Break 3,135.9,181.9,0,6.23,9.5
22300007,A. Kowalski,Boston Celtics,1,0,12,10.9,2PT Field Goal,In The Paint (Non-RA),96.1,51.4,1,5.48,3.3
22300390,K. Albrecht,Boston Celtics,4,7,54,2.2,2PT Field Goal,Restricted Area,-2.4,21.5,1,4.47,20.8
22300562,B. Osei,Miami Heat,4,9,6,23.7,3PT Field Goal,Above the Break 3,115.9,206.3,0,3.65,10.3
22300703,T. Nwosu,Los Angeles Lakers,1,11,37,23.9,3PT Field Goal,Above the Break 3,-203.3,126.2,0,1.53,16.4
22300993,M. Okafor,Golden State Warriors,2,9,48,22.5,3PT Field Goal,Above the Break 3,-1.7,225.0,1,0.3,11.4
22300499,B. Osei,Los Angeles Lakers,3,1,43,1.7,2PT Field Goal,Restricted Area,6.9,15.2,1,3.01,17.7
22300350,S. Whitfield,New York Knicks,4,7,25,0.2,2PT Field Goal,Restricted Area,1.2,1.6,1,3.77,6.9
22300142,R. Delgado,Golden State Warriors,3,1,21,11.2,2PT Field Goal,In The Paint (Non-RA),31.1,107.5,0,0.3,19.5
22300219,B. Osei,Golden State Warriors,1,6,4,24.4,3PT Field Goal,Above the Break 3,-14.6,243.7,1,7.39,7.0
22300816,R. Delgado,Milwaukee Bucks,3,5,36,19.4,2PT Field Goal,Mid-Range,165.4,100.9,0,2.79,12.0
22300412,A. Kowalski,Boston Celtics,1,1,12,21.6,2PT Field Goal,Mid-Range,-149.4,155.5,0,5.35,12.3
22300220,B. Osei,Denver Nuggets,3,1,58,2.4,2PT Field Goal,Restricted Area,10.2,21.3,1,7.35,5.3
22300136,A. Kowalski,Golden State Warriors,1,8,59,27.5,3PT Field Goal,Above the Break 3,-70.2,266.0,1,7.81,11.4
22300724,S. Whitfield,Golden State Warriors,2,4,37,2.5,2PT Field Goal,Restricted Area,-23.2,10.3,0,3.64,0.9
22300419,D. Reyes,Boston Celtics,1,4,12,16.4,2PT Field Goal,Mid-Range,151.4,62.6,1,6.58,16.5
22300033,J. Carter,Los Angeles Lakers,1,6,56,16.1,2PT Field Goal,Mid-Range,96.6,128.4,1,6.44,16.0
22300354,B. Osei,Los Angeles Lakers,1,2,55,24.9,3PT Field Goal,Above the Break 3,183.6,168.4,0,4.48,0.6
22300532,J. Carter,Los Angeles Lakers,4,6,19,27.3,3PT Field Goal,Above the Break 3,-218.0,164.9,1,5.09,8.5
22300317,T. Nwosu,Denver Nuggets,1,8,17,12.2,2PT Field Goal,In The Paint (Non-RA),84.2,87.8,0,2.31,7.7
22300291,R. Delgado,New York Knicks,1,2,4,3.2,2PT Field Goal,Restricted Area,-4.2,32.1,0,4.94,1.1
22300048,R. Delgado,Phoenix Suns,2,7,23,22.5,3PT Field Goal,Above the Break 3,-111.3,195.5,1,2.82,17.5
22300470,A. Kowalski,New York Knicks,1,5,48,18.2,2PT Field Goal,Mid-Range,24.1,180.1,1,3.83,2.2
22300370,R. Delgado,Boston Celtics,4,5,30,4.0,2PT Field Goal,In The Paint (Non-RA),29.5,27.0,0,4.58,12.1
22300423,K. Albrecht,New York Knicks,1,9,28,2.4,2PT Field Goal,Restricted Area,21.2,12.1,1,6.52,23.0
22300975,T. Nwosu,Denver Nuggets,2,5,19,25.3,3PT Field Goal,Above the Break 3,3.9,252.9,0,3.79,13.9
22300426,R. Delgado,New York Knicks,2,10,55,28.0,3PT Field Goal,Above the Break 3,158.4,230.9,0,3.72,16.2
22300466,T. Nwosu,Denver Nuggets,2,9,48,14.9,2PT Field Goal,Mid-Range,106.2,104.9,1,3.37,11.3
22300947,S. Whitfield,Boston Celtics,2,11,50,5.4,2PT Field Goal,In The Paint (Non-RA),18.1,50.5,1,10.66,19.5
22300506,K. Albrecht,New York Knicks,1,7,45,15.1,2PT Field Goal,Mid-Range,138.6,60.9,0,3.37,17.0
22300358,R. Delgado,Phoenix Suns,1,3,46,28.3,3PT Field Goal,Above the Break 3,-27.6,282.0,0,5.42,6.5
22300369,M. Okafor,Los Angeles Lakers,4,11,27,15.4,2PT Field Goal,Mid-Range,-125.0,90.3,0,0.86,10.7
22300790,J. Carter,Golden State Warriors,2,1,2,24.6,3PT Field Goal,Above the Break 3,-31.4,244.0,0,4.45,14.9
22300559,S. Whitfield,Miami Heat,3,6,55,24.0,3PT Field Goal,Above the Break 3,14.5,239.7,0,1.56,2.6
22300887,D. Reyes,Miami Heat,2,6,22,26.2,3PT Field Goal,Above the Break 3,150.9,214.1,0,3.03,8.8
22300753,R. Delgado,Denver Nuggets,3,10,46,6.0,2PT Field Goal,In The Paint (Non-RA),42.4,42.3,1,6.06,21.5
22300556,A. Kowalski,Phoenix Suns,1,11,53,3.1,2PT Field Goal,Restricted Area,-27.5,14.7,0,8.32,21.2
22300362,D. Reyes,Los Angeles Lakers,2,2,32,20.6,2PT Field Goal,Mid-Range,-120.4,167.5,1,4.73,7.1
22300246,T. Nwosu,Golden State Warriors,3,3,34,23.3,3PT Field Goal,Above the Break 3,-169.9,159.5,0,5.74,22.1
22300982,T. Nwosu,Milwaukee Bucks,1,7,30,24.8,3PT Field Goal,Above the Break 3,204.9,140.6,0,4.75,16.0
22300732,T. Nwosu,Boston Celtics,3,9,11,0.7,2PT Field Goal,Restricted Area,-5.6,4.0,1,3.31,19.7
22300009,L. Fitzgerald,Los Angeles Lakers,1,10,12,3.4,2PT Field Goal,Restricted Area,26.2,21.9,1,4.53,10.9
22300781,K. Albrecht,Phoenix Suns,1,5,39,18.0,2PT Field Goal,Mid-Range,-120.3,134.2,1,6.59,22.7
22300482,A. Kowalski,Miami Heat,3,8,12,22.5,3PT Field Goal,Above the Break 3,172.2,144.8,0,4.81,12.4
22300383,R. Delgado,Milwaukee Bucks,3,11,41,3.0,2PT Field Goal,Restricted Area,0.6,30.2,1,3.45,7.2
22300442,A. Kowalski,Phoenix Suns,4,10,40,20.3,2PT Field Goal,Mid-Range,133.4,153.0,1,3.24,10.2
22300733,R. Delgado,Denver Nuggets,1,7,49,3.6,2PT Field Goal,Restricted Area,31.7,17.2,1,5.45,8.7
22300187,K. Albrecht,New York Knicks,3,7,20,25.6,3PT Field Goal,Above the Break 3,234.8,103.2,1,3.58,12.1
22300744,K. Albrecht,Milwaukee Bucks,4,8,18,2.8,2PT Field Goal,Restricted Area,-23.4,15.3,1,6.48,22.9
22300224,M. Okafor,Denver Nuggets,3,6,49,2.5,2PT Field Goal,Restricted Area,20.0,15.6,1,1.08,3.9
22300854,R. Delgado,Phoenix Suns,3,11,55,25.5,3PT Field Goal,Above the Break 3,140.1,213.2,0,6.1,11.4
22300991,B. Osei,Golden State Warriors,2,7,16,3.7,2PT Field Goal,Restricted Area,-12.6,35.2,0,2.45,22.6
22300832,M. Okafor,Boston Celtics,4,7,8,7.4,2PT Field Goal,In The Paint (Non-RA),-47.3,57.0,1,4.16,22.5
22300795,L. Fitzgerald,Denver Nuggets,4,0,40,1.2,2PT Field Goal,Restricted Area,4.3,11.4,1,9.24,0.2
22300001,M. Okafor,Boston Celtics,1,10,55,2.8,2PT Field Goal,Restricted Area,12.4,24.6,0,6.75,19.5
22300482,D. Reyes,Boston Celtics,2,0,19,3.3,2PT Field Goal,Restricted Area,-24.9,21.3,1,3.15,2.8
22300333,T. Nwosu,Miami Heat,1,4,57,1.1,2PT Field Goal,Restricted Area,5.6,9.3,0,3.45,4.8
22300660,K. Albrecht,Boston Celtics,2,3,50,20.7,2PT Field Goal,Mid-Range,25.7,205.0,0,6.42,0.4
22300245,T. Nwosu,Milwaukee Bucks,2,2,58,0.7,2PT Field Goal,Restricted Area,2.7,5.9,0,6.52,6.2
22300682,A. Kowalski,Los Angeles Lakers,3,11,20,16.4,2PT Field Goal,Mid-Range,116.1,116.0,0,4.28,17.3
22300111,K. Albrecht,New York Knicks,2,8,0,28.4,3PT Field Goal,Above the Break 3,-25.7,283.2,1,6.08,18.2
22300688,R. Delgado,Golden State Warriors,3,10,14,15.4,2PT Field Goal,Mid-Range,130.3,82.1,0,3.38,16.3
22300296,T. Nwosu,Denver Nuggets,3,1,47,2.5,2PT Field Goal,Restricted Area,4.3,24.8,1,0.3,14.3
22300341,A. Kowalski,Los Angeles Lakers,3,1,34,26.1,3PT Field Goal,Above the Break 3,-135.8,223.4,1,6.88,13.4
22300144,S. Whitfield,Phoenix Suns,2,2,19,2.2,2PT Field Goal,Restricted Area,-6.5,20.5,0,3.21,1.0
22300737,B. Osei,Phoenix Suns,3,6,46,2.7,2PT Field Goal,Restricted Area,-12.7,24.1,1,5.73,2.5
22300024,D. Reyes,Boston Celtics,2,9,23,14.5,2PT Field Goal,Mid-Range,125.6,72.1,1,3.94,3.5
22300979,R. Delgado,Phoenix Suns,4,6,15,19.9,2PT Field Goal,Mid-Range,71.8,185.3,1,3.68,23.2
22300454,J. Carter,Milwaukee Bucks,3,9,46,2.8,2PT Field Goal,Restricted Area,2.6,27.5,0,2.28,9.1
22300972,L. Fitzgerald,Milwaukee Bucks,3,7,13,8.3,2PT Field Goal,In The Paint (Non-RA),69.1,45.7,0,6.11,16.9
22300187,T. Nwosu,Phoenix Suns,1,7,36,18.3,2PT Field Goal,Mid-Range,45.2,177.4,1,6.29,21.2
22300873,L. Fitzgerald,Boston Celtics,3,1,40,12.1,2PT Field Goal,In The Paint (Non-RA),2.6,121.3,0,7.27,11.6
22300558,B. Osei,Phoenix Suns,4,3,9,1.1,2PT Field Goal,Restricted Area,-1.4,11.0,0,5.98,12.1
22300481,T. Nwosu,Milwaukee Bucks,4,0,40,4.9,2PT Field Goal,In The Paint (Non-RA),37.3,31.3,1,5.35,7.8
22300879,K. Albrecht,Denver Nuggets,2,11,54,7.0,2PT Field Goal,In The Paint (Non-RA),2.9,69.8,0,3.14,19.1
22300151,K. Albrecht,Milwaukee Bucks,3,11,6,2.4,2PT Field Goal,Restricted Area,-7.4,22.9,0,4.45,12.8
22300386,L. Fitzgerald,Los Angeles Lakers,3,10,9,20.8,2PT Field Goal,Mid-Range,-135.4,158.1,1,5.35,2.3
22300821,B. Osei,New York Knicks,2,0,29,5.2,2PT Field Goal,In The Paint (Non-RA),-24.2,45.5,1,0.3,2.0
22300909,A. Kowalski,Golden State Warriors,4,7,54,12.0,2PT Field Goal,In The Paint (Non-RA),73.8,95.2,1,1.65,11.9
22300416,M. Okafor,Milwaukee Bucks,2,5,42,24.3,3PT Field Goal,Above the Break 3,-155.5,186.9,1,3.93,15.5
22300422,B. Osei,Boston Celtics,2,8,56,25.3,3PT Field Goal,Above the Break 3,187.8,170.1,0,6.24,11.7
22300386,S. Whitfield,Boston Celtics,2,7,4,19.2,2PT Field Goal,Mid-Range,128.7,143.1,0,7.6,20.8
22300232,T. Nwosu,Golden State Warriors,3,7,7,3.3,2PT Field Goal,Restricted Area,-19.2,27.2,0,8.31,18.7
22300770,B. Osei,Phoenix Suns,4,7,15,23.2,3PT Field Goal,Above the Break 3,-183.7,141.4,1,2.58,19.3
22300025,R. Delgado,Miami Heat,3,4,13,1.6,2PT Field Goal,Restricted Area,11.6,10.9,1,4.5,0.4
22300613,B. Osei,Los Angeles Lakers,3,10,48,25.6,3PT Field Goal,Above the Break 3,50.2,250.6,0,3.14,22.5
22300066,K. Albrecht,Phoenix Suns,4,4,12,11.1,2PT Field Goal,In The Paint (Non-RA),81.3,75.7,1,2.45,23.3
22300210,A. Kowalski,Miami Heat,3,4,5,12.1,2PT Field Goal,In The Paint (Non-RA),104.6,60.3,1,3.52,17.5
22300391,M. Okafor,Boston Celtics,3,8,23,25.1,3PT Field Goal,Above the Break 3,-172.3,182.7,0,4.6,21.4
22300547,S. Whitfield,New York Knicks,1,11,42,15.4,2PT Field Goal,Mid-Range,54.2,143.7,1,6.22,12.1
22300683,R. Delgado,Denver Nuggets,4,10,45,26.3,3PT Field Goal,Above the Break 3,-144.8,219.1,0,0.89,17.3
22300341,L. Fitzgerald,Miami Heat,2,10,42,27.2,3PT Field Goal,Above the Break 3,-2.6,271.8,0,4.03,11.8
22300492,A. Kowalski,Boston Celtics,1,0,2,1.7,2PT Field Goal,Restricted Area,-13.1,10.4,1,2.02,1.6
22300382,T. Nwosu,Boston Celtics,3,3,45,7.2,2PT Field Goal,In The Paint (Non-RA),46.7,54.4,1,7.59,13.8
22300063,M. Okafor,Denver Nuggets,1,10,47,22.5,3PT Field Goal,Above the Break 3,-58.3,217.3,1,8.3,18.7
22300404,T. Nwosu,Boston Celtics,3,3,16,0.7,2PT Field Goal,Restricted Area,-5.1,4.6,0,3.23,9.1
22300524,M. Okafor,Phoenix Suns,1,3,4,17.9,2PT Field Goal,Mid-Range,-140.3,110.8,1,2.68,3.9
22300991,A. Kowalski,Phoenix Suns,2,4,0,26.1,3PT Field Goal,Above the Break 3,-51.1,255.9,0,5.76,21.0
22300951,J. Carter,Los Angeles Lakers,3,10,42,3.0,2PT Field Goal,Restricted Area,-13.2,26.6,0,6.55,23.3
22300715,R. Delgado,Miami Heat,3,1,32,4.0,2PT Field Goal,In The Paint (Non-RA),18.6,35.4,1,2.02,21.8
22300836,J. Carter,New York Knicks,4,2,54,0.4,2PT Field Goal,Restricted Area,-2.9,2.9,1,3.32,19.4
22300780,D. Reyes,Denver Nuggets,1,6,34,2.9,2PT Field Goal,Restricted Area,-12.9,26.0,1,4.94,6.9
22300715,T. Nwosu,Milwaukee Bucks,1,1,38,3.1,2PT Field Goal,Restricted Area,26.0,16.3,0,1.87,2.0
22300124,R. Delgado,Miami Heat,1,10,8,9.3,2PT Field Goal,In The Paint (Non-RA),-32.8,86.5,1,7.79,8.2
22300316,A. Kowalski,Golden State Warriors,2,7,17,26.8,3PT Field Goal,Above the Break 3,-207.5,170.0,1,4.41,5.6
22300687,S. Whitfield,Denver Nuggets,4,6,33,12.9,2PT Field Goal,In The Paint (Non-RA),-86.4,95.3,0,4.46,5.3
22300876,R. Delgado,Los Angeles Lakers,3,0,7,17.2,2PT Field Goal,Mid-Range,140.8,99.6,0,1.61,21.4
22300458,J. Carter,New York Knicks,1,7,40,1.4,2PT Field Goal,Restricted Area,-9.8,9.4,1,7.15,2.6
22300755,M. Okafor,Los Angeles Lakers,1,1,40,1.6,2PT Field Goal,Restricted Area,-10.1,12.2,0,1.18,2.9
22300079,B. Osei,Los Angeles Lakers,2,0,55,23.3,3PT Field Goal,Above the Break 3,44.2,229.2,0,2.62,8.4
22300647,K. Albrecht,New York Knicks,2,0,40,0.8,2PT Field Goal,Restricted Area,-2.5,7.5,1,2.91,2.6
22300624,T. Nwosu,Golden State Warriors,2,1,47,28.9,3PT Field Goal,Above the Break 3,-255.0,136.6,1,3.99,9.6
22300652,J. Carter,Miami Heat,2,10,48,1.1,2PT Field Goal,Restricted Area,-2.2,10.8,0,0.96,23.3
22300594,D. Reyes,New York Knicks,2,2,28,15.0,2PT Field Goal,Mid-Range,-93.8,116.5,1,2.49,1.8
22300806,D. Reyes,Miami Heat,3,8,39,15.1,2PT Field Goal,Mid-Range,-32.4,147.8,0,5.66,5.4
22300719,R. Delgado,Golden State Warriors,3,3,46,2.2,2PT Field Goal,Restricted Area,3.8,21.8,1,4.2,21.8
22300543,L. Fitzgerald,Phoenix Suns,2,0,52,2.8,2PT Field Goal,Restricted Area,-0.4,27.8,1,4.57,3.8
22300343,B. Osei,New York Knicks,2,8,11,4.2,2PT Field Goal,In The Paint (Non-RA),-32.7,26.4,1,6.56,21.1
22300352,S. Whitfield,New York Knicks,2,1,22,2.2,2PT Field Goal,Restricted Area,8.6,19.8,0,5.33,9.6
22300475,M. Okafor,Los Angeles Lakers,1,2,38,3.0,2PT Field Goal,Restricted Area,-19.2,23.3,0,6.63,18.8
22300804,S. Whitfield,Los Angeles Lakers,2,2,25,2.3,2PT Field Goal,Restricted Area,15.1,16.8,1,4.35,2.4
22300797,B. Osei,Miami Heat,4,11,13,0.7,2PT Field Goal,Restricted Area,0.0,6.5,1,2.22,17.1
22300125,S. Whitfield,Miami Heat,4,10,53,12.0,2PT Field Goal,In The Paint (Non-RA),-106.6,55.1,1,8.14,7.6
22300960,R. Delgado,Los Angeles Lakers,3,9,7,3.7,2PT Field Goal,Restricted Area,34.2,14.4,0,0.35,18.1
22300575,M. Okafor,Miami Heat,3,8,46,3.4,2PT Field Goal,Restricted Area,-19.4,28.0,0,1.1,0.4
22300543,A. Kowalski,New York Knicks,2,5,30,11.7,2PT Field Goal,In The Paint (Non-RA),-107.6,45.3,1,1.62,10.0
22300842,S. Whitfield,New York Knicks,3,0,56,19.6,2PT Field Goal,Mid-Range,144.4,133.2,0,9.77,11.2
22300398,M. Okafor,Milwaukee Bucks,2,11,17,1.2,2PT Field Goal,Restricted Area,-2.0,11.7,1,4.47,9.1
22300775,A. Kowalski,Los Angeles Lakers,4,10,50,24.2,3PT Field Goal,Above the Break 3,-72.8,230.8,1,6.79,23.8
22300829,R. Delgado,Miami Heat,2,9,23,8.3,2PT Field Goal,In The Paint (Non-RA),48.3,68.1,0,0.67,18.5
22300201,K. Albrecht,Los Angeles Lakers,4,0,1,29.0,3PT Field Goal,Above the Break 3,268.7,109.0,0,1.74,6.4
22300993,T. Nwosu,Golden State Warriors,1,1,28,4.0,2PT Field Goal,In The Paint (Non-RA),-30.1,26.3,1,5.02,16.2
22300411,B. Osei,Golden State Warriors,3,6,40,2.6,2PT Field Goal,Restricted Area,16.6,19.6,1,3.22,7.3
22300398,S. Whitfield,Phoenix Suns,3,0,11,2.2,2PT Field Goal,Restricted Area,19.8,9.0,1,4.56,20.7
22300626,D. Reyes,Milwaukee Bucks,3,10,11,26.9,3PT Field Goal,Above the Break 3,231.1,137.9,1,5.69,10.4
22300436,R. Delgado,Boston Celtics,2,9,21,11.7,2PT Field Goal,In The Paint (Non-RA),-52.3,105.2,0,4.51,10.1
22300081,J. Carter,Miami Heat,2,4,5,27.2,3PT Field Goal,Above the Break 3,-238.6,131.5,0,4.5,2.0
22300546,B. Osei,Golden State Warriors,3,2,49,19.3,2PT Field Goal,Mid-Range,3.1,192.9,0,4.78,8.6
22300356,L. Fitzgerald,Phoenix Suns,4,0,25,4.0,2PT Field Goal,In The Paint (Non-RA),11.2,38.4,1,3.82,5.3
22300747,L. Fitzgerald,New York Knicks,3,0,33,0.2,2PT Field Goal,Restricted Area,-1.2,1.6,1,5.02,17.5
22300670,J. Carter,Phoenix Suns,2,11,25,0.2,2PT Field Goal,Restricted Area,0.5,1.9,1,6.54,19.4
22300052,R. Delgado,New York Knicks,2,7,40,11.6,2PT Field Goal,In The Paint (Non-RA),-103.8,51.3,0,2.15,10.9
22300466,S. Whitfield,Milwaukee Bucks,3,7,55,26.0,3PT Field Goal,Above the Break 3,195.4,171.4,0,4.94,19.4
22300107,S. Whitfield,Los Angeles Lakers,2,7,1,2.9,2PT Field Goal,Restricted Area,-9.6,26.9,1,6.36,21.0
22300062,M. Okafor,Phoenix Suns,3,7,5,27.3,3PT Field Goal,Above the Break 3,-239.4,131.6,0,3.86,4.3
22300006,S. Whitfield,Los Angeles Lakers,2,1,5,5.8,2PT Field Goal,In The Paint (Non-RA),-30.1,49.5,1,4.09,17.7
22300835,S. Whitfield,Milwaukee Bucks,3,2,11,1.7,2PT Field Goal,Restricted Area,13.9,10.4,1,8.58,1.5
22300093,L. Fitzgerald,Golden State Warriors,2,4,18,17.4,2PT Field Goal,Mid-Range,-115.9,129.2,1,6.9,6.5
22300503,T. Nwosu,Boston Celtics,3,11,59,0.9,2PT Field Goal,Restricted Area,-5.0,7.7,0,9.61,2.9
22300225,B. Osei,Denver Nuggets,4,11,21,23.6,3PT Field Goal,Above the Break 3,-88.4,219.2,0,8.63,9.0
22300613,B. Osei,Golden State Warriors,4,4,28,13.7,2PT Field Goal,In The Paint (Non-RA),-21.1,135.2,0,3.54,0.9
22300126,D. Reyes,Miami Heat,3,2,7,13.4,2PT Field Goal,In The Paint (Non-RA),-90.7,98.7,1,2.71,6.5
22300169,L. Fitzgerald,Boston Celtics,2,7,5,3.8,2PT Field Goal,Restricted Area,-22.9,30.2,0,3.65,16.6
22300945,A. Kowalski,Denver Nuggets,3,7,44,2.6,2PT Field Goal,Restricted Area,16.7,19.9,0,6.33,21.6
22300183,B. Osei,Los Angeles Lakers,3,4,36,24.0,3PT Field Goal,Above the Break 3,56.7,233.7,0,0.3,8.5
22300655,S. Whitfield,Golden State Warriors,3,9,2,15.0,2PT Field Goal,Mid-Range,-94.2,116.7,0,4.43,23.2
22300066,B. Osei,Miami Heat,4,8,37,6.6,2PT Field Goal,In The Paint (Non-RA),59.6,27.5,0,7.12,17.7
22300642,D. Reyes,Phoenix Suns,2,6,4,22.5,3PT Field Goal,Above the Break 3,-82.8,209.2,0,4.43,20.6
22300066,K. Albrecht,New York Knicks,2,11,54,26.5,3PT Field Goal,Above the Break 3,29.5,263.1,0,5.08,6.7
22300359,S. Whitfield,New York Knicks,4,6,29,0.5,2PT Field Goal,Restricted Area,1.7,5.1,0,3.79,23.5
22300546,B. Osei,Phoenix Suns,4,2,44,24.2,3PT Field Goal,Above the Break 3,219.9,101.4,1,0.46,2.3
22300646,K. Albrecht,Phoenix Suns,2,1,53,1.3,2PT Field Goal,Restricted Area,5.6,11.2,0,6.52,17.9
22300909,S. Whitfield,Milwaukee Bucks,4,1,26,16.1,2PT Field Goal,Mid-Range,120.0,106.7,1,3.67,12.9
22300527,B. Osei,New York Knicks,3,6,34,3.0,2PT Field Goal,Restricted Area,-6.9,29.4,0,5.42,10.1
22300955,S. Whitfield,New York Knicks,4,7,59,4.0,2PT Field Goal,In The Paint (Non-RA),-18.0,35.7,1,4.38,22.3
22300954,D. Reyes,Boston Celtics,4,0,26,13.5,2PT Field Goal,In The Paint (Non-RA),78.4,110.5,1,8.84,6.2
22300943,T. Nwosu,Denver Nuggets,4,9,2,17.5,2PT Field Goal,Mid-Range,44.7,169.4,1,5.42,20.3
22300551,A. Kowalski,Los Angeles Lakers,4,4,56,9.5,2PT Field Goal,In The Paint (Non-RA),-13.0,93.7,0,5.33,17.2
22300181,L. Fitzgerald,Denver Nuggets,4,3,56,26.9,3PT Field Goal,Above the Break 3,-217.3,157.9,0,4.11,20.2
22300985,D. Reyes,Milwaukee Bucks,2,4,57,26.6,3PT Field Goal,Above the Break 3,-31.4,263.9,0,2.44,23.7
22300022,A. Kowalski,Boston Celtics,1,8,35,0.2,2PT Field Goal,Restricted Area,-1.7,1.1,0,5.27,14.0
22300169,K. Albrecht,Boston Celtics,3,0,45,2.3,2PT Field Goal,Restricted Area,11.9,19.9,0,6.84,19.5
22300003,T. Nwosu,Miami Heat,3,1,6,19.9,2PT Field Goal,Mid-Range,-120.1,158.9,0,4.35,17.0
22300163,K. Albrecht,Golden State Warriors,1,10,11,9.1,2PT Field Goal,In The Paint (Non-RA),6.0,90.8,0,0.3,12.6
22300789,T. Nwosu,Denver Nuggets,3,1,56,1.6,2PT Field Goal,Restricted Area,-1.0,15.8,1,2.53,17.6
22300292,J. Carter,Miami Heat,1,9,47,11.7,2PT Field Goal,In The Paint (Non-RA),-108.2,45.6,0,8.81,13.9
22300296,R. Delgado,Miami Heat,3,4,56,17.3,2PT Field Goal,Mid-Range,154.6,78.1,1,3.04,12.5
22300945,K. Albrecht,Phoenix Suns,4,4,54,23.1,3PT Field Goal,Above the Break 3,-150.4,175.1,1,4.76,8.3
22300674,S. Whitfield,Phoenix Suns,2,2,45,26.8,3PT Field Goal,Above the Break 3,142.4,226.6,0,0.3,19.2
22300901,A. Kowalski,New York Knicks,1,2,3,26.0,3PT Field Goal,Above the Break 3,219.4,138.9,0,3.0,22.8
22300809,R. Delgado,Boston Celtics,4,5,16,0.2,2PT Field Goal,Restricted Area,-0.1,2.0,1,2.34,14.9
22300110,A. Kowalski,Golden State Warriors,4,2,57,25.9,3PT Field Goal,Above the Break 3,-103.8,236.9,1,6.17,5.3
22300814,B. Osei,Boston Celtics,3,9,11,26.3,3PT Field Goal,Above the Break 3,-220.0,144.6,1,5.78,14.5
22300654,T. Nwosu,New York Knicks,1,1,18,1.8,2PT Field Goal,Restricted Area,-8.4,16.3,1,5.6,7.4
22300464,L. Fitzgerald,New York Knicks,2,0,41,25.5,3PT Field Goal,Above the Break 3,-27.4,253.0,0,6.68,23.6
22300360,T. Nwosu,Phoenix Suns,4,6,54,0.2,2PT Field Goal,Restricted Area,-0.5,1.9,0,3.22,22.0
22300891,B. Osei,Phoenix Suns,4,3,38,20.0,2PT Field Goal,Mid-Range,-124.3,157.2,0,8.26,8.9
22300765,L. Fitzgerald,Los Angeles Lakers,2,8,10,16.9,2PT Field Goal,Mid-Range,46.2,162.8,1,3.77,7.3
22300902,K. Albrecht,Denver Nuggets,3,9,40,25.5,3PT Field Goal,Above the Break 3,156.4,201.7,0,6.46,15.4
22300017,M. Okafor,Los Angeles Lakers,1,11,20,18.8,2PT Field Goal,Mid-Range,-47.0,182.2,1,9.22,5.3
22300409,S. Whitfield,Phoenix Suns,3,10,4,27.4,3PT Field Goal,Above the Break 3,-162.8,220.4,0,3.13,18.0
22300521,B. Osei,Golden State Warriors,3,6,24,1.4,2PT Field Goal,Restricted Area,-6.5,12.5,0,5.2,8.2
22300737,D. Reyes,Milwaukee Bucks,4,7,31,3.9,2PT Field Goal,Restricted Area,-25.8,29.6,0,4.06,14.9
22300703,K. Albrecht,New York Knicks,4,0,14,2.6,2PT Field Goal,Restricted Area,23.4,12.1,0,4.63,13.5
22300403,A. Kowalski,Boston Celtics,2,5,20,20.0,2PT Field Goal,Mid-Range,151.7,130.1,0,5.04,8.6
22300372,T. Nwosu,Los Angeles Lakers,2,4,12,13.2,2PT Field Goal,In The Paint (Non-RA),-110.8,70.9,1,4.17,4.9
22300012,T. Nwosu,Boston Celtics,3,3,34,2.9,2PT Field Goal,Restricted Area,-22.9,18.5,1,4.37,14.9
22300850,K. Albrecht,Denver Nuggets,3,0,9,2.7,2PT Field Goal,Restricted Area,18.9,19.8,1,5.97,11.8
22300217,M. Okafor,Denver Nuggets,1,11,40,17.4,2PT Field Goal,Mid-Range,-5.9,173.4,1,1.28,19.6
22300573,L. Fitzgerald,Denver Nuggets,4,7,10,6.6,2PT Field Goal,In The Paint (Non-RA),-27.6,59.5,1,2.63,18.8
22300306,T. Nwosu,Miami Heat,4,0,20,23.7,3PT Field Goal,Above the Break 3,201.1,125.5,0,3.18,12.3
22300065,R. Delgado,Miami Heat,3,3,1,5.2,2PT Field Goal,In The Paint (Non-RA),-11.5,50.9,1,1.16,20.9
22300307,K. Albrecht,New York Knicks,1,9,58,23.3,3PT Field Goal,Above the Break 3,-39.8,229.9,0,5.13,7.4
22300550,B. Osei,Los Angeles Lakers,4,8,50,24.1,3PT Field Goal,Above the Break 3,184.9,155.0,0,3.28,18.1
22300459,D. Reyes,Phoenix Suns,3,4,29,12.4,2PT Field Goal,In The Paint (Non-RA),66.4,104.6,0,2.35,15.9
22300640,M. Okafor,Denver Nuggets,2,3,27,2.4,2PT Field Goal,Restricted Area,2.3,24.4,0,1.19,6.8
22300513,D. Reyes,Milwaukee Bucks,4,0,47,3.2,2PT Field Goal,Restricted Area,-28.7,13.5,0,2.28,1.9
22300464,K. Albrecht,Los Angeles Lakers,3,9,9,0.7,2PT Field Goal,Restricted Area,0.2,6.7,0,5.34,1.2
22300871,L. Fitzgerald,Milwaukee Bucks,2,7,51,1.6,2PT Field Goal,Restricted Area,11.3,11.5,1,1.4,3.9
22300410,B. Osei,Phoenix Suns,1,8,42,3.0,2PT Field Goal,Restricted Area,2.1,30.3,0,6.43,1.1
22300587,R. Delgado,Los Angeles Lakers,3,9,53,1.2,2PT Field Goal,Restricted Area,-8.4,8.3,1,5.77,4.3
22300255,K. Albrecht,Denver Nuggets,1,8,55,8.4,2PT Field Goal,In The Paint (Non-RA),23.5,80.9,1,4.99,15.2
22300148,M. Okafor,Los Angeles Lakers,4,11,12,1.5,2PT Field Goal,Restricted Area,9.3,12.1,0,0.44,9.5
22300204,T. Nwosu,Miami Heat,3,9,31,27.4,3PT Field Goal,Above the Break 3,11.4,273.4,0,2.56,8.8
22300294,R. Delgado,New York Knicks,4,5,21,17.8,2PT Field Goal,Mid-Range,-2.1,177.5,1,6.73,22.5
22300847,S. Whitfield,Los Angeles Lakers,3,1,5,3.5,2PT Field Goal,Restricted Area,22.0,26.6,0,3.45,10.7
22300521,B. Osei,Denver Nuggets,3,8,38,3.8,2PT Field Goal,Restricted Area,-14.6,35.5,0,2.56,18.9
22300224,A. Kowalski,Phoenix Suns,3,9,36,1.3,2PT Field Goal,Restricted Area,-6.4,11.7,1,2.65,18.9
22300704,K. Albrecht,Phoenix Suns,1,10,11,1.1,2PT Field Goal,Restricted Area,-2.4,10.6,1,5.19,12.7
22300796,S. Whitfield,Golden State Warriors,1,7,15,9.5,2PT Field Goal,In The Paint (Non-RA),-33.7,89.0,1,0.3,18.3
22300762,T. Nwosu,Los Angeles Lakers,1,7,38,2.7,2PT Field Goal,Restricted Area,10.5,25.2,1,6.68,8.4
22300635,L. Fitzgerald,Milwaukee Bucks,2,0,39,2.4,2PT Field Goal,Restricted Area,13.6,19.3,0,4.84,17.0
22300616,K. Albrecht,Phoenix Suns,2,5,34,24.9,3PT Field Goal,Above the Break 3,7.9,249.1,0,1.93,5.1
22300187,B. Osei,Los Angeles Lakers,4,3,1,8.8,2PT Field Goal,In The Paint (Non-RA),74.5,46.7,1,5.72,17.1
22300475,D. Reyes,Golden State Warriors,2,6,36,14.4,2PT Field Goal,Mid-Range,109.7,93.8,1,0.3,8.5
22300771,K. Albrecht,Boston Celtics,1,1,34,12.8,2PT Field Goal,In The Paint (Non-RA),95.2,85.3,1,1.46,15.0
22300142,L. Fitzgerald,Los Angeles Lakers,3,6,17,9.7,2PT Field Goal,In The Paint (Non-RA),50.7,82.5,1,5.02,22.5
22300190,J. Carter,Boston Celtics,1,10,52,1.3,2PT Field Goal,Restricted Area,11.0,6.1,1,7.75,2.8
22300438,K. Albrecht,Denver Nuggets,2,4,37,11.0,2PT Field Goal,In The Paint (Non-RA),-53.1,96.8,0,1.56,1.3
22300597,B. Osei,Miami Heat,2,6,35,11.7,2PT Field Goal,In The Paint (Non-RA),51.6,104.8,1,1.04,7.7
22300743,M. Okafor,Boston Celtics,1,7,52,2.7,2PT Field Goal,Restricted Area,-6.4,26.7,0,4.14,6.6
22300646,D. Reyes,Golden State Warriors,4,5,16,29.0,3PT Field Goal,Above the Break 3,-46.3,285.8,0,4.51,13.7
22300719,R. Delgado,Boston Celtics,1,0,54,2.7,2PT Field Goal,Restricted Area,24.2,11.7,1,2.54,8.0
22300838,T. Nwosu,New York Knicks,1,6,54,2.1,2PT Field Goal,Restricted Area,1.5,21.3,0,2.47,12.4
22300289,T. Nwosu,Boston Celtics,4,6,28,4.0,2PT Field Goal,In The Paint (Non-RA),8.0,39.2,1,7.88,22.7
22300745,D. Reyes,Boston Celtics,4,2,35,22.5,3PT Field Goal,Above the Break 3,-178.4,137.1,0,2.14,4.4
22300463,T. Nwosu,Denver Nuggets,2,6,20,24.2,3PT Field Goal,Above the Break 3,152.1,188.4,0,0.55,0.6
22300665,L. Fitzgerald,Golden State Warriors,4,7,32,14.9,2PT Field Goal,Mid-Range,-74.3,129.1,1,3.33,16.2
22300264,T. Nwosu,Los Angeles Lakers,2,7,29,3.6,2PT Field Goal,Restricted Area,-5.3,36.0,0,7.29,11.1
22300596,A. Kowalski,Golden State Warriors,1,5,14,19.4,2PT Field Goal,Mid-Range,-109.9,160.4,0,5.88,22.9
22300400,L. Fitzgerald,Denver Nuggets,2,3,59,24.7,3PT Field Goal,Above the Break 3,89.2,230.3,0,4.19,3.5
22300815,L. Fitzgerald,Los Angeles Lakers,4,1,42,3.0,2PT Field Goal,Restricted Area,-18.1,23.9,0,1.29,16.5
22300982,S. Whitfield,New York Knicks,2,9,18,14.8,2PT Field Goal,Mid-Range,24.9,145.6,1,4.07,10.1
22300750,J. Carter,Phoenix Suns,1,10,25,26.0,3PT Field Goal,Above the Break 3,-45.1,255.9,0,10.89,23.7
22300681,M. Okafor,Miami Heat,1,9,3,4.0,2PT Field Goal,In The Paint (Non-RA),7.6,39.6,0,5.67,1.3
22300021,A. Kowalski,Phoenix Suns,1,8,57,3.2,2PT Field Goal,Restricted Area,25.4,20.2,0,6.69,4.6
22300551,J. Carter,Los Angeles Lakers,3,4,37,15.5,2PT Field Goal,Mid-Range,-6.5,154.9,0,0.61,5.7
22300819,J. Carter,Phoenix Suns,1,3,6,4.0,2PT Field Goal,In The Paint (Non-RA),9.9,38.8,1,3.32,17.2
22300315,M. Okafor,Golden State Warriors,4,9,38,3.3,2PT Field Goal,Restricted Area,6.9,32.6,1,2.98,19.7
22300499,J. Carter,Los Angeles Lakers,1,10,0,17.9,2PT Field Goal,Mid-Range,-118.2,134.2,1,8.27,13.9
22300042,A. Kowalski,Milwaukee Bucks,4,8,17,27.9,3PT Field Goal,Above the Break 3,200.3,194.4,0,3.6,6.2
22300286,M. Okafor,Boston Celtics,3,2,46,1.2,2PT Field Goal,Restricted Area,0.5,12.0,0,4.12,0.5
22300646,M. Okafor,Denver Nuggets,3,6,41,2.4,2PT Field Goal,Restricted Area,17.6,16.7,1,3.15,6.0
22300740,K. Albrecht,Denver Nuggets,4,8,45,21.4,2PT Field Goal,Mid-Range,-186.7,105.1,0,0.3,22.9
22300867,K. Albrecht,Milwaukee Bucks,2,1,55,25.2,3PT Field Goal,Above the Break 3,5.9,251.6,1,6.9,17.2
22300571,R. Delgado,Los Angeles Lakers,2,11,44,2.1,2PT Field Goal,Restricted Area,-9.2,19.3,0,0.3,1.5
22300991,M. Okafor,Milwaukee Bucks,1,3,21,22.0,2PT Field Goal,Mid-Range,-184.3,119.7,0,2.93,22.9
22300426,A. Kowalski,Boston Celtics,3,0,8,1.4,2PT Field Goal,Restricted Area,12.2,6.5,0,0.62,14.3
22300107,R. Delgado,New York Knicks,4,7,6,20.2,2PT Field Goal,Mid-Range,79.7,185.6,1,2.88,6.1
22300545,K. Albrecht,Phoenix Suns,2,11,1,2.4,2PT Field Goal,Restricted Area,18.6,14.4,0,3.19,18.0
22300133,D. Reyes,Denver Nuggets,4,1,14,16.9,2PT Field Goal,Mid-Range,37.5,164.7,1,3.07,6.5
22300495,D. Reyes,Denver Nuggets,2,8,32,2.3,2PT Field Goal,Restricted Area,-8.6,21.8,1,7.6,1.5
22300425,R. Delgado,Los Angeles Lakers,3,11,18,15.4,2PT Field Goal,Mid-Range,-5.2,154.1,1,1.49,17.1
22300330,R. Delgado,Phoenix Suns,2,11,5,2.0,2PT Field Goal,Restricted Area,-15.9,11.9,0,3.54,22.4
22300807,J. Carter,New York Knicks,3,0,40,1.5,2PT Field Goal,Restricted Area,4.1,14.2,1,5.5,17.3
22300897,A. Kowalski,Phoenix Suns,2,11,20,3.0,2PT Field Goal,Restricted Area,11.9,27.8,0,3.3,1.2
22300241,R. Delgado,New York Knicks,4,5,38,0.2,2PT Field Goal,Restricted Area,0.2,2.0,1,3.05,19.6
22300921,L. Fitzgerald,Phoenix Suns,3,3,8,3.0,2PT Field Goal,Restricted Area,17.2,24.8,1,8.74,8.2
22300837,A. Kowalski,Miami Heat,4,10,40,2.1,2PT Field Goal,Restricted Area,-9.3,18.4,0,6.05,21.5
22300298,B. Osei,Denver Nuggets,1,10,14,17.3,2PT Field Goal,Mid-Range,140.1,100.8,0,2.32,7.3
22300502,M. Okafor,Boston Celtics,3,2,52,9.6,2PT Field Goal,In The Paint (Non-RA),38.4,88.1,1,4.85,11.0
22300855,R. Delgado,Golden State Warriors,3,10,55,23.7,3PT Field Goal,Above the Break 3,-139.0,191.5,0,2.17,22.4
22300423,R. Delgado,Golden State Warriors,1,5,58,10.0,2PT Field Goal,In The Paint (Non-RA),40.5,91.9,1,5.3,12.1
22300295,J. Carter,Miami Heat,4,11,15,14.5,2PT Field Goal,Mid-Range,65.1,129.6,0,0.95,7.1
22300643,B. Osei,Boston Celtics,4,10,48,27.0,3PT Field Goal,Above the Break 3,223.4,151.8,1,6.11,5.5
22300607,R. Delgado,Miami Heat,3,3,34,28.3,3PT Field Goal,Above the Break 3,-12.4,282.7,0,5.12,9.9
22300044,M. Okafor,Milwaukee Bucks,1,11,35,16.3,2PT Field Goal,Mid-Range,-95.8,131.6,1,5.04,2.8
22300875,M. Okafor,Miami Heat,3,9,42,2.4,2PT Field Goal,Restricted Area,-17.9,15.5,1,4.24,15.9
22300644,B. Osei,Golden State Warriors,2,10,41,5.0,2PT Field Goal,In The Paint (Non-RA),-19.4,46.5,1,4.77,20.3
22300117,B. Osei,Phoenix Suns,4,2,48,0.2,2PT Field Goal,Restricted Area,-0.4,2.0,0,2.24,3.9
22300898,K. Albrecht,Denver Nuggets,3,0,49,19.7,2PT Field Goal,Mid-Range,108.7,163.8,0,4.39,9.8
22300280,B. Osei,Los Angeles Lakers,1,4,14,4.0,2PT Field Goal,In The Paint (Non-RA),-34.5,20.2,1,5.63,4.7
22300479,L. Fitzgerald,Golden State Warriors,4,10,13,19.0,2PT Field Goal,Mid-Range,-151.3,114.2,1,5.25,20.4
22300987,R. Delgado,Phoenix Suns,1,7,1,0.2,2PT Field Goal,Restricted Area,1.1,1.7,0,2.09,6.6
22300287,J. Carter,Denver Nuggets,3,6,35,22.5,3PT Field Goal,Above the Break 3,-147.1,170.3,0,5.56,23.6
22300550,T. Nwosu,Los Angeles Lakers,3,0,59,1.0,2PT Field Goal,Restricted Area,-9.4,4.4,1,1.47,10.8
22300629,K. Albrecht,New York Knicks,3,2,45,21.4,2PT Field Goal,Mid-Range,-177.7,120.0,0,2.55,4.9
22300741,M. Okafor,New York Knicks,3,0,55,26.5,3PT Field Goal,Above the Break 3,92.8,248.7,1,2.26,16.7
22300032,L. Fitzgerald,Golden State Warriors,1,0,47,2.8,2PT Field Goal,Restricted Area,5.9,27.4,1,2.83,5.5
22300323,J. Carter,Boston Celtics,3,4,36,16.5,2PT Field Goal,Mid-Range,141.2,85.6,0,3.95,20.6
22300177,K. Albrecht,Phoenix Suns,1,2,16,1.3,2PT Field Goal,Restricted Area,-10.0,8.9,1,5.8,14.8
22300879,R. Delgado,Golden State Warriors,3,1,13,1.6,2PT Field Goal,Restricted Area,6.0,14.5,0,6.7,6.3
22300754,M. Okafor,Golden State Warriors,1,11,24,0.2,2PT Field Goal,Restricted Area,-1.7,1.0,0,5.27,19.4
22300052,J. Carter,Denver Nuggets,3,11,43,1.5,2PT Field Goal,Restricted Area,10.5,11.3,1,2.53,3.7
22300711,A. Kowalski,Denver Nuggets,2,7,37,17.3,2PT Field Goal,Mid-Range,3.4,173.3,1,5.96,19.2
22300680,S. Whitfield,Denver Nuggets,3,1,48,2.3,2PT Field Goal,Restricted Area,-20.1,11.2,1,6.51,6.3
22300762,D. Reyes,Boston Celtics,4,3,31,2.8,2PT Field Goal,Restricted Area,-26.3,10.9,1,2.47,4.3
22300039,M. Okafor,New York Knicks,4,5,15,1.7,2PT Field Goal,Restricted Area,15.0,8.3,1,1.48,0.9
22300515,M. Okafor,Boston Celtics,4,4,57,26.0,3PT Field Goal,Above the Break 3,-14.5,259.9,0,3.87,23.4
22300286,A. Kowalski,Denver Nuggets,2,6,32,19.9,2PT Field Goal,Mid-Range,166.4,108.7,1,8.71,10.9
22300460,M. Okafor,Phoenix Suns,1,6,21,5.7,2PT Field Goal,In The Paint (Non-RA),-43.4,36.5,1,3.53,6.0
22300317,D. Reyes,New York Knicks,1,2,46,16.0,2PT Field Goal,Mid-Range,-9.6,159.9,1,3.82,6.4
22300865,B. Osei,Boston Celtics,1,2,1,24.0,3PT Field Goal,Above the Break 3,106.7,215.0,0,5.86,22.2
22300585,L. Fitzgerald,Miami Heat,1,8,57,15.9,2PT Field Goal,Mid-Range,-137.6,80.0,0,1.5,12.0
22300523,R. Delgado,Golden State Warriors,3,8,17,4.7,2PT Field Goal,In The Paint (Non-RA),6.7,46.3,1,1.72,19.9
22300758,A. Kowalski,Golden State Warriors,4,9,43,2.3,2PT Field Goal,Restricted Area,20.6,10.5,0,3.95,21.5
22300754,K. Albrecht,Golden State Warriors,3,7,33,8.1,2PT Field Goal,In The Paint (Non-RA),-45.1,67.8,1,6.17,2.6
22300336,T. Nwosu,Golden State Warriors,1,4,33,24.6,3PT Field Goal,Above the Break 3,-134.9,206.2,0,3.51,11.8
22300440,R. Delgado,Milwaukee Bucks,4,5,30,21.8,2PT Field Goal,Mid-Range,-121.0,181.7,1,2.72,8.0
22300062,D. Reyes,Golden State Warriors,4,1,36,11.8,2PT Field Goal,In The Paint (Non-RA),6.9,117.4,1,0.35,9.9
22300792,M. Okafor,Denver Nuggets,4,10,14,26.0,3PT Field Goal,Above the Break 3,-100.1,240.2,1,7.89,16.4
22300009,R. Delgado,Denver Nuggets,2,11,6,2.6,2PT Field Goal,Restricted Area,5.5,25.1,1,1.31,5.1
22300461,A. Kowalski,New York Knicks,4,5,52,1.3,2PT Field Goal,Restricted Area,11.3,5.6,1,7.26,19.7
22300656,M. Okafor,New York Knicks,1,2,9,25.6,3PT Field Goal,Above the Break 3,-212.5,141.9,1,2.56,18.9
22300307,M. Okafor,Milwaukee Bucks,1,5,52,25.1,3PT Field Goal,Above the Break 3,216.9,125.4,0,6.87,7.5
22300921,T. Nwosu,Phoenix Suns,1,8,15,1.2,2PT Field Goal,Restricted Area,7.2,9.2,1,8.17,9.1
22300771,K. Albrecht,Phoenix Suns,4,0,56,4.0,2PT Field Goal,In The Paint (Non-RA),12.2,38.1,0,2.19,8.9
22300078,D. Reyes,Denver Nuggets,4,4,51,1.1,2PT Field Goal,Restricted Area,-3.2,10.0,1,5.56,10.7
22300249,A. Kowalski,Phoenix Suns,2,2,56,16.8,2PT Field Goal,Mid-Range,98.7,135.8,1,5.92,19.1
22300356,B. Osei,Milwaukee Bucks,3,10,25,3.5,2PT Field Goal,Restricted Area,-26.4,23.0,0,7.12,10.5
22300043,A. Kowalski,Golden State Warriors,3,8,18,21.0,2PT Field Goal,Mid-Range,-190.7,88.1,0,3.5,15.1
22300133,S. Whitfield,Golden State Warriors,2,2,59,17.2,2PT Field Goal,Mid-Range,30.0,169.6,1,7.07,10.6
22300180,M. Okafor,Boston Celtics,3,10,41,2.1,2PT Field Goal,Restricted Area,-13.5,16.6,1,4.46,0.1
22300911,T. Nwosu,New York Knicks,3,2,0,23.4,3PT Field Goal,Above the Break 3,-120.0,200.8,1,1.89,16.0
22300166,S. Whitfield,Milwaukee Bucks,1,2,32,3.8,2PT Field Goal,Restricted Area,-16.8,33.9,1,6.54,13.8
22300889,A. Kowalski,New York Knicks,2,4,34,21.2,2PT Field Goal,Mid-Range,-80.3,196.2,0,7.14,6.1
22300298,J. Carter,Phoenix Suns,2,5,51,1.3,2PT Field Goal,Restricted Area,2.1,12.9,1,4.19,15.9
22300179,D. Reyes,Milwaukee Bucks,2,2,28,2.7,2PT Field Goal,Restricted Area,20.4,17.1,1,3.93,15.1
22300366,L. Fitzgerald,Miami Heat,2,1,4,6.5,2PT Field Goal,In The Paint (Non-RA),52.7,37.2,0,6.01,15.6
22300886,B. Osei,New York Knicks,1,1,13,2.4,2PT Field Goal,Restricted Area,1.2,24.4,1,8.12,14.8
22300936,K. Albrecht,Boston Celtics,2,0,3,12.7,2PT Field Goal,In The Paint (Non-RA),-93.5,86.2,0,1.35,14.3
22300941,M. Okafor,Boston Celtics,3,7,16,1.8,2PT Field Goal,Restricted Area,-6.2,16.8,0,6.67,22.8
22300515,R. Delgado,Boston Celtics,2,5,11,2.4,2PT Field Goal,Restricted Area,21.6,10.8,1,8.91,21.9
22300331,T. Nwosu,Golden State Warriors,2,3,55,1.2,2PT Field Goal,Restricted Area,-9.0,7.2,1,2.18,16.0
22300799,J. Carter,Los Angeles Lakers,3,5,34,2.0,2PT Field Goal,Restricted Area,12.9,14.8,0,5.55,20.7
22300877,B. Osei,New York Knicks,4,1,57,20.6,2PT Field Goal,Mid-Range,36.3,203.1,0,4.36,10.7
22300228,M. Okafor,Milwaukee Bucks,1,9,43,26.0,3PT Field Goal,Above the Break 3,156.3,208.0,0,5.04,7.0
22300311,T. Nwosu,Milwaukee Bucks,1,7,27,1.6,2PT Field Goal,Restricted Area,10.3,12.0,1,7.11,16.6
22300466,M. Okafor,Denver Nuggets,4,10,38,24.3,3PT Field Goal,Above the Break 3,36.1,240.3,0,0.52,0.2
22300264,T. Nwosu,Boston Celtics,2,1,54,16.3,2PT Field Goal,Mid-Range,112.6,118.5,0,3.04,15.7
22300130,A. Kowalski,Boston Celtics,1,1,49,2.9,2PT Field Goal,Restricted Area,19.7,22.0,0,1.02,20.3
22300696,S. Whitfield,Milwaukee Bucks,1,8,15,1.9,2PT Field Goal,Restricted Area,14.0,13.5,0,3.48,1.0
22300984,B. Osei,Miami Heat,2,7,45,25.7,3PT Field Goal,Above the Break 3,200.8,159.7,1,8.54,14.4
22300674,D. Reyes,Milwaukee Bucks,4,0,45,0.4,2PT Field Goal,Restricted Area,-3.1,2.8,0,1.79,11.2
22300118,T. Nwosu,Milwaukee Bucks,2,5,19,1.6,2PT Field Goal,Restricted Area,-0.7,16.2,0,3.12,13.0
22300884,T. Nwosu,Miami Heat,4,5,44,14.4,2PT Field Goal,Mid-Range,132.3,57.0,0,2.8,0.2
22300964,B. Osei,Milwaukee Bucks,3,7,16,24.4,3PT Field Goal,Above the Break 3,-119.2,213.4,0,5.14,11.8
22300506,S. Whitfield,New York Knicks,2,1,52,25.9,3PT Field Goal,Above the Break 3,-101.6,237.8,0,3.47,9.9
22300038,K. Albrecht,Boston Celtics,1,7,42,4.7,2PT Field Goal,In The Paint (Non-RA),34.4,31.7,0,2.4,2.4
22300005,D. Reyes,Milwaukee Bucks,2,5,22,1.9,2PT Field Goal,Restricted Area,11.7,15.5,1,2.43,0.4
22300919,T. Nwosu,Phoenix Suns,1,5,7,1.0,2PT Field Goal,Restricted Area,6.5,7.5,1,3.84,4.1
22300933,B. Osei,Boston Celtics,2,10,35,3.6,2PT Field Goal,Restricted Area,26.7,24.5,1,1.37,13.8
22300794,A. Kowalski,New York Knicks,4,3,44,19.3,2PT Field Goal,Mid-Range,178.6,73.6,0,0.3,12.1
22300623,T. Nwosu,Golden State Warriors,2,7,11,26.8,3PT Field Goal,Above the Break 3,-195.0,184.6,1,6.91,15.6
22300510,D. Reyes,Denver Nuggets,2,11,9,2.5,2PT Field Goal,Restricted Area,1.9,25.2,0,4.51,0.2
22300138,B. Osei,Denver Nuggets,1,1,14,7.4,2PT Field Goal,In The Paint (Non-RA),-15.8,72.8,1,2.82,7.9
22300015,A. Kowalski,Denver Nuggets,2,11,36,3.0,2PT Field Goal,Restricted Area,-7.1,29.6,0,3.83,3.4
22300412,A. Kowalski,Denver Nuggets,3,1,4,1.2,2PT Field Goal,Restricted Area,8.5,7.8,0,5.9,17.7
22300620,A. Kowalski,Miami Heat,3,2,56,16.7,2PT Field Goal,Mid-Range,153.7,65.9,0,2.22,0.9
22300378,M. Okafor,Miami Heat,2,0,33,25.9,3PT Field Goal,Above the Break 3,117.5,231.1,0,4.27,20.9
22300764,T. Nwosu,Milwaukee Bucks,2,2,42,1.6,2PT Field Goal,Restricted Area,-14.3,6.8,0,2.97,19.3
22300245,J. Carter,Golden State Warriors,3,6,13,26.7,3PT Field Goal,Above the Break 3,-53.1,261.5,0,7.04,1.0
22300915,K. Albrecht,Boston Celtics,3,6,40,23.0,3PT Field Goal,Above the Break 3,201.2,111.3,1,0.3,14.8
22300205,M. Okafor,Los Angeles Lakers,1,11,29,3.2,2PT Field Goal,Restricted Area,1.7,32.4,1,0.96,21.9
22300927,T. Nwosu,Los Angeles Lakers,3,3,58,26.3,3PT Field Goal,Above the Break 3,-161.0,208.4,1,7.46,4.7
22300972,A. Kowalski,Miami Heat,3,3,35,26.0,3PT Field Goal,Above the Break 3,-202.4,163.5,1,1.44,23.9
22300836,D. Reyes,Los Angeles Lakers,1,10,34,16.6,2PT Field Goal,Mid-Range,-110.0,124.9,1,2.37,19.7
22300753,K. Albrecht,Denver Nuggets,1,8,28,0.4,2PT Field Goal,Restricted Area,-3.1,2.1,1,1.37,23.5
22300922,A. Kowalski,Milwaukee Bucks,3,10,51,2.5,2PT Field Goal,Restricted Area,17.1,18.1,1,0.3,10.2
22300112,S. Whitfield,New York Knicks,1,6,49,2.2,2PT Field Goal,Restricted Area,8.6,19.8,1,3.97,11.7
22300600,L. Fitzgerald,Los Angeles Lakers,4,10,34,24.4,3PT Field Goal,Above the Break 3,74.9,231.9,0,5.77,19.0
22300208,K. Albrecht,Milwaukee Bucks,2,5,29,25.2,3PT Field Goal,Above the Break 3,153.1,200.2,0,4.91,6.4
22300591,R. Delgado,Miami Heat,1,6,50,1.5,2PT Field Goal,Restricted Area,-1.3,14.6,0,1.33,2.2
22300428,J. Carter,Denver Nuggets,3,0,28,19.7,2PT Field Goal,Mid-Range,123.5,153.8,0,2.96,2.8
22300139,S. Whitfield,Denver Nuggets,4,9,42,2.2,2PT Field Goal,Restricted Area,14.2,16.3,0,8.0,7.4
22300694,T. Nwosu,Miami Heat,1,0,14,22.5,3PT Field Goal,Above the Break 3,93.0,204.9,0,3.75,8.6
22300383,D. Reyes,Golden State Warriors,3,2,18,17.3,2PT Field Goal,Mid-Range,-117.3,127.1,0,2.03,16.5
22300563,T. Nwosu,Miami Heat,1,4,57,25.6,3PT Field Goal,Above the Break 3,228.5,116.3,0,6.24,6.5
22300567,J. Carter,Boston Celtics,1,3,16,24.8,3PT Field Goal,Above the Break 3,-2.9,247.6,1,3.5,5.7
22300039,L. Fitzgerald,Phoenix Suns,2,6,2,0.8,2PT Field Goal,Restricted Area,4.0,6.8,1,0.3,6.2
22300622,K. Albrecht,Phoenix Suns,3,6,54,2.3,2PT Field Goal,Restricted Area,-12.1,19.8,0,2.2,9.9
22300736,D. Reyes,Los Angeles Lakers,3,10,12,16.2,2PT Field Goal,Mid-Range,-129.1,98.1,0,6.3,11.1
22300257,K. Albrecht,Milwaukee Bucks,4,8,49,22.5,3PT Field Goal,Above the Break 3,-196.1,110.3,0,3.8,11.7
22300112,D. Reyes,Phoenix Suns,3,4,0,0.6,2PT Field Goal,Restricted Area,-5.4,3.1,1,3.96,15.8
22300575,M. Okafor,Miami Heat,2,9,53,0.6,2PT Field Goal,Restricted Area,5.0,2.4,1,5.66,7.8
22300326,A. Kowalski,Los Angeles Lakers,2,9,11,3.7,2PT Field Goal,Restricted Area,-30.8,20.5,0,2.38,23.8
22300514,A. Kowalski,Miami Heat,4,11,19,1.2,2PT Field Goal,Restricted Area,-9.2,8.1,0,0.7,16.3
22300878,D. Reyes,Phoenix Suns,3,2,21,0.2,2PT Field Goal,Restricted Area,1.6,1.1,0,4.14,13.7
22300395,D. Reyes,Phoenix Suns,3,0,7,3.2,2PT Field Goal,Restricted Area,-29.4,12.6,1,2.71,20.1
22300930,D. Reyes,Los Angeles Lakers,2,7,39,1.1,2PT Field Goal,Restricted Area,8.1,8.1,0,4.15,12.7
22300036,R. Delgado,Phoenix Suns,4,11,16,6.3,2PT Field Goal,In The Paint (Non-RA),38.7,50.0,0,2.49,22.5
22300380,R. Delgado,Los Angeles Lakers,1,5,2,26.4,3PT Field Goal,Above the Break 3,219.2,147.3,0,2.44,11.0
22300996,R. Delgado,Golden State Warriors,1,6,32,24.3,3PT Field Goal,Above the Break 3,81.4,229.4,1,0.9,20.1
22300412,M. Okafor,New York Knicks,1,2,38,0.2,2PT Field Goal,Restricted Area,-1.1,1.7,0,4.84,2.8
22300650,S. Whitfield,Golden State Warriors,3,1,11,20.9,2PT Field Goal,Mid-Range,192.1,82.0,1,8.67,22.7
22300414,T. Nwosu,Boston Celtics,3,8,20,20.4,2PT Field Goal,Mid-Range,123.9,161.6,1,1.32,23.6
22300747,M. Okafor,New York Knicks,4,0,49,2.0,2PT Field Goal,Restricted Area,-10.5,16.9,1,6.85,7.4
22300767,S. Whitfield,Phoenix Suns,2,11,49,20.5,2PT Field Goal,Mid-Range,-104.4,175.9,1,5.76,11.6
22300183,L. Fitzgerald,Boston Celtics,2,7,2,3.1,2PT Field Goal,Restricted Area,18.6,25.4,0,2.69,18.9
22300226,L. Fitzgerald,Los Angeles Lakers,2,9,37,2.5,2PT Field Goal,Restricted Area,3.0,24.5,1,1.83,5.1
22300199,A. Kowalski,Denver Nuggets,1,5,49,4.0,2PT Field Goal,In The Paint (Non-RA),32.1,23.9,0,5.43,20.5
22300519,L. Fitzgerald,Boston Celtics,4,5,4,26.0,3PT Field Goal,Above the Break 3,-85.7,245.4,0,3.37,12.0
22300697,J. Carter,Los Angeles Lakers,2,3,27,1.9,2PT Field Goal,Restricted Area,-12.6,14.3,1,3.53,17.7
22300942,R. Delgado,New York Knicks,1,1,21,16.6,2PT Field Goal,Mid-Range,90.9,139.0,0,3.13,5.1
22300738,M. Okafor,Los Angeles Lakers,2,9,36,21.8,2PT Field Goal,Mid-Range,-188.0,110.7,1,8.61,4.7
22300955,D. Reyes,Denver Nuggets,3,6,54,2.8,2PT Field Goal,Restricted Area,-12.3,24.7,0,0.46,0.9
22300797,T. Nwosu,Boston Celtics,2,3,37,25.1,3PT Field Goal,Above the Break 3,-48.9,245.8,0,5.2,15.6
22300808,K. Albrecht,Miami Heat,1,1,46,0.9,2PT Field Goal,Restricted Area,1.2,8.6,0,8.58,12.5
22300234,B. Osei,Milwaukee Bucks,3,4,26,2.2,2PT Field Goal,Restricted Area,0.9,22.5,1,4.58,15.6
22300471,J. Carter,Miami Heat,4,2,18,18.1,2PT Field Goal,Mid-Range,144.2,109.1,1,9.16,4.9
22300438,K. Albrecht,Milwaukee Bucks,3,11,52,13.6,2PT Field Goal,In The Paint (Non-RA),95.5,96.5,0,4.21,5.6
22300116,B. Osei,Boston Celtics,4,4,53,26.4,3PT Field Goal,Above the Break 3,-188.3,184.6,0,4.6,11.1
22300077,M. Okafor,Denver Nuggets,4,6,17,3.9,2PT Field Goal,Restricted Area,-28.9,25.6,0,6.02,8.1
22300162,J. Carter,Denver Nuggets,1,4,25,2.6,2PT Field Goal,Restricted Area,9.8,24.6,0,2.54,2.3
22300205,B. Osei,Milwaukee Bucks,3,1,43,25.6,3PT Field Goal,Above the Break 3,-74.9,245.3,0,4.29,20.0
22300926,D. Reyes,Golden State Warriors,3,4,31,5.7,2PT Field Goal,In The Paint (Non-RA),51.6,23.6,1,5.55,22.5
22300116,R. Delgado,Boston Celtics,1,4,56,25.0,3PT Field Goal,Above the Break 3,-114.3,222.1,0,2.67,23.4
22300491,A. Kowalski,Miami Heat,1,1,20,2.2,2PT Field Goal,Restricted Area,-14.7,17.0,0,5.3,21.5
22300812,D. Reyes,New York Knicks,3,8,11,0.2,2PT Field Goal,Restricted Area,-0.7,1.9,1,6.75,7.0
22300928,J. Carter,Milwaukee Bucks,3,10,11,26.4,3PT Field Goal,Above the Break 3,122.9,233.5,0,1.52,17.0
22300189,K. Albrecht,Boston Celtics,2,8,20,1.6,2PT Field Goal,Restricted Area,2.6,15.9,0,3.94,16.0
22300693,S. Whitfield,New York Knicks,3,6,23,0.5,2PT Field Goal,Restricted Area,-3.0,4.4,1,5.15,14.2
22300082,R. Delgado,Phoenix Suns,1,11,27,3.0,2PT Field Goal,Restricted Area,24.5,16.8,1,2.56,5.9
22300480,B. Osei,New York Knicks,2,8,38,27.0,3PT Field Goal,Above the Break 3,231.7,138.5,1,6.58,12.9
22300086,S. Whitfield,Golden State Warriors,1,1,29,1.2,2PT Field Goal,Restricted Area,7.9,8.8,0,7.09,0.8
22300828,L. Fitzgerald,Denver Nuggets,3,7,4,16.5,2PT Field Goal,Mid-Range,-76.2,146.6,0,2.93,17.4
22300074,J. Carter,Phoenix Suns,3,4,43,22.5,3PT Field Goal,Above the Break 3,-195.0,112.2,0,4.81,0.1
22300954,T. Nwosu,Milwaukee Bucks,3,5,29,15.1,2PT Field Goal,Mid-Range,51.2,142.2,0,2.78,15.4
22300952,A. Kowalski,Boston Celtics,2,2,43,25.5,3PT Field Goal,Above the Break 3,95.7,236.8,0,3.96,22.4
22300490,S. Whitfield,Miami Heat,3,1,24,24.4,3PT Field Goal,Above the Break 3,197.3,143.9,1,5.33,6.1
22300588,D. Reyes,Miami Heat,2,10,26,2.5,2PT Field Goal,Restricted Area,-22.4,10.6,0,3.89,6.1
22300059,R. Delgado,Los Angeles Lakers,1,6,21,23.5,3PT Field Goal,Above the Break 3,-138.1,190.1,1,4.65,11.7
22300308,R. Delgado,Phoenix Suns,2,7,56,20.5,2PT Field Goal,Mid-Range,175.8,105.1,0,3.22,22.1
22300315,A. Kowalski,Milwaukee Bucks,3,11,38,0.9,2PT Field Goal,Restricted Area,8.1,3.3,1,7.01,3.0
22300341,M. Okafor,New York Knicks,2,10,28,4.0,2PT Field Goal,In The Paint (Non-RA),-14.5,37.3,0,6.41,7.0
22300389,S. Whitfield,Miami Heat,2,9,0,0.7,2PT Field Goal,Restricted Area,5.2,4.3,0,2.82,4.3
22300354,L. Fitzgerald,Milwaukee Bucks,4,8,40,2.2,2PT Field Goal,Restricted Area,15.3,16.0,1,5.55,1.8
22300698,T. Nwosu,New York Knicks,1,7,26,27.8,3PT Field Goal,Above the Break 3,-221.8,168.4,0,10.37,5.3
22300146,M. Okafor,Phoenix Suns,1,11,6,19.6,2PT Field Goal,Mid-Range,116.7,158.0,1,3.19,19.5
22300407,B. Osei,Denver Nuggets,3,6,42,4.0,2PT Field Goal,In The Paint (Non-RA),-9.0,39.0,0,7.47,9.7
22300007,K. Albrecht,Phoenix Suns,1,5,23,27.2,3PT Field Goal,Above the Break 3,-110.1,249.0,0,10.46,10.2
22300606,B. Osei,Miami Heat,4,6,39,21.5,2PT Field Goal,Mid-Range,103.6,188.3,1,3.8,20.5
22300010,D. Reyes,Los Angeles Lakers,3,4,7,12.5,2PT Field Goal,In The Paint (Non-RA),-20.6,123.5,0,6.14,9.4
22300165,S. Whitfield,New York Knicks,3,3,19,2.3,2PT Field Goal,Restricted Area,18.2,14.2,1,0.3,21.7
22300853,K. Albrecht,New York Knicks,2,8,36,9.2,2PT Field Goal,In The Paint (Non-RA),-45.5,79.7,0,7.48,11.5
22300471,M. Okafor,Denver Nuggets,1,6,17,23.6,3PT Field Goal,Above the Break 3,-135.3,193.7,0,5.79,3.1
22300044,T. Nwosu,New York Knicks,2,10,18,14.7,2PT Field Goal,Mid-Range,-124.3,79.3,0,6.24,19.0
22300893,S. Whitfield,Denver Nuggets,2,8,11,6.7,2PT Field Goal,In The Paint (Non-RA),49.5,45.1,1,4.75,3.3
22300500,J. Carter,Miami Heat,3,3,4,14.4,2PT Field Goal,Mid-Range,-40.4,138.6,0,6.54,23.0
22300041,D. Reyes,New York Knicks,2,3,6,21.1,2PT Field Goal,Mid-Range,-182.2,106.8,1,6.89,17.8
22300286,S. Whitfield,Boston Celtics,2,1,51,16.0,2PT Field Goal,Mid-Range,145.0,68.0,1,5.95,4.3
22300700,B. Osei,Miami Heat,4,5,9,1.0,2PT Field Goal,Restricted Area,-7.5,7.0,1,3.67,7.7
22300510,R. Delgado,Boston Celtics,3,8,10,2.8,2PT Field Goal,Restricted Area,-17.2,21.9,0,3.93,4.4
22300336,A. Kowalski,Boston Celtics,1,0,49,3.2,2PT Field Goal,Restricted Area,13.1,29.5,1,4.39,19.1
22300443,M. Okafor,Miami Heat,2,6,2,23.5,3PT Field Goal,Above the Break 3,211.1,102.8,1,3.81,8.5
22300105,R. Delgado,Denver Nuggets,3,9,5,3.1,2PT Field Goal,Restricted Area,27.6,13.9,1,2.39,13.7
22300326,K. Albrecht,Denver Nuggets,1,7,21,0.2,2PT Field Goal,Restricted Area,1.8,0.8,1,1.37,13.6
22300827,M. Okafor,Golden State Warriors,1,3,36,16.7,2PT Field Goal,Mid-Range,-60.8,155.0,0,4.07,17.6
22300149,S. Whitfield,Phoenix Suns,3,11,22,8.2,2PT Field Goal,In The Paint (Non-RA),-28.1,76.8,1,2.18,21.6
22300136,M. Okafor,Golden State Warriors,3,11,32,27.0,3PT Field Goal,Above the Break 3,-233.0,135.7,0,3.46,5.4
22300417,T. Nwosu,Milwaukee Bucks,2,9,21,2.3,2PT Field Goal,Restricted Area,13.9,18.5,0,1.35,17.4
22300158,B. Osei,Golden State Warriors,1,5,44,0.2,2PT Field Goal,Restricted Area,1.5,1.3,1,1.15,23.2
22300747,R. Delgado,Boston Celtics,1,2,18,4.0,2PT Field Goal,In The Paint (Non-RA),-36.2,16.9,1,3.33,4.7
22300843,L. Fitzgerald,Miami Heat,4,3,2,5.3,2PT Field Goal,In The Paint (Non-RA),-21.1,48.8,1,3.76,14.9
22300398,B. Osei,Los Angeles Lakers,2,5,43,2.1,2PT Field Goal,Restricted Area,17.1,12.8,1,9.32,15.1
22300264,L. Fitzgerald,Milwaukee Bucks,3,6,35,10.1,2PT Field Goal,In The Paint (Non-RA),-20.8,98.7,0,4.11,4.3
22300502,J. Carter,Los Angeles Lakers,2,6,49,15.0,2PT Field Goal,Mid-Range,96.2,115.3,1,6.73,22.6
22300049,K. Albrecht,Milwaukee Bucks,2,10,57,1.5,2PT Field Goal,Restricted Area,-2.9,14.8,1,5.45,23.6
22300496,A. Kowalski,Golden State Warriors,1,8,11,18.0,2PT Field Goal,Mid-Range,160.5,81.7,1,5.0,17.7
22300037,J. Carter,Phoenix Suns,3,1,6,2.9,2PT Field Goal,Restricted Area,-23.6,16.0,1,3.61,15.8
22300364,L. Fitzgerald,Miami Heat,1,8,0,15.7,2PT Field Goal,Mid-Range,82.3,133.2,0,5.79,20.2
22300705,J. Carter,Phoenix Suns,4,10,43,24.4,3PT Field Goal,Above the Break 3,210.7,122.3,0,5.52,15.6
22300747,M. Okafor,Milwaukee Bucks,3,0,2,24.9,3PT Field Goal,Above the Break 3,160.2,190.7,0,1.07,13.9
22300084,J. Carter,Miami Heat,1,0,47,14.5,2PT Field Goal,Mid-Range,106.9,97.7,1,5.85,17.5
22300453,L. Fitzgerald,Golden State Warriors,2,11,26,22.5,3PT Field Goal,Above the Break 3,-94.9,204.0,0,3.83,13.2
22300096,J. Carter,Los Angeles Lakers,3,10,29,2.6,2PT Field Goal,Restricted Area,3.1,26.2,0,0.62,2.5
22300369,J. Carter,Los Angeles Lakers,4,8,47,0.7,2PT Field Goal,Restricted Area,0.0,6.6,0,2.51,5.9
22300729,D. Reyes,Phoenix Suns,2,6,29,10.7,2PT Field Goal,In The Paint (Non-RA),-95.4,47.7,1,5.93,20.8
22300145,K. Albrecht,Boston Celtics,2,5,52,8.4,2PT Field Goal,In The Paint (Non-RA),53.9,64.8,1,6.47,3.8
22300388,D. Reyes,Golden State Warriors,3,6,12,25.2,3PT Field Goal,Above the Break 3,-216.6,129.6,0,4.03,4.4
22300716,K. Albrecht,Boston Celtics,2,0,47,11.9,2PT Field Goal,In The Paint (Non-RA),-72.2,94.8,0,7.12,18.9
22300743,T. Nwosu,Los Angeles Lakers,3,1,20,4.0,2PT Field Goal,Restricted Area,-19.3,34.8,0,6.13,17.4
22300814,T. Nwosu,Denver Nuggets,4,8,25,21.6,2PT Field Goal,Mid-Range,185.8,110.9,0,0.72,1.1
22300649,J. Carter,Golden State Warriors,3,9,11,1.8,2PT Field Goal,Restricted Area,14.7,9.9,1,1.77,11.5
22300852,J. Carter,Boston Celtics,3,0,24,27.5,3PT Field Goal,Above the Break 3,-99.4,256.8,1,5.1,17.6
22300060,D. Reyes,Golden State Warriors,1,8,46,0.2,2PT Field Goal,Restricted Area,-0.6,1.9,0,2.22,3.0
22300142,B. Osei,Milwaukee Bucks,4,6,45,3.7,2PT Field Goal,Restricted Area,-25.6,26.9,1,2.85,22.3
22300693,B. Osei,Milwaukee Bucks,3,9,13,3.9,2PT Field Goal,Restricted Area,-19.5,33.5,0,4.98,3.2
22300128,L. Fitzgerald,Phoenix Suns,1,8,36,3.5,2PT Field Goal,Restricted Area,-29.6,19.4,1,3.62,8.6
22300637,D. Reyes,Denver Nuggets,4,7,58,15.1,2PT Field Goal,Mid-Range,125.9,83.5,0,2.69,6.4
22300084,T. Nwosu,Boston Celtics,4,4,25,2.7,2PT Field Goal,Restricted Area,-9.8,25.2,0,1.04,12.7
22300105,T. Nwosu,Golden State Warriors,1,8,11,1.0,2PT Field Goal,Restricted Area,-6.5,7.6,1,9.04,0.5
22300272,R. Delgado,Phoenix Suns,1,6,12,16.9,2PT Field Goal,Mid-Range,-139.6,95.8,0,1.06,14.0
22300970,D. Reyes,Milwaukee Bucks,4,3,13,24.7,3PT Field Goal,Above the Break 3,-183.7,164.5,0,3.29,17.6
22300842,B. Osei,New York Knicks,1,0,17,3.2,2PT Field Goal,Restricted Area,-28.3,14.2,1,6.82,18.7
22300916,M. Okafor,New York Knicks,4,11,55,11.7,2PT Field Goal,In The Paint (Non-RA),-25.3,113.9,0,4.05,9.1
22300223,B. Osei,Miami Heat,3,8,16,4.0,2PT Field Goal,In The Paint (Non-RA),27.8,28.7,1,2.08,23.1
22300722,M. Okafor,Los Angeles Lakers,1,0,40,3.0,2PT Field Goal,Restricted Area,25.4,16.4,1,1.63,17.8
22300109,L. Fitzgerald,Los Angeles Lakers,1,0,12,4.0,2PT Field Goal,Restricted Area,-22.6,32.5,1,6.96,4.3
22300056,B. Osei,Milwaukee Bucks,2,10,0,1.1,2PT Field Goal,Restricted Area,-9.1,6.9,1,6.08,5.2
22300554,S. Whitfield,Golden State Warriors,2,10,7,25.3,3PT Field Goal,Above the Break 3,-73.0,242.0,0,0.3,21.0
22300953,M. Okafor,Denver Nuggets,2,3,47,3.3,2PT Field Goal,Restricted Area,-29.7,13.7,0,1.07,1.8
22300222,J. Carter,Miami Heat,2,0,46,15.6,2PT Field Goal,Mid-Range,105.4,115.1,0,5.75,9.3
22300601,A. Kowalski,Milwaukee Bucks,4,0,25,28.6,3PT Field Goal,Above the Break 3,-126.8,256.7,0,8.04,8.0
22300272,L. Fitzgerald,New York Knicks,3,10,57,10.7,2PT Field Goal,In The Paint (Non-RA),-48.0,96.1,0,3.01,8.8
22300101,S. Whitfield,Phoenix Suns,1,4,41,11.5,2PT Field Goal,In The Paint (Non-RA),90.6,71.2,0,6.49,2.2
22300747,D. Reyes,Milwaukee Bucks,3,9,8,3.2,2PT Field Goal,Restricted Area,27.2,16.2,1,0.56,4.5
22300601,S. Whitfield,New York Knicks,1,11,28,0.3,2PT Field Goal,Restricted Area,2.4,1.7,1,0.38,4.5
22300989,K. Albrecht,Milwaukee Bucks,2,4,33,0.2,2PT Field Goal,Restricted Area,0.0,2.0,0,1.36,13.9
22300797,R. Delgado,Denver Nuggets,4,6,29,27.1,3PT Field Goal,Above the Break 3,-103.1,250.3,1,5.43,5.5
22300227,M. Okafor,Boston Celtics,2,10,11,1.2,2PT Field Goal,Restricted Area,-10.1,6.6,0,4.74,11.2
22300519,J. Carter,Golden State Warriors,4,10,34,2.2,2PT Field Goal,Restricted Area,19.0,10.1,1,5.94,7.2
22300299,J. Carter,Boston Celtics,1,0,27,28.1,3PT Field Goal,Above the Break 3,-250.2,126.9,0,0.3,1.1
22300373,K. Albrecht,Golden State Warriors,1,2,19,8.3,2PT Field Goal,In The Paint (Non-RA),57.6,59.5,0,8.15,8.0
22300799,D. Reyes,Los Angeles Lakers,1,5,57,5.6,2PT Field Goal,In The Paint (Non-RA),41.4,37.0,1,3.31,16.6
22300858,R. Delgado,Golden State Warriors,3,2,7,2.6,2PT Field Goal,Restricted Area,17.5,19.2,0,10.46,11.6
22300155,D. Reyes,Denver Nuggets,3,5,25,1.8,2PT Field Goal,Restricted Area,13.2,12.1,1,4.87,16.6
22300138,K. Albrecht,Miami Heat,2,1,55,26.6,3PT Field Goal,Above the Break 3,-46.1,262.2,0,0.3,3.4
22300555,A. Kowalski,Phoenix Suns,2,11,43,2.0,2PT Field Goal,Restricted Area,15.1,12.9,1,4.17,20.6
22300107,R. Delgado,Golden State Warriors,4,11,30,1.9,2PT Field Goal,Restricted Area,-6.3,18.2,0,2.29,17.7
22300509,J. Carter,Los Angeles Lakers,2,8,42,27.7,3PT Field Goal,Above the Break 3,240.0,137.4,1,7.86,1.9
22300149,M. Okafor,Boston Celtics,3,0,36,2.2,2PT Field Goal,Restricted Area,-19.0,10.4,1,4.78,9.8
22300309,J. Carter,Los Angeles Lakers,3,7,56,22.5,3PT Field Goal,Above the Break 3,171.5,145.7,0,7.18,15.4
22300913,B. Osei,Phoenix Suns,3,9,31,2.8,2PT Field Goal,Restricted Area,-7.9,26.4,1,2.39,21.7
22300542,K. Albrecht,New York Knicks,1,0,35,20.6,2PT Field Goal,Mid-Range,36.8,202.6,0,2.46,15.4
22300207,T. Nwosu,Milwaukee Bucks,1,9,16,20.3,2PT Field Goal,Mid-Range,-180.7,91.5,1,4.6,22.8
22300177,J. Carter,Phoenix Suns,4,2,2,9.3,2PT Field Goal,In The Paint (Non-RA),-85.0,37.3,0,4.43,4.5
22300856,T. Nwosu,Los Angeles Lakers,3,9,18,24.0,3PT Field Goal,Above the Break 3,-194.8,140.4,1,2.08,12.0
22300342,J. Carter,Miami Heat,4,4,35,2.7,2PT Field Goal,Restricted Area,-16.0,21.1,0,5.48,1.8
22300348,K. Albrecht,Los Angeles Lakers,4,5,3,21.4,2PT Field Goal,Mid-Range,-96.8,190.3,0,6.99,12.0
22300997,A. Kowalski,Milwaukee Bucks,3,6,10,22.5,3PT Field Goal,Above the Break 3,73.9,212.6,0,3.43,0.0
22300838,T. Nwosu,Golden State Warriors,1,8,12,2.0,2PT Field Goal,Restricted Area,-3.6,19.6,1,3.09,0.2
22300401,J. Carter,Denver Nuggets,4,2,10,17.8,2PT Field Goal,Mid-Range,48.8,171.2,0,3.1,3.4
22300425,T. Nwosu,Golden State Warriors,4,5,27,8.6,2PT Field Goal,In The Paint (Non-RA),-44.2,74.0,1,5.5,8.4
22300936,K. Albrecht,Denver Nuggets,1,5,2,5.5,2PT Field Goal,In The Paint (Non-RA),-44.3,32.3,0,3.95,7.9
22300912,L. Fitzgerald,Milwaukee Bucks,2,8,2,20.3,2PT Field Goal,Mid-Range,118.4,164.8,0,5.27,23.9
22300757,T. Nwosu,New York Knicks,4,8,29,20.5,2PT Field Goal,Mid-Range,43.5,200.2,1,6.84,2.6
22300499,L. Fitzgerald,Milwaukee Bucks,1,9,42,29.0,3PT Field Goal,Above the Break 3,224.6,183.5,1,3.53,4.5
22300978,D. Reyes,Milwaukee Bucks,1,3,53,25.8,3PT Field Goal,Above the Break 3,215.9,141.6,0,3.59,20.3
22300063,R. Delgado,Los Angeles Lakers,2,8,43,20.7,2PT Field Goal,Mid-Range,-18.8,206.3,0,3.54,18.3
22300102,S. Whitfield,Milwaukee Bucks,2,5,7,25.3,3PT Field Goal,Above the Break 3,-166.7,189.8,0,7.7,16.6
22300508,T. Nwosu,Boston Celtics,4,5,53,15.3,2PT Field Goal,Mid-Range,-107.0,108.7,0,3.96,0.4
22300588,J. Carter,Phoenix Suns,4,7,28,2.4,2PT Field Goal,Restricted Area,-2.9,23.5,1,4.38,3.6
22300015,D. Reyes,Los Angeles Lakers,2,4,18,1.5,2PT Field Goal,Restricted Area,-7.2,13.5,1,3.52,19.1
22300702,A. Kowalski,Boston Celtics,3,4,47,3.0,2PT Field Goal,Restricted Area,14.5,26.4,1,6.32,1.6
22300223,T. Nwosu,Miami Heat,1,4,0,1.5,2PT Field Goal,Restricted Area,-1.2,14.6,1,5.18,14.4
22300755,S. Whitfield,Los Angeles Lakers,2,1,36,4.0,2PT Field Goal,In The Paint (Non-RA),7.5,39.3,1,1.53,8.1
22300069,S. Whitfield,Golden State Warriors,3,2,52,17.9,2PT Field Goal,Mid-Range,-64.1,167.4,1,6.44,9.0
22300493,R. Delgado,Boston Celtics,3,3,24,19.2,2PT Field Goal,Mid-Range,117.8,152.1,1,5.18,12.1
22300408,A. Kowalski,Los Angeles Lakers,3,7,49,16.4,2PT Field Goal,Mid-Range,6.0,164.4,1,7.04,19.3
22300818,T. Nwosu,Los Angeles Lakers,3,11,43,11.0,2PT Field Goal,In The Paint (Non-RA),81.1,73.7,1,5.46,24.0
22300764,L. Fitzgerald,Los Angeles Lakers,1,3,43,8.4,2PT Field Goal,In The Paint (Non-RA),-5.5,84.2,1,4.09,19.6
22300990,T. Nwosu,Los Angeles Lakers,1,9,33,2.0,2PT Field Goal,Restricted Area,15.0,13.8,1,1.87,15.7
22300156,M. Okafor,Miami Heat,4,2,30,24.1,3PT Field Goal,Above the Break 3,165.4,175.7,0,6.54,20.3
22300585,A. Kowalski,Milwaukee Bucks,2,4,37,2.4,2PT Field Goal,Restricted Area,-11.7,20.8,1,7.13,2.9
22300773,M. Okafor,Miami Heat,3,11,36,1.2,2PT Field Goal,Restricted Area,-5.4,10.2,0,2.17,11.0
22300154,M. Okafor,Denver Nuggets,3,0,28,20.3,2PT Field Goal,Mid-Range,186.0,80.8,0,4.07,23.6
22300565,L. Fitzgerald,New York Knicks,1,1,58,1.7,2PT Field Goal,Restricted Area,-3.7,16.1,1,5.31,8.9
22300140,T. Nwosu,Los Angeles Lakers,1,5,36,23.7,3PT Field Goal,Above the Break 3,70.3,225.9,0,3.91,2.4
22300059,M. Okafor,Miami Heat,2,5,27,10.8,2PT Field Goal,In The Paint (Non-RA),88.8,60.7,1,5.13,15.8
22300082,J. Carter,New York Knicks,1,0,54,2.3,2PT Field Goal,Restricted Area,2.1,22.5,1,3.33,5.5
22300834,T. Nwosu,Miami Heat,4,2,17,2.1,2PT Field Goal,Restricted Area,-17.9,10.8,0,2.71,22.2
22300891,J. Carter,Phoenix Suns,3,7,23,1.3,2PT Field Goal,Restricted Area,-2.8,12.9,0,7.07,6.4
22300287,B. Osei,Boston Celtics,1,6,48,19.1,2PT Field Goal,Mid-Range,13.3,190.4,0,0.3,16.8
22300177,T. Nwosu,Golden State Warriors,4,10,35,0.7,2PT Field Goal,Restricted Area,5.9,3.3,1,5.71,20.4
22300067,B. Osei,Miami Heat,4,3,9,2.1,2PT Field Goal,Restricted Area,18.3,10.6,0,2.36,1.8
22300513,B. Osei,Golden State Warriors,3,7,31,20.4,2PT Field Goal,Mid-Range,-104.6,175.4,0,4.29,23.4
22300630,J. Carter,Los Angeles Lakers,2,11,7,2.2,2PT Field Goal,Restricted Area,-17.9,13.6,0,2.64,10.7
22300719,R. Delgado,Boston Celtics,2,8,4,22.5,3PT Field Goal,Above the Break 3,-2.3,225.0,0,4.57,13.0
22300401,T. Nwosu,Miami Heat,3,6,38,20.0,2PT Field Goal,Mid-Range,-38.4,195.8,0,2.76,9.4
22300375,D. Reyes,Golden State Warriors,2,10,42,29.0,3PT Field Goal,Above the Break 3,166.3,237.6,0,4.84,0.4
22300936,T. Nwosu,Miami Heat,3,2,32,25.3,3PT Field Goal,Above the Break 3,-10.1,253.2,0,0.87,22.3
22300948,J. Carter,Miami Heat,4,10,22,25.6,3PT Field Goal,Above the Break 3,-185.2,176.8,0,1.7,3.9
22300118,S. Whitfield,Phoenix Suns,4,11,37,2.7,2PT Field Goal,Restricted Area,-6.5,26.4,0,3.88,11.1
22300559,B. Osei,Denver Nuggets,1,0,49,17.5,2PT Field Goal,Mid-Range,-117.6,129.4,0,5.67,9.2
22300061,B. Osei,Milwaukee Bucks,4,9,15,3.5,2PT Field Goal,Restricted Area,22.5,27.5,0,2.23,11.6
22300646,A. Kowalski,Phoenix Suns,3,4,47,1.7,2PT Field Goal,Restricted Area,1.1,16.9,1,8.76,12.4
22300990,A. Kowalski,Boston Celtics,1,9,57,0.2,2PT Field Goal,Restricted Area,1.1,1.7,0,3.3,23.9
22300361,L. Fitzgerald,Los Angeles Lakers,2,10,28,1.9,2PT Field Goal,Restricted Area,-14.6,12.0,0,6.03,3.7
22300776,L. Fitzgerald,Los Angeles Lakers,4,8,21,0.2,2PT Field Goal,Restricted Area,1.9,0.8,1,0.3,9.4
22300123,R. Delgado,Golden State Warriors,2,11,4,0.5,2PT Field Goal,Restricted Area,-0.7,5.3,1,1.86,20.7
22300430,A. Kowalski,Los Angeles Lakers,4,6,14,14.9,2PT Field Goal,Mid-Range,43.7,142.8,0,1.84,18.0
22300176,A. Kowalski,Boston Celtics,1,2,3,3.3,2PT Field Goal,Restricted Area,20.8,25.5,0,1.46,19.8
22300510,J. Carter,Milwaukee Bucks,4,5,44,2.7,2PT Field Goal,Restricted Area,12.7,24.3,0,0.49,11.2
22300078,K. Albrecht,Milwaukee Bucks,4,7,44,5.9,2PT Field Goal,In The Paint (Non-RA),51.0,29.9,1,3.17,9.9
22300992,M. Okafor,Los Angeles Lakers,3,11,57,1.3,2PT Field Goal,Restricted Area,-9.6,8.8,1,2.19,7.7
22300010,D. Reyes,Denver Nuggets,1,11,43,15.9,2PT Field Goal,Mid-Range,89.5,131.8,1,7.98,8.1
22300722,A. Kowalski,Los Angeles Lakers,1,4,53,1.3,2PT Field Goal,Restricted Area,11.6,6.1,0,4.02,2.2
22300468,J. Carter,Golden State Warriors,1,10,4,18.0,2PT Field Goal,Mid-Range,112.4,140.1,0,4.84,18.9
22300243,L. Fitzgerald,Denver Nuggets,2,8,15,2.0,2PT Field Goal,Restricted Area,13.2,14.4,0,0.3,7.4
22300331,M. Okafor,Milwaukee Bucks,1,1,33,6.3,2PT Field Goal,In The Paint (Non-RA),-49.2,39.9,1,7.69,9.0
22300449,A. Kowalski,Los Angeles Lakers,2,8,33,23.0,3PT Field Goal,Above the Break 3,-128.8,190.0,1,7.8,5.9
22300025,S. Whitfield,Boston Celtics,3,2,54,0.2,2PT Field Goal,Restricted Area,1.8,0.8,1,1.59,16.9
22300614,R. Delgado,Los Angeles Lakers,4,1,19,21.6,2PT Field Goal,Mid-Range,-83.5,199.4,1,1.68,7.2
22300836,D. Reyes,Boston Celtics,3,1,24,4.9,2PT Field Goal,In The Paint (Non-RA),15.7,46.9,0,2.38,11.1
22300266,R. Delgado,Miami Heat,1,5,41,2.6,2PT Field Goal,Restricted Area,4.7,26.0,0,7.51,6.9
22300827,J. Carter,Golden State Warriors,2,2,29,1.6,2PT Field Goal,Restricted Area,15.1,6.6,0,1.06,19.2
22300030,M. Okafor,Boston Celtics,1,3,7,25.4,3PT Field Goal,Above the Break 3,-96.7,234.6,0,1.78,7.4
22300776,L. Fitzgerald,New York Knicks,1,2,31,4.0,2PT Field Goal,In The Paint (Non-RA),-22.3,33.2,1,0.45,13.7
22300505,T. Nwosu,Denver Nuggets,3,8,22,15.7,2PT Field Goal,Mid-Range,-1.4,156.6,0,4.83,12.4
22300351,A. Kowalski,Milwaukee Bucks,1,0,33,13.1,2PT Field Goal,In The Paint (Non-RA),87.9,96.8,0,6.16,0.6
22300209,K. Albrecht,New York Knicks,2,9,9,26.2,3PT Field Goal,Above the Break 3,-144.6,218.1,0,1.9,23.2
22300506,D. Reyes,Miami Heat,1,9,2,0.8,2PT Field Goal,Restricted Area,-6.6,4.5,1,6.86,20.6
22300026,A. Kowalski,Golden State Warriors,3,1,7,10.9,2PT Field Goal,In The Paint (Non-RA),-69.3,84.1,0,4.55,17.9
22300187,D. Reyes,Milwaukee Bucks,4,6,50,20.5,2PT Field Goal,Mid-Range,102.7,177.8,0,2.22,4.0
22300144,S. Whitfield,Phoenix Suns,3,8,15,25.3,3PT Field Goal,Above the Break 3,-206.0,147.6,0,5.49,20.5
22300209,S. Whitfield,Milwaukee Bucks,1,8,39,3.3,2PT Field Goal,Restricted Area,7.0,31.9,1,7.17,23.3
22300704,J. Carter,Phoenix Suns,1,10,1,1.3,2PT Field Goal,Restricted Area,11.3,5.5,1,7.18,20.8
22300099,R. Delgado,Phoenix Suns,4,8,28,7.1,2PT Field Goal,In The Paint (Non-RA),56.7,42.6,1,5.42,15.2
22300303,S. Whitfield,Boston Celtics,4,11,13,16.1,2PT Field Goal,Mid-Range,-86.0,135.6,1,7.3,19.6
22300887,S. Whitfield,Phoenix Suns,3,9,17,3.3,2PT Field Goal,Restricted Area,-30.1,13.2,1,4.21,6.3
22300176,A. Kowalski,Phoenix Suns,1,10,3,18.7,2PT Field Goal,Mid-Range,-168.2,81.9,0,4.94,18.3
22300338,R. Delgado,Miami Heat,4,0,23,21.2,2PT Field Goal,Mid-Range,135.5,163.2,0,8.4,7.9
22300281,T. Nwosu,Miami Heat,2,8,44,26.6,3PT Field Goal,Above the Break 3,178.2,197.5,0,3.94,8.5
22300251,B. Osei,Miami Heat,1,5,59,0.9,2PT Field Goal,Restricted Area,-7.0,5.6,1,2.31,19.7
22300612,J. Carter,Phoenix Suns,3,11,7,4.5,2PT Field Goal,In The Paint (Non-RA),14.9,42.7,1,1.35,2.2
22300948,K. Albrecht,Boston Celtics,2,3,24,2.9,2PT Field Goal,Restricted Area,-19.1,22.4,0,2.99,0.9
22300795,T. Nwosu,Golden State Warriors,4,1,27,7.4,2PT Field Goal,In The Paint (Non-RA),-30.8,66.9,0,0.3,16.0
22300886,D. Reyes,Los Angeles Lakers,3,11,20,1.5,2PT Field Goal,Restricted Area,1.7,15.3,1,2.01,20.9
22300791,K. Albrecht,Miami Heat,3,1,2,24.0,3PT Field Goal,Above the Break 3,213.4,109.2,0,1.51,13.9
22300751,S. Whitfield,Miami Heat,2,7,31,1.1,2PT Field Goal,Restricted Area,-9.4,5.4,1,3.78,14.4
22300147,S. Whitfield,New York Knicks,1,4,31,26.1,3PT Field Goal,Above the Break 3,127.8,227.2,1,0.99,2.0
22300185,A. Kowalski,Boston Celtics,3,9,19,1.9,2PT Field Goal,Restricted Area,14.9,11.6,0,3.93,12.6
22300086,L. Fitzgerald,Denver Nuggets,4,1,16,2.6,2PT Field Goal,Restricted Area,-2.2,26.3,0,4.19,22.7
22300456,R. Delgado,Boston Celtics,2,1,20,2.5,2PT Field Goal,Restricted Area,21.1,14.3,0,6.07,11.2
22300319,A. Kowalski,Denver Nuggets,2,7,22,4.0,2PT Field Goal,Restricted Area,-10.9,38.0,0,6.64,13.4
22300851,M. Okafor,New York Knicks,3,3,6,27.1,3PT Field Goal,Above the Break 3,-242.5,120.9,0,7.89,5.6
22300708,T. Nwosu,Los Angeles Lakers,3,5,6,26.5,3PT Field Goal,Above the Break 3,-52.0,259.8,0,3.62,3.4
22300036,K. Albrecht,Miami Heat,3,0,49,26.2,3PT Field Goal,Above the Break 3,-5.5,261.7,0,0.97,21.6
22300446,J. Carter,Phoenix Suns,4,1,59,11.8,2PT Field Goal,In The Paint (Non-RA),29.2,114.3,1,6.03,4.7
22300992,A. Kowalski,Phoenix Suns,4,4,40,3.0,2PT Field Goal,Restricted Area,-26.6,14.9,0,5.17,22.9
22300819,A. Kowalski,Los Angeles Lakers,1,5,20,17.6,2PT Field Goal,Mid-Range,-155.2,82.7,1,3.2,21.5
22300933,S. Whitfield,Milwaukee Bucks,3,4,3,25.3,3PT Field Goal,Above the Break 3,-195.0,161.1,0,6.15,2.3
22300298,D. Reyes,Golden State Warriors,1,11,38,0.2,2PT Field Goal,Restricted Area,-1.5,1.3,1,8.84,19.5
22300805,L. Fitzgerald,New York Knicks,2,4,40,23.7,3PT Field Goal,Above the Break 3,-149.9,183.6,0,5.11,0.8
22300550,L. Fitzgerald,Milwaukee Bucks,4,6,50,1.6,2PT Field Goal,Restricted Area,4.8,15.2,1,3.26,22.1
22300887,J. Carter,Golden State Warriors,3,4,42,26.5,3PT Field Goal,Above the Break 3,-88.2,249.7,0,4.73,19.8
22300495,R. Delgado,Los Angeles Lakers,1,7,51,13.0,2PT Field Goal,In The Paint (Non-RA),100.1,82.8,0,2.09,0.1
22300497,D. Reyes,Los Angeles Lakers,1,8,38,24.8,3PT Field Goal,Above the Break 3,192.8,155.6,1,8.9,17.6
22300515,B. Osei,Denver Nuggets,3,3,42,23.8,3PT Field Goal,Above the Break 3,191.0,141.7,0,1.4,10.0
22300386,T. Nwosu,Golden State Warriors,4,1,53,0.2,2PT Field Goal,Restricted Area,1.5,1.3,1,1.85,4.0
22300445,K. Albrecht,Phoenix Suns,2,5,57,5.7,2PT Field Goal,In The Paint (Non-RA),52.4,21.5,1,6.63,10.0
22300804,A. Kowalski,Los Angeles Lakers,1,6,36,1.6,2PT Field Goal,Restricted Area,1.9,16.0,1,3.79,10.1
22300756,B. Osei,Denver Nuggets,4,8,36,13.2,2PT Field Goal,In The Paint (Non-RA),-32.9,128.3,1,1.36,21.8
22300224,T. Nwosu,Miami Heat,1,0,0,2.8,2PT Field Goal,Restricted Area,-4.6,27.7,0,6.44,12.9
22300162,K. Albrecht,New York Knicks,1,1,11,0.5,2PT Field Goal,Restricted Area,-3.8,2.8,0,6.96,21.6
22300063,A. Kowalski,Boston Celtics,2,9,43,6.0,2PT Field Goal,In The Paint (Non-RA),-43.4,41.7,0,0.43,14.1
22300354,M. Okafor,Golden State Warriors,4,1,53,0.7,2PT Field Goal,Restricted Area,5.9,3.0,1,5.77,9.8
22300164,L. Fitzgerald,Boston Celtics,2,7,11,4.4,2PT Field Goal,In The Paint (Non-RA),20.6,38.3,1,6.58,4.7
22300342,K. Albrecht,Phoenix Suns,1,4,43,26.9,3PT Field Goal,Above the Break 3,211.1,166.2,0,8.59,17.9
22300193,L. Fitzgerald,Denver Nuggets,1,7,36,2.2,2PT Field Goal,Restricted Area,17.7,13.7,0,5.37,14.2
22300968,A. Kowalski,New York Knicks,3,0,15,22.6,3PT Field Goal,Above the Break 3,160.1,159.4,0,6.02,0.6
22300902,J. Carter,Milwaukee Bucks,3,0,42,5.3,2PT Field Goal,In The Paint (Non-RA),-16.3,50.7,1,4.51,5.3
22300572,R. Delgado,Phoenix Suns,3,3,21,1.7,2PT Field Goal,Restricted Area,-15.1,8.3,1,5.93,10.0
22300509,M. Okafor,Denver Nuggets,4,9,23,24.5,3PT Field Goal,Above the Break 3,-37.3,242.0,1,8.31,5.6
22300750,J. Carter,Golden State Warriors,4,0,22,4.2,2PT Field Goal,In The Paint (Non-RA),38.0,17.4,0,5.94,0.3
22300561,J. Carter,Los Angeles Lakers,1,10,42,6.4,2PT Field Goal,In The Paint (Non-RA),-50.2,39.9,1,2.82,23.8
22300960,T. Nwosu,Golden State Warriors,2,10,32,4.0,2PT Field Goal,Restricted Area,3.5,39.4,0,4.09,18.2
22300017,T. Nwosu,Los Angeles Lakers,3,1,58,26.9,3PT Field Goal,Above the Break 3,-191.8,188.4,0,8.87,16.6
22300276,D. Reyes,Miami Heat,4,1,35,2.5,2PT Field Goal,Restricted Area,16.7,18.0,1,1.34,13.9
22300227,J. Carter,Boston Celtics,1,6,7,2.7,2PT Field Goal,Restricted Area,19.7,18.5,1,2.86,15.2
22300848,S. Whitfield,Boston Celtics,1,8,20,4.0,2PT Field Goal,In The Paint (Non-RA),-31.7,24.4,1,2.71,4.6
22300050,L. Fitzgerald,Milwaukee Bucks,2,8,49,1.5,2PT Field Goal,Restricted Area,4.5,14.0,1,7.35,8.2
22300742,S. Whitfield,Golden State Warriors,1,6,58,27.2,3PT Field Goal,Above the Break 3,250.1,106.8,0,2.2,11.6
22300796,K. Albrecht,Los Angeles Lakers,4,10,43,11.7,2PT Field Goal,In The Paint (Non-RA),-49.0,106.2,0,3.28,20.8
22300095,K. Albrecht,Golden State Warriors,1,0,29,15.8,2PT Field Goal,Mid-Range,-0.5,157.6,0,4.12,7.4
22300629,D. Reyes,Miami Heat,1,7,45,24.8,3PT Field Goal,Above the Break 3,-37.2,245.3,0,5.57,18.0
22300916,K. Albrecht,New York Knicks,1,9,30,8.8,2PT Field Goal,In The Paint (Non-RA),-24.1,84.5,1,5.71,1.8
22300705,L. Fitzgerald,Boston Celtics,1,11,47,2.1,2PT Field Goal,Restricted Area,0.1,20.7,1,1.58,16.4
22300492,J. Carter,Miami Heat,1,9,12,16.5,2PT Field Goal,Mid-Range,-108.1,124.3,1,1.58,1.3
22300409,D. Reyes,Boston Celtics,1,10,33,11.9,2PT Field Goal,In The Paint (Non-RA),1.5,119.2,0,0.91,10.7
22300450,D. Reyes,Golden State Warriors,2,5,51,0.9,2PT Field Goal,Restricted Area,-1.2,8.7,1,6.95,2.3
22300512,K. Albrecht,Golden State Warriors,4,8,25,2.4,2PT Field Goal,Restricted Area,20.6,11.8,1,3.67,7.7
22300278,T. Nwosu,New York Knicks,3,11,37,3.3,2PT Field Goal,Restricted Area,-8.7,31.9,1,4.68,21.7
22300661,R. Delgado,Milwaukee Bucks,2,11,0,25.6,3PT Field Goal,Above the Break 3,211.6,144.1,0,4.26,18.2
22300271,M. Okafor,New York Knicks,4,8,58,3.7,2PT Field Goal,Restricted Area,17.5,32.6,1,0.78,22.5
22300161,K. Albrecht,Phoenix Suns,3,3,49,26.5,3PT Field Goal,Above the Break 3,222.3,143.5,0,0.4,17.6
22300737,R. Delgado,Denver Nuggets,2,2,9,2.0,2PT Field Goal,Restricted Area,17.7,9.8,1,1.62,11.5
22300607,B. Osei,Milwaukee Bucks,4,1,37,1.2,2PT Field Goal,Restricted Area,9.4,7.7,1,8.81,5.6
22300963,R. Delgado,Milwaukee Bucks,1,10,42,1.2,2PT Field Goal,Restricted Area,-0.7,11.5,1,3.34,20.0
22300317,D. Reyes,Milwaukee Bucks,3,0,45,4.9,2PT Field Goal,In The Paint (Non-RA),20.2,44.9,0,5.42,4.5
22300325,A. Kowalski,Boston Celtics,4,10,40,0.4,2PT Field Goal,Restricted Area,-2.8,2.9,0,1.88,6.4
22300067,R. Delgado,Los Angeles Lakers,4,10,42,20.0,2PT Field Goal,Mid-Range,175.5,95.3,1,10.33,14.0
22300871,T. Nwosu,Miami Heat,4,4,8,25.4,3PT Field Goal,Above the Break 3,187.6,170.6,0,4.46,5.1
22300928,A. Kowalski,New York Knicks,2,10,46,2.2,2PT Field Goal,Restricted Area,-1.2,22.1,1,0.57,17.6
22300544,D. Reyes,Los Angeles Lakers,2,3,11,24.1,3PT Field Goal,Above the Break 3,160.9,179.4,0,3.1,2.0
22300425,D. Reyes,Golden State Warriors,4,3,26,3.7,2PT Field Goal,Restricted Area,11.5,35.1,1,5.01,2.3
22300001,K. Albrecht,Milwaukee Bucks,2,8,44,11.5,2PT Field Goal,In The Paint (Non-RA),-99.0,58.1,0,6.59,6.6
22300910,J. Carter,New York Knicks,2,1,16,0.2,2PT Field Goal,Restricted Area,-0.9,1.8,1,3.42,9.9
22300497,A. Kowalski,Denver Nuggets,2,2,14,26.3,3PT Field Goal,Above the Break 3,-228.2,130.1,1,5.79,5.2
22300569,L. Fitzgerald,Phoenix Suns,4,1,7,0.2,2PT Field Goal,Restricted Area,0.7,1.9,0,4.92,2.7
22300127,J. Carter,Miami Heat,2,8,49,25.8,3PT Field Goal,Above the Break 3,191.9,172.1,1,4.75,11.0
22300664,M. Okafor,Boston Celtics,2,9,13,3.7,2PT Field Goal,Restricted Area,-27.8,25.2,1,3.27,23.5
22300895,J. Carter,Phoenix Suns,3,1,58,19.4,2PT Field Goal,Mid-Range,-152.9,118.7,1,5.14,21.1
22300667,S. Whitfield,Phoenix Suns,2,9,57,0.2,2PT Field Goal,Restricted Area,-1.7,1.0,1,6.83,20.4
22300984,J. Carter,Milwaukee Bucks,3,0,39,5.4,2PT Field Goal,In The Paint (Non-RA),1.8,53.6,0,4.22,16.6
22300968,L. Fitzgerald,Phoenix Suns,3,0,48,19.0,2PT Field Goal,Mid-Range,171.6,82.0,0,3.45,7.5
22300479,B. Osei,Boston Celtics,2,8,23,2.5,2PT Field Goal,Restricted Area,21.5,12.0,1,10.74,10.0
22300486,T. Nwosu,Los Angeles Lakers,4,1,16,15.7,2PT Field Goal,Mid-Range,58.8,145.6,1,5.85,18.7
22300623,J. Carter,Milwaukee Bucks,4,3,22,25.7,3PT Field Goal,Above the Break 3,-100.1,236.4,1,5.77,14.9
22300956,D. Reyes,Miami Heat,2,1,16,0.6,2PT Field Goal,Restricted Area,4.4,3.5,1,0.84,3.8
22300624,S. Whitfield,Golden State Warriors,3,10,32,7.2,2PT Field Goal,In The Paint (Non-RA),-65.6,30.3,0,6.79,6.6
22300610,J. Carter,Denver Nuggets,4,7,0,3.0,2PT Field Goal,Restricted Area,-0.7,30.1,0,0.5,17.6
22300043,M. Okafor,Denver Nuggets,3,2,33,3.0,2PT Field Goal,Restricted Area,5.9,29.5,0,7.02,17.2
22300229,D. Reyes,Golden State Warriors,3,9,29,13.3,2PT Field Goal,In The Paint (Non-RA),122.6,52.6,0,5.02,7.8
22300987,J. Carter,Los Angeles Lakers,2,8,44,11.3,2PT Field Goal,In The Paint (Non-RA),-40.8,105.4,1,3.11,16.6
22300767,J. Carter,Miami Heat,3,5,35,20.0,2PT Field Goal,Mid-Range,182.6,82.5,0,2.63,1.9
22300933,R. Delgado,Phoenix Suns,4,11,16,27.5,3PT Field Goal,Above the Break 3,-72.9,265.1,0,4.63,9.7
22300394,D. Reyes,Miami Heat,2,1,31,26.0,3PT Field Goal,Above the Break 3,229.3,123.3,0,3.32,1.1
22300025,R. Delgado,Milwaukee Bucks,1,6,26,2.3,2PT Field Goal,Restricted Area,4.7,22.3,0,0.3,1.3
22300013,R. Delgado,Miami Heat,4,7,43,11.3,2PT Field Goal,In The Paint (Non-RA),-45.9,103.3,1,6.72,23.8
22300433,T. Nwosu,Milwaukee Bucks,4,7,37,20.7,2PT Field Goal,Mid-Range,22.6,205.8,0,0.68,6.0
22300949,K. Albrecht,Golden State Warriors,4,5,43,24.7,3PT Field Goal,Above the Break 3,66.4,237.5,0,3.83,14.8
22300214,S. Whitfield,New York Knicks,4,9,41,17.7,2PT Field Goal,Mid-Range,-42.3,171.8,0,3.11,18.4
22300669,L. Fitzgerald,Milwaukee Bucks,2,10,56,10.5,2PT Field Goal,In The Paint (Non-RA),-79.9,67.5,1,7.85,4.3
22300110,T. Nwosu,New York Knicks,3,11,12,3.1,2PT Field Goal,Restricted Area,-27.7,13.1,0,0.66,13.6
22300181,S. Whitfield,Milwaukee Bucks,1,4,52,25.8,3PT Field Goal,Above the Break 3,17.4,257.2,0,6.55,21.4
22300342,S. Whitfield,Miami Heat,2,10,23,2.1,2PT Field Goal,Restricted Area,18.7,10.2,1,5.31,13.1
22300119,B. Osei,New York Knicks,2,10,52,7.7,2PT Field Goal,In The Paint (Non-RA),-60.8,46.9,0,0.3,20.5
22300663,L. Fitzgerald,Los Angeles Lakers,3,5,21,29.0,3PT Field Goal,Above the Break 3,-149.0,248.6,1,0.93,18.2
22300547,K. Albrecht,Los Angeles Lakers,4,7,52,2.7,2PT Field Goal,Restricted Area,3.5,27.3,1,2.6,8.4
22300494,D. Reyes,Boston Celtics,4,0,39,24.2,3PT Field Goal,Above the Break 3,-159.4,182.0,1,1.76,7.8
22300447,K. Albrecht,Phoenix Suns,2,10,32,4.0,2PT Field Goal,In The Paint (Non-RA),-5.0,39.7,0,4.72,22.7
22300693,J. Carter,Phoenix Suns,1,3,44,3.4,2PT Field Goal,Restricted Area,26.1,21.6,1,5.52,10.9
22300856,K. Albrecht,Golden State Warriors,2,6,2,10.3,2PT Field Goal,In The Paint (Non-RA),-15.6,101.6,0,6.65,22.5
22300853,T. Nwosu,Denver Nuggets,4,6,1,25.0,3PT Field Goal,Above the Break 3,172.2,181.4,0,2.51,3.8
22300027,D. Reyes,Boston Celtics,2,7,37,8.3,2PT Field Goal,In The Paint (Non-RA),71.0,43.1,1,5.43,5.9
22300944,T. Nwosu,Los Angeles Lakers,3,4,45,24.0,3PT Field Goal,Above the Break 3,196.0,139.3,0,3.67,5.0
22300588,S. Whitfield,Phoenix Suns,4,10,25,11.9,2PT Field Goal,In The Paint (Non-RA),-32.9,114.4,0,5.4,18.3
22300748,L. Fitzgerald,New York Knicks,4,11,45,26.1,3PT Field Goal,Above the Break 3,131.4,225.7,1,4.06,8.4
22300711,B. Osei,Milwaukee Bucks,4,9,3,1.3,2PT Field Goal,Restricted Area,-4.0,12.2,1,4.16,2.8
22300892,D. Reyes,Milwaukee Bucks,1,4,4,1.1,2PT Field Goal,Restricted Area,6.8,8.8,1,3.44,22.8
22300765,S. Whitfield,New York Knicks,3,11,9,1.8,2PT Field Goal,Restricted Area,6.1,16.8,0,5.41,18.3
22300832,D. Reyes,Denver Nuggets,2,0,10,23.2,3PT Field Goal,Above the Break 3,95.9,211.4,0,4.48,12.8
22300167,R. Delgado,Boston Celtics,1,1,16,10.7,2PT Field Goal,In The Paint (Non-RA),-57.2,90.9,0,1.95,1.5
22300593,S. Whitfield,Golden State Warriors,3,7,10,16.2,2PT Field Goal,Mid-Range,-67.7,147.2,0,0.3,7.3
22300198,R. Delgado,Phoenix Suns,4,8,10,1.8,2PT Field Goal,Restricted Area,15.1,9.8,0,6.55,11.3
22300484,D. Reyes,Los Angeles Lakers,3,3,2,26.3,3PT Field Goal,Above the Break 3,171.8,199.0,0,6.0,12.8
22300939,R. Delgado,Milwaukee Bucks,2,2,23,26.9,3PT Field Goal,Above the Break 3,-100.4,249.1,0,4.02,9.6
22300601,R. Delgado,Boston Celtics,4,11,5,2.2,2PT Field Goal,Restricted Area,10.4,18.9,1,6.95,19.6
22300548,T. Nwosu,Denver Nuggets,2,4,59,1.4,2PT Field Goal,Restricted Area,-11.3,7.5,0,4.1,1.9
22300112,S. Whitfield,New York Knicks,2,7,52,24.1,3PT Field Goal,Above the Break 3,-108.1,215.3,0,3.93,9.4
22300719,T. Nwosu,Milwaukee Bucks,3,0,19,24.0,3PT Field Goal,Above the Break 3,-47.9,234.8,0,3.23,16.2
22300809,L. Fitzgerald,New York Knicks,2,1,58,22.8,3PT Field Goal,Above the Break 3,33.1,225.7,0,7.19,7.0
22300261,A. Kowalski,Los Angeles Lakers,3,3,2,2.9,2PT Field Goal,Restricted Area,12.1,25.9,0,8.44,1.9
22300733,L. Fitzgerald,Miami Heat,3,4,29,18.9,2PT Field Goal,Mid-Range,-159.5,100.6,1,3.75,12.4
22300874,R. Delgado,New York Knicks,4,11,30,2.1,2PT Field Goal,Restricted Area,-3.3,21.0,1,2.77,18.5
22300996,K. Albrecht,Los Angeles Lakers,4,10,14,12.9,2PT Field Goal,In The Paint (Non-RA),-82.3,99.2,1,6.71,15.9
22300373,J. Carter,Phoenix Suns,3,1,5,20.3,2PT Field Goal,Mid-Range,183.0,87.6,0,6.32,17.8
22300495,L. Fitzgerald,Miami Heat,3,0,20,2.5,2PT Field Goal,Restricted Area,-22.1,12.0,0,5.72,0.6
22300599,L. Fitzgerald,Golden State Warriors,4,5,9,12.4,2PT Field Goal,In The Paint (Non-RA),-51.5,112.4,1,0.91,18.8
22300389,T. Nwosu,Denver Nuggets,1,1,12,2.1,2PT Field Goal,Restricted Area,-11.3,17.5,1,4.93,15.7
22300248,B. Osei,Boston Celtics,4,10,8,2.8,2PT Field Goal,Restricted Area,-21.7,17.9,0,4.69,13.4
22300318,L. Fitzgerald,Milwaukee Bucks,2,3,31,0.6,2PT Field Goal,Restricted Area,-3.3,5.5,1,3.57,19.5
22300211,B. Osei,Boston Celtics,2,7,57,25.6,3PT Field Goal,Above the Break 3,-168.8,192.0,0,5.3,2.3
22300365,S. Whitfield,Los Angeles Lakers,3,0,54,4.0,2PT Field Goal,Restricted Area,9.7,38.6,1,3.89,10.4
22300791,R. Delgado,Milwaukee Bucks,2,6,19,23.5,3PT Field Goal,Above the Break 3,31.7,232.6,0,5.17,17.5
22300526,B. Osei,Phoenix Suns,3,2,28,24.4,3PT Field Goal,Above the Break 3,95.7,224.0,0,4.22,20.7
22300813,R. Delgado,Denver Nuggets,2,0,19,24.7,3PT Field Goal,Above the Break 3,228.4,94.8,1,3.6,9.3
22300437,M. Okafor,Boston Celtics,1,4,32,24.2,3PT Field Goal,Above the Break 3,-67.6,232.8,1,8.22,0.5
22300823,M. Okafor,New York Knicks,4,6,52,2.5,2PT Field Goal,Restricted Area,18.2,17.0,0,4.16,13.1
22300800,L. Fitzgerald,Denver Nuggets,4,11,1,2.6,2PT Field Goal,Restricted Area,11.3,23.6,1,5.69,14.9
22300799,R. Delgado,Miami Heat,3,4,3,2.8,2PT Field Goal,Restricted Area,17.3,22.2,0,6.44,6.8
22300060,S. Whitfield,Denver Nuggets,1,2,25,3.4,2PT Field Goal,Restricted Area,14.3,30.6,0,2.06,23.4
22300541,A. Kowalski,New York Knicks,1,11,39,3.0,2PT Field Goal,Restricted Area,-26.0,14.3,0,3.84,11.5
22300761,B. Osei,Denver Nuggets,3,1,59,27.0,3PT Field Goal,Above the Break 3,232.3,137.4,0,2.25,12.1
22300168,B. Osei,Boston Celtics,4,9,23,28.4,3PT Field Goal,Above the Break 3,72.4,274.2,0,3.87,21.0
22300815,S. Whitfield,Denver Nuggets,2,9,5,22.5,3PT Field Goal,Above the Break 3,202.2,98.7,0,1.54,6.0
22300156,L. Fitzgerald,New York Knicks,3,2,58,2.4,2PT Field Goal,Restricted Area,20.3,12.3,0,6.29,2.1
22300606,R. Delgado,New York Knicks,3,1,4,24.0,3PT Field Goal,Above the Break 3,-210.9,115.0,1,4.27,7.7
22300360,S. Whitfield,Los Angeles Lakers,1,0,20,25.9,3PT Field Goal,Above the Break 3,-135.6,221.1,1,1.41,19.7
22300735,B. Osei,New York Knicks,2,8,26,1.9,2PT Field Goal,Restricted Area,-1.3,18.6,1,5.35,16.8
22300114,T. Nwosu,New York Knicks,1,11,6,0.2,2PT Field Goal,Restricted Area,1.5,1.4,1,1.95,18.4
22300369,R. Delgado,Phoenix Suns,3,10,47,2.3,2PT Field Goal,Restricted Area,-17.3,15.8,0,0.94,9.9
22300767,B. Osei,Boston Celtics,2,1,28,12.4,2PT Field Goal,In The Paint (Non-RA),28.8,120.5,0,5.24,3.6
22300185,J. Carter,Boston Celtics,3,8,20,23.6,3PT Field Goal,Above the Break 3,-146.0,185.3,1,4.38,9.2
22300979,J. Carter,Los Angeles Lakers,4,1,24,1.7,2PT Field Goal,Restricted Area,-4.1,16.6,0,2.58,10.6
22300382,D. Reyes,Miami Heat,1,8,33,4.9,2PT Field Goal,In The Paint (Non-RA),-21.9,44.4,1,5.92,3.2
22300648,B. Osei,Boston Celtics,4,2,34,1.7,2PT Field Goal,Restricted Area,-13.3,10.7,1,5.32,12.5
22300181,J. Carter,Golden State Warriors,1,7,49,24.5,3PT Field Goal,Above the Break 3,194.1,149.9,1,4.67,15.4
22300760,J. Carter,Golden State Warriors,3,11,15,4.0,2PT Field Goal,In The Paint (Non-RA),15.4,36.9,1,6.62,6.9
22300901,A. Kowalski,Golden State Warriors,3,4,4,17.6,2PT Field Goal,Mid-Range,148.9,94.6,1,4.96,16.2
22300013,T. Nwosu,Los Angeles Lakers,3,11,19,0.2,2PT Field Goal,Restricted Area,-1.4,1.4,0,7.16,3.7
22300498,S. Whitfield,Denver Nuggets,2,4,28,18.5,2PT Field Goal,Mid-Range,63.5,173.6,0,5.07,15.8
22300142,A. Kowalski,Phoenix Suns,1,6,58,25.9,3PT Field Goal,Above the Break 3,36.0,256.1,0,5.06,1.0
22300153,J. Carter,Boston Celtics,1,3,20,28.0,3PT Field Goal,Above the Break 3,223.2,169.0,1,0.3,13.9
22300318,J. Carter,Milwaukee Bucks,3,11,57,27.6,3PT Field Goal,Above the Break 3,-185.9,204.1,0,3.48,4.8
22300248,A. Kowalski,Milwaukee Bucks,1,8,0,2.2,2PT Field Goal,Restricted Area,-12.9,17.3,1,8.7,17.6
22300064,M. Okafor,Los Angeles Lakers,2,7,50,3.5,2PT Field Goal,Restricted Area,-8.1,34.5,0,2.95,22.1
22300306,A. Kowalski,Miami Heat,4,11,7,3.2,2PT Field Goal,Restricted Area,29.8,12.7,1,3.97,8.3
22300832,L. Fitzgerald,Boston Celtics,3,7,50,3.6,2PT Field Goal,Restricted Area,-22.7,27.6,0,3.26,4.1
22300824,L. Fitzgerald,Boston Celtics,1,5,14,0.6,2PT Field Goal,Restricted Area,0.1,5.7,0,0.3,13.3
22300425,A. Kowalski,Golden State Warriors,3,8,25,25.0,3PT Field Goal,Above the Break 3,-124.8,216.2,1,5.66,0.8
22300202,R. Delgado,Los Angeles Lakers,2,11,27,0.9,2PT Field Goal,Restricted Area,-8.3,4.4,1,8.65,15.8
22300920,M. Okafor,Golden State Warriors,4,8,56,2.8,2PT Field Goal,Restricted Area,20.3,19.7,1,8.13,2.2
22300516,B. Osei,Golden State Warriors,2,9,18,25.7,3PT Field Goal,Above the Break 3,-38.2,254.4,0,3.75,16.7
22300276,B. Osei,Miami Heat,1,2,6,24.8,3PT Field Goal,Above the Break 3,-78.2,235.7,0,2.22,19.1
22300829,B. Osei,Golden State Warriors,4,3,13,25.2,3PT Field Goal,Above the Break 3,200.2,152.6,1,3.01,11.1
22300988,S. Whitfield,Milwaukee Bucks,4,1,27,4.2,2PT Field Goal,In The Paint (Non-RA),14.3,39.6,0,5.45,14.5
22300340,S. Whitfield,Miami Heat,2,1,49,1.7,2PT Field Goal,Restricted Area,15.2,8.3,1,3.36,18.4
22300760,K. Albrecht,Miami Heat,1,4,27,23.4,3PT Field Goal,Above the Break 3,-166.6,163.9,1,6.08,19.0
22300745,A. Kowalski,Denver Nuggets,4,9,14,4.0,2PT Field Goal,In The Paint (Non-RA),24.2,31.9,1,4.93,1.7
22300895,M. Okafor,Boston Celtics,1,11,5,22.5,3PT Field Goal,Above the Break 3,-170.4,146.9,1,1.43,6.3
22300185,S. Whitfield,New York Knicks,1,2,11,2.4,2PT Field Goal,Restricted Area,14.0,19.1,1,1.62,17.6
22300350,D. Reyes,Boston Celtics,1,7,51,2.3,2PT Field Goal,Restricted Area,-2.8,23.1,1,6.22,11.3
22300520,R. Delgado,Milwaukee Bucks,1,3,18,20.0,2PT Field Goal,Mid-Range,160.9,118.6,1,6.24,17.4
22300574,M. Okafor,Phoenix Suns,1,8,24,21.3,2PT Field Goal,Mid-Range,-69.2,201.8,0,4.31,13.2
22300498,T. Nwosu,Boston Celtics,3,3,1,14.6,2PT Field Goal,Mid-Range,98.1,108.6,0,7.68,13.5
22300390,R. Delgado,Denver Nuggets,4,9,21,19.5,2PT Field Goal,Mid-Range,-68.9,182.5,0,4.14,13.8
22300817,L. Fitzgerald,Milwaukee Bucks,2,10,1,14.5,2PT Field Goal,Mid-Range,-121.9,78.8,1,3.61,6.9
22300955,J. Carter,Miami Heat,1,5,13,2.6,2PT Field Goal,Restricted Area,7.0,25.3,1,4.18,16.9
22300649,T. Nwosu,Boston Celtics,4,9,12,1.8,2PT Field Goal,Restricted Area,-10.6,14.2,1,5.55,16.7
22300711,J. Carter,Denver Nuggets,3,7,40,2.2,2PT Field Goal,Restricted Area,13.2,18.1,1,0.3,18.6
22300318,B. Osei,Denver Nuggets,2,8,1,16.2,2PT Field Goal,Mid-Range,99.8,127.0,1,4.59,16.5
22300356,J. Carter,Denver Nuggets,2,1,29,1.3,2PT Field Goal,Restricted Area,-3.7,12.3,1,4.62,6.6
22300516,D. Reyes,Golden State Warriors,3,6,25,2.1,2PT Field Goal,Restricted Area,-14.2,14.8,1,2.33,14.4
22300232,R. Delgado,Phoenix Suns,2,10,57,7.8,2PT Field Goal,In The Paint (Non-RA),52.8,57.7,1,2.31,7.4
22300883,J. Carter,New York Knicks,4,8,40,13.4,2PT Field Goal,In The Paint (Non-RA),113.0,73.0,1,7.12,10.5
22300277,D. Reyes,New York Knicks,2,9,38,1.5,2PT Field Goal,Restricted Area,13.1,7.7,0,3.19,18.0
22300024,B. Osei,Milwaukee Bucks,3,11,10,24.8,3PT Field Goal,Above the Break 3,149.5,198.2,1,3.58,7.1
22300635,D. Reyes,Phoenix Suns,1,6,53,27.2,3PT Field Goal,Above the Break 3,-176.9,207.2,0,6.41,22.9
22300415,J. Carter,Golden State Warriors,1,7,20,2.4,2PT Field Goal,Restricted Area,18.4,15.5,0,1.43,19.5
22300907,K. Albrecht,Denver Nuggets,2,7,25,10.1,2PT Field Goal,In The Paint (Non-RA),-24.4,97.6,0,9.97,17.9
22300744,R. Delgado,Los Angeles Lakers,1,4,55,0.4,2PT Field Goal,Restricted Area,-0.0,4.0,1,2.56,4.3
22300816,L. Fitzgerald,Los Angeles Lakers,4,10,25,0.3,2PT Field Goal,Restricted Area,-1.7,2.6,1,2.8,15.3
22300355,B. Osei,Boston Celtics,1,1,9,2.7,2PT Field Goal,Restricted Area,15.2,21.7,1,0.93,5.1
22300975,L. Fitzgerald,Milwaukee Bucks,3,8,1,2.4,2PT Field Goal,Restricted Area,21.3,10.3,1,2.84,1.2
22300104,R. Delgado,Milwaukee Bucks,2,11,15,0.9,2PT Field Goal,Restricted Area,-2.9,9.0,0,2.05,10.1
22300695,T. Nwosu,New York Knicks,4,9,3,1.8,2PT Field Goal,Restricted Area,-12.2,13.6,1,3.19,4.5
22300439,K. Albrecht,New York Knicks,1,7,49,19.4,2PT Field Goal,Mid-Range,-10.6,194.2,1,1.7,18.0
22300024,D. Reyes,New York Knicks,3,6,11,0.8,2PT Field Goal,Restricted Area,-5.7,6.2,0,0.3,17.0
22300117,A. Kowalski,Denver Nuggets,2,5,0,26.9,3PT Field Goal,Above the Break 3,-200.3,179.0,0,6.97,17.6
22300090,R. Delgado,Boston Celtics,1,10,24,22.5,3PT Field Goal,Above the Break 3,-14.4,224.5,1,5.99,23.0
22300526,M. Okafor,Phoenix Suns,1,2,46,4.0,2PT Field Goal,In The Paint (Non-RA),-4.9,39.7,0,5.77,2.4
22300883,D. Reyes,Phoenix Suns,3,4,36,15.4,2PT Field Goal,Mid-Range,-141.1,61.7,1,5.5,13.8
22300257,L. Fitzgerald,Phoenix Suns,1,8,11,25.1,3PT Field Goal,Above the Break 3,222.6,116.9,1,5.63,10.1
22300152,J. Carter,New York Knicks,3,6,41,0.2,2PT Field Goal,Restricted Area,2.1,0.9,0,2.62,0.8
22300820,L. Fitzgerald,Milwaukee Bucks,3,6,32,19.3,2PT Field Goal,Mid-Range,134.2,139.1,0,10.91,3.4
22300317,D. Reyes,Los Angeles Lakers,3,7,13,9.8,2PT Field Goal,In The Paint (Non-RA),-43.9,87.4,1,2.87,23.7
22300746,S. Whitfield,Los Angeles Lakers,2,0,41,4.0,2PT Field Goal,In The Paint (Non-RA),12.8,37.9,1,1.45,23.1
22300336,T. Nwosu,Los Angeles Lakers,3,0,44,1.1,2PT Field Goal,Restricted Area,9.4,6.0,1,8.96,1.6
22300258,R. Delgado,Milwaukee Bucks,1,9,16,2.6,2PT Field Goal,Restricted Area,17.1,19.7,1,3.32,6.1
22300148,L. Fitzgerald,Milwaukee Bucks,1,1,37,20.3,2PT Field Goal,Mid-Range,182.7,87.5,0,4.37,3.6
22300795,L. Fitzgerald,Milwaukee Bucks,4,9,44,1.8,2PT Field Goal,Restricted Area,9.6,15.1,0,1.91,0.9
22300795,T. Nwosu,Golden State Warriors,4,9,25,12.3,2PT Field Goal,In The Paint (Non-RA),-49.8,111.9,1,3.64,2.0
22300402,B. Osei,Denver Nuggets,3,4,3,24.4,3PT Field Goal,Above the Break 3,-122.0,210.8,0,5.35,0.1
22300441,M. Okafor,New York Knicks,2,4,19,1.6,2PT Field Goal,Restricted Area,-9.7,13.3,0,5.0,1.1
22300611,D. Reyes,Boston Celtics,2,9,39,3.2,2PT Field Goal,Restricted Area,29.1,14.0,1,1.42,19.6
22300482,K. Albrecht,Boston Celtics,1,5,4,26.0,3PT Field Goal,Above the Break 3,-63.9,252.1,1,5.99,12.2
22300481,J. Carter,Miami Heat,1,11,55,19.5,2PT Field Goal,Mid-Range,42.9,189.7,0,2.44,18.5
22300205,D. Reyes,Los Angeles Lakers,4,4,15,20.6,2PT Field Goal,Mid-Range,119.8,167.4,0,0.63,0.5
22300265,D. Reyes,New York Knicks,1,7,37,3.1,2PT Field Goal,Restricted Area,-27.3,14.2,0,6.33,7.8
22300382,D. Reyes,Golden State Warriors,1,5,14,18.9,2PT Field Goal,Mid-Range,-96.1,162.5,0,5.0,3.4
22300975,J. Carter,Milwaukee Bucks,4,2,35,1.8,2PT Field Goal,Restricted Area,14.3,10.3,1,3.71,4.6
22300358,D. Reyes,Milwaukee Bucks,3,4,16,18.0,2PT Field Goal,Mid-Range,-23.0,178.8,0,2.44,19.8
22300846,D. Reyes,Los Angeles Lakers,3,2,18,10.3,2PT Field Goal,In The Paint (Non-RA),-48.1,91.5,1,6.01,18.9
22300734,K. Albrecht,Miami Heat,2,1,13,1.0,2PT Field Goal,Restricted Area,3.5,9.5,0,3.62,14.8
22300414,R. Delgado,Phoenix Suns,2,4,30,23.5,3PT Field Goal,Above the Break 3,-147.8,182.9,0,2.63,18.4
22300921,A. Kowalski,Golden State Warriors,2,11,6,21.9,2PT Field Goal,Mid-Range,125.7,179.2,0,5.53,15.5
22300046,J. Carter,Milwaukee Bucks,2,9,38,27.1,3PT Field Goal,Above the Break 3,99.9,252.3,0,4.89,4.8
22300302,A. Kowalski,Denver Nuggets,2,1,13,4.0,2PT Field Goal,In The Paint (Non-RA),32.1,23.9,0,1.45,2.1
22300042,T. Nwosu,Denver Nuggets,1,2,0,3.8,2PT Field Goal,Restricted Area,-24.8,28.7,0,7.12,22.5
22300272,R. Delgado,Denver Nuggets,3,10,11,2.3,2PT Field Goal,Restricted Area,-17.1,15.0,1,0.37,18.4
22300727,A. Kowalski,Milwaukee Bucks,3,3,32,1.7,2PT Field Goal,Restricted Area,7.8,15.7,0,2.37,15.9
22300703,S. Whitfield,Boston Celtics,4,3,26,2.5,2PT Field Goal,Restricted Area,3.4,24.3,1,5.07,13.7
22300797,T. Nwosu,Denver Nuggets,4,10,11,2.2,2PT Field Goal,Restricted Area,18.5,11.9,1,4.02,13.2
22300583,A. Kowalski,Boston Celtics,3,9,30,3.5,2PT Field Goal,Restricted Area,30.5,18.0,0,6.07,22.9
22300325,M. Okafor,Phoenix Suns,1,1,38,0.9,2PT Field Goal,Restricted Area,7.9,5.2,1,5.57,8.5
22300219,K. Albrecht,Golden State Warriors,1,5,1,25.1,3PT Field Goal,Above the Break 3,-224.2,113.3,0,0.3,22.4
22300275,S. Whitfield,Phoenix Suns,1,0,6,5.1,2PT Field Goal,In The Paint (Non-RA),27.0,43.5,0,7.3,12.8
22300203,S. Whitfield,Milwaukee Bucks,3,9,5,26.5,3PT Field Goal,Above the Break 3,172.0,202.0,0,3.08,12.7
22300856,S. Whitfield,Boston Celtics,3,11,27,2.1,2PT Field Goal,Restricted Area,8.3,19.6,1,4.23,20.0
22300862,S. Whitfield,Golden State Warriors,3,10,6,1.2,2PT Field Goal,Restricted Area,-6.7,9.6,0,2.48,8.4
22300974,L. Fitzgerald,Golden State Warriors,2,2,53,27.1,3PT Field Goal,Above the Break 3,-58.2,264.3,0,1.74,14.1
22300364,S. Whitfield,Phoenix Suns,4,5,43,3.7,2PT Field Goal,Restricted Area,-3.3,36.6,1,5.72,18.5
22300740,B. Osei,Milwaukee Bucks,3,9,31,4.0,2PT Field Goal,In The Paint (Non-RA),-30.7,25.7,1,5.34,9.3
22300188,L. Fitzgerald,Phoenix Suns,2,6,13,8.7,2PT Field Goal,In The Paint (Non-RA),25.9,83.4,0,4.82,16.1
22300791,D. Reyes,Golden State Warriors,2,3,52,2.0,2PT Field Goal,Restricted Area,-12.5,15.6,1,2.74,4.5
22300449,B. Osei,Los Angeles Lakers,1,0,5,2.8,2PT Field Goal,Restricted Area,-16.6,22.0,0,7.87,6.6
22300813,J. Carter,Milwaukee Bucks,4,7,54,16.7,2PT Field Goal,Mid-Range,58.6,156.7,0,5.12,14.8
22300595,D. Reyes,Denver Nuggets,4,8,41,15.4,2PT Field Goal,Mid-Range,-50.0,145.4,0,5.61,4.0
22300767,B. Osei,Denver Nuggets,1,10,50,3.8,2PT Field Goal,Restricted Area,26.6,27.0,1,4.45,15.9
22300803,B. Osei,New York Knicks,3,8,6,18.0,2PT Field Goal,Mid-Range,-165.1,70.6,0,4.94,16.5
22300966,A. Kowalski,Phoenix Suns,4,9,53,12.7,2PT Field Goal,In The Paint (Non-RA),111.5,60.2,1,6.93,13.7
22300705,D. Reyes,Golden State Warriors,4,7,17,22.5,3PT Field Goal,Above the Break 3,101.4,200.9,0,6.67,0.8
22300880,S. Whitfield,Golden State Warriors,2,9,25,1.7,2PT Field Goal,Restricted Area,-7.5,15.8,1,6.82,4.3
22300153,M. Okafor,Golden State Warriors,1,0,35,1.0,2PT Field Goal,Restricted Area,-2.1,9.6,0,4.53,12.4
22300671,S. Whitfield,New York Knicks,3,8,2,18.7,2PT Field Goal,Mid-Range,147.3,115.1,1,4.58,10.5
22300508,J. Carter,Miami Heat,3,8,44,3.4,2PT Field Goal,Restricted Area,29.4,16.3,0,1.59,3.1
22300932,L. Fitzgerald,Milwaukee Bucks,2,3,2,25.1,3PT Field Goal,Above the Break 3,-118.1,221.5,1,3.82,18.1
22300371,B. Osei,Los Angeles Lakers,3,6,58,28.2,3PT Field Goal,Above the Break 3,105.8,261.5,0,2.97,4.2
22300923,M. Okafor,Boston Celtics,4,8,47,2.7,2PT Field Goal,Restricted Area,-1.6,27.1,1,2.35,16.6
22300628,T. Nwosu,Milwaukee Bucks,1,10,1,25.5,3PT Field Goal,Above the Break 3,128.7,220.4,1,4.27,6.6
22300038,A. Kowalski,New York Knicks,4,9,1,1.9,2PT Field Goal,Restricted Area,10.7,15.2,0,4.44,2.9
22300724,R. Delgado,Miami Heat,4,1,53,27.4,3PT Field Goal,Above the Break 3,-47.2,269.6,1,2.63,24.0
22300386,D. Reyes,Boston Celtics,4,4,32,3.9,2PT Field Goal,Restricted Area,-28.7,25.8,0,0.35,8.0
22300400,R. Delgado,Milwaukee Bucks,2,7,32,2.4,2PT Field Goal,Restricted Area,-18.5,15.2,0,3.66,12.8
22300147,L. Fitzgerald,Golden State Warriors,3,4,25,0.2,2PT Field Goal,Restricted Area,1.4,1.4,0,4.27,15.8
22300934,K. Albrecht,Golden State Warriors,2,4,10,12.1,2PT Field Goal,In The Paint (Non-RA),-12.9,119.9,0,4.98,13.6
22300271,B. Osei,Miami Heat,2,9,49,2.5,2PT Field Goal,Restricted Area,18.0,17.7,0,2.21,23.8
22300586,K. Albrecht,Los Angeles Lakers,3,10,46,26.2,3PT Field Goal,Above the Break 3,186.9,184.3,0,1.23,9.4
22300355,M. Okafor,Milwaukee Bucks,1,3,9,16.9,2PT Field Goal,Mid-Range,87.1,144.8,0,0.3,6.7
22300255,K. Albrecht,Milwaukee Bucks,2,4,54,21.6,2PT Field Goal,Mid-Range,-151.3,154.5,1,4.21,16.3
22300559,M. Okafor,Milwaukee Bucks,1,10,36,16.7,2PT Field Goal,Mid-Range,153.1,65.6,0,2.88,9.5
22300890,A. Kowalski,Milwaukee Bucks,3,5,35,4.6,2PT Field Goal,In The Paint (Non-RA),-9.0,45.3,1,5.59,7.2
22300554,M. Okafor,Los Angeles Lakers,2,1,9,24.6,3PT Field Goal,Above the Break 3,220.6,108.7,0,0.95,13.0
22300882,K. Albrecht,Boston Celtics,2,1,15,26.0,3PT Field Goal,Above the Break 3,-237.8,105.1,0,7.28,15.9
22300929,R. Delgado,Milwaukee Bucks,2,4,56,14.0,2PT Field Goal,In The Paint (Non-RA),81.4,113.7,1,3.79,13.6
22300377,S. Whitfield,Los Angeles Lakers,1,10,38,2.0,2PT Field Goal,Restricted Area,16.0,12.6,0,3.73,15.0
22300069,B. Osei,Boston Celtics,1,1,11,4.0,2PT Field Goal,In The Paint (Non-RA),28.7,27.9,1,4.56,13.0
22300756,L. Fitzgerald,Denver Nuggets,4,0,21,2.1,2PT Field Goal,Restricted Area,7.3,19.6,0,5.84,2.6
22300542,T. Nwosu,Phoenix Suns,4,1,16,1.9,2PT Field Goal,Restricted Area,17.2,7.1,0,6.06,10.1
22300693,M. Okafor,Miami Heat,3,3,7,2.6,2PT Field Goal,Restricted Area,-15.1,21.6,0,0.3,1.3
22300763,J. Carter,Golden State Warriors,4,6,5,27.4,3PT Field Goal,Above the Break 3,-32.8,271.9,0,2.91,23.3
22300878,M. Okafor,Miami Heat,3,0,58,2.4,2PT Field Goal,Restricted Area,-14.3,19.3,1,5.24,18.9
22300244,J. Carter,Boston Celtics,2,8,50,15.5,2PT Field Goal,Mid-Range,103.0,115.7,1,5.55,3.0
22300891,S. Whitfield,New York Knicks,2,6,43,0.4,2PT Field Goal,Restricted Area,0.6,4.2,1,4.73,11.9
22300193,A. Kowalski,Denver Nuggets,3,4,32,18.3,2PT Field Goal,Mid-Range,112.8,144.0,0,2.18,10.5
22300184,A. Kowalski,Denver Nuggets,4,11,25,15.8,2PT Field Goal,Mid-Range,-133.6,84.0,0,5.19,12.2
22300608,K. Albrecht,Golden State Warriors,2,2,25,2.3,2PT Field Goal,Restricted Area,-19.9,10.6,0,3.8,20.5
22300579,M. Okafor,Boston Celtics,4,2,32,27.8,3PT Field Goal,Above the Break 3,-232.7,152.3,0,4.22,12.6
22300254,R. Delgado,New York Knicks,1,10,25,1.7,2PT Field Goal,Restricted Area,12.9,11.3,1,7.03,20.9
22300317,T. Nwosu,Golden State Warriors,2,3,47,3.8,2PT Field Goal,Restricted Area,2.9,37.8,0,3.98,5.8
22300793,D. Reyes,Milwaukee Bucks,3,10,42,28.1,3PT Field Goal,Above the Break 3,-242.3,142.2,0,5.27,6.0
22300389,B. Osei,Milwaukee Bucks,4,10,55,4.0,2PT Field Goal,In The Paint (Non-RA),-34.8,19.8,1,7.58,12.7
22300022,T. Nwosu,Los Angeles Lakers,2,2,51,23.5,3PT Field Goal,Above the Break 3,124.0,199.6,1,6.53,8.2
22300639,R. Delgado,Denver Nuggets,3,9,19,0.8,2PT Field Goal,Restricted Area,-5.3,5.6,0,1.34,4.6
22300988,R. Delgado,Milwaukee Bucks,1,9,33,1.0,2PT Field Goal,Restricted Area,3.7,8.7,0,1.77,17.2
22300465,B. Osei,Milwaukee Bucks,2,3,41,19.0,2PT Field Goal,Mid-Range,-126.1,142.4,1,0.3,0.6
22300679,L. Fitzgerald,Boston Celtics,2,11,15,27.0,3PT Field Goal,Above the Break 3,220.0,156.2,0,6.65,9.1
22300756,K. Albrecht,Miami Heat,1,10,4,23.0,3PT Field Goal,Above the Break 3,-87.0,213.1,1,3.82,9.8
22300292,J. Carter,Golden State Warriors,3,4,59,1.1,2PT Field Goal,Restricted Area,6.4,8.9,1,2.97,21.1
22300316,R. Delgado,Phoenix Suns,4,2,53,16.3,2PT Field Goal,Mid-Range,-72.0,146.6,0,4.02,11.2
22300832,B. Osei,Phoenix Suns,2,4,1,9.2,2PT Field Goal,In The Paint (Non-RA),-84.8,36.0,0,1.53,10.6
22300828,S. Whitfield,New York Knicks,1,11,28,16.9,2PT Field Goal,Mid-Range,-122.1,117.3,0,5.52,14.4
22300295,K. Albrecht,Denver Nuggets,4,3,58,1.3,2PT Field Goal,Restricted Area,8.6,10.0,1,2.17,5.2
22300156,J. Carter,Boston Celtics,4,0,4,25.3,3PT Field Goal,Above the Break 3,-89.8,236.1,0,6.29,21.6
22300291,S. Whitfield,New York Knicks,2,1,19,25.1,3PT Field Goal,Above the Break 3,115.9,222.8,1,4.82,6.2
22300823,D. Reyes,Miami Heat,3,2,23,1.3,2PT Field Goal,Restricted Area,-8.7,9.4,0,4.07,23.3
22300228,K. Albrecht,Milwaukee Bucks,1,3,39,2.2,2PT Field Goal,Restricted Area,-3.0,21.5,0,5.5,15.5
22300733,M. Okafor,Golden State Warriors,2,9,31,3.4,2PT Field Goal,Restricted Area,4.1,33.9,1,3.65,3.7
22300055,K. Albrecht,Golden State Warriors,2,8,41,26.6,3PT Field Goal,Above the Break 3,153.9,217.2,0,4.15,16.0
22300779,R. Delgado,Golden State Warriors,3,9,33,6.9,2PT Field Goal,In The Paint (Non-RA),59.1,35.6,1,6.99,18.1
22300804,A. Kowalski,Los Angeles Lakers,1,11,21,19.5,2PT Field Goal,Mid-Range,-60.5,185.3,1,8.08,10.4
22300809,A. Kowalski,Los Angeles Lakers,4,8,13,26.1,3PT Field Goal,Above the Break 3,-121.9,230.3,1,5.5,15.7
22300763,J. Carter,Milwaukee Bucks,2,7,6,8.3,2PT Field Goal,In The Paint (Non-RA),-51.8,64.9,1,7.44,18.8
22300946,A. Kowalski,Los Angeles Lakers,1,11,26,27.7,3PT Field Goal,Above the Break 3,122.4,248.9,0,0.61,23.7
22300580,T. Nwosu,Miami Heat,2,10,34,0.5,2PT Field Goal,Restricted Area,2.2,5.0,0,4.55,3.8
22300646,J. Carter,Phoenix Suns,4,7,26,0.3,2PT Field Goal,Restricted Area,-1.4,2.3,1,4.2,13.2
22300963,K. Albrecht,Denver Nuggets,1,1,17,0.2,2PT Field Goal,Restricted Area,-1.3,1.5,0,3.16,5.4
22300780,A. Kowalski,Miami Heat,3,3,6,19.4,2PT Field Goal,Mid-Range,-158.5,112.5,0,5.47,17.8
22300208,L. Fitzgerald,New York Knicks,2,9,5,13.4,2PT Field Goal,In The Paint (Non-RA),-105.2,83.4,1,8.65,14.6
22300861,A. Kowalski,Miami Heat,2,5,40,24.4,3PT Field Goal,Above the Break 3,143.6,197.2,1,5.43,15.4
22300910,S. Whitfield,Miami Heat,3,7,8,14.4,2PT Field Goal,Mid-Range,93.3,109.4,1,6.83,18.6
22300792,R. Delgado,Boston Celtics,3,0,42,18.5,2PT Field Goal,Mid-Range,-12.3,184.8,0,7.43,0.2
22300254,A. Kowalski,Golden State Warriors,4,5,14,3.4,2PT Field Goal,Restricted Area,20.5,27.6,0,7.31,7.4
22300692,M. Okafor,Denver Nuggets,2,1,3,18.5,2PT Field Goal,Mid-Range,13.6,184.8,0,4.44,22.8
22300055,K. Albrecht,Milwaukee Bucks,2,10,20,16.9,2PT Field Goal,Mid-Range,40.9,163.7,0,2.89,20.0
22300939,T. Nwosu,Golden State Warriors,4,10,53,3.7,2PT Field Goal,Restricted Area,28.6,23.5,1,6.9,2.8
22300163,R. Delgado,Denver Nuggets,3,11,36,13.0,2PT Field Goal,In The Paint (Non-RA),-11.7,129.1,0,6.29,4.8
22300590,J. Carter,Boston Celtics,4,4,9,27.0,3PT Field Goal,Above the Break 3,18.2,269.5,1,3.25,5.8
22300586,D. Reyes,Los Angeles Lakers,3,0,26,26.2,3PT Field Goal,Above the Break 3,241.2,102.1,1,8.0,0.4
22300808,K. Albrecht,Los Angeles Lakers,1,0,53,0.3,2PT Field Goal,Restricted Area,2.5,1.1,1,2.41,1.7
22300483,T. Nwosu,Boston Celtics,4,11,36,0.2,2PT Field Goal,Restricted Area,0.5,1.9,1,1.5,9.5
22300221,L. Fitzgerald,Los Angeles Lakers,2,10,27,25.5,3PT Field Goal,Above the Break 3,-1.3,255.0,1,4.16,7.8
22300067,M. Okafor,Los Angeles Lakers,4,6,49,7.6,2PT Field Goal,In The Paint (Non-RA),-68.9,30.9,1,1.3,21.0
22300456,L. Fitzgerald,Golden State Warriors,4,1,22,23.3,3PT Field Goal,Above the Break 3,-24.0,232.1,0,3.95,13.9
22300708,M. Okafor,Milwaukee Bucks,4,0,32,26.5,3PT Field Goal,Above the Break 3,-127.9,232.3,1,4.16,12.6
22300240,S. Whitfield,Miami Heat,1,7,57,2.3,2PT Field Goal,Restricted Area,-2.9,22.5,1,2.98,15.5
22300913,A. Kowalski,Milwaukee Bucks,3,10,42,26.1,3PT Field Goal,Above the Break 3,-153.4,210.7,0,4.46,13.8
22300424,A. Kowalski,Golden State Warriors,2,5,24,17.0,2PT Field Goal,Mid-Range,155.2,68.4,1,1.43,16.7
22300372,K. Albrecht,Miami Heat,1,7,55,26.9,3PT Field Goal,Above the Break 3,-158.9,217.1,0,0.3,19.0
22300751,D. Reyes,Denver Nuggets,4,3,57,25.4,3PT Field Goal,Above the Break 3,95.5,235.6,0,6.16,23.5
22300198,S. Whitfield,Los Angeles Lakers,3,10,54,18.8,2PT Field Goal,Mid-Range,-169.7,82.0,0,6.41,4.4
22300965,A. Kowalski,Denver Nuggets,1,1,37,25.0,3PT Field Goal,Above the Break 3,-54.1,244.4,0,6.25,3.3
22300033,D. Reyes,Denver Nuggets,4,7,12,10.4,2PT Field Goal,In The Paint (Non-RA),95.7,40.2,0,3.37,23.9
22300678,K. Albrecht,Milwaukee Bucks,1,6,34,3.4,2PT Field Goal,Restricted Area,-9.3,32.9,0,5.34,0.7
22300579,K. Albrecht,Phoenix Suns,1,7,44,20.3,2PT Field Goal,Mid-Range,-166.6,115.3,0,3.54,3.0
22300483,L. Fitzgerald,Los Angeles Lakers,3,6,57,4.7,2PT Field Goal,In The Paint (Non-RA),19.4,43.0,1,7.0,23.3
22300932,B. Osei,Golden State Warriors,1,7,26,26.2,3PT Field Goal,Above the Break 3,196.2,173.5,1,1.62,12.2
22300676,D. Reyes,Denver Nuggets,3,5,44,20.2,2PT Field Goal,Mid-Range,-179.2,94.2,0,4.96,6.0
22300387,R. Delgado,Milwaukee Bucks,4,8,43,26.3,3PT Field Goal,Above the Break 3,72.8,253.0,0,3.25,3.2
22300064,L. Fitzgerald,Boston Celtics,4,11,40,26.7,3PT Field Goal,Above the Break 3,-223.4,146.7,0,5.91,10.9
22300420,T. Nwosu,Milwaukee Bucks,2,1,23,20.8,2PT Field Goal,Mid-Range,133.6,158.9,0,4.47,10.3
22300723,S. Whitfield,Denver Nuggets,2,11,53,28.9,3PT Field Goal,Above the Break 3,74.0,279.4,1,0.3,8.6
22300357,R. Delgado,Boston Celtics,4,7,15,24.4,3PT Field Goal,Above the Break 3,169.0,175.7,0,3.58,1.8
22300922,L. Fitzgerald,Boston Celtics,4,7,22,29.0,3PT Field Goal,Above the Break 3,253.1,141.5,1,2.08,8.7
22300326,B. Osei,Milwaukee Bucks,2,2,36,3.3,2PT Field Goal,Restricted Area,18.4,27.8,0,5.34,10.5
22300571,D. Reyes,Denver Nuggets,3,2,8,2.3,2PT Field Goal,Restricted Area,15.3,17.8,0,6.25,21.0
22300921,L. Fitzgerald,Denver Nuggets,4,7,15,18.3,2PT Field Goal,Mid-Range,-29.4,180.2,0,1.58,16.8
22300633,D. Reyes,Milwaukee Bucks,2,0,2,2.9,2PT Field Goal,Restricted Area,-12.4,26.6,1,5.27,23.7
22300867,D. Reyes,Boston Celtics,1,10,24,22.5,3PT Field Goal,Above the Break 3,193.2,115.3,0,2.01,14.5
22300574,B. Osei,New York Knicks,1,2,57,11.9,2PT Field Goal,In The Paint (Non-RA),-51.0,107.8,1,3.16,19.7
22300265,L. Fitzgerald,Phoenix Suns,2,6,20,27.2,3PT Field Goal,Above the Break 3,213.2,169.2,1,4.67,19.6
22300928,L. Fitzgerald,Golden State Warriors,2,3,55,2.5,2PT Field Goal,Restricted Area,-2.2,25.0,1,7.06,7.5
22300277,M. Okafor,Miami Heat,3,1,10,16.1,2PT Field Goal,Mid-Range,-145.4,68.2,0,5.37,15.3
22300873,B. Osei,Denver Nuggets,3,8,8,24.0,3PT Field Goal,Above the Break 3,54.3,234.0,1,5.78,19.7
22300544,K. Albrecht,New York Knicks,3,6,32,29.0,3PT Field Goal,Above the Break 3,163.0,239.9,0,3.21,17.1
22300800,K. Albrecht,Miami Heat,1,10,51,1.4,2PT Field Goal,Restricted Area,-13.1,6.2,1,3.98,1.7
22300449,M. Okafor,Los Angeles Lakers,4,6,22,4.8,2PT Field Goal,In The Paint (Non-RA),43.6,18.9,0,5.71,10.3
22300767,D. Reyes,Phoenix Suns,4,11,11,19.9,2PT Field Goal,Mid-Range,-74.7,184.0,0,4.68,1.4
22300462,J. Carter,New York Knicks,3,2,53,4.0,2PT Field Goal,In The Paint (Non-RA),-4.0,39.8,1,4.67,17.1
22300513,T. Nwosu,Boston Celtics,2,4,41,11.2,2PT Field Goal,In The Paint (Non-RA),61.1,93.4,1,5.22,22.8
22300295,J. Carter,Denver Nuggets,4,0,31,23.9,3PT Field Goal,Above the Break 3,46.2,234.5,0,8.07,23.7
22300394,T. Nwosu,New York Knicks,2,0,45,27.4,3PT Field Goal,Above the Break 3,-17.9,273.4,0,7.42,20.2
22300228,A. Kowalski,Miami Heat,3,2,36,2.1,2PT Field Goal,Restricted Area,18.9,9.4,0,7.54,18.7
22300605,L. Fitzgerald,Phoenix Suns,3,5,48,15.3,2PT Field Goal,Mid-Range,-117.5,98.2,0,5.2,20.4
22300128,M. Okafor,Miami Heat,1,5,2,23.7,3PT Field Goal,Above the Break 3,117.5,206.0,0,2.58,11.7
22300016,R. Delgado,Boston Celtics,3,10,24,0.8,2PT Field Goal,Restricted Area,-7.1,3.2,1,1.67,14.3
22300554,J. Carter,Milwaukee Bucks,1,8,24,23.5,3PT Field Goal,Above the Break 3,139.6,188.5,0,4.66,13.7
22300591,S. Whitfield,Denver Nuggets,2,7,37,26.9,3PT Field Goal,Above the Break 3,131.3,235.2,0,2.08,9.5
22300773,R. Delgado,Denver Nuggets,4,4,52,27.1,3PT Field Goal,Above the Break 3,-57.1,264.5,0,0.3,8.6
22300407,D. Reyes,New York Knicks,4,10,48,1.6,2PT Field Goal,Restricted Area,-3.2,15.2,1,3.65,23.4
22300699,K. Albrecht,Milwaukee Bucks,1,1,44,24.2,3PT Field Goal,Above the Break 3,40.9,238.9,0,9.39,20.2
22300593,K. Albrecht,Phoenix Suns,1,7,32,29.0,3PT Field Goal,Above the Break 3,236.4,167.9,0,4.37,1.4
22300471,B. Osei,Golden State Warriors,2,7,28,0.3,2PT Field Goal,Restricted Area,-1.9,1.8,1,4.68,4.3
22300148,L. Fitzgerald,Denver Nuggets,4,2,49,14.2,2PT Field Goal,Mid-Range,-37.8,136.4,0,4.2,22.3
22300541,M. Okafor,Denver Nuggets,3,3,20,2.1,2PT Field Goal,Restricted Area,-2.1,21.2,1,4.71,9.2
22300824,M. Okafor,Phoenix Suns,3,8,47,15.1,2PT Field Goal,Mid-Range,-51.4,142.1,0,1.33,19.0
22300017,B. Osei,Denver Nuggets,3,2,27,24.9,3PT Field Goal,Above the Break 3,-143.7,203.6,0,4.95,10.9
22300117,L. Fitzgerald,Milwaukee Bucks,4,10,26,28.3,3PT Field Goal,Above the Break 3,-9.1,282.9,0,6.15,9.6
22300615,M. Okafor,Miami Heat,2,0,14,23.7,3PT Field Goal,Above the Break 3,-89.9,219.0,0,4.95,7.6
22300363,T. Nwosu,Phoenix Suns,2,9,6,3.4,2PT Field Goal,Restricted Area,7.3,33.5,0,5.02,1.5
22300728,S. Whitfield,Miami Heat,3,6,1,0.6,2PT Field Goal,Restricted Area,-0.9,5.9,0,4.43,19.6
22300398,R. Delgado,Phoenix Suns,4,2,10,23.8,3PT Field Goal,Above the Break 3,168.4,167.7,1,6.0,6.4
22300564,M. Okafor,Denver Nuggets,4,1,28,3.5,2PT Field Goal,Restricted Area,24.8,24.2,1,1.78,5.1
22300614,M. Okafor,Golden State Warriors,4,0,6,4.0,2PT Field Goal,In The Paint (Non-RA),4.2,39.8,1,0.3,23.4
22300847,D. Reyes,Milwaukee Bucks,2,7,24,2.6,2PT Field Goal,Restricted Area,20.0,16.2,1,3.25,12.8
22300159,M. Okafor,Los Angeles Lakers,3,2,58,25.7,3PT Field Goal,Above the Break 3,5.5,256.5,1,4.3,22.4
22300316,K. Albrecht,Denver Nuggets,4,0,41,7.2,2PT Field Goal,In The Paint (Non-RA),-24.3,67.5,1,5.74,10.8
22300545,R. Delgado,Golden State Warriors,1,2,10,23.7,3PT Field Goal,Above the Break 3,41.9,233.0,0,2.67,4.5
22300458,L. Fitzgerald,Milwaukee Bucks,3,4,35,14.4,2PT Field Goal,Mid-Range,106.8,97.1,0,4.74,18.9
22300009,B. Osei,Milwaukee Bucks,3,0,50,26.3,3PT Field Goal,Above the Break 3,28.2,261.6,0,4.26,7.1
22300017,L. Fitzgerald,Milwaukee Bucks,1,6,53,22.5,3PT Field Goal,Above the Break 3,147.9,169.5,0,5.99,20.8
22300892,S. Whitfield,Golden State Warriors,4,7,31,25.8,3PT Field Goal,Above the Break 3,-88.1,242.7,0,3.3,8.7
22300206,D. Reyes,Denver Nuggets,2,4,16,0.7,2PT Field Goal,Restricted Area,2.8,6.7,1,5.77,7.6
22300926,A. Kowalski,Boston Celtics,1,3,16,1.1,2PT Field Goal,Restricted Area,1.7,10.8,0,6.03,9.4
22300982,B. Osei,Denver Nuggets,3,6,22,17.4,2PT Field Goal,Mid-Range,62.3,162.2,1,3.72,12.4
22300557,J. Carter,Golden State Warriors,3,1,46,17.2,2PT Field Goal,Mid-Range,-22.1,170.2,0,4.01,12.1
22300337,A. Kowalski,Phoenix Suns,3,4,31,24.5,3PT Field Goal,Above the Break 3,-188.2,156.6,0,3.31,10.0
22300626,B. Osei,New York Knicks,4,4,28,23.8,3PT Field Goal,Above the Break 3,-216.8,97.4,0,2.74,15.0
22300679,J. Carter,Los Angeles Lakers,3,4,3,1.7,2PT Field Goal,Restricted Area,-14.2,9.5,1,2.91,4.1
22300530,A. Kowalski,Phoenix Suns,1,6,40,0.6,2PT Field Goal,Restricted Area,-4.9,3.0,0,1.9,23.3
22300972,T. Nwosu,Phoenix Suns,4,6,46,25.9,3PT Field Goal,Above the Break 3,-46.1,254.6,1,5.97,8.9
22300758,M. Okafor,New York Knicks,1,6,47,21.7,2PT Field Goal,Mid-Range,-62.4,208.0,0,5.26,15.1
22300040,S. Whitfield,Phoenix Suns,2,10,47,0.6,2PT Field Goal,Restricted Area,1.9,5.8,1,4.05,22.2
22300378,B. Osei,New York Knicks,3,10,49,1.8,2PT Field Goal,Restricted Area,15.9,8.5,0,4.58,8.3
22300304,A. Kowalski,Denver Nuggets,3,6,17,1.9,2PT Field Goal,Restricted Area,-3.8,18.6,1,4.42,2.5
22300160,M. Okafor,Denver Nuggets,1,4,44,2.8,2PT Field Goal,Restricted Area,-11.5,26.0,0,7.72,0.5
22300689,D. Reyes,Milwaukee Bucks,2,2,14,0.7,2PT Field Goal,Restricted Area,1.9,6.5,1,6.32,23.4
22300096,D. Reyes,Golden State Warriors,1,6,6,4.0,2PT Field Goal,In The Paint (Non-RA),2.3,39.9,1,3.59,6.2
22300044,J. Carter,Phoenix Suns,1,6,24,3.4,2PT Field Goal,Restricted Area,-29.6,16.5,1,5.89,16.9
22300559,B. Osei,Boston Celtics,3,1,30,3.2,2PT Field Goal,Restricted Area,20.2,24.6,0,0.62,18.7
22300237,S. Whitfield,Denver Nuggets,1,8,12,1.3,2PT Field Goal,Restricted Area,-4.6,12.5,0,3.22,2.0
22300040,J. Carter,New York Knicks,1,2,13,4.0,2PT Field Goal,In The Paint (Non-RA),4.3,39.8,0,2.59,2.0
22300904,K. Albrecht,New York Knicks,2,7,32,1.7,2PT Field Goal,Restricted Area,5.9,16.0,1,5.05,16.8
22300569,R. Delgado,Los Angeles Lakers,3,3,12,5.5,2PT Field Goal,In The Paint (Non-RA),47.1,28.7,0,3.08,10.3
22300411,K. Albrecht,Los Angeles Lakers,3,6,52,25.1,3PT Field Goal,Above the Break 3,-104.3,228.2,1,2.54,8.2
22300392,L. Fitzgerald,New York Knicks,4,6,34,24.7,3PT Field Goal,Above the Break 3,-19.5,246.1,0,2.67,2.0
22300945,M. Okafor,Golden State Warriors,3,9,0,5.4,2PT Field Goal,In The Paint (Non-RA),42.0,34.6,0,1.08,20.5
22300626,A. Kowalski,Phoenix Suns,1,10,2,4.0,2PT Field Goal,In The Paint (Non-RA),35.0,19.4,0,1.33,12.2
22300928,T. Nwosu,Los Angeles Lakers,1,7,40,3.4,2PT Field Goal,Restricted Area,17.7,29.0,1,2.1,11.3
22300980,M. Okafor,Milwaukee Bucks,4,2,39,20.8,2PT Field Goal,Mid-Range,145.7,148.7,1,5.13,21.3
22300015,K. Albrecht,Denver Nuggets,1,9,20,13.7,2PT Field Goal,In The Paint (Non-RA),-122.7,61.5,1,4.89,19.5
22300967,M. Okafor,Phoenix Suns,3,9,59,20.6,2PT Field Goal,Mid-Range,37.8,202.7,1,5.98,10.5
22300259,A. Kowalski,Golden State Warriors,4,2,54,26.9,3PT Field Goal,Above the Break 3,-121.2,240.7,0,8.06,8.4
22300117,R. Delgado,Phoenix Suns,1,4,41,19.9,2PT Field Goal,Mid-Range,45.6,193.6,1,6.34,7.4
22300152,S. Whitfield,Miami Heat,2,3,21,26.0,3PT Field Goal,Above the Break 3,80.8,247.4,0,0.3,13.0
22300259,A. Kowalski,Miami Heat,2,4,28,1.0,2PT Field Goal,Restricted Area,-2.4,10.1,0,2.89,7.0
22300662,D. Reyes,Boston Celtics,4,5,2,1.6,2PT Field Goal,Restricted Area,11.8,10.3,1,7.7,6.7
22300359,L. Fitzgerald,Los Angeles Lakers,1,0,37,4.0,2PT Field Goal,In The Paint (Non-RA),27.2,29.3,1,4.65,2.4
22300265,D. Reyes,Denver Nuggets,1,0,22,15.5,2PT Field Goal,Mid-Range,-133.7,77.4,0,5.14,8.5
22300887,D. Reyes,Golden State Warriors,2,8,36,15.2,2PT Field Goal,Mid-Range,121.7,91.8,1,4.77,20.0
22300881,M. Okafor,Golden State Warriors,2,7,45,3.3,2PT Field Goal,Restricted Area,18.1,27.8,0,1.18,2.4
22300516,S. Whitfield,Phoenix Suns,2,4,31,1.9,2PT Field Goal,Restricted Area,14.2,13.0,1,5.22,18.3
22300375,R. Delgado,New York Knicks,4,11,49,6.2,2PT Field Goal,In The Paint (Non-RA),-27.7,55.7,0,3.95,16.2
22300753,D. Reyes,New York Knicks,1,10,55,2.4,2PT Field Goal,Restricted Area,-5.2,23.0,1,2.05,22.4
22300898,M. Okafor,Golden State Warriors,4,10,47,2.4,2PT Field Goal,Restricted Area,13.0,19.6,1,5.12,2.5
22300475,T. Nwosu,Milwaukee Bucks,3,8,8,8.7,2PT Field Goal,In The Paint (Non-RA),66.4,56.1,0,8.13,18.0
22300266,M. Okafor,Boston Celtics,4,5,22,26.2,3PT Field Goal,Above the Break 3,-123.2,231.0,1,3.86,6.4
22300567,B. Osei,New York Knicks,3,7,23,1.2,2PT Field Goal,Restricted Area,4.9,10.8,1,1.4,15.4
22300863,T. Nwosu,New York Knicks,4,4,6,27.9,3PT Field Goal,Above the Break 3,-70.7,269.7,0,3.99,17.8
22300434,K. Albrecht,Miami Heat,4,10,54,1.9,2PT Field Goal,Restricted Area,-1.4,18.7,1,2.25,1.3
22300682,B. Osei,Milwaukee Bucks,1,5,41,5.6,2PT Field Goal,In The Paint (Non-RA),-1.6,55.6,0,0.3,5.2
22300341,M. Okafor,Boston Celtics,2,2,43,1.3,2PT Field Goal,Restricted Area,-3.5,12.7,1,3.16,3.4
22300438,S. Whitfield,Denver Nuggets,4,10,39,1.6,2PT Field Goal,Restricted Area,12.8,9.7,0,5.12,3.3
22300233,S. Whitfield,Phoenix Suns,1,8,22,25.4,3PT Field Goal,Above the Break 3,181.7,177.0,1,2.11,14.9
22300181,T. Nwosu,Phoenix Suns,1,5,23,8.9,2PT Field Goal,In The Paint (Non-RA),-78.7,41.7,1,4.03,5.8
22300474,J. Carter,Los Angeles Lakers,2,8,27,2.7,2PT Field Goal,Restricted Area,-23.0,13.6,1,3.94,15.1
22300363,K. Albrecht,Milwaukee Bucks,1,4,8,27.0,3PT Field Goal,Above the Break 3,-226.6,146.9,0,3.21,2.1
22300587,T. Nwosu,New York Knicks,1,3,52,24.7,3PT Field Goal,Above the Break 3,-184.2,165.2,0,3.34,2.6
22300923,J. Carter,Miami Heat,2,5,37,1.0,2PT Field Goal,Restricted Area,-6.0,7.5,1,3.51,5.0
22300238,K. Albrecht,New York Knicks,1,6,18,12.2,2PT Field Goal,In The Paint (Non-RA),-80.2,91.9,0,3.61,23.8
22300660,D. Reyes,Milwaukee Bucks,1,1,23,20.6,2PT Field Goal,Mid-Range,-101.1,179.0,0,3.92,21.0
22300399,M. Okafor,Phoenix Suns,1,0,12,3.0,2PT Field Goal,Restricted Area,-7.7,28.9,1,5.38,4.4
22300812,S. Whitfield,Phoenix Suns,4,6,48,6.5,2PT Field Goal,In The Paint (Non-RA),32.9,55.9,1,3.12,9.4
22300732,D. Reyes,Milwaukee Bucks,4,6,20,2.2,2PT Field Goal,Restricted Area,5.1,21.9,0,2.36,14.1
22300211,S. Whitfield,Golden State Warriors,3,4,29,26.6,3PT Field Goal,Above the Break 3,-206.6,167.4,0,5.33,6.6
22300459,D. Reyes,Boston Celtics,4,0,31,3.0,2PT Field Goal,Restricted Area,12.1,27.8,0,2.72,8.4
22300558,B. Osei,Phoenix Suns,3,1,53,26.4,3PT Field Goal,Above the Break 3,50.4,259.6,1,9.01,12.4
22300876,S. Whitfield,Denver Nuggets,3,3,37,3.2,2PT Field Goal,Restricted Area,-29.4,12.1,0,3.66,15.5
22300463,K. Albrecht,Los Angeles Lakers,4,3,55,3.6,2PT Field Goal,Restricted Area,27.7,23.1,1,8.67,11.1
22300793,T. Nwosu,Golden State Warriors,4,1,6,2.9,2PT Field Goal,Restricted Area,-18.3,22.1,1,4.8,3.8
22300410,J. Carter,Phoenix Suns,4,8,55,24.5,3PT Field Goal,Above the Break 3,0.5,245.1,0,4.91,12.1
22300869,M. Okafor,Boston Celtics,4,6,34,22.8,3PT Field Goal,Above the Break 3,9.9,227.6,0,6.24,21.0
22300604,T. Nwosu,Boston Celtics,3,4,2,3.0,2PT Field Goal,Restricted Area,-25.7,14.8,0,5.18,7.5
22300233,T. Nwosu,Boston Celtics,2,3,55,20.1,2PT Field Goal,Mid-Range,-150.0,133.8,0,3.93,6.6
22300679,S. Whitfield,Denver Nuggets,2,4,33,11.1,2PT Field Goal,In The Paint (Non-RA),-78.4,79.1,0,3.46,3.4
22300712,K. Albrecht,New York Knicks,3,1,7,14.4,2PT Field Goal,Mid-Range,121.0,77.8,1,2.17,13.7
22300778,R. Delgado,Milwaukee Bucks,1,8,34,1.9,2PT Field Goal,Restricted Area,15.4,11.1,1,2.08,4.2
22300916,A. Kowalski,Miami Heat,4,0,41,23.2,3PT Field Goal,Above the Break 3,182.7,143.0,0,6.13,22.0
22300967,D. Reyes,New York Knicks,3,0,57,2.8,2PT Field Goal,Restricted Area,-15.8,23.1,0,0.3,18.7
22300145,D. Reyes,Denver Nuggets,4,11,56,23.8,3PT Field Goal,Above the Break 3,-46.4,233.5,1,8.06,16.7
22300415,L. Fitzgerald,Milwaukee Bucks,4,7,1,1.0,2PT Field Goal,Restricted Area,1.1,10.3,1,6.31,4.5
22300113,L. Fitzgerald,Denver Nuggets,1,8,25,17.3,2PT Field Goal,Mid-Range,-150.8,85.3,0,3.52,4.3
22300219,M. Okafor,Boston Celtics,1,3,11,7.6,2PT Field Goal,In The Paint (Non-RA),-57.6,48.9,1,8.1,22.2
22300025,D. Reyes,Milwaukee Bucks,2,3,44,16.2,2PT Field Goal,Mid-Range,-9.9,161.3,1,8.42,1.1
22300413,L. Fitzgerald,Boston Celtics,3,8,23,18.4,2PT Field Goal,Mid-Range,-147.2,110.8,0,6.71,7.2
22300093,M. Okafor,Milwaukee Bucks,2,6,6,17.6,2PT Field Goal,Mid-Range,-16.2,175.4,1,0.3,18.6
22300364,D. Reyes,New York Knicks,4,3,57,1.8,2PT Field Goal,Restricted Area,1.3,18.1,0,0.3,10.2
22300584,M. Okafor,Boston Celtics,2,7,18,3.0,2PT Field Goal,Restricted Area,-27.1,13.3,0,5.66,18.4
22300020,D. Reyes,Los Angeles Lakers,2,0,57,26.5,3PT Field Goal,Above the Break 3,161.1,210.3,0,1.51,7.6
22300548,J. Carter,Boston Celtics,4,9,54,2.1,2PT Field Goal,Restricted Area,-5.5,19.8,0,5.09,21.9
22300911,D. Reyes,Golden State Warriors,2,10,2,2.7,2PT Field Goal,Restricted Area,-1.6,26.5,1,3.25,6.6
22300639,K. Albrecht,Denver Nuggets,3,11,36,0.8,2PT Field Goal,Restricted Area,3.1,7.9,0,5.05,7.3
22300929,J. Carter,Milwaukee Bucks,3,2,6,17.7,2PT Field Goal,Mid-Range,136.7,112.9,1,3.43,2.6
22300200,M. Okafor,Denver Nuggets,2,2,22,25.3,3PT Field Goal,Above the Break 3,-182.7,174.3,0,4.17,0.7
22300271,B. Osei,Milwaukee Bucks,4,10,7,5.2,2PT Field Goal,In The Paint (Non-RA),-36.2,38.0,0,0.35,7.6
22300853,T. Nwosu,Miami Heat,3,3,10,3.8,2PT Field Goal,Restricted Area,11.8,35.7,1,4.04,1.0
22300114,S. Whitfield,Golden State Warriors,1,4,51,1.4,2PT Field Goal,Restricted Area,11.3,8.6,1,2.15,19.2
22300118,L. Fitzgerald,Milwaukee Bucks,3,5,5,2.6,2PT Field Goal,Restricted Area,-16.1,20.3,1,6.48,24.0
22300898,A. Kowalski,Boston Celtics,1,7,25,2.1,2PT Field Goal,Restricted Area,-1.6,20.8,1,2.61,9.1
22300208,L. Fitzgerald,Milwaukee Bucks,3,4,4,3.2,2PT Field Goal,Restricted Area,-28.7,14.9,1,5.13,18.6
22300541,K. Albrecht,Golden State Warriors,2,7,59,1.7,2PT Field Goal,Restricted Area,-15.2,6.5,1,5.43,15.9
22300284,M. Okafor,Boston Celtics,4,5,16,25.0,3PT Field Goal,Above the Break 3,212.1,131.6,0,3.78,1.9
22300836,A. Kowalski,New York Knicks,3,10,45,0.9,2PT Field Goal,Restricted Area,5.3,7.4,0,2.24,1.6
22300555,K. Albrecht,Los Angeles Lakers,2,4,16,19.0,2PT Field Goal,Mid-Range,85.3,169.4,1,4.42,13.7
22300901,S. Whitfield,Phoenix Suns,1,9,17,0.2,2PT Field Goal,Restricted Area,-1.7,1.0,0,3.8,2.0
22300055,R. Delgado,Phoenix Suns,1,6,30,1.7,2PT Field Goal,Restricted Area,8.0,15.5,1,5.84,17.6
22300351,R. Delgado,Boston Celtics,3,3,30,26.4,3PT Field Goal,Above the Break 3,130.6,228.9,1,2.0,20.6
22300593,A. Kowalski,Miami Heat,1,5,3,0.7,2PT Field Goal,Restricted Area,-2.5,6.3,1,1.46,23.3
22300642,B. Osei,Los Angeles Lakers,4,1,46,2.8,2PT Field Goal,Restricted Area,18.4,20.5,1,5.65,3.1
22300799,M. Okafor,Golden State Warriors,4,6,10,26.8,3PT Field Goal,Above the Break 3,247.8,102.1,1,4.63,15.6
22300232,R. Delgado,Phoenix Suns,2,3,38,3.8,2PT Field Goal,Restricted Area,-21.6,31.8,1,6.74,20.2
22300249,D. Reyes,Boston Celtics,2,8,4,0.2,2PT Field Goal,Restricted Area,-1.8,0.9,1,7.12,15.8
22300305,K. Albrecht,Boston Celtics,3,1,18,28.0,3PT Field Goal,Above the Break 3,-134.4,245.6,0,0.3,3.6
22300943,D. Reyes,Denver Nuggets,1,4,18,0.6,2PT Field Goal,Restricted Area,2.3,5.1,1,4.63,6.8
22300503,R. Delgado,Los Angeles Lakers,2,1,54,24.4,3PT Field Goal,Above the Break 3,198.6,142.2,0,4.4,5.1
22300404,A. Kowalski,Miami Heat,4,5,57,2.5,2PT Field Goal,Restricted Area,21.5,12.4,1,4.23,17.7
22300060,J. Carter,Boston Celtics,4,8,48,20.2,2PT Field Goal,Mid-Range,136.3,149.0,0,6.16,18.1
22300646,T. Nwosu,Golden State Warriors,4,3,49,3.6,2PT Field Goal,Restricted Area,9.5,34.7,0,8.42,8.5
22300133,R. Delgado,Golden State Warriors,3,6,24,2.5,2PT Field Goal,Restricted Area,-15.7,19.2,0,3.64,8.0
22300009,J. Carter,Phoenix Suns,3,2,55,26.5,3PT Field Goal,Above the Break 3,-110.1,240.8,1,3.76,22.6
22300810,L. Fitzgerald,Denver Nuggets,3,8,46,26.8,3PT Field Goal,Above the Break 3,-170.5,206.3,1,5.52,23.1
22300848,D. Reyes,New York Knicks,2,9,33,2.5,2PT Field Goal,Restricted Area,4.5,24.6,0,5.74,19.9
22300248,B. Osei,New York Knicks,1,11,6,23.8,3PT Field Goal,Above the Break 3,-194.8,136.6,1,3.77,9.7
22300190,M. Okafor,Golden State Warriors,3,10,15,2.7,2PT Field Goal,Restricted Area,17.6,20.8,0,5.99,15.0
22300228,K. Albrecht,New York Knicks,4,5,29,2.8,2PT Field Goal,Restricted Area,9.5,26.4,0,7.11,1.7
22300880,R. Delgado,New York Knicks,4,8,21,4.0,2PT Field Goal,In The Paint (Non-RA),25.8,30.6,0,2.85,18.5
22300620,M. Okafor,Phoenix Suns,4,1,42,21.1,2PT Field Goal,Mid-Range,100.7,185.6,1,6.88,7.8
22300759,K. Albrecht,Golden State Warriors,3,4,22,25.7,3PT Field Goal,Above the Break 3,98.4,237.6,0,2.29,2.5
22300226,D. Reyes,New York Knicks,1,0,48,23.9,3PT Field Goal,Above the Break 3,-100.9,216.1,0,6.92,13.1
22300804,M. Okafor,New York Knicks,2,7,26,25.1,3PT Field Goal,Above the Break 3,206.2,143.0,0,2.02,10.1
22300177,B. Osei,Boston Celtics,1,2,53,12.1,2PT Field Goal,In The Paint (Non-RA),71.1,98.2,0,2.12,2.6
22300746,S. Whitfield,Denver Nuggets,1,4,25,2.9,2PT Field Goal,Restricted Area,-22.3,17.8,0,0.94,3.0
22300458,D. Reyes,Golden State Warriors,3,5,56,0.6,2PT Field Goal,Restricted Area,-3.7,5.0,0,3.31,21.2
22300943,L. Fitzgerald,Milwaukee Bucks,1,3,42,7.4,2PT Field Goal,In The Paint (Non-RA),-60.8,42.9,0,3.9,11.9
22300461,A. Kowalski,Boston Celtics,4,11,8,26.2,3PT Field Goal,Above the Break 3,107.0,239.7,0,3.67,5.5
22300161,L. Fitzgerald,Los Angeles Lakers,4,8,7,10.4,2PT Field Goal,In The Paint (Non-RA),-11.3,103.3,1,3.16,5.7
22300572,S. Whitfield,Denver Nuggets,2,9,17,17.9,2PT Field Goal,Mid-Range,-105.1,144.7,1,3.43,15.8
22300107,B. Osei,Phoenix Suns,1,0,44,22.5,3PT Field Goal,Above the Break 3,105.8,198.5,0,2.86,17.6
22300677,M. Okafor,Milwaukee Bucks,2,6,38,23.9,3PT Field Goal,Above the Break 3,-190.8,144.5,1,3.11,1.5
22300092,R. Delgado,Golden State Warriors,4,4,28,24.1,3PT Field Goal,Above the Break 3,220.2,96.7,0,4.29,1.4
22300740,T. Nwosu,Phoenix Suns,1,1,2,17.0,2PT Field Goal,Mid-Range,150.1,80.4,1,2.7,8.8
22300542,B. Osei,Phoenix Suns,4,2,57,1.5,2PT Field Goal,Restricted Area,-12.6,8.9,1,4.31,10.5
22300537,J. Carter,Golden State Warriors,1,5,26,25.7,3PT Field Goal,Above the Break 3,105.3,234.0,0,1.53,8.2
22300702,T. Nwosu,Phoenix Suns,1,4,11,13.5,2PT Field Goal,In The Paint (Non-RA),35.1,130.6,0,0.95,20.4
22300844,J. Carter,Boston Celtics,4,5,29,24.2,3PT Field Goal,Above the Break 3,-109.0,215.8,0,5.68,1.8
22300866,R. Delgado,Phoenix Suns,1,6,42,2.4,2PT Field Goal,Restricted Area,-9.1,21.9,1,2.16,11.3
22300226,S. Whitfield,Miami Heat,1,3,34,26.2,3PT Field Goal,Above the Break 3,231.2,122.5,1,4.17,17.6
22300976,D. Reyes,Miami Heat,3,5,1,1.1,2PT Field Goal,Restricted Area,-9.5,6.2,0,1.69,0.1
22300500,D. Reyes,Los Angeles Lakers,3,11,1,24.0,3PT Field Goal,Above the Break 3,195.1,139.1,1,0.57,14.4
22300531,K. Albrecht,Los Angeles Lakers,1,6,58,24.6,3PT Field Goal,Above the Break 3,-5.4,245.7,0,0.87,13.0
22300831,S. Whitfield,Denver Nuggets,3,7,45,1.8,2PT Field Goal,Restricted Area,2.1,17.9,1,1.95,4.5
22300875,T. Nwosu,Los Angeles Lakers,4,11,34,26.6,3PT Field Goal,Above the Break 3,3.9,265.8,1,6.84,14.6
22300090,R. Delgado,New York Knicks,3,3,22,20.8,2PT Field Goal,Mid-Range,130.8,162.3,0,2.33,5.3
22300879,M. Okafor,Golden State Warriors,1,10,51,14.2,2PT Field Goal,Mid-Range,-95.0,105.5,1,4.45,20.7
22300321,M. Okafor,Milwaukee Bucks,2,0,25,1.5,2PT Field Goal,Restricted Area,-8.8,11.9,1,3.04,18.0
22300363,J. Carter,Milwaukee Bucks,2,2,22,1.3,2PT Field Goal,Restricted Area,-10.1,7.7,1,4.16,6.5
22300232,D. Reyes,Denver Nuggets,1,4,40,2.9,2PT Field Goal,Restricted Area,-3.5,29.3,1,1.19,18.0
22300368,B. Osei,Miami Heat,3,2,47,11.2,2PT Field Goal,In The Paint (Non-RA),-99.6,51.8,1,6.36,20.6
22300253,S. Whitfield,New York Knicks,4,9,29,20.2,2PT Field Goal,Mid-Range,180.8,89.3,1,4.37,2.8
22300338,J. Carter,Denver Nuggets,3,9,39,26.1,3PT Field Goal,Above the Break 3,-37.3,258.0,0,2.88,16.8
22300639,B. Osei,New York Knicks,1,4,19,25.8,3PT Field Goal,Above the Break 3,-89.7,241.6,1,5.72,11.0
22300647,J. Carter,Phoenix Suns,2,0,57,1.6,2PT Field Goal,Restricted Area,14.0,8.6,0,0.46,21.5
22300719,A. Kowalski,New York Knicks,4,7,12,0.8,2PT Field Goal,Restricted Area,6.0,5.3,1,2.29,19.0
22300298,J. Carter,Miami Heat,1,3,53,25.4,3PT Field Goal,Above the Break 3,-157.2,199.9,0,4.7,20.8
22300001,A. Kowalski,Miami Heat,4,0,32,27.3,3PT Field Goal,Above the Break 3,-230.2,146.6,0,7.46,3.5
22300726,B. Osei,Golden State Warriors,1,4,59,1.3,2PT Field Goal,Restricted Area,6.2,10.9,1,2.78,8.4
22300250,M. Okafor,Milwaukee Bucks,4,2,27,7.3,2PT Field Goal,In The Paint (Non-RA),-24.1,69.0,0,8.0,18.3
22300468,L. Fitzgerald,Los Angeles Lakers,2,1,29,2.2,2PT Field Goal,Restricted Area,15.1,15.4,0,6.59,16.6
22300510,R. Delgado,Milwaukee Bucks,4,9,49,28.0,3PT Field Goal,Above the Break 3,-79.4,268.0,0,1.93,4.7
22300651,L. Fitzgerald,Phoenix Suns,4,5,16,4.0,2PT Field Goal,In The Paint (Non-RA),-18.2,35.6,1,5.09,7.8
22300995,S. Whitfield,Golden State Warriors,2,7,11,24.8,3PT Field Goal,Above the Break 3,-23.9,247.2,0,6.49,2.2
22300816,S. Whitfield,Boston Celtics,3,2,0,24.2,3PT Field Goal,Above the Break 3,-213.9,113.1,0,1.76,5.8
22300915,S. Whitfield,Phoenix Suns,4,5,53,2.4,2PT Field Goal,Restricted Area,-16.9,17.4,0,7.3,10.0
22300494,B. Osei,Milwaukee Bucks,4,3,7,14.4,2PT Field Goal,Mid-Range,-106.7,97.3,0,0.45,8.8
22300195,A. Kowalski,Los Angeles Lakers,1,4,5,3.9,2PT Field Goal,Restricted Area,18.5,34.4,0,7.06,2.3
22300142,T. Nwosu,Golden State Warriors,4,1,56,16.4,2PT Field Goal,Mid-Range,-74.6,145.6,0,6.54,6.5
22300118,T. Nwosu,Milwaukee Bucks,3,9,36,10.2,2PT Field Goal,In The Paint (Non-RA),69.1,74.4,1,7.71,15.7
22300996,R. Delgado,Los Angeles Lakers,4,8,45,23.6,3PT Field Goal,Above the Break 3,206.7,114.6,0,5.87,5.1
22300828,M. Okafor,Los Angeles Lakers,4,4,37,11.5,2PT Field Goal,In The Paint (Non-RA),-1.6,114.9,1,4.59,15.3
22300656,B. Osei,Los Angeles Lakers,3,1,1,28.6,3PT Field Goal,Above the Break 3,-193.5,210.6,0,0.4,22.4
22300328,A. Kowalski,Los Angeles Lakers,1,9,37,21.4,2PT Field Goal,Mid-Range,-195.4,87.0,1,7.96,16.0
22300810,A. Kowalski,Boston Celtics,2,3,52,2.7,2PT Field Goal,Restricted Area,24.1,12.4,0,5.45,17.4
22300529,S. Whitfield,Los Angeles Lakers,1,9,33,23.9,3PT Field Goal,Above the Break 3,-187.3,148.4,0,5.89,23.3
22300903,R. Delgado,Milwaukee Bucks,4,4,36,0.2,2PT Field Goal,Restricted Area,1.1,1.7,1,2.69,20.7
22300403,R. Delgado,Miami Heat,1,10,36,23.1,3PT Field Goal,Above the Break 3,-210.2,96.5,0,0.3,9.9
22300724,L. Fitzgerald,Phoenix Suns,4,2,38,26.0,3PT Field Goal,Above the Break 3,216.5,143.6,1,5.09,4.7
22300105,D. Reyes,Miami Heat,3,2,38,27.4,3PT Field Goal,Above the Break 3,38.1,271.1,0,1.99,21.3
22300361,T. Nwosu,New York Knicks,2,5,26,16.5,2PT Field Goal,Mid-Range,60.4,153.4,1,3.92,6.6
22300312,S. Whitfield,Boston Celtics,1,0,19,14.4,2PT Field Goal,Mid-Range,39.3,138.5,0,5.26,9.7
22300888,R. Delgado,Denver Nuggets,2,11,36,23.3,3PT Field Goal,Above the Break 3,-136.8,188.4,0,1.06,7.2
22300071,M. Okafor,Boston Celtics,1,7,47,6.2,2PT Field Goal,In The Paint (Non-RA),-48.5,38.0,1,5.01,11.0
22300905,K. Albrecht,Phoenix Suns,2,7,10,25.3,3PT Field Goal,Above the Break 3,180.4,177.0,0,2.27,19.5
22300872,J. Carter,Golden State Warriors,4,2,29,22.9,3PT Field Goal,Above the Break 3,29.4,227.4,1,2.7,11.5
22300972,T. Nwosu,New York Knicks,3,10,18,24.3,3PT Field Goal,Above the Break 3,39.5,239.3,0,5.71,21.7
22300018,T. Nwosu,Miami Heat,4,7,22,13.5,2PT Field Goal,In The Paint (Non-RA),-107.8,82.1,0,0.67,13.5
22300115,K. Albrecht,Los Angeles Lakers,1,10,5,15.0,2PT Field Goal,Mid-Range,131.0,73.4,1,2.69,11.0
22300863,K. Albrecht,Boston Celtics,1,0,30,2.6,2PT Field Goal,Restricted Area,11.6,22.9,0,3.44,17.1
22300333,L. Fitzgerald,Golden State Warriors,2,9,50,1.1,2PT Field Goal,Restricted Area,-2.0,10.7,1,6.28,2.7
22300617,A. Kowalski,Miami Heat,1,7,14,0.5,2PT Field Goal,Restricted Area,-4.2,2.3,0,3.79,21.1
22300549,K. Albrecht,Denver Nuggets,4,6,29,28.4,3PT Field Goal,Above the Break 3,-20.2,283.4,0,5.49,16.9
22300394,J. Carter,Phoenix Suns,1,9,45,0.8,2PT Field Goal,Restricted Area,7.4,3.4,0,1.49,23.1
22300987,A. Kowalski,Boston Celtics,4,0,17,25.8,3PT Field Goal,Above the Break 3,149.8,210.0,0,0.58,5.0
22300885,T. Nwosu,Miami Heat,4,6,46,4.0,2PT Field Goal,In The Paint (Non-RA),-36.2,17.0,0,3.61,1.5
22300636,K. Albrecht,Los Angeles Lakers,1,6,22,0.2,2PT Field Goal,Restricted Area,1.2,1.7,1,7.5,8.1
22300559,T. Nwosu,New York Knicks,3,11,22,25.0,3PT Field Goal,Above the Break 3,192.9,159.5,0,5.14,0.7
22300958,T. Nwosu,Phoenix Suns,2,8,59,6.3,2PT Field Goal,In The Paint (Non-RA),-34.2,52.5,1,2.99,13.0
22300481,J. Carter,Los Angeles Lakers,4,0,4,1.4,2PT Field Goal,Restricted Area,9.9,9.4,1,2.55,2.8
22300639,D. Reyes,Golden State Warriors,4,1,16,25.6,3PT Field Goal,Above the Break 3,230.6,111.8,0,7.01,11.5
22300500,L. Fitzgerald,Phoenix Suns,4,11,36,3.5,2PT Field Goal,Restricted Area,-6.8,34.4,1,5.4,0.7
22300309,K. Albrecht,Golden State Warriors,3,9,59,26.0,3PT Field Goal,Above the Break 3,-210.2,153.0,0,0.73,14.9
22300403,T. Nwosu,New York Knicks,4,4,16,2.9,2PT Field Goal,Restricted Area,-8.8,27.8,0,0.3,12.6
22300732,L. Fitzgerald,New York Knicks,1,8,36,25.3,3PT Field Goal,Above the Break 3,207.7,144.6,0,8.34,15.8
22300585,T. Nwosu,Milwaukee Bucks,3,5,49,4.4,2PT Field Goal,In The Paint (Non-RA),-3.7,43.6,1,4.33,16.7
22300766,L. Fitzgerald,Denver Nuggets,3,10,55,23.4,3PT Field Goal,Above the Break 3,-107.2,207.7,1,4.01,21.2
22300937,M. Okafor,Denver Nuggets,2,0,59,0.2,2PT Field Goal,Restricted Area,-0.3,2.0,1,4.79,19.6
22300190,T. Nwosu,Denver Nuggets,2,1,9,23.4,3PT Field Goal,Above the Break 3,166.0,164.6,0,3.78,22.0
22300561,A. Kowalski,Denver Nuggets,4,6,52,2.0,2PT Field Goal,Restricted Area,5.0,19.1,1,3.64,10.3
22300417,D. Reyes,Milwaukee Bucks,2,0,42,9.3,2PT Field Goal,In The Paint (Non-RA),-73.8,57.0,1,3.83,17.0
22300123,B. Osei,New York Knicks,1,6,45,21.7,2PT Field Goal,Mid-Range,-90.7,196.6,0,0.3,8.9
22300063,A. Kowalski,Boston Celtics,2,11,39,17.3,2PT Field Goal,Mid-Range,-84.1,151.0,1,3.22,18.1
22300143,K. Albrecht,Golden State Warriors,1,2,31,16.9,2PT Field Goal,Mid-Range,100.3,136.6,0,2.91,0.6
22300833,B. Osei,Los Angeles Lakers,2,4,38,21.2,2PT Field Goal,Mid-Range,6.4,212.3,0,6.39,12.8
22300431,K. Albrecht,Phoenix Suns,2,0,29,1.5,2PT Field Goal,Restricted Area,-12.6,7.9,0,6.19,7.1
22300924,T. Nwosu,New York Knicks,4,3,37,1.9,2PT Field Goal,Restricted Area,-17.1,7.8,1,3.11,5.2
22300659,M. Okafor,Miami Heat,4,4,9,29.0,3PT Field Goal,Above the Break 3,-91.8,275.1,1,3.68,20.0
22300274,B. Osei,Denver Nuggets,4,11,47,20.8,2PT Field Goal,Mid-Range,33.2,205.2,0,4.15,11.6
22300515,K. Albrecht,Los Angeles Lakers,2,1,11,16.0,2PT Field Goal,Mid-Range,28.6,157.2,1,8.42,3.0
22300944,S. Whitfield,Denver Nuggets,2,7,36,8.7,2PT Field Goal,In The Paint (Non-RA),-23.6,84.2,1,6.39,5.4
22300046,R. Delgado,Boston Celtics,2,4,3,24.1,3PT Field Goal,Above the Break 3,-50.2,236.0,0,2.45,18.6
22300622,M. Okafor,Boston Celtics,1,0,37,3.0,2PT Field Goal,Restricted Area,-13.6,26.9,0,7.24,23.9
22300197,R. Delgado,Golden State Warriors,3,8,40,27.6,3PT Field Goal,Above the Break 3,-200.4,190.3,1,1.86,13.0
22300893,T. Nwosu,Phoenix Suns,1,2,28,1.4,2PT Field Goal,Restricted Area,-5.6,13.0,0,6.53,20.5
22300801,T. Nwosu,Boston Celtics,2,3,9,15.0,2PT Field Goal,Mid-Range,54.5,139.3,0,4.21,20.5
22300609,K. Albrecht,New York Knicks,4,10,57,24.2,3PT Field Goal,Above the Break 3,-113.5,213.9,0,1.32,22.1
22300819,S. Whitfield,Denver Nuggets,2,11,32,1.7,2PT Field Goal,Restricted Area,14.2,9.8,0,2.98,23.9
22300099,L. Fitzgerald,Los Angeles Lakers,1,0,59,27.8,3PT Field Goal,Above the Break 3,39.8,275.4,0,3.55,13.7
22300651,K. Albrecht,Milwaukee Bucks,4,5,8,3.9,2PT Field Goal,Restricted Area,-27.9,26.9,1,6.4,5.4
22300343,J. Carter,Milwaukee Bucks,2,10,41,0.2,2PT Field Goal,Restricted Area,-0.2,2.0,0,6.94,7.9
22300611,K. Albrecht,Miami Heat,4,10,11,5.6,2PT Field Goal,In The Paint (Non-RA),-38.6,39.9,1,0.3,20.4
22300523,M. Okafor,Denver Nuggets,3,5,46,21.2,2PT Field Goal,Mid-Range,-162.4,135.7,0,2.87,13.4
22300108,L. Fitzgerald,Boston Celtics,4,7,32,1.7,2PT Field Goal,Restricted Area,-13.3,10.0,1,6.41,11.5
22300543,M. Okafor,Milwaukee Bucks,1,6,35,26.7,3PT Field Goal,Above the Break 3,-188.7,189.5,0,5.12,12.1
22300310,R. Delgado,Golden State Warriors,2,9,43,2.7,2PT Field Goal,Restricted Area,-18.1,19.8,1,5.15,19.6
22300509,J. Carter,Phoenix Suns,2,2,16,0.6,2PT Field Goal,Restricted Area,5.4,2.7,1,5.45,4.4
22300747,T. Nwosu,New York Knicks,2,1,39,1.3,2PT Field Goal,Restricted Area,-11.8,6.5,1,5.7,15.8
22300225,T. Nwosu,New York Knicks,4,2,26,0.5,2PT Field Goal,Restricted Area,-0.6,5.2,1,6.92,3.8
22300865,S. Whitfield,Los Angeles Lakers,2,5,48,2.3,2PT Field Goal,Restricted Area,8.0,21.6,0,3.09,11.6
22300352,M. Okafor,Milwaukee Bucks,4,1,8,1.4,2PT Field Goal,Restricted Area,-11.6,7.1,0,0.3,20.3
22300278,T. Nwosu,Phoenix Suns,1,3,0,3.1,2PT Field Goal,Restricted Area,-12.2,28.1,1,5.07,18.0
22300210,S. Whitfield,Phoenix Suns,1,7,17,3.3,2PT Field Goal,Restricted Area,-7.6,32.6,0,2.53,15.9
22300864,S. Whitfield,Golden State Warriors,2,6,36,17.0,2PT Field Goal,Mid-Range,-10.5,170.2,0,0.3,4.4
22300864,S. Whitfield,Phoenix Suns,4,11,7,2.2,2PT Field Goal,Restricted Area,8.9,19.7,1,4.08,14.1
22300427,B. Osei,Golden State Warriors,2,6,49,25.1,3PT Field Goal,Above the Break 3,7.1,251.1,1,2.27,16.9
22300396,A. Kowalski,Boston Celtics,1,11,43,8.8,2PT Field Goal,In The Paint (Non-RA),4.7,88.2,1,3.82,21.1
22300332,A. Kowalski,Miami Heat,3,3,41,1.7,2PT Field Goal,Restricted Area,-8.2,14.3,0,0.3,0.7
22300147,D. Reyes,Miami Heat,4,6,25,2.4,2PT Field Goal,Restricted Area,-21.1,11.9,1,5.15,4.1
22300121,M. Okafor,Miami Heat,4,3,44,2.2,2PT Field Goal,Restricted Area,8.1,20.2,1,3.83,1.7
22300751,K. Albrecht,New York Knicks,3,9,17,29.0,3PT Field Goal,Above the Break 3,18.2,289.4,0,4.38,6.4
22300605,A. Kowalski,Golden State Warriors,3,8,21,6.7,2PT Field Goal,In The Paint (Non-RA),2.3,67.2,0,2.3,7.8
22300909,S. Whitfield,New York Knicks,2,8,52,0.6,2PT Field Goal,Restricted Area,1.2,6.3,0,2.12,10.4
22300293,A. Kowalski,Golden State Warriors,1,3,27,3.4,2PT Field Goal,Restricted Area,29.3,17.4,1,6.11,13.2
22300641,K. Albrecht,New York Knicks,3,2,34,23.8,3PT Field Goal,Above the Break 3,136.6,195.2,0,5.39,7.3
22300944,D. Reyes,Miami Heat,2,3,1,25.1,3PT Field Goal,Above the Break 3,-5.7,250.7,1,3.36,3.2
22300333,T. Nwosu,Miami Heat,3,9,21,17.7,2PT Field Goal,Mid-Range,-113.8,135.4,0,1.22,12.3
22300975,A. Kowalski,Denver Nuggets,1,8,9,24.0,3PT Field Goal,Above the Break 3,-171.2,167.7,1,5.1,23.3
22300396,J. Carter,Milwaukee Bucks,4,8,10,2.4,2PT Field Goal,Restricted Area,4.4,23.4,1,2.82,7.2
22300651,L. Fitzgerald,Milwaukee Bucks,4,10,30,24.1,3PT Field Goal,Above the Break 3,149.3,189.3,0,5.85,1.6
22300592,L. Fitzgerald,Los Angeles Lakers,3,10,49,3.1,2PT Field Goal,Restricted Area,12.3,28.1,1,2.36,15.5
22300183,M. Okafor,Denver Nuggets,3,11,39,15.3,2PT Field Goal,Mid-Range,88.9,124.1,1,4.35,1.8
22300025,S. Whitfield,New York Knicks,1,11,52,0.5,2PT Field Goal,Restricted Area,-3.9,2.5,0,4.75,8.6
22300907,M. Okafor,Miami Heat,1,11,57,17.3,2PT Field Goal,Mid-Range,-144.4,95.0,0,2.7,7.8
22300717,A. Kowalski,Miami Heat,2,2,6,3.2,2PT Field Goal,Restricted Area,4.9,31.3,1,5.15,23.8
22300557,K. Albrecht,New York Knicks,1,4,46,4.0,2PT Field Goal,In The Paint (Non-RA),24.1,32.0,0,0.85,9.7
22300141,D. Reyes,Boston Celtics,3,1,23,21.1,2PT Field Goal,Mid-Range,-138.1,160.1,0,6.9,1.0
22300842,B. Osei,Boston Celtics,1,2,3,24.8,3PT Field Goal,Above the Break 3,227.8,99.3,0,3.0,6.3
22300480,S. Whitfield,Golden State Warriors,4,9,13,2.9,2PT Field Goal,Restricted Area,-2.0,28.5,0,2.98,10.2
22300569,T. Nwosu,Miami Heat,4,9,31,0.4,2PT Field Goal,Restricted Area,-3.1,1.8,1,3.53,23.9
22300043,B. Osei,New York Knicks,3,1,44,2.2,2PT Field Goal,Restricted Area,5.2,20.9,1,3.13,22.6
22300224,M. Okafor,New York Knicks,2,0,21,21.3,2PT Field Goal,Mid-Range,197.0,80.3,0,2.35,19.4
22300083,L. Fitzgerald,Miami Heat,1,6,1,23.8,3PT Field Goal,Above the Break 3,217.3,96.8,0,4.37,17.2
22300801,A. Kowalski,Boston Celtics,4,8,26,2.0,2PT Field Goal,Restricted Area,18.4,8.8,0,2.54,14.4
22300805,B. Osei,Golden State Warriors,1,5,32,2.4,2PT Field Goal,Restricted Area,-3.2,23.5,1,3.26,6.2
22300766,J. Carter,Los Angeles Lakers,1,1,57,1.8,2PT Field Goal,Restricted Area,14.3,11.4,0,4.31,22.0
22300542,K. Albrecht,Miami Heat,4,10,34,24.9,3PT Field Goal,Above the Break 3,-94.0,230.7,0,3.47,6.7
22300738,M. Okafor,Phoenix Suns,3,1,53,2.7,2PT Field Goal,Restricted Area,20.9,17.2,0,2.13,6.6
22300070,K. Albrecht,Boston Celtics,2,0,25,1.5,2PT Field Goal,Restricted Area,0.7,15.4,1,5.72,17.5
22300218,R. Delgado,Phoenix Suns,2,0,22,28.3,3PT Field Goal,Above the Break 3,-78.2,272.2,1,8.33,11.9
22300139,A. Kowalski,Denver Nuggets,3,6,25,22.5,3PT Field Goal,Above the Break 3,-199.0,105.0,0,2.59,1.6
22300556,M. Okafor,Denver Nuggets,1,7,55,23.3,3PT Field Goal,Above the Break 3,-59.8,224.7,0,5.89,10.9
22300784,K. Albrecht,Miami Heat,3,6,28,2.4,2PT Field Goal,Restricted Area,9.3,22.0,1,2.34,17.1
22300566,J. Carter,Boston Celtics,3,9,53,12.1,2PT Field Goal,In The Paint (Non-RA),-82.5,88.9,0,3.33,0.2
22300960,D. Reyes,Golden State Warriors,4,2,56,15.5,2PT Field Goal,Mid-Range,-18.8,154.1,1,1.5,14.9
22300453,D. Reyes,Denver Nuggets,2,11,10,23.8,3PT Field Goal,Above the Break 3,-134.4,196.3,0,2.63,18.8
22300396,M. Okafor,Milwaukee Bucks,2,5,47,24.7,3PT Field Goal,Above the Break 3,-176.0,172.8,0,2.24,1.1
22300651,L. Fitzgerald,Milwaukee Bucks,3,7,45,1.3,2PT Field Goal,Restricted Area,-4.7,11.9,0,3.71,22.1
22300681,A. Kowalski,Golden State Warriors,4,11,38,8.9,2PT Field Goal,In The Paint (Non-RA),-63.7,62.4,0,3.19,11.8
22300747,B. Osei,Phoenix Suns,4,10,44,27.3,3PT Field Goal,Above the Break 3,58.9,266.6,1,8.81,4.3
22300416,K. Albrecht,Boston Celtics,1,10,30,19.1,2PT Field Goal,Mid-Range,72.9,177.0,0,1.99,1.2
22300085,S. Whitfield,Phoenix Suns,1,6,30,15.1,2PT Field Goal,Mid-Range,-58.1,139.7,0,5.33,0.7
22300792,S. Whitfield,Boston Celtics,3,0,6,26.8,3PT Field Goal,Above the Break 3,-221.9,150.0,0,5.8,23.6
22300206,B. Osei,Phoenix Suns,2,3,6,26.4,3PT Field Goal,Above the Break 3,-116.6,236.3,0,0.3,9.0
22300163,L. Fitzgerald,Miami Heat,2,1,44,25.9,3PT Field Goal,Above the Break 3,-198.3,166.0,1,0.3,18.2
22300414,B. Osei,Denver Nuggets,2,5,58,18.0,2PT Field Goal,Mid-Range,56.0,171.6,1,5.9,22.2
22300145,K. Albrecht,Boston Celtics,1,0,4,2.2,2PT Field Goal,Restricted Area,17.3,14.0,0,1.33,7.2
22300855,D. Reyes,Los Angeles Lakers,4,8,47,3.3,2PT Field Goal,Restricted Area,-28.7,16.5,0,3.25,8.6
22300838,M. Okafor,Denver Nuggets,2,1,6,1.5,2PT Field Goal,Restricted Area,-2.0,15.0,1,0.3,8.9
22300256,J. Carter,Los Angeles Lakers,3,8,12,20.3,2PT Field Goal,Mid-Range,-5.4,202.7,0,1.55,9.3
22300927,T. Nwosu,Phoenix Suns,1,3,13,29.0,3PT Field Goal,Above the Break 3,-256.9,134.6,1,3.41,23.2
22300319,A. Kowalski,Milwaukee Bucks,2,8,17,23.5,3PT Field Goal,Above the Break 3,214.9,94.6,0,6.5,16.3
22300091,R. Delgado,Milwaukee Bucks,2,3,25,23.4,3PT Field Goal,Above the Break 3,-184.7,144.3,0,8.54,15.3
22300326,R. Delgado,New York Knicks,4,10,58,2.9,2PT Field Goal,Restricted Area,-23.0,17.9,1,2.59,18.2
22300932,A. Kowalski,New York Knicks,1,5,40,1.0,2PT Field Goal,Restricted Area,-8.8,5.3,1,7.25,17.7
22300024,A. Kowalski,New York Knicks,1,0,28,1.7,2PT Field Goal,Restricted Area,-4.8,15.8,1,3.99,12.8
22300860,L. Fitzgerald,Boston Celtics,3,3,27,16.1,2PT Field Goal,Mid-Range,60.6,148.9,0,3.48,6.7
22300920,A. Kowalski,Phoenix Suns,2,6,20,25.5,3PT Field Goal,Above the Break 3,16.7,254.0,0,3.52,5.5
22300352,L. Fitzgerald,Phoenix Suns,4,8,28,25.9,3PT Field Goal,Above the Break 3,-46.7,254.4,0,3.48,8.7
22300749,D. Reyes,Miami Heat,2,10,24,9.2,2PT Field Goal,In The Paint (Non-RA),-52.8,75.9,0,0.61,12.0
22300923,D. Reyes,New York Knicks,3,2,27,1.8,2PT Field Goal,Restricted Area,13.0,12.8,1,3.84,9.6
22300993,J. Carter,New York Knicks,2,4,37,25.1,3PT Field Goal,Above the Break 3,-141.2,207.2,0,1.48,5.6
22300124,R. Delgado,New York Knicks,4,1,12,24.0,3PT Field Goal,Above the Break 3,-29.6,238.1,1,4.79,24.0
22300859,A. Kowalski,Boston Celtics,4,1,16,23.2,3PT Field Goal,Above the Break 3,93.3,211.9,1,10.1,23.6
22300663,R. Delgado,Golden State Warriors,3,2,45,3.6,2PT Field Goal,Restricted Area,-32.7,15.4,1,1.1,1.0
22300042,S. Whitfield,Boston Celtics,3,0,15,5.4,2PT Field Goal,In The Paint (Non-RA),-39.8,37.1,0,7.74,5.4
22300162,M. Okafor,Miami Heat,1,7,0,18.7,2PT Field Goal,Mid-Range,-17.5,186.3,0,1.51,10.8
22300611,J. Carter,New York Knicks,1,3,14,25.0,3PT Field Goal,Above the Break 3,-129.5,213.9,0,3.28,14.0
22300356,L. Fitzgerald,Phoenix Suns,3,5,50,1.2,2PT Field Goal,Restricted Area,-7.9,8.7,1,6.34,21.4
22300006,K. Albrecht,Phoenix Suns,3,8,43,13.5,2PT Field Goal,In The Paint (Non-RA),120.6,59.8,0,5.18,1.4
22300649,T. Nwosu,Golden State Warriors,3,1,56,3.6,2PT Field Goal,Restricted Area,-32.7,14.5,1,6.71,5.5
22300346,L. Fitzgerald,Denver Nuggets,2,1,50,0.3,2PT Field Goal,Restricted Area,-1.5,3.0,1,7.06,9.1
22300579,R. Delgado,Boston Celtics,3,3,21,1.9,2PT Field Goal,Restricted Area,-13.5,13.5,0,3.41,13.5
22300857,A. Kowalski,Denver Nuggets,1,11,2,24.2,3PT Field Goal,Above the Break 3,-152.4,188.4,0,2.85,19.6
22300909,J. Carter,Denver Nuggets,4,2,57,15.6,2PT Field Goal,Mid-Range,133.7,79.6,1,5.45,7.6
22300240,T. Nwosu,Golden State Warriors,4,11,39,6.5,2PT Field Goal,In The Paint (Non-RA),-21.1,61.8,1,5.18,5.2
22300842,T. Nwosu,Phoenix Suns,1,3,29,9.8,2PT Field Goal,In The Paint (Non-RA),20.1,96.3,0,7.87,2.5
22300743,T. Nwosu,Miami Heat,2,5,3,3.2,2PT Field Goal,Restricted Area,9.3,30.7,0,0.3,17.6
22300358,B. Osei,Golden State Warriors,1,3,16,24.6,3PT Field Goal,Above the Break 3,204.0,138.1,1,6.34,22.4
22300777,M. Okafor,Boston Celtics,1,5,46,11.8,2PT Field Goal,In The Paint (Non-RA),99.6,62.6,1,5.17,15.1
22300605,L. Fitzgerald,New York Knicks,2,0,6,2.9,2PT Field Goal,Restricted Area,-10.6,27.5,1,3.39,9.7
22300669,B. Osei,Miami Heat,3,5,17,16.2,2PT Field Goal,Mid-Range,60.1,150.8,0,2.23,0.7
22300335,R. Delgado,Golden State Warriors,1,6,59,23.6,3PT Field Goal,Above the Break 3,-190.9,138.1,0,2.27,18.7
22300990,D. Reyes,Miami Heat,4,6,52,0.9,2PT Field Goal,Restricted Area,3.3,8.2,0,2.29,17.6
22300458,A. Kowalski,Milwaukee Bucks,3,2,45,27.9,3PT Field Goal,Above the Break 3,-161.4,227.5,0,7.67,3.3
22300049,J. Carter,Milwaukee Bucks,1,11,36,0.6,2PT Field Goal,Restricted Area,-5.7,2.5,1,4.11,12.1
22300738,R. Delgado,Golden State Warriors,3,0,20,3.2,2PT Field Goal,Restricted Area,18.9,25.4,0,3.45,10.1
22300101,S. Whitfield,Denver Nuggets,3,4,22,26.3,3PT Field Goal,Above the Break 3,242.9,101.0,0,4.18,12.6
22300719,L. Fitzgerald,Boston Celtics,4,11,59,28.8,3PT Field Goal,Above the Break 3,131.0,256.6,1,5.32,18.8
22300235,K. Albrecht,Denver Nuggets,4,7,5,0.6,2PT Field Goal,Restricted Area,3.6,4.5,1,5.75,22.5
22300715,S. Whitfield,New York Knicks,1,4,56,24.6,3PT Field Goal,Above the Break 3,210.3,127.1,0,4.03,19.1
22300605,J. Carter,New York Knicks,3,4,49,19.1,2PT Field Goal,Mid-Range,-67.3,179.0,0,3.61,17.4
22300139,R. Delgado,Phoenix Suns,3,4,56,9.2,2PT Field Goal,In The Paint (Non-RA),72.1,57.1,0,2.32,15.2
22300467,A. Kowalski,Denver Nuggets,2,1,47,25.6,3PT Field Goal,Above the Break 3,-4.6,256.0,0,3.97,10.4
22300196,L. Fitzgerald,Los Angeles Lakers,2,9,30,16.7,2PT Field Goal,Mid-Range,6.2,166.8,0,3.76,6.2
22300994,J. Carter,Milwaukee Bucks,3,5,16,2.8,2PT Field Goal,Restricted Area,-23.8,14.8,1,2.68,18.3
22300177,A. Kowalski,Miami Heat,2,6,30,7.2,2PT Field Goal,In The Paint (Non-RA),-36.1,62.3,0,3.37,21.3
22300554,R. Delgado,Milwaukee Bucks,4,8,14,25.1,3PT Field Goal,Above the Break 3,-59.8,243.3,1,6.87,12.9
22300027,K. Albrecht,Miami Heat,2,9,1,15.7,2PT Field Goal,Mid-Range,18.3,156.3,0,5.85,12.7
22300415,K. Albrecht,Los Angeles Lakers,1,8,3,16.6,2PT Field Goal,Mid-Range,-100.1,132.0,0,4.7,23.1
22300084,D. Reyes,Los Angeles Lakers,1,9,55,25.5,3PT Field Goal,Above the Break 3,231.0,108.8,1,6.76,11.5
22300286,S. Whitfield,Denver Nuggets,2,4,20,1.5,2PT Field Goal,Restricted Area,11.3,9.4,1,4.35,10.5
22300740,S. Whitfield,Miami Heat,3,7,47,2.1,2PT Field Goal,Restricted Area,-15.6,13.9,1,6.68,9.2
22300798,J. Carter,Miami Heat,1,4,27,4.0,2PT Field Goal,In The Paint (Non-RA),-32.0,24.0,0,4.05,1.8
22300552,B. Osei,Los Angeles Lakers,3,7,6,20.1,2PT Field Goal,Mid-Range,-176.0,97.0,0,7.33,16.5
22300091,A. Kowalski,Golden State Warriors,1,5,1,10.4,2PT Field Goal,In The Paint (Non-RA),-69.1,78.2,0,5.3,5.0
22300893,K. Albrecht,Denver Nuggets,1,1,18,25.0,3PT Field Goal,Above the Break 3,151.7,199.2,0,3.39,10.4
22300763,J. Carter,Miami Heat,1,8,33,25.2,3PT Field Goal,Above the Break 3,-148.0,204.0,0,1.41,20.1
22300289,D. Reyes,New York Knicks,2,3,54,4.0,2PT Field Goal,Restricted Area,8.9,38.8,0,4.39,2.1
22300716,R. Delgado,New York Knicks,3,4,58,3.1,2PT Field Goal,Restricted Area,4.6,30.9,1,4.4,11.8
22300423,T. Nwosu,Los Angeles Lakers,3,5,52,11.2,2PT Field Goal,In The Paint (Non-RA),99.3,51.3,1,1.64,6.6
22300983,S. Whitfield,Milwaukee Bucks,3,9,44,17.3,2PT Field Goal,Mid-Range,-27.6,171.2,0,3.6,20.4
22300944,R. Delgado,Golden State Warriors,4,10,25,22.5,3PT Field Goal,Above the Break 3,-143.6,173.2,0,2.74,6.1
22300837,T. Nwosu,Milwaukee Bucks,4,2,40,18.8,2PT Field Goal,Mid-Range,7.4,187.9,1,4.7,20.9
22300486,L. Fitzgerald,Boston Celtics,1,8,53,0.4,2PT Field Goal,Restricted Area,-1.3,4.1,0,1.21,1.4
22300586,D. Reyes,Miami Heat,2,4,56,16.1,2PT Field Goal,Mid-Range,-127.0,98.6,0,4.04,13.3
22300765,A. Kowalski,Denver Nuggets,4,0,25,2.5,2PT Field Goal,Restricted Area,19.6,15.4,0,8.38,22.0
22300045,B. Osei,Phoenix Suns,4,0,27,19.0,2PT Field Goal,Mid-Range,-66.6,177.8,1,6.26,17.3
22300467,J. Carter,Denver Nuggets,1,5,34,2.2,2PT Field Goal,Restricted Area,-19.9,8.5,1,4.03,23.4
22300079,R. Delgado,Miami Heat,4,11,56,14.3,2PT Field Goal,Mid-Range,106.0,96.5,0,7.52,4.3
22300415,L. Fitzgerald,New York Knicks,2,3,25,5.4,2PT Field Goal,In The Paint (Non-RA),39.5,36.7,0,3.24,4.6
22300989,B. Osei,Miami Heat,3,6,21,14.5,2PT Field Goal,Mid-Range,-36.9,139.8,0,5.96,9.3
22300104,R. Delgado,Los Angeles Lakers,4,5,52,15.7,2PT Field Goal,Mid-Range,100.5,121.1,0,4.77,16.1
22300199,D. Reyes,Miami Heat,2,10,56,20.3,2PT Field Goal,Mid-Range,-0.8,203.2,0,3.12,22.7
22300767,D. Reyes,Miami Heat,1,5,26,25.0,3PT Field Goal,Above the Break 3,63.6,241.9,0,5.21,16.7
22300709,L. Fitzgerald,Golden State Warriors,4,10,4,2.0,2PT Field Goal,Restricted Area,-1.5,19.7,1,9.41,19.3
22300688,R. Delgado,Denver Nuggets,3,11,4,26.7,3PT Field Goal,Above the Break 3,-206.7,169.6,0,2.16,14.3
22300423,T. Nwosu,Golden State Warriors,1,11,20,15.4,2PT Field Goal,Mid-Range,135.1,73.9,0,2.11,22.8
22300291,T. Nwosu,Miami Heat,1,4,20,17.4,2PT Field Goal,Mid-Range,-158.4,70.9,1,7.91,4.2
22300687,R. Delgado,Los Angeles Lakers,4,7,56,6.6,2PT Field Goal,In The Paint (Non-RA),-58.9,28.6,0,2.64,7.6
22300017,L. Fitzgerald,Golden State Warriors,4,10,19,3.7,2PT Field Goal,Restricted Area,-4.5,36.9,0,3.84,5.0
22300966,D. Reyes,Miami Heat,2,9,50,22.5,3PT Field Goal,Above the Break 3,-147.8,169.6,0,3.07,7.0
22300637,L. Fitzgerald,Phoenix Suns,3,7,34,24.9,3PT Field Goal,Above the Break 3,177.9,173.8,0,2.42,12.5
22300131,B. Osei,Denver Nuggets,4,9,12,26.5,3PT Field Goal,Above the Break 3,204.5,168.9,0,5.18,12.8
22300693,A. Kowalski,Boston Celtics,2,2,25,5.8,2PT Field Goal,In The Paint (Non-RA),-25.8,52.3,1,1.83,23.9
22300151,M. Okafor,Phoenix Suns,4,3,47,27.8,3PT Field Goal,Above the Break 3,-229.3,156.4,1,1.77,11.8
22300288,S. Whitfield,Miami Heat,2,0,6,25.3,3PT Field Goal,Above the Break 3,27.9,251.9,0,3.53,2.1
22300164,A. Kowalski,Golden State Warriors,3,8,12,21.9,2PT Field Goal,Mid-Range,-62.7,210.3,1,5.32,11.4
22300800,M. Okafor,Milwaukee Bucks,2,0,49,26.3,3PT Field Goal,Above the Break 3,241.4,104.7,1,7.32,19.1
22300471,A. Kowalski,Milwaukee Bucks,4,0,13,28.6,3PT Field Goal,Above the Break 3,-79.3,275.1,1,4.03,18.6
22300114,S. Whitfield,Denver Nuggets,3,7,41,0.2,2PT Field Goal,Restricted Area,0.6,1.9,1,6.17,2.1
22300029,M. Okafor,Boston Celtics,2,7,13,2.5,2PT Field Goal,Restricted Area,22.1,11.4,1,7.18,0.8
22300060,B. Osei,Boston Celtics,4,11,24,4.2,2PT Field Goal,In The Paint (Non-RA),34.6,24.3,1,5.15,2.3
22300225,M. Okafor,Phoenix Suns,2,8,31,15.9,2PT Field Goal,Mid-Range,-120.1,103.7,1,6.0,19.4
22300060,B. Osei,Miami Heat,2,6,59,15.2,2PT Field Goal,Mid-Range,-24.9,149.6,0,3.64,4.2
22300871,M. Okafor,Golden State Warriors,4,2,9,16.2,2PT Field Goal,Mid-Range,9.4,161.8,0,0.48,0.4
22300337,M. Okafor,Los Angeles Lakers,4,2,37,27.8,3PT Field Goal,Above the Break 3,158.1,228.9,1,5.86,5.8
22300859,B. Osei,Los Angeles Lakers,2,6,53,24.7,3PT Field Goal,Above the Break 3,185.3,163.2,0,1.54,22.2
22300075,B. Osei,Golden State Warriors,4,8,30,2.3,2PT Field Goal,Restricted Area,18.3,13.2,0,5.37,4.8
22300708,A. Kowalski,Los Angeles Lakers,4,7,5,1.2,2PT Field Goal,Restricted Area,2.5,11.6,1,2.24,15.5
22300468,B. Osei,Milwaukee Bucks,1,8,19,24.4,3PT Field Goal,Above the Break 3,164.2,180.7,0,1.45,22.9
22300116,L. Fitzgerald,Los Angeles Lakers,4,7,19,27.3,3PT Field Goal,Above the Break 3,210.2,174.5,0,3.83,13.0
22300010,T. Nwosu,Los Angeles Lakers,2,7,35,4.0,2PT Field Goal,In The Paint (Non-RA),-32.1,23.9,0,1.24,7.7
22300551,M. Okafor,Boston Celtics,4,2,33,18.3,2PT Field Goal,Mid-Range,165.9,76.2,0,4.27,20.2
22300803,A. Kowalski,Miami Heat,2,0,18,0.6,2PT Field Goal,Restricted Area,-2.2,5.2,1,3.66,9.0
22300461,T. Nwosu,Los Angeles Lakers,4,2,0,10.2,2PT Field Goal,In The Paint (Non-RA),-93.1,42.0,0,3.6,14.0
22300434,T. Nwosu,New York Knicks,4,3,14,25.9,3PT Field Goal,Above the Break 3,-132.4,222.5,0,7.52,13.9
22300137,K. Albrecht,Milwaukee Bucks,3,8,55,2.1,2PT Field Goal,Restricted Area,7.4,20.0,0,5.93,22.9
22300636,J. Carter,Milwaukee Bucks,4,0,1,24.5,3PT Field Goal,Above the Break 3,-69.2,235.3,0,3.55,22.5
22300479,B. Osei,Los Angeles Lakers,1,2,37,14.0,2PT Field Goal,In The Paint (Non-RA),30.9,136.4,0,5.94,6.5
22300904,D. Reyes,Golden State Warriors,4,9,54,25.1,3PT Field Goal,Above the Break 3,159.0,194.1,1,5.0,3.6
22300500,M. Okafor,Los Angeles Lakers,2,8,14,26.1,3PT Field Goal,Above the Break 3,-109.5,236.5,0,3.35,20.1
22300485,T. Nwosu,Boston Celtics,4,4,19,2.2,2PT Field Goal,Restricted Area,-14.1,16.8,0,1.07,2.4
22300411,L. Fitzgerald,Denver Nuggets,4,3,2,21.2,2PT Field Goal,Mid-Range,117.2,176.4,0,2.46,3.1
22300570,R. Delgado,Phoenix Suns,3,0,27,25.1,3PT Field Goal,Above the Break 3,-209.3,139.2,0,8.51,1.0
22300627,S. Whitfield,Miami Heat,4,1,15,0.2,2PT Field Goal,Restricted Area,1.7,1.1,1,4.21,23.2
22300852,L. Fitzgerald,Boston Celtics,4,6,54,25.0,3PT Field Goal,Above the Break 3,178.3,175.8,1,5.36,21.3
22300309,B. Osei,Denver Nuggets,1,3,57,0.4,2PT Field Goal,Restricted Area,-1.3,3.4,0,7.95,1.6
22300346,K. Albrecht,New York Knicks,3,1,29,0.9,2PT Field Goal,Restricted Area,0.0,9.2,1,2.46,6.0
22300162,K. Albrecht,New York Knicks,4,11,14,3.1,2PT Field Goal,Restricted Area,16.3,25.9,0,6.54,10.4
22300649,L. Fitzgerald,Miami Heat,3,0,19,3.2,2PT Field Goal,Restricted Area,26.5,18.8,0,0.3,20.2
22300557,S. Whitfield,Denver Nuggets,3,9,32,25.1,3PT Field Goal,Above the Break 3,228.2,104.1,0,1.77,20.3
22300171,S. Whitfield,New York Knicks,3,6,49,2.8,2PT Field Goal,Restricted Area,0.3,28.2,0,0.3,7.3
22300825,M. Okafor,Phoenix Suns,3,8,19,6.7,2PT Field Goal,In The Paint (Non-RA),-13.1,66.0,1,4.07,9.7
22300984,T. Nwosu,Boston Celtics,4,1,39,13.4,2PT Field Goal,In The Paint (Non-RA),-115.5,67.5,1,4.13,11.4
22300408,J. Carter,Boston Celtics,2,8,55,14.3,2PT Field Goal,Mid-Range,131.5,55.0,1,2.43,2.1
22300266,T. Nwosu,Miami Heat,2,1,21,22.8,3PT Field Goal,Above the Break 3,-119.5,194.6,0,2.63,21.7
22300754,S. Whitfield,Milwaukee Bucks,4,10,49,18.3,2PT Field Goal,Mid-Range,-112.7,143.6,0,10.71,5.1
22300998,J. Carter,New York Knicks,1,11,33,28.6,3PT Field Goal,Above the Break 3,228.1,172.6,0,5.02,8.6
22300483,B. Osei,Milwaukee Bucks,3,0,21,2.4,2PT Field Goal,Restricted Area,13.4,19.8,1,5.29,6.8
22300616,L. Fitzgerald,Milwaukee Bucks,2,0,22,14.1,2PT Field Goal,Mid-Range,-4.4,141.4,1,2.08,19.8
22300182,D. Reyes,New York Knicks,3,11,13,0.2,2PT Field Goal,Restricted Area,0.7,1.9,1,2.31,12.0
22300982,D. Reyes,Miami Heat,3,10,42,27.7,3PT Field Goal,Above the Break 3,237.2,142.7,0,4.54,22.2
22300738,A. Kowalski,Denver Nuggets,2,9,49,21.9,2PT Field Goal,Mid-Range,-15.0,218.8,1,3.37,5.2
22300935,S. Whitfield,Miami Heat,4,0,13,2.4,2PT Field Goal,Restricted Area,-20.4,11.8,1,3.71,1.9
22300894,D. Reyes,Boston Celtics,4,1,13,28.2,3PT Field Goal,Above the Break 3,261.4,106.0,0,3.43,16.2
22300399,B. Osei,Boston Celtics,3,8,7,17.7,2PT Field Goal,Mid-Range,158.9,76.9,1,0.3,23.7
22300938,L. Fitzgerald,Miami Heat,3,0,34,7.9,2PT Field Goal,In The Paint (Non-RA),64.2,45.2,0,4.93,12.2
22300515,M. Okafor,Milwaukee Bucks,1,0,52,1.5,2PT Field Goal,Restricted Area,-9.7,11.1,1,4.59,19.9
22300490,K. Albrecht,Los Angeles Lakers,4,7,50,25.3,3PT Field Goal,Above the Break 3,-115.5,224.6,1,5.35,15.8
22300379,L. Fitzgerald,New York Knicks,2,9,34,13.1,2PT Field Goal,In The Paint (Non-RA),-115.2,63.0,0,5.68,0.0
22300421,B. Osei,New York Knicks,3,4,15,25.7,3PT Field Goal,Above the Break 3,44.2,253.4,1,8.22,13.9
22300144,R. Delgado,New York Knicks,3,2,32,3.5,2PT Field Goal,Restricted Area,29.9,18.6,1,3.2,10.3
22300211,A. Kowalski,Phoenix Suns,4,7,8,19.4,2PT Field Goal,Mid-Range,19.5,193.1,0,4.56,11.7
22300188,A. Kowalski,New York Knicks,3,5,9,3.7,2PT Field Goal,Restricted Area,-29.8,22.5,0,7.18,3.1
22300320,R. Delgado,New York Knicks,2,5,45,16.1,2PT Field Goal,Mid-Range,-123.0,103.3,0,3.26,1.3
22300161,S. Whitfield,Miami Heat,2,11,17,17.8,2PT Field Goal,Mid-Range,104.0,144.4,1,6.71,9.0
22300603,B. Osei,Miami Heat,4,1,10,26.5,3PT Field Goal,Above the Break 3,-157.6,213.4,1,3.0,1.5
22300100,K. Albrecht,Milwaukee Bucks,3,11,37,27.0,3PT Field Goal,Above the Break 3,159.5,217.4,0,3.09,0.8
22300726,L. Fitzgerald,Golden State Warriors,1,2,6,4.0,2PT Field Goal,In The Paint (Non-RA),8.7,39.0,1,1.66,11.1
22300480,J. Carter,New York Knicks,2,2,23,22.5,3PT Field Goal,Above the Break 3,-59.1,217.1,1,3.79,5.6
22300178,S. Whitfield,Miami Heat,2,4,8,3.0,2PT Field Goal,Restricted Area,-3.9,29.3,1,8.8,3.3
22300569,S. Whitfield,Boston Celtics,1,9,49,3.1,2PT Field Goal,Restricted Area,21.6,22.1,0,8.26,21.6
22300748,T. Nwosu,Miami Heat,2,7,30,0.8,2PT Field Goal,Restricted Area,7.5,3.8,0,4.32,1.0
22300703,T. Nwosu,Milwaukee Bucks,4,9,20,2.2,2PT Field Goal,Restricted Area,-16.0,14.9,1,5.28,12.9
22300662,K. Albrecht,Denver Nuggets,3,0,2,26.1,3PT Field Goal,Above the Break 3,160.5,206.2,1,6.72,14.9
22300702,T. Nwosu,Phoenix Suns,1,2,24,20.6,2PT Field Goal,Mid-Range,55.8,198.2,0,1.7,2.6
22300553,A. Kowalski,Phoenix Suns,2,4,42,4.9,2PT Field Goal,In The Paint (Non-RA),-29.0,40.0,1,3.18,10.2
22300694,M. Okafor,Los Angeles Lakers,3,6,49,23.7,3PT Field Goal,Above the Break 3,-155.0,179.5,0,3.69,15.7
22300089,S. Whitfield,Phoenix Suns,1,10,22,25.4,3PT Field Goal,Above the Break 3,-158.1,198.4,0,0.3,13.0
22300659,S. Whitfield,Denver Nuggets,4,2,59,14.9,2PT Field Goal,Mid-Range,131.9,70.2,0,2.32,6.3
22300405,D. Reyes,Miami Heat,1,0,8,15.7,2PT Field Goal,Mid-Range,80.2,135.2,0,2.69,2.9
22300662,T. Nwosu,Miami Heat,1,8,51,24.3,3PT Field Goal,Above the Break 3,-225.0,92.1,0,3.35,19.2
22300679,M. Okafor,Milwaukee Bucks,1,5,37,0.6,2PT Field Goal,Restricted Area,-1.1,5.8,1,3.61,20.8
22300183,B. Osei,Miami Heat,2,11,19,28.5,3PT Field Goal,Above the Break 3,154.7,239.9,0,0.3,7.2
22300780,T. Nwosu,Milwaukee Bucks,2,5,4,3.2,2PT Field Goal,Restricted Area,-20.6,24.3,0,5.09,0.5
22300481,M. Okafor,New York Knicks,2,3,4,0.6,2PT Field Goal,Restricted Area,-0.9,6.4,0,2.95,7.0
22300325,A. Kowalski,Boston Celtics,3,5,48,26.5,3PT Field Goal,Above the Break 3,-109.6,240.8,1,5.13,8.5
22300080,J. Carter,New York Knicks,2,11,36,1.8,2PT Field Goal,Restricted Area,0.1,18.3,0,5.42,23.3
22300694,K. Albrecht,Miami Heat,2,4,32,1.1,2PT Field Goal,Restricted Area,-9.0,6.3,1,3.66,4.3
22300584,J. Carter,Golden State Warriors,3,7,39,7.2,2PT Field Goal,In The Paint (Non-RA),26.9,66.5,1,8.11,11.2
22300919,S. Whitfield,Boston Celtics,2,5,51,1.5,2PT Field Goal,Restricted Area,-12.3,9.0,0,0.3,1.3
22300665,T. Nwosu,Denver Nuggets,2,1,11,12.5,2PT Field Goal,In The Paint (Non-RA),2.5,124.6,0,3.95,6.3
22300098,A. Kowalski,Boston Celtics,3,6,43,2.6,2PT Field Goal,Restricted Area,-18.9,18.6,1,4.22,12.4
22300068,B. Osei,Phoenix Suns,2,4,4,1.4,2PT Field Goal,Restricted Area,3.4,13.7,1,7.3,19.7
22300618,M. Okafor,Miami Heat,1,8,59,16.4,2PT Field Goal,Mid-Range,-139.9,86.1,1,3.82,20.0
22300663,B. Osei,Boston Celtics,1,4,0,13.1,2PT Field Goal,In The Paint (Non-RA),-73.4,108.3,0,5.28,23.9
22300489,T. Nwosu,Denver Nuggets,3,11,32,2.4,2PT Field Goal,Restricted Area,14.3,18.8,1,4.47,2.7
22300092,D. Reyes,Phoenix Suns,3,1,21,25.4,3PT Field Goal,Above the Break 3,-205.5,150.1,1,8.69,6.6
22300575,S. Whitfield,New York Knicks,3,6,45,12.0,2PT Field Goal,In The Paint (Non-RA),-76.3,92.9,1,3.29,20.6
22300467,D. Reyes,Miami Heat,1,9,55,0.9,2PT Field Goal,Restricted Area,2.4,8.4,1,2.01,2.9
22300165,S. Whitfield,Miami Heat,1,7,31,28.0,3PT Field Goal,Above the Break 3,59.5,273.5,0,2.92,8.6
22300708,S. Whitfield,Boston Celtics,2,5,15,10.8,2PT Field Goal,In The Paint (Non-RA),-92.6,55.9,1,5.0,22.8
22300713,A. Kowalski,Golden State Warriors,1,9,7,3.8,2PT Field Goal,Restricted Area,3.9,37.7,0,7.28,23.4
22300316,D. Reyes,Milwaukee Bucks,4,10,23,1.3,2PT Field Goal,Restricted Area,11.1,6.9,0,0.3,1.0
22300791,J. Carter,Boston Celtics,3,9,5,3.3,2PT Field Goal,Restricted Area,-26.3,20.4,0,1.11,18.0
22300692,S. Whitfield,Golden State Warriors,4,9,54,4.0,2PT Field Goal,In The Paint (Non-RA),-11.6,38.3,1,7.26,16.5
22300738,T. Nwosu,Golden State Warriors,1,8,45,0.2,2PT Field Goal,Restricted Area,-1.8,0.9,1,3.08,21.0
22300453,L. Fitzgerald,Los Angeles Lakers,4,8,28,0.9,2PT Field Goal,Restricted Area,3.3,8.2,0,2.37,5.2
22300522,D. Reyes,New York Knicks,1,10,29,1.8,2PT Field Goal,Restricted Area,-15.3,10.3,0,2.99,1.0
22300006,T. Nwosu,Golden State Warriors,1,6,27,20.6,2PT Field Goal,Mid-Range,-53.3,198.7,0,2.02,18.9
22300715,T. Nwosu,Phoenix Suns,2,4,51,3.5,2PT Field Goal,Restricted Area,-23.7,26.0,1,1.61,22.3
22300853,M. Okafor,Milwaukee Bucks,4,1,2,1.5,2PT Field Goal,Restricted Area,8.7,12.2,1,4.24,1.1
22300214,A. Kowalski,Denver Nuggets,3,9,34,2.6,2PT Field Goal,Restricted Area,-17.2,18.8,1,2.29,18.3
22300278,J. Carter,Golden State Warriors,1,3,12,1.2,2PT Field Goal,Restricted Area,-5.7,10.6,1,7.95,19.7
22300983,T. Nwosu,Denver Nuggets,4,10,23,2.8,2PT Field Goal,Restricted Area,11.1,25.4,0,0.3,22.9
22300292,K. Albrecht,Milwaukee Bucks,3,3,23,21.2,2PT Field Goal,Mid-Range,-178.3,114.7,1,5.26,13.6
22300602,L. Fitzgerald,New York Knicks,3,8,11,25.4,3PT Field Goal,Above the Break 3,27.6,252.2,0,2.43,0.5
22300263,K. Albrecht,Golden State Warriors,1,0,8,24.2,3PT Field Goal,Above the Break 3,-174.2,168.0,1,7.87,9.6
22300529,A. Kowalski,Boston Celtics,1,5,38,7.1,2PT Field Goal,In The Paint (Non-RA),-49.0,51.4,1,1.79,22.7
22300737,J. Carter,Los Angeles Lakers,1,1,26,25.2,3PT Field Goal,Above the Break 3,232.6,96.1,0,5.18,17.9
22300058,S. Whitfield,New York Knicks,4,0,34,24.8,3PT Field Goal,Above the Break 3,-208.7,134.9,0,7.76,4.3
22300103,L. Fitzgerald,New York Knicks,3,8,51,20.0,2PT Field Goal,Mid-Range,-111.3,166.2,0,5.32,16.3
22300883,R. Delgado,Miami Heat,4,0,49,25.6,3PT Field Goal,Above the Break 3,-93.5,238.1,0,2.6,23.9
22300058,M. Okafor,Denver Nuggets,1,0,55,0.6,2PT Field Goal,Restricted Area,3.0,5.4,1,3.62,3.1
22300358,K. Albrecht,Denver Nuggets,3,11,30,27.0,3PT Field Goal,Above the Break 3,-179.0,202.1,1,4.49,1.7
22300793,L. Fitzgerald,Los Angeles Lakers,3,4,3,16.0,2PT Field Goal,Mid-Range,-122.8,102.0,0,7.39,15.4
22300568,B. Osei,Miami Heat,2,10,37,25.3,3PT Field Goal,Above the Break 3,-131.3,216.1,0,4.37,14.0
22300273,T. Nwosu,Milwaukee Bucks,4,0,24,25.4,3PT Field Goal,Above the Break 3,60.7,246.5,1,5.46,12.0
22300549,J. Carter,Miami Heat,4,4,14,3.1,2PT Field Goal,Restricted Area,27.9,13.7,0,1.52,10.1
22300888,T. Nwosu,Los Angeles Lakers,4,0,22,27.3,3PT Field Goal,Above the Break 3,50.7,268.3,0,4.19,0.3
22300512,S. Whitfield,New York Knicks,3,0,27,0.2,2PT Field Goal,Restricted Area,-1.8,0.8,1,6.9,11.9
22300654,A. Kowalski,Denver Nuggets,3,3,7,13.8,2PT Field Goal,In The Paint (Non-RA),-39.2,132.8,1,3.4,16.1
22300020,K. Albrecht,Miami Heat,2,11,54,16.5,2PT Field Goal,Mid-Range,17.4,164.3,0,2.93,18.6
22300692,R. Delgado,Phoenix Suns,1,4,40,26.0,3PT Field Goal,Above the Break 3,171.2,195.9,0,3.18,1.5
22300057,B. Osei,New York Knicks,4,1,51,0.2,2PT Field Goal,Restricted Area,1.8,0.8,0,6.68,11.8
22300391,D. Reyes,Golden State Warriors,4,9,59,19.9,2PT Field Goal,Mid-Range,-151.1,129.2,0,5.21,9.9
22300074,K. Albrecht,Boston Celtics,2,11,9,4.0,2PT Field Goal,In The Paint (Non-RA),27.2,29.3,1,4.96,3.5
22300942,R. Delgado,Milwaukee Bucks,2,11,18,2.3,2PT Field Goal,Restricted Area,10.9,20.3,0,2.38,12.0
22300620,S. Whitfield,Golden State Warriors,3,10,40,1.0,2PT Field Goal,Restricted Area,3.4,9.4,1,0.3,22.0
22300722,L. Fitzgerald,Golden State Warriors,4,4,3,17.6,2PT Field Goal,Mid-Range,20.7,174.4,1,6.45,11.6
22300276,J. Carter,Miami Heat,2,9,56,4.0,2PT Field Goal,In The Paint (Non-RA),13.8,37.5,0,3.04,5.3
22300136,B. Osei,Los Angeles Lakers,3,11,39,27.2,3PT Field Goal,Above the Break 3,-110.6,248.4,0,5.98,16.3
22300121,K. Albrecht,New York Knicks,2,2,53,3.4,2PT Field Goal,Restricted Area,-28.7,17.6,1,5.22,0.3
22300606,R. Delgado,Golden State Warriors,3,7,41,3.5,2PT Field Goal,Restricted Area,-18.7,29.2,1,2.7,17.8
22300350,M. Okafor,Milwaukee Bucks,3,10,41,1.6,2PT Field Goal,Restricted Area,-14.2,6.7,1,1.53,10.8
22300453,T. Nwosu,Milwaukee Bucks,2,9,0,2.8,2PT Field Goal,Restricted Area,17.6,22.4,1,6.15,4.3
22300633,L. Fitzgerald,Denver Nuggets,3,7,34,25.7,3PT Field Goal,Above the Break 3,-134.8,219.3,0,0.3,13.5
22300539,D. Reyes,Denver Nuggets,2,8,51,23.2,3PT Field Goal,Above the Break 3,192.9,128.4,0,0.3,20.7
22300567,M. Okafor,Milwaukee Bucks,3,10,32,23.5,3PT Field Goal,Above the Break 3,39.2,231.7,0,7.6,16.4
22300291,K. Albrecht,Denver Nuggets,3,2,54,2.7,2PT Field Goal,Restricted Area,12.1,24.2,1,2.14,20.1
22300005,K. Albrecht,Milwaukee Bucks,3,1,57,22.5,3PT Field Goal,Above the Break 3,5.5,225.3,0,4.44,7.3
22300467,K. Albrecht,Los Angeles Lakers,4,8,56,0.2,2PT Field Goal,Restricted Area,1.5,1.3,1,6.46,19.2
22300865,K. Albrecht,Denver Nuggets,4,9,11,2.8,2PT Field Goal,Restricted Area,16.5,22.8,1,8.8,3.1
22300541,M. Okafor,Milwaukee Bucks,4,2,2,16.8,2PT Field Goal,Mid-Range,-129.3,107.0,1,1.71,3.7
22300203,J. Carter,New York Knicks,3,11,36,1.9,2PT Field Goal,Restricted Area,7.9,16.8,0,3.61,4.2
22300004,M. Okafor,Golden State Warriors,2,8,7,3.7,2PT Field Goal,Restricted Area,25.7,26.0,0,6.09,5.3
22300076,A. Kowalski,New York Knicks,2,11,12,27.5,3PT Field Goal,Above the Break 3,125.0,245.3,0,3.99,13.4
22300892,T. Nwosu,New York Knicks,4,11,28,3.7,2PT Field Goal,Restricted Area,26.1,26.0,0,2.2,5.5
22300905,A. Kowalski,Los Angeles Lakers,4,3,59,26.2,3PT Field Goal,Above the Break 3,113.1,236.8,1,6.18,22.7
22300368,J. Carter,Denver Nuggets,3,7,12,9.7,2PT Field Goal,In The Paint (Non-RA),-10.5,96.8,0,0.3,12.0
22300250,K. Albrecht,Boston Celtics,3,3,38,1.3,2PT Field Goal,Restricted Area,-11.0,6.9,0,6.26,4.1
22300941,R. Delgado,New York Knicks,1,10,55,12.2,2PT Field Goal,In The Paint (Non-RA),-71.2,99.0,0,3.91,14.0
22300329,M. Okafor,Los Angeles Lakers,2,10,21,1.3,2PT Field Goal,Restricted Area,6.7,11.7,0,4.0,5.5
22300649,M. Okafor,Phoenix Suns,2,6,4,2.3,2PT Field Goal,Restricted Area,-10.9,20.5,1,2.42,16.6
22300233,D. Reyes,Denver Nuggets,4,5,48,2.9,2PT Field Goal,Restricted Area,16.9,23.4,1,3.44,16.1
22300572,B. Osei,Golden State Warriors,3,10,21,8.0,2PT Field Goal,In The Paint (Non-RA),54.0,58.9,1,6.4,19.0
22300859,A. Kowalski,Milwaukee Bucks,4,5,57,1.6,2PT Field Goal,Restricted Area,14.6,6.1,1,4.58,3.9
22300496,R. Delgado,Golden State Warriors,4,1,21,1.9,2PT Field Goal,Restricted Area,15.7,11.5,1,6.57,9.5
22300299,M. Okafor,New York Knicks,3,6,12,24.7,3PT Field Goal,Above the Break 3,223.4,104.1,0,5.33,13.5
22300488,D. Reyes,New York Knicks,2,8,15,23.7,3PT Field Goal,Above the Break 3,-135.6,194.7,0,3.13,1.7
22300162,K. Albrecht,Miami Heat,1,4,51,26.1,3PT Field Goal,Above the Break 3,-214.8,149.1,0,3.38,14.3
22300781,J. Carter,New York Knicks,3,8,21,2.8,2PT Field Goal,Restricted Area,20.3,19.7,1,4.11,4.1
22300471,R. Delgado,Denver Nuggets,2,11,12,25.3,3PT Field Goal,Above the Break 3,-101.6,231.3,0,2.97,11.7
22300537,M. Okafor,Denver Nuggets,2,3,10,22.0,2PT Field Goal,Mid-Range,174.9,132.9,0,7.19,13.1
22300701,D. Reyes,Phoenix Suns,4,4,22,16.1,2PT Field Goal,Mid-Range,78.7,139.9,0,1.36,2.4
22300560,T. Nwosu,Miami Heat,1,11,34,2.6,2PT Field Goal,Restricted Area,23.7,10.6,0,7.92,2.5
22300760,B. Osei,Boston Celtics,2,11,6,3.5,2PT Field Goal,Restricted Area,-22.5,26.9,1,2.4,4.4
22300709,K. Albrecht,Milwaukee Bucks,4,1,22,13.4,2PT Field Goal,In The Paint (Non-RA),-66.3,116.2,0,1.97,9.6
22300757,J. Carter,New York Knicks,2,1,14,2.4,2PT Field Goal,Restricted Area,10.0,21.6,1,3.93,12.0
22300623,J. Carter,Miami Heat,4,1,23,26.1,3PT Field Goal,Above the Break 3,-239.6,102.7,0,1.05,17.6
22300551,D. Reyes,New York Knicks,1,0,26,10.2,2PT Field Goal,In The Paint (Non-RA),42.6,93.0,1,7.8,5.7
22300091,T. Nwosu,New York Knicks,1,2,56,20.2,2PT Field Goal,Mid-Range,23.7,201.0,0,7.74,14.6
22300752,K. Albrecht,Golden State Warriors,4,5,57,24.0,3PT Field Goal,Above the Break 3,-7.5,239.8,1,7.27,12.5
22300687,T. Nwosu,Miami Heat,1,6,24,15.4,2PT Field Goal,Mid-Range,-130.9,81.3,0,8.03,11.9
22300702,K. Albrecht,Boston Celtics,1,1,17,1.0,2PT Field Goal,Restricted Area,5.5,8.3,1,6.86,4.9
22300468,D. Reyes,New York Knicks,3,7,10,0.2,2PT Field Goal,Restricted Area,-1.7,1.0,0,0.3,15.9
22300509,J. Carter,Boston Celtics,3,8,13,23.5,3PT Field Goal,Above the Break 3,106.0,210.0,1,5.53,10.1
22300781,R. Delgado,Miami Heat,2,2,54,3.1,2PT Field Goal,Restricted Area,20.4,23.0,0,2.36,16.0
22300678,D. Reyes,Milwaukee Bucks,1,8,23,1.7,2PT Field Goal,Restricted Area,-9.2,14.0,1,5.97,20.2
22300487,M. Okafor,Milwaukee Bucks,2,8,58,21.3,2PT Field Goal,Mid-Range,162.4,137.8,0,3.36,7.7
22300023,S. Whitfield,Phoenix Suns,1,6,23,28.3,3PT Field Goal,Above the Break 3,-167.8,227.9,0,2.97,13.0
22300025,B. Osei,Boston Celtics,4,5,9,23.8,3PT Field Goal,Above the Break 3,-68.6,227.9,0,1.89,18.8
22300665,S. Whitfield,Boston Celtics,1,11,48,25.5,3PT Field Goal,Above the Break 3,169.2,190.3,1,5.32,18.6
22300791,R. Delgado,New York Knicks,1,5,46,27.9,3PT Field Goal,Above the Break 3,221.1,170.0,1,6.51,18.1
22300044,R. Delgado,Los Angeles Lakers,3,6,13,1.7,2PT Field Goal,Restricted Area,14.0,8.9,0,1.52,6.1
22300626,R. Delgado,Milwaukee Bucks,1,7,45,1.7,2PT Field Goal,Restricted Area,10.4,13.8,1,4.86,22.8
22300689,K. Albrecht,Phoenix Suns,4,6,14,16.3,2PT Field Goal,Mid-Range,-147.8,68.3,1,5.03,15.2
22300941,R. Delgado,Golden State Warriors,3,2,44,0.2,2PT Field Goal,Restricted Area,1.5,1.4,0,3.74,10.2
22300697,T. Nwosu,Milwaukee Bucks,4,2,24,22.5,3PT Field Goal,Above the Break 3,170.9,146.3,0,3.54,18.3
22300673,K. Albrecht,New York Knicks,1,3,0,1.6,2PT Field Goal,Restricted Area,13.3,9.0,0,6.71,15.3
22300084,L. Fitzgerald,Los Angeles Lakers,1,1,20,0.2,2PT Field Goal,Restricted Area,-0.7,1.9,1,7.01,10.9
22300414,T. Nwosu,Phoenix Suns,4,5,15,26.7,3PT Field Goal,Above the Break 3,-203.0,174.2,0,5.68,5.3
22300779,M. Okafor,Los Angeles Lakers,3,10,38,1.6,2PT Field Goal,Restricted Area,10.7,11.7,1,5.62,12.3
22300582,K. Albrecht,Denver Nuggets,4,1,19,21.4,2PT Field Goal,Mid-Range,-108.4,184.1,0,5.74,10.2
22300872,R. Delgado,Los Angeles Lakers,1,10,45,1.0,2PT Field Goal,Restricted Area,-2.1,9.6,1,2.68,18.0
22300330,M. Okafor,Miami Heat,3,3,8,25.6,3PT Field Goal,Above the Break 3,206.8,151.3,1,3.85,16.8
22300304,L. Fitzgerald,Miami Heat,2,7,37,4.0,2PT Field Goal,In The Paint (Non-RA),-27.5,29.0,1,4.09,13.5
22300925,M. Okafor,New York Knicks,1,9,9,19.7,2PT Field Goal,Mid-Range,-98.6,170.4,1,1.89,5.1
22300937,B. Osei,Boston Celtics,3,3,35,25.2,3PT Field Goal,Above the Break 3,-97.9,232.7,0,5.82,1.4
22300944,D. Reyes,Boston Celtics,2,6,59,2.6,2PT Field Goal,Restricted Area,17.7,19.5,1,8.31,18.4
22300439,K. Albrecht,Phoenix Suns,3,6,19,1.8,2PT Field Goal,Restricted Area,15.9,8.8,1,8.66,4.5
22300288,A. Kowalski,Phoenix Suns,1,11,37,2.3,2PT Field Goal,Restricted Area,-16.2,16.1,1,3.5,18.6
22300859,A. Kowalski,Los Angeles Lakers,1,5,33,3.0,2PT Field Goal,Restricted Area,-14.7,25.9,1,2.93,5.0
22300315,D. Reyes,Los Angeles Lakers,4,4,25,26.0,3PT Field Goal,Above the Break 3,155.9,207.8,0,2.17,8.5
22300198,S. Whitfield,Denver Nuggets,3,3,23,21.0,2PT Field Goal,Mid-Range,-131.8,163.4,1,5.57,9.3
22300925,K. Albrecht,Milwaukee Bucks,4,1,54,23.4,3PT Field Goal,Above the Break 3,54.1,227.5,0,3.84,0.6
22300050,R. Delgado,New York Knicks,2,0,51,19.1,2PT Field Goal,Mid-Range,-20.1,189.9,0,6.66,3.9
22300480,B. Osei,Los Angeles Lakers,1,4,23,14.8,2PT Field Goal,Mid-Range,106.9,102.7,0,1.51,16.4
22300260,K. Albrecht,Phoenix Suns,4,7,2,1.2,2PT Field Goal,Restricted Area,-6.1,9.7,1,4.37,4.9
22300219,S. Whitfield,New York Knicks,2,4,21,1.8,2PT Field Goal,Restricted Area,1.0,18.0,1,2.64,7.2
22300158,D. Reyes,Milwaukee Bucks,2,2,3,22.5,3PT Field Goal,Above the Break 3,46.2,220.2,1,4.6,5.8
22300864,A. Kowalski,Miami Heat,2,0,56,28.9,3PT Field Goal,Above the Break 3,-256.0,133.4,0,3.51,2.1
22300728,M. Okafor,Miami Heat,1,0,38,11.1,2PT Field Goal,In The Paint (Non-RA),-95.4,57.1,0,0.3,9.6
22300975,A. Kowalski,New York Knicks,4,4,2,25.0,3PT Field Goal,Above the Break 3,-161.3,190.9,0,5.89,17.0
22300265,A. Kowalski,Milwaukee Bucks,3,2,51,27.1,3PT Field Goal,Above the Break 3,-240.0,125.7,0,4.13,18.7
22300084,J. Carter,Miami Heat,1,9,47,1.6,2PT Field Goal,Restricted Area,-4.4,15.8,0,4.39,2.2
22300315,B. Osei,Milwaukee Bucks,1,0,23,4.0,2PT Field Goal,In The Paint (Non-RA),6.0,39.6,0,3.82,23.5
22300156,M. Okafor,New York Knicks,3,5,29,27.5,3PT Field Goal,Above the Break 3,-8.9,274.6,0,1.85,6.5
22300399,T. Nwosu,Miami Heat,3,4,28,26.0,3PT Field Goal,Above the Break 3,83.9,246.2,1,4.08,19.8
22300820,B. Osei,Miami Heat,4,5,9,26.3,3PT Field Goal,Above the Break 3,49.1,258.5,1,5.79,4.6
22300235,K. Albrecht,Denver Nuggets,3,6,43,2.2,2PT Field Goal,Restricted Area,10.6,18.9,1,7.82,14.2
22300862,K. Albrecht,Boston Celtics,4,5,8,0.2,2PT Field Goal,Restricted Area,1.5,1.3,0,4.5,16.2
22300872,B. Osei,Milwaukee Bucks,2,1,10,3.1,2PT Field Goal,Restricted Area,-27.7,12.9,0,2.8,11.3
22300579,L. Fitzgerald,Denver Nuggets,2,6,32,4.0,2PT Field Goal,In The Paint (Non-RA),-34.3,20.6,1,6.69,10.4
22300119,S. Whitfield,Boston Celtics,1,1,53,26.8,3PT Field Goal,Above the Break 3,-240.7,117.2,0,3.55,13.3
22300697,D. Reyes,Boston Celtics,1,1,31,0.9,2PT Field Goal,Restricted Area,1.2,9.0,0,3.48,7.5
22300159,L. Fitzgerald,Phoenix Suns,1,11,45,28.3,3PT Field Goal,Above the Break 3,-206.6,193.6,1,4.0,12.3
22300757,S. Whitfield,Miami Heat,1,8,55,4.0,2PT Field Goal,In The Paint (Non-RA),-1.0,40.0,1,5.42,4.0
22300988,A. Kowalski,Miami Heat,2,7,28,26.4,3PT Field Goal,Above the Break 3,-133.0,227.8,0,1.26,15.1
22300209,K. Albrecht,Milwaukee Bucks,2,10,36,5.4,2PT Field Goal,In The Paint (Non-RA),-10.2,53.3,0,4.28,21.7
22300168,M. Okafor,Denver Nuggets,2,1,36,27.7,3PT Field Goal,Above the Break 3,-41.0,274.5,0,3.9,20.9
22300113,T. Nwosu,New York Knicks,4,0,20,17.2,2PT Field Goal,Mid-Range,38.1,167.5,0,3.04,0.9
22300976,B. Osei,Denver Nuggets,2,6,19,25.0,3PT Field Goal,Above the Break 3,-225.9,106.6,0,7.84,22.6
22300011,K. Albrecht,Phoenix Suns,4,6,22,2.0,2PT Field Goal,Restricted Area,0.0,20.0,1,0.45,4.8
22300139,T. Nwosu,New York Knicks,4,7,29,3.3,2PT Field Goal,Restricted Area,-15.0,29.5,0,3.95,7.9
22300958,R. Delgado,Los Angeles Lakers,1,4,9,1.4,2PT Field Goal,Restricted Area,1.8,13.7,0,4.48,16.0
22300234,B. Osei,Phoenix Suns,4,0,56,24.7,3PT Field Goal,Above the Break 3,-58.7,240.4,1,4.5,16.6
22300471,L. Fitzgerald,Phoenix Suns,1,6,13,25.7,3PT Field Goal,Above the Break 3,-233.1,107.0,1,7.39,6.5
22300501,B. Osei,Denver Nuggets,1,6,56,26.2,3PT Field Goal,Above the Break 3,-34.9,259.8,0,0.3,19.8
22300644,T. Nwosu,Los Angeles Lakers,4,7,42,21.8,2PT Field Goal,Mid-Range,26.1,216.8,0,3.26,23.4
22300858,R. Delgado,Miami Heat,4,7,33,1.7,2PT Field Goal,Restricted Area,13.3,11.3,1,2.04,23.9
22300079,K. Albrecht,New York Knicks,2,2,25,26.5,3PT Field Goal,Above the Break 3,-15.4,264.1,0,0.82,15.1
22300977,L. Fitzgerald,Golden State Warriors,2,10,17,15.0,2PT Field Goal,Mid-Range,-74.7,130.0,0,2.66,23.3
22300196,J. Carter,Los Angeles Lakers,1,8,4,18.3,2PT Field Goal,Mid-Range,-165.0,78.2,1,4.95,18.5
22300951,R. Delgado,New York Knicks,4,11,31,29.0,3PT Field Goal,Above the Break 3,-208.4,201.2,0,3.38,3.0
22300504,L. Fitzgerald,New York Knicks,3,3,30,0.6,2PT Field Goal,Restricted Area,4.9,2.7,1,8.42,9.0
22300733,T. Nwosu,Golden State Warriors,3,6,33,18.2,2PT Field Goal,Mid-Range,19.4,180.7,1,0.57,10.5
22300751,D. Reyes,Miami Heat,4,9,16,17.5,2PT Field Goal,Mid-Range,144.9,98.1,1,4.79,11.3
22300273,J. Carter,Milwaukee Bucks,2,5,32,27.0,3PT Field Goal,Above the Break 3,-215.9,162.1,0,4.72,4.6
22300083,L. Fitzgerald,Boston Celtics,2,9,23,0.8,2PT Field Goal,Restricted Area,-5.6,5.4,1,4.31,9.3
22300185,L. Fitzgerald,Phoenix Suns,1,0,4,25.6,3PT Field Goal,Above the Break 3,200.7,159.1,0,5.49,12.8
22300743,D. Reyes,Phoenix Suns,2,5,54,29.0,3PT Field Goal,Above the Break 3,-255.9,136.4,0,3.49,17.2
22300821,K. Albrecht,Denver Nuggets,1,11,52,16.2,2PT Field Goal,Mid-Range,-8.9,162.2,0,5.21,13.4
22300558,A. Kowalski,Boston Celtics,4,7,46,0.2,2PT Field Goal,Restricted Area,0.7,1.9,1,3.51,0.9
22300614,A. Kowalski,Denver Nuggets,1,9,38,26.1,3PT Field Goal,Above the Break 3,18.5,260.2,0,2.97,13.7
22300224,K. Albrecht,Golden State Warriors,2,10,24,3.5,2PT Field Goal,Restricted Area,13.1,32.3,1,1.99,18.4
22300180,D. Reyes,Los Angeles Lakers,2,9,6,0.7,2PT Field Goal,Restricted Area,-5.8,3.2,0,3.13,23.5
22300707,R. Delgado,Phoenix Suns,2,10,15,26.1,3PT Field Goal,Above the Break 3,30.7,259.6,1,5.71,5.1
22300061,J. Carter,Phoenix Suns,3,8,29,16.5,2PT Field Goal,Mid-Range,13.1,164.2,0,2.98,9.3
22300900,M. Okafor,Denver Nuggets,1,2,1,2.5,2PT Field Goal,Restricted Area,15.5,20.0,1,5.73,3.4
22300187,B. Osei,Boston Celtics,2,4,36,26.4,3PT Field Goal,Above the Break 3,-10.9,263.6,0,3.68,22.9
22300236,M. Okafor,Los Angeles Lakers,2,2,58,15.6,2PT Field Goal,Mid-Range,-63.3,142.9,1,4.1,15.6
22300731,R. Delgado,Golden State Warriors,2,5,52,2.5,2PT Field Goal,Restricted Area,-2.7,24.7,0,7.04,14.2
22300670,D. Reyes,Miami Heat,1,3,27,1.3,2PT Field Goal,Restricted Area,-9.1,9.0,0,1.48,8.7
22300462,K. Albrecht,Denver Nuggets,2,8,18,24.9,3PT Field Goal,Above the Break 3,153.0,196.6,0,3.93,7.7
22300929,J. Carter,Los Angeles Lakers,3,10,48,23.6,3PT Field Goal,Above the Break 3,21.0,234.7,1,6.16,18.3
22300548,A. Kowalski,Phoenix Suns,3,1,26,2.1,2PT Field Goal,Restricted Area,-11.2,18.2,0,5.41,8.8
22300748,B. Osei,Phoenix Suns,4,6,1,16.1,2PT Field Goal,Mid-Range,71.6,144.2,0,5.0,23.2
22300719,K. Albrecht,Boston Celtics,4,2,14,25.7,3PT Field Goal,Above the Break 3,-110.6,232.4,0,7.3,19.9
22300720,S. Whitfield,Miami Heat,1,4,52,2.0,2PT Field Goal,Restricted Area,0.3,19.6,0,3.15,19.2
22300460,B. Osei,Milwaukee Bucks,1,1,53,1.5,2PT Field Goal,Restricted Area,13.4,5.8,1,4.44,16.8
22300538,R. Delgado,Miami Heat,4,5,22,8.1,2PT Field Goal,In The Paint (Non-RA),69.7,42.1,0,8.15,4.0
22300015,R. Delgado,Milwaukee Bucks,4,2,0,25.0,3PT Field Goal,Above the Break 3,-31.3,247.5,1,1.56,13.6
22300730,L. Fitzgerald,Miami Heat,3,7,44,24.0,3PT Field Goal,Above the Break 3,-128.3,202.4,1,5.43,12.9
22300921,B. Osei,New York Knicks,2,1,39,2.1,2PT Field Goal,Restricted Area,11.6,17.9,1,5.54,5.3
22300760,J. Carter,Golden State Warriors,1,11,21,25.7,3PT Field Goal,Above the Break 3,231.0,113.0,1,4.93,20.3
22300539,B. Osei,Denver Nuggets,1,10,49,14.3,2PT Field Goal,Mid-Range,108.4,93.3,1,5.17,8.1
22300677,D. Reyes,Boston Celtics,1,0,11,2.1,2PT Field Goal,Restricted Area,4.8,20.8,0,2.33,23.6
22300920,S. Whitfield,Boston Celtics,4,8,58,0.8,2PT Field Goal,Restricted Area,4.6,6.7,1,4.56,15.1
22300313,S. Whitfield,Milwaukee Bucks,3,10,4,0.5,2PT Field Goal,Restricted Area,4.4,1.8,1,3.96,10.7
22300520,B. Osei,Los Angeles Lakers,3,9,10,5.0,2PT Field Goal,In The Paint (Non-RA),-23.2,43.9,0,5.07,18.4
22300009,A. Kowalski,Boston Celtics,3,5,42,1.0,2PT Field Goal,Restricted Area,-8.4,5.8,0,4.6,10.5
22300410,A. Kowalski,Boston Celtics,4,8,54,2.2,2PT Field Goal,Restricted Area,12.5,18.4,1,8.39,23.3
22300692,R. Delgado,Phoenix Suns,1,4,39,25.1,3PT Field Goal,Above the Break 3,211.9,135.5,0,6.49,7.9
22300492,M. Okafor,Golden State Warriors,2,0,35,24.4,3PT Field Goal,Above the Break 3,45.4,240.2,1,9.02,14.6
22300614,B. Osei,Boston Celtics,4,4,45,7.5,2PT Field Goal,In The Paint (Non-RA),-33.9,67.4,1,6.52,3.1
22300186,L. Fitzgerald,Milwaukee Bucks,4,3,37,22.5,3PT Field Goal,Above the Break 3,-59.4,217.0,1,5.24,13.3
22300406,R. Delgado,Boston Celtics,1,10,48,20.0,2PT Field Goal,Mid-Range,-184.4,77.2,0,5.94,5.8
22300870,S. Whitfield,Los Angeles Lakers,4,5,18,25.2,3PT Field Goal,Above the Break 3,138.9,210.3,1,7.25,12.8
22300416,J. Carter,Boston Celtics,4,5,55,28.6,3PT Field Goal,Above the Break 3,260.3,119.4,0,2.48,10.5
22300102,L. Fitzgerald,Los Angeles Lakers,3,3,50,21.1,2PT Field Goal,Mid-Range,-158.6,139.8,1,0.93,0.6
22300613,B. Osei,New York Knicks,2,1,39,15.8,2PT Field Goal,Mid-Range,31.7,154.4,0,1.07,16.6
22300199,B. Osei,Los Angeles Lakers,4,7,17,27.1,3PT Field Goal,Above the Break 3,-41.9,267.6,1,5.99,6.0
22300365,L. Fitzgerald,Boston Celtics,3,11,3,27.4,3PT Field Goal,Above the Break 3,86.1,260.4,0,3.52,1.0
22300660,M. Okafor,Los Angeles Lakers,2,5,40,25.5,3PT Field Goal,Above the Break 3,228.7,112.0,1,3.63,11.4
22300785,B. Osei,Phoenix Suns,2,8,16,3.8,2PT Field Goal,Restricted Area,26.2,27.2,1,4.54,6.8
22300481,A. Kowalski,Milwaukee Bucks,1,10,25,3.9,2PT Field Goal,Restricted Area,11.5,37.2,0,6.06,22.7
22300849,K. Albrecht,Miami Heat,3,0,16,2.5,2PT Field Goal,Restricted Area,-21.9,11.2,1,3.4,17.5
22300239,M. Okafor,New York Knicks,3,7,3,27.4,3PT Field Goal,Above the Break 3,-104.1,253.3,0,2.47,22.2
22300252,L. Fitzgerald,New York Knicks,4,10,34,24.3,3PT Field Goal,Above the Break 3,-96.9,222.9,0,3.17,14.9
22300805,K. Albrecht,Miami Heat,3,11,32,9.7,2PT Field Goal,In The Paint (Non-RA),48.8,83.6,1,5.98,9.3
22300566,S. Whitfield,Boston Celtics,1,4,39,6.9,2PT Field Goal,In The Paint (Non-RA),-52.3,45.0,1,3.86,4.4
22300081,M. Okafor,Golden State Warriors,1,2,37,3.2,2PT Field Goal,Restricted Area,-18.9,26.3,0,5.62,21.4
22300275,J. Carter,Golden State Warriors,2,9,54,24.7,3PT Field Goal,Above the Break 3,-195.4,150.9,0,6.54,8.0
22300655,L. Fitzgerald,Los Angeles Lakers,3,3,1,14.5,2PT Field Goal,Mid-Range,63.0,130.2,0,3.68,0.0
22300150,R. Delgado,New York Knicks,2,5,6,26.4,3PT Field Goal,Above the Break 3,-244.4,100.4,0,2.43,21.0
22300790,J. Carter,Phoenix Suns,2,8,31,17.1,2PT Field Goal,Mid-Range,-49.3,163.5,1,1.52,13.8
22300249,R. Delgado,Phoenix Suns,2,9,23,4.1,2PT Field Goal,In The Paint (Non-RA),-14.2,38.1,1,3.07,10.6
22300219,A. Kowalski,Los Angeles Lakers,2,11,40,23.0,3PT Field Goal,Above the Break 3,184.5,136.8,0,1.93,20.4
22300823,J. Carter,Milwaukee Bucks,3,1,33,25.6,3PT Field Goal,Above the Break 3,-223.1,125.6,1,4.68,22.1
22300077,L. Fitzgerald,New York Knicks,1,8,49,26.0,3PT Field Goal,Above the Break 3,139.0,220.2,0,1.32,5.8
22300522,S. Whitfield,New York Knicks,1,7,15,2.2,2PT Field Goal,Restricted Area,-2.7,22.1,1,4.61,16.5
22300804,B. Osei,Boston Celtics,3,7,32,8.3,2PT Field Goal,In The Paint (Non-RA),-34.0,75.8,1,3.29,7.0
22300767,S. Whitfield,New York Knicks,3,5,1,28.5,3PT Field Goal,Above the Break 3,-255.2,127.0,1,5.98,11.9
22300180,A. Kowalski,Miami Heat,1,1,50,11.6,2PT Field Goal,In The Paint (Non-RA),-29.3,112.1,1,1.76,8.6
22300970,T. Nwosu,Milwaukee Bucks,2,7,25,24.3,3PT Field Goal,Above the Break 3,217.4,107.7,1,4.42,16.4
22300417,M. Okafor,Miami Heat,3,3,1,14.9,2PT Field Goal,Mid-Range,81.9,124.0,1,5.8,23.5
22300502,K. Albrecht,Boston Celtics,4,9,15,26.3,3PT Field Goal,Above the Break 3,-190.7,180.5,0,0.63,20.4
22300768,S. Whitfield,Miami Heat,3,3,38,3.4,2PT Field Goal,Restricted Area,-26.6,21.8,0,4.97,6.9
22300115,D. Reyes,Boston Celtics,3,3,35,2.2,2PT Field Goal,Restricted Area,2.1,22.2,1,2.95,14.0
22300939,B. Osei,Boston Celtics,2,8,42,2.6,2PT Field Goal,Restricted Area,8.5,24.1,0,2.12,8.0
22300980,A. Kowalski,Golden State Warriors,1,11,48,7.8,2PT Field Goal,In The Paint (Non-RA),66.3,41.0,0,0.8,19.4
22300666,T. Nwosu,Miami Heat,4,6,56,1.7,2PT Field Goal,Restricted Area,15.0,8.4,1,4.3,6.2
22300614,J. Carter,Phoenix Suns,2,3,6,24.3,3PT Field Goal,Above the Break 3,186.8,156.2,0,2.82,5.8
22300725,T. Nwosu,Miami Heat,3,5,43,24.5,3PT Field Goal,Above the Break 3,-189.4,155.9,0,3.32,10.9
22300979,T. Nwosu,Milwaukee Bucks,2,1,12,2.1,2PT Field Goal,Restricted Area,-2.7,20.5,0,5.8,13.8
22300974,M. Okafor,Los Angeles Lakers,1,9,22,22.5,3PT Field Goal,Above the Break 3,-139.3,176.7,0,0.3,15.6
22300369,M. Okafor,Golden State Warriors,1,8,56,11.8,2PT Field Goal,In The Paint (Non-RA),31.4,113.5,1,6.13,1.1
22300833,R. Delgado,Golden State Warriors,1,1,49,23.8,3PT Field Goal,Above the Break 3,-132.2,198.3,0,9.22,9.7
22300075,B. Osei,Los Angeles Lakers,4,2,16,4.0,2PT Field Goal,In The Paint (Non-RA),-6.4,39.5,0,3.97,10.2
22300951,M. Okafor,New York Knicks,3,2,44,27.6,3PT Field Goal,Above the Break 3,221.5,163.8,0,3.24,9.6
22300693,S. Whitfield,Golden State Warriors,4,9,22,0.6,2PT Field Goal,Restricted Area,-3.1,5.0,1,3.88,17.8
22300498,T. Nwosu,Denver Nuggets,4,5,51,7.9,2PT Field Goal,In The Paint (Non-RA),61.6,49.2,0,6.13,0.2
22300252,K. Albrecht,New York Knicks,1,10,49,2.1,2PT Field Goal,Restricted Area,5.4,20.0,1,9.62,23.7
22300587,L. Fitzgerald,Milwaukee Bucks,1,6,52,1.3,2PT Field Goal,Restricted Area,-7.1,11.3,1,2.29,8.6
22300809,L. Fitzgerald,Milwaukee Bucks,4,5,35,3.3,2PT Field Goal,Restricted Area,13.6,29.6,1,0.3,3.5
22300568,J. Carter,Denver Nuggets,2,1,52,9.5,2PT Field Goal,In The Paint (Non-RA),34.4,88.5,1,4.79,6.7
22300424,B. Osei,Denver Nuggets,4,0,17,7.0,2PT Field Goal,In The Paint (Non-RA),-18.0,67.9,1,3.94,1.1
22300004,A. Kowalski,Los Angeles Lakers,2,3,36,17.4,2PT Field Goal,Mid-Range,126.2,119.9,0,3.75,6.4
22300552,L. Fitzgerald,Milwaukee Bucks,3,2,25,26.4,3PT Field Goal,Above the Break 3,153.0,215.5,1,3.61,12.4
22300394,D. Reyes,Phoenix Suns,3,0,2,25.8,3PT Field Goal,Above the Break 3,57.9,251.3,0,0.3,0.0
22300998,S. Whitfield,Denver Nuggets,2,9,43,29.0,3PT Field Goal,Above the Break 3,118.0,264.9,1,4.8,22.8
22300806,A. Kowalski,Los Angeles Lakers,4,5,0,16.0,2PT Field Goal,Mid-Range,111.0,115.8,1,2.49,13.8
22300926,B. Osei,Golden State Warriors,1,11,26,4.0,2PT Field Goal,In The Paint (Non-RA),7.1,39.4,0,4.76,8.1
22300105,B. Osei,Phoenix Suns,3,3,23,18.6,2PT Field Goal,Mid-Range,96.6,159.1,0,3.02,12.4
22300972,L. Fitzgerald,Miami Heat,1,5,0,4.9,2PT Field Goal,In The Paint (Non-RA),-1.2,48.7,0,2.08,3.3
22300102,L. Fitzgerald,Golden State Warriors,2,2,8,1.7,2PT Field Goal,Restricted Area,-2.1,16.7,0,0.3,12.0
22300263,B. Osei,Golden State Warriors,2,4,50,0.2,2PT Field Goal,Restricted Area,-0.6,1.9,0,7.22,5.4
22300748,M. Okafor,Denver Nuggets,4,10,55,2.8,2PT Field Goal,Restricted Area,-8.4,27.0,0,3.92,1.0
22300226,S. Whitfield,Milwaukee Bucks,2,8,36,19.9,2PT Field Goal,Mid-Range,139.6,142.3,0,4.89,2.4
22300633,S. Whitfield,New York Knicks,1,0,43,2.8,2PT Field Goal,Restricted Area,-9.1,26.8,1,7.57,19.8
22300265,S. Whitfield,Los Angeles Lakers,3,4,11,21.0,2PT Field Goal,Mid-Range,31.8,207.7,0,5.23,4.9
22300928,A. Kowalski,Phoenix Suns,3,3,22,11.8,2PT Field Goal,In The Paint (Non-RA),-33.6,113.3,0,4.65,18.0
22300498,M. Okafor,Denver Nuggets,1,2,48,0.2,2PT Field Goal,Restricted Area,0.4,2.0,1,0.3,8.1
22300359,M. Okafor,Phoenix Suns,3,1,58,1.8,2PT Field Goal,Restricted Area,-13.7,11.1,1,6.67,9.8
22300879,B. Osei,Denver Nuggets,1,1,0,26.5,3PT Field Goal,Above the Break 3,-237.7,116.5,0,6.08,15.4
22300451,R. Delgado,Denver Nuggets,4,6,56,19.7,2PT Field Goal,Mid-Range,-64.4,186.5,0,1.59,3.9
22300590,M. Okafor,Los Angeles Lakers,1,6,48,2.0,2PT Field Goal,Restricted Area,-10.6,16.8,1,0.67,7.5
22300808,K. Albrecht,Los Angeles Lakers,3,11,34,20.6,2PT Field Goal,Mid-Range,154.6,136.5,0,4.96,9.2
22300964,D. Reyes,Boston Celtics,4,9,46,23.3,3PT Field Goal,Above the Break 3,142.8,184.2,1,3.71,4.8
22300611,A. Kowalski,Phoenix Suns,2,3,55,0.2,2PT Field Goal,Restricted Area,1.5,1.3,1,7.34,14.8
22300009,D. Reyes,Miami Heat,1,2,9,9.1,2PT Field Goal,In The Paint (Non-RA),-3.3,91.3,0,1.12,20.6
22300954,A. Kowalski,Boston Celtics,3,5,17,2.9,2PT Field Goal,Restricted Area,10.3,27.2,0,3.94,15.5
22300327,M. Okafor,Los Angeles Lakers,1,5,47,22.0,2PT Field Goal,Mid-Range,126.7,179.4,1,5.53,19.7
22300194,L. Fitzgerald,Denver Nuggets,2,6,55,25.1,3PT Field Goal,Above the Break 3,-103.7,229.1,0,5.1,5.3
22300489,D. Reyes,Denver Nuggets,1,7,36,2.6,2PT Field Goal,Restricted Area,-21.1,15.5,1,1.3,13.3
22300633,A. Kowalski,Boston Celtics,4,3,21,2.4,2PT Field Goal,Restricted Area,21.2,10.5,1,0.87,4.2
22300283,D. Reyes,Los Angeles Lakers,1,6,43,0.8,2PT Field Goal,Restricted Area,6.4,3.9,1,3.04,19.7
22300789,R. Delgado,Miami Heat,1,6,5,17.2,2PT Field Goal,Mid-Range,-147.2,89.2,1,8.88,7.1
22300969,L. Fitzgerald,Los Angeles Lakers,3,5,17,1.2,2PT Field Goal,Restricted Area,-8.3,8.5,1,2.27,17.3
22300783,R. Delgado,Phoenix Suns,4,4,26,15.3,2PT Field Goal,Mid-Range,108.7,107.0,0,3.06,4.4
22300986,D. Reyes,New York Knicks,3,0,32,25.4,3PT Field Goal,Above the Break 3,93.9,236.1,0,6.03,6.4
22300801,J. Carter,Golden State Warriors,3,7,39,28.4,3PT Field Goal,Above the Break 3,181.5,218.0,0,5.11,1.8
22300230,R. Delgado,Boston Celtics,4,5,56,15.4,2PT Field Goal,Mid-Range,-5.6,153.5,1,7.17,13.0
22300343,J. Carter,Boston Celtics,4,10,29,1.3,2PT Field Goal,Restricted Area,-7.8,10.1,1,2.55,12.2
22300064,A. Kowalski,Boston Celtics,1,2,55,11.9,2PT Field Goal,In The Paint (Non-RA),-82.3,86.5,0,2.59,3.2
22300587,K. Albrecht,Los Angeles Lakers,2,3,10,2.7,2PT Field Goal,Restricted Area,22.0,15.0,1,5.93,7.0
22300474,L. Fitzgerald,Phoenix Suns,3,10,12,11.8,2PT Field Goal,In The Paint (Non-RA),11.9,117.9,0,3.57,22.4
22300252,S. Whitfield,Phoenix Suns,1,3,3,0.8,2PT Field Goal,Restricted Area,0.5,8.4,0,4.06,14.3
22300179,S. Whitfield,Los Angeles Lakers,1,8,53,3.9,2PT Field Goal,Restricted Area,10.0,37.5,1,1.79,22.9
22300014,S. Whitfield,Phoenix Suns,2,5,24,23.9,3PT Field Goal,Above the Break 3,101.1,216.6,0,2.35,4.8
22300537,B. Osei,Boston Celtics,1,7,24,26.3,3PT Field Goal,Above the Break 3,-133.7,226.0,0,2.32,14.7
22300658,J. Carter,Boston Celtics,2,6,14,2.5,2PT Field Goal,Restricted Area,-21.3,13.8,0,2.67,4.1
22300681,J. Carter,Milwaukee Bucks,3,7,48,27.2,3PT Field Goal,Above the Break 3,229.4,147.0,0,2.49,19.6
22300788,A. Kowalski,Golden State Warriors,3,9,2,0.2,2PT Field Goal,Restricted Area,-1.4,1.4,1,3.36,3.4
22300034,S. Whitfield,Phoenix Suns,4,3,18,4.0,2PT Field Goal,In The Paint (Non-RA),21.5,33.7,1,3.3,11.0
22300990,B. Osei,Boston Celtics,2,5,59,24.1,3PT Field Goal,Above the Break 3,-32.5,238.5,1,6.49,6.2
22300081,L. Fitzgerald,Golden State Warriors,4,6,0,25.7,3PT Field Goal,Above the Break 3,-101.8,235.6,0,8.05,5.0
22300278,A. Kowalski,New York Knicks,4,8,49,11.8,2PT Field Goal,In The Paint (Non-RA),99.4,63.3,0,3.33,17.2
22300105,T. Nwosu,New York Knicks,1,5,53,22.5,3PT Field Goal,Above the Break 3,115.2,193.3,1,7.59,17.7
22300705,J. Carter,New York Knicks,1,3,9,7.8,2PT Field Goal,In The Paint (Non-RA),47.6,61.9,1,5.18,9.6
22300740,R. Delgado,Phoenix Suns,1,9,22,25.7,3PT Field Goal,Above the Break 3,-121.5,226.3,0,0.3,17.8
22300234,R. Delgado,Golden State Warriors,4,0,13,2.3,2PT Field Goal,Restricted Area,11.1,19.7,0,4.69,0.3
22300329,S. Whitfield,Miami Heat,1,9,45,1.4,2PT Field Goal,Restricted Area,-4.4,13.1,1,0.86,5.1
22300279,L. Fitzgerald,Los Angeles Lakers,4,10,32,2.2,2PT Field Goal,Restricted Area,12.5,18.0,1,6.54,18.8
22300011,M. Okafor,Boston Celtics,4,9,51,17.7,2PT Field Goal,Mid-Range,136.2,113.3,1,2.91,20.7
22300308,D. Reyes,Boston Celtics,1,9,53,19.6,2PT Field Goal,Mid-Range,-162.5,108.7,1,7.61,0.4
22300652,M. Okafor,New York Knicks,1,9,59,22.5,3PT Field Goal,Above the Break 3,149.9,167.8,1,7.27,21.9
22300269,T. Nwosu,Golden State Warriors,4,5,50,0.2,2PT Field Goal,Restricted Area,-0.7,1.9,1,2.98,1.8
22300268,L. Fitzgerald,Boston Celtics,1,4,29,24.8,3PT Field Goal,Above the Break 3,-220.9,113.2,0,1.9,13.8
22300587,M. Okafor,Golden State Warriors,3,2,50,28.6,3PT Field Goal,Above the Break 3,129.9,254.5,0,6.49,9.0
22300476,B. Osei,Golden State Warriors,4,4,59,26.2,3PT Field Goal,Above the Break 3,177.3,193.4,1,2.13,10.4
22300005,J. Carter,Los Angeles Lakers,4,9,54,2.3,2PT Field Goal,Restricted Area,-13.4,18.7,0,3.9,9.6
22300799,T. Nwosu,Milwaukee Bucks,1,3,37,0.2,2PT Field Goal,Restricted Area,0.8,1.8,0,6.31,12.8
22300285,J. Carter,Phoenix Suns,2,0,49,0.8,2PT Field Goal,Restricted Area,2.7,7.4,0,3.82,15.3
22300944,A. Kowalski,New York Knicks,1,5,4,3.7,2PT Field Goal,Restricted Area,5.1,37.1,1,5.7,11.2
22300502,A. Kowalski,Miami Heat,4,5,55,25.6,3PT Field Goal,Above the Break 3,205.3,153.0,1,8.44,3.7
22300720,L. Fitzgerald,Miami Heat,4,1,58,3.6,2PT Field Goal,Restricted Area,19.4,30.7,1,4.88,5.8
22300540,T. Nwosu,Golden State Warriors,2,6,14,6.9,2PT Field Goal,In The Paint (Non-RA),7.7,68.9,1,5.68,7.3
22300034,K. Albrecht,Phoenix Suns,3,10,52,1.6,2PT Field Goal,Restricted Area,14.7,7.1,1,2.81,12.8
22300775,L. Fitzgerald,Denver Nuggets,2,7,48,20.7,2PT Field Goal,Mid-Range,-185.9,90.0,1,0.3,9.6
22300204,R. Delgado,Los Angeles Lakers,2,3,49,0.9,2PT Field Goal,Restricted Area,2.9,8.1,1,4.47,5.9
22300373,K. Albrecht,Golden State Warriors,1,8,5,25.8,3PT Field Goal,Above the Break 3,103.3,236.2,0,4.16,13.8
22300046,S. Whitfield,Phoenix Suns,1,5,43,15.3,2PT Field Goal,Mid-Range,62.2,140.1,1,5.33,10.3
22300921,S. Whitfield,Los Angeles Lakers,4,2,4,3.2,2PT Field Goal,Restricted Area,20.0,25.2,1,4.21,0.1
22300122,K. Albrecht,Milwaukee Bucks,4,2,45,18.2,2PT Field Goal,Mid-Range,-1.2,181.9,0,2.75,8.8
22300930,D. Reyes,Golden State Warriors,2,10,46,2.0,2PT Field Goal,Restricted Area,-15.1,13.1,0,2.78,20.7
22300422,S. Whitfield,New York Knicks,2,0,17,14.6,2PT Field Goal,Mid-Range,47.2,138.3,0,4.29,19.2
22300154,S. Whitfield,Denver Nuggets,2,8,0,18.6,2PT Field Goal,Mid-Range,-155.8,101.3,1,2.12,7.2
22300778,S. Whitfield,Los Angeles Lakers,3,1,25,2.3,2PT Field Goal,Restricted Area,17.1,15.7,0,1.04,12.8
22300952,K. Albrecht,Los Angeles Lakers,2,1,7,6.3,2PT Field Goal,In The Paint (Non-RA),30.6,54.6,0,4.69,22.8
22300786,B. Osei,Milwaukee Bucks,4,5,39,29.0,3PT Field Goal,Above the Break 3,-230.8,175.6,0,4.06,10.0
22300110,A. Kowalski,Phoenix Suns,4,1,29,26.5,3PT Field Goal,Above the Break 3,125.9,233.1,1,5.39,5.4
22300885,D. Reyes,Los Angeles Lakers,2,7,49,27.4,3PT Field Goal,Above the Break 3,-171.8,212.9,0,2.91,21.1
22300963,S. Whitfield,Miami Heat,2,4,1,20.9,2PT Field Goal,Mid-Range,133.5,161.1,0,3.81,16.0
22300385,R. Delgado,Boston Celtics,3,8,8,24.7,3PT Field Goal,Above the Break 3,-219.1,114.8,0,2.05,16.5
22300901,B. Osei,Golden State Warriors,3,2,46,2.8,2PT Field Goal,Restricted Area,-25.7,12.0,0,3.23,11.6
22300204,T. Nwosu,Golden State Warriors,3,3,39,24.7,3PT Field Goal,Above the Break 3,-67.9,237.9,0,6.0,12.9
22300375,R. Delgado,Golden State Warriors,3,3,13,0.7,2PT Field Goal,Restricted Area,-1.3,7.1,1,7.96,14.0
22300775,L. Fitzgerald,Denver Nuggets,3,0,12,23.7,3PT Field Goal,Above the Break 3,-53.7,230.3,1,3.49,7.0
22300162,T. Nwosu,Los Angeles Lakers,3,1,44,25.2,3PT Field Goal,Above the Break 3,-232.3,97.6,1,5.12,22.8
22300192,D. Reyes,Phoenix Suns,1,7,57,8.7,2PT Field Goal,In The Paint (Non-RA),-80.5,32.6,0,2.48,17.8
22300864,J. Carter,Boston Celtics,1,11,9,24.3,3PT Field Goal,Above the Break 3,-19.0,241.9,0,0.85,5.1
22300382,K. Albrecht,Phoenix Suns,1,10,53,27.3,3PT Field Goal,Above the Break 3,114.9,247.2,1,2.86,2.7
22300841,A. Kowalski,Golden State Warriors,3,7,46,3.0,2PT Field Goal,Restricted Area,27.1,14.0,1,3.59,15.0
22300478,D. Reyes,Milwaukee Bucks,2,7,47,16.8,2PT Field Goal,Mid-Range,106.7,129.2,1,3.43,23.3
22300646,K. Albrecht,Los Angeles Lakers,2,5,48,0.2,2PT Field Goal,Restricted Area,-0.8,1.8,1,2.33,23.0
22300124,J. Carter,Phoenix Suns,1,6,58,19.4,2PT Field Goal,Mid-Range,-15.1,193.6,1,4.52,11.2
22300040,J. Carter,Golden State Warriors,1,3,32,3.9,2PT Field Goal,Restricted Area,20.6,32.9,1,6.65,8.8
22300828,J. Carter,Phoenix Suns,1,8,7,19.1,2PT Field Goal,Mid-Range,-71.8,176.6,0,2.92,2.0
22300228,D. Reyes,Golden State Warriors,1,9,33,0.2,2PT Field Goal,Restricted Area,0.5,1.9,1,5.03,1.4
22300120,R. Delgado,Los Angeles Lakers,2,9,42,10.0,2PT Field Goal,In The Paint (Non-RA),-23.8,97.5,0,5.41,0.7
22300291,S. Whitfield,New York Knicks,4,10,2,26.7,3PT Field Goal,Above the Break 3,139.2,227.3,0,6.36,7.9
22300601,L. Fitzgerald,Los Angeles Lakers,2,1,12,1.3,2PT Field Goal,Restricted Area,-4.0,12.1,1,5.59,18.9
22300136,R. Delgado,New York Knicks,3,11,7,25.3,3PT Field Goal,Above the Break 3,-201.9,152.5,0,6.35,14.8
22300790,K. Albrecht,Milwaukee Bucks,3,1,6,12.6,2PT Field Goal,In The Paint (Non-RA),-14.3,125.4,1,4.3,5.1
22300314,M. Okafor,Los Angeles Lakers,1,11,27,1.2,2PT Field Goal,Restricted Area,-1.6,12.1,1,1.29,5.3
22300583,R. Delgado,Miami Heat,1,11,39,24.5,3PT Field Goal,Above the Break 3,35.3,242.9,1,1.72,19.8
22300343,J. Carter,Denver Nuggets,4,1,55,3.0,2PT Field Goal,Restricted Area,-13.7,26.3,1,3.14,22.4
22300276,T. Nwosu,Phoenix Suns,1,5,59,19.3,2PT Field Goal,Mid-Range,-76.9,177.1,0,1.97,1.2
22300463,T. Nwosu,Denver Nuggets,3,9,54,22.5,3PT Field Goal,Above the Break 3,143.1,173.6,0,2.44,21.4
22300754,T. Nwosu,Los Angeles Lakers,2,1,26,24.5,3PT Field Goal,Above the Break 3,145.7,196.4,0,3.7,13.4
22300661,T. Nwosu,New York Knicks,1,2,34,15.5,2PT Field Goal,Mid-Range,-137.5,70.8,0,4.07,4.4
22300563,J. Carter,New York Knicks,2,5,56,3.0,2PT Field Goal,Restricted Area,-0.3,29.9,1,3.22,13.2
22300886,J. Carter,Phoenix Suns,3,0,2,14.0,2PT Field Goal,In The Paint (Non-RA),84.2,111.6,0,4.91,8.3
22300625,D. Reyes,Boston Celtics,1,5,48,2.5,2PT Field Goal,Restricted Area,-21.7,12.5,1,8.44,16.6
22300807,R. Delgado,Phoenix Suns,4,4,57,2.7,2PT Field Goal,Restricted Area,-2.7,27.2,0,1.95,6.4
22300148,J. Carter,Denver Nuggets,4,3,55,2.6,2PT Field Goal,Restricted Area,-17.7,19.5,0,2.92,1.8
22300348,L. Fitzgerald,Los Angeles Lakers,2,9,13,2.0,2PT Field Goal,Restricted Area,2.0,19.5,0,1.56,15.0
22300687,D. Reyes,Los Angeles Lakers,3,5,31,0.2,2PT Field Goal,Restricted Area,-0.5,1.9,1,6.65,20.9
22300424,J. Carter,Denver Nuggets,4,8,29,26.1,3PT Field Goal,Above the Break 3,81.0,247.6,0,6.09,18.2
22300740,S. Whitfield,Phoenix Suns,4,5,4,0.2,2PT Field Goal,Restricted Area,0.6,1.9,1,1.2,11.2
22300405,M. Okafor,Phoenix Suns,3,5,13,18.1,2PT Field Goal,Mid-Range,-156.0,91.4,1,5.21,9.4
22300612,J. Carter,Boston Celtics,2,3,36,0.2,2PT Field Goal,Restricted Area,-0.6,1.9,1,1.05,13.1
22300360,L. Fitzgerald,Milwaukee Bucks,1,9,22,14.4,2PT Field Goal,Mid-Range,-125.2,71.9,1,5.01,0.5
22300389,J. Carter,Golden State Warriors,1,11,13,17.3,2PT Field Goal,Mid-Range,152.6,81.6,1,4.2,18.4
22300645,D. Reyes,Milwaukee Bucks,4,3,56,11.3,2PT Field Goal,In The Paint (Non-RA),-99.3,53.9,1,4.29,5.0
22300122,A. Kowalski,Golden State Warriors,3,11,4,26.7,3PT Field Goal,Above the Break 3,-177.4,199.3,0,0.3,15.0
22300655,M. Okafor,Boston Celtics,3,6,5,14.4,2PT Field Goal,Mid-Range,-113.0,89.7,0,4.58,3.4
22300802,A. Kowalski,Miami Heat,1,0,14,22.5,3PT Field Goal,Above the Break 3,-173.0,143.8,0,4.58,1.9
22300205,K. Albrecht,Los Angeles Lakers,1,4,42,21.7,2PT Field Goal,Mid-Range,26.6,215.6,1,7.1,17.7
22300150,J. Carter,Phoenix Suns,4,5,55,22.5,3PT Field Goal,Above the Break 3,-128.6,184.6,1,4.45,12.8
22300010,R. Delgado,Los Angeles Lakers,4,11,28,25.8,3PT Field Goal,Above the Break 3,129.7,222.9,0,4.07,21.5
22300391,A. Kowalski,Milwaukee Bucks,1,3,46,23.7,3PT Field Goal,Above the Break 3,214.1,101.1,0,2.62,2.0
22300029,J. Carter,Phoenix Suns,4,10,49,2.0,2PT Field Goal,Restricted Area,14.0,14.2,0,5.37,16.3
22300409,S. Whitfield,Phoenix Suns,2,0,46,9.7,2PT Field Goal,In The Paint (Non-RA),-43.1,86.6,1,6.0,11.9
22300304,L. Fitzgerald,Los Angeles Lakers,4,8,18,1.8,2PT Field Goal,Restricted Area,-9.8,14.7,0,5.85,11.8
22300796,M. Okafor,New York Knicks,2,5,47,25.1,3PT Field Goal,Above the Break 3,-185.4,169.6,0,6.19,23.3
22300137,K. Albrecht,Boston Celtics,2,3,36,16.8,2PT Field Goal,Mid-Range,82.8,145.8,1,3.83,10.2
22300174,R. Delgado,Boston Celtics,1,4,14,24.7,3PT Field Goal,Above the Break 3,-202.0,141.6,1,1.06,5.3
22300056,M. Okafor,Boston Celtics,4,9,32,1.9,2PT Field Goal,Restricted Area,17.2,7.5,0,4.37,18.8
22300833,S. Whitfield,New York Knicks,1,1,5,2.3,2PT Field Goal,Restricted Area,15.8,17.1,1,7.43,14.3
22300545,L. Fitzgerald,New York Knicks,4,3,16,16.0,2PT Field Goal,Mid-Range,80.8,137.9,1,6.96,15.2
22300286,R. Delgado,Milwaukee Bucks,4,10,40,26.6,3PT Field Goal,Above the Break 3,232.0,129.1,0,2.69,12.9
22300865,T. Nwosu,Denver Nuggets,4,1,53,1.8,2PT Field Goal,Restricted Area,-16.1,6.9,1,8.79,14.4
22300721,S. Whitfield,New York Knicks,4,5,35,0.8,2PT Field Goal,Restricted Area,-6.0,5.3,0,7.27,14.1
22300751,A. Kowalski,Milwaukee Bucks,1,2,6,0.2,2PT Field Goal,Restricted Area,-0.0,2.0,1,6.08,15.5
22300658,B. Osei,Denver Nuggets,1,4,47,0.2,2PT Field Goal,Restricted Area,0.8,1.9,1,2.03,4.9
22300543,R. Delgado,Denver Nuggets,3,11,40,3.6,2PT Field Goal,Restricted Area,-28.7,21.2,1,5.73,10.7
22300294,R. Delgado,Golden State Warriors,3,2,28,3.2,2PT Field Goal,Restricted Area,2.6,31.7,0,6.32,19.4
22300237,D. Reyes,Phoenix Suns,1,0,57,0.4,2PT Field Goal,Restricted Area,-3.0,1.8,1,9.12,20.9
22300236,D. Reyes,Denver Nuggets,3,5,4,1.7,2PT Field Goal,Restricted Area,-4.5,16.4,0,3.26,19.6
22300556,K. Albrecht,New York Knicks,1,1,25,2.6,2PT Field Goal,Restricted Area,-19.6,17.1,1,3.62,0.3
22300830,T. Nwosu,Phoenix Suns,3,10,46,4.0,2PT Field Goal,In The Paint (Non-RA),25.2,31.1,1,6.89,6.9
22300547,R. Delgado,Boston Celtics,2,7,8,1.3,2PT Field Goal,Restricted Area,7.5,10.5,0,6.8,6.6
22300920,D. Reyes,New York Knicks,1,4,8,22.5,3PT Field Goal,Above the Break 3,155.5,162.6,0,6.22,3.7
22300680,A. Kowalski,Los Angeles Lakers,1,8,41,21.2,2PT Field Goal,Mid-Range,-48.5,206.6,0,3.12,0.4
22300938,R. Delgado,Milwaukee Bucks,4,4,14,17.5,2PT Field Goal,Mid-Range,-126.1,120.8,1,2.82,13.9
22300260,S. Whitfield,Milwaukee Bucks,1,6,56,6.9,2PT Field Goal,In The Paint (Non-RA),39.1,56.7,0,4.82,2.1
22300739,D. Reyes,Miami Heat,2,1,41,2.3,2PT Field Goal,Restricted Area,-3.9,22.3,1,5.3,5.3
22300624,S. Whitfield,Golden State Warriors,1,9,6,3.5,2PT Field Goal,Restricted Area,-27.1,22.1,1,6.27,17.3
22300487,B. Osei,Phoenix Suns,4,9,59,0.2,2PT Field Goal,Restricted Area,-1.8,0.8,0,2.64,23.0
22300739,A. Kowalski,Phoenix Suns,2,6,29,24.5,3PT Field Goal,Above the Break 3,-115.0,216.3,0,0.73,0.0
22300901,R. Delgado,Golden State Warriors,1,1,39,27.2,3PT Field Goal,Above the Break 3,73.3,261.8,0,6.69,3.3
22300227,A. Kowalski,Milwaukee Bucks,2,3,16,18.1,2PT Field Goal,Mid-Range,-4.4,180.9,0,4.04,18.6
22300423,L. Fitzgerald,Los Angeles Lakers,2,4,34,20.9,2PT Field Goal,Mid-Range,-48.6,203.7,0,3.94,12.5
22300912,K. Albrecht,Miami Heat,2,2,35,25.9,3PT Field Goal,Above the Break 3,-237.1,103.8,0,6.38,11.5
22300619,M. Okafor,Los Angeles Lakers,1,5,33,24.0,3PT Field Goal,Above the Break 3,22.8,239.3,0,1.05,11.9
22300668,S. Whitfield,Los Angeles Lakers,2,7,26,1.1,2PT Field Goal,Restricted Area,10.4,4.2,1,4.2,14.7
22300690,D. Reyes,Milwaukee Bucks,2,3,19,26.3,3PT Field Goal,Above the Break 3,-180.6,191.4,0,3.47,12.1
22300441,B. Osei,New York Knicks,3,9,15,18.2,2PT Field Goal,Mid-Range,112.3,143.0,0,5.27,0.8
22300650,J. Carter,New York Knicks,2,5,41,2.0,2PT Field Goal,Restricted Area,-16.7,10.9,1,4.16,12.2
22300488,M. Okafor,Miami Heat,3,4,47,1.1,2PT Field Goal,Restricted Area,6.5,9.3,1,5.75,23.6
22300288,L. Fitzgerald,New York Knicks,2,8,14,4.0,2PT Field Goal,In The Paint (Non-RA),-7.1,39.4,0,1.38,2.3
22300083,M. Okafor,Boston Celtics,3,3,13,17.1,2PT Field Goal,Mid-Range,87.3,147.5,0,3.29,21.6
22300248,D. Reyes,Denver Nuggets,4,9,32,26.0,3PT Field Goal,Above the Break 3,86.3,245.4,0,2.3,4.3
22300408,D. Reyes,Phoenix Suns,1,8,53,23.9,3PT Field Goal,Above the Break 3,-88.4,222.4,1,6.65,3.9
22300211,K. Albrecht,Phoenix Suns,1,2,16,3.1,2PT Field Goal,Restricted Area,22.6,21.7,0,7.08,6.8
22300727,R. Delgado,New York Knicks,2,10,57,2.3,2PT Field Goal,Restricted Area,-2.2,22.8,1,4.44,13.7
22300296,T. Nwosu,Phoenix Suns,1,0,10,0.8,2PT Field Goal,Restricted Area,7.6,3.4,1,5.81,23.5
22300242,S. Whitfield,Los Angeles Lakers,1,11,2,3.1,2PT Field Goal,Restricted Area,18.9,24.9,1,3.78,20.6
22300073,R. Delgado,Boston Celtics,3,4,25,2.8,2PT Field Goal,Restricted Area,-25.8,11.7,1,2.84,8.7
22300304,K. Albrecht,Phoenix Suns,1,1,50,26.7,3PT Field Goal,Above the Break 3,154.1,218.5,0,7.31,10.6
22300979,R. Delgado,Milwaukee Bucks,1,2,22,1.4,2PT Field Goal,Restricted Area,2.7,13.7,1,4.05,13.2
22300061,L. Fitzgerald,New York Knicks,2,3,27,19.9,2PT Field Goal,Mid-Range,163.4,113.6,1,7.29,11.5
22300840,T. Nwosu,Miami Heat,1,4,29,1.5,2PT Field Goal,Restricted Area,3.4,14.5,1,9.61,15.7
22300327,B. Osei,Miami Heat,2,10,20,26.7,3PT Field Goal,Above the Break 3,72.7,257.0,0,1.67,0.1
22300373,R. Delgado,Golden State Warriors,2,4,34,16.4,2PT Field Goal,Mid-Range,42.2,158.6,1,5.58,9.6
22300283,J. Carter,Golden State Warriors,1,2,43,0.2,2PT Field Goal,Restricted Area,-1.3,1.6,1,3.55,1.6
22300325,A. Kowalski,Phoenix Suns,2,1,18,25.3,3PT Field Goal,Above the Break 3,-10.0,252.5,0,5.17,3.1
22300515,T. Nwosu,Boston Celtics,3,5,21,1.9,2PT Field Goal,Restricted Area,15.1,12.2,0,0.3,14.4
22300017,K. Albrecht,Golden State Warriors,4,9,11,9.8,2PT Field Goal,In The Paint (Non-RA),-71.1,67.9,1,5.63,15.2
22300661,D. Reyes,Golden State Warriors,2,4,49,3.1,2PT Field Goal,Restricted Area,-8.2,30.1,1,2.37,11.5
22300274,B. Osei,Milwaukee Bucks,4,3,31,6.8,2PT Field Goal,In The Paint (Non-RA),42.2,53.8,1,4.94,8.3
22300125,T. Nwosu,Golden State Warriors,1,9,0,3.3,2PT Field Goal,Restricted Area,25.8,20.4,1,5.26,18.7
22300256,S. Whitfield,Phoenix Suns,4,0,18,2.8,2PT Field Goal,Restricted Area,-19.2,19.9,0,6.15,11.7
22300463,K. Albrecht,Phoenix Suns,3,0,43,3.1,2PT Field Goal,Restricted Area,-16.2,26.1,0,4.32,16.5
22300782,B. Osei,Denver Nuggets,2,2,11,27.2,3PT Field Goal,Above the Break 3,149.4,227.1,0,4.99,0.9
22300707,J. Carter,Miami Heat,1,0,46,1.3,2PT Field Goal,Restricted Area,7.4,10.7,1,3.64,14.1
22300126,K. Albrecht,Golden State Warriors,4,10,10,1.4,2PT Field Goal,Restricted Area,-7.3,12.5,1,0.91,15.5
22300410,J. Carter,Boston Celtics,1,3,38,12.7,2PT Field Goal,In The Paint (Non-RA),-98.2,80.6,0,2.92,20.5
22300950,D. Reyes,Miami Heat,3,9,55,3.5,2PT Field Goal,Restricted Area,-29.6,19.5,1,3.18,9.3
22300146,J. Carter,Boston Celtics,3,0,58,2.6,2PT Field Goal,Restricted Area,21.8,14.1,0,3.55,12.7
22300718,L. Fitzgerald,Los Angeles Lakers,4,6,40,6.3,2PT Field Goal,In The Paint (Non-RA),55.5,29.2,0,4.63,6.0
22300550,D. Reyes,Milwaukee Bucks,1,6,31,15.2,2PT Field Goal,Mid-Range,-138.9,62.0,1,4.81,17.5
22300113,J. Carter,Boston Celtics,4,9,44,19.7,2PT Field Goal,Mid-Range,-53.2,190.1,1,6.66,11.3
22300541,R. Delgado,Phoenix Suns,2,3,23,1.0,2PT Field Goal,Restricted Area,-5.1,9.1,1,8.7,4.0
22300949,K. Albrecht,Los Angeles Lakers,4,11,42,18.0,2PT Field Goal,Mid-Range,-30.8,177.1,0,1.98,12.0
22300781,R. Delgado,New York Knicks,4,4,8,23.4,3PT Field Goal,Above the Break 3,21.2,233.3,0,4.63,17.5
22300923,K. Albrecht,Milwaukee Bucks,1,6,4,2.7,2PT Field Goal,Restricted Area,-1.3,26.6,1,5.27,17.1
22300051,J. Carter,Boston Celtics,3,10,43,3.1,2PT Field Goal,Restricted Area,4.9,30.4,1,3.75,12.2
22300663,D. Reyes,Boston Celtics,3,0,54,22.0,2PT Field Goal,Mid-Range,15.0,219.3,1,5.81,18.8
22300445,D. Reyes,Miami Heat,1,10,23,8.1,2PT Field Goal,In The Paint (Non-RA),7.2,80.7,0,0.3,17.3
22300263,A. Kowalski,Miami Heat,2,0,13,26.9,3PT Field Goal,Above the Break 3,219.5,155.1,0,5.79,19.8
22300508,T. Nwosu,Phoenix Suns,1,10,17,2.9,2PT Field Goal,Restricted Area,-14.6,25.3,0,3.83,12.4
22300220,J. Carter,Milwaukee Bucks,3,10,51,18.4,2PT Field Goal,Mid-Range,-122.6,136.8,1,0.3,7.5
22300207,T. Nwosu,Denver Nuggets,3,10,39,2.2,2PT Field Goal,Restricted Area,16.2,14.4,1,3.71,5.1
22300807,S. Whitfield,Miami Heat,3,8,7,1.4,2PT Field Goal,Restricted Area,-0.3,13.9,1,8.6,8.6
22300419,D. Reyes,Phoenix Suns,2,7,3,25.2,3PT Field Goal,Above the Break 3,-207.6,142.3,0,4.05,5.5
22300010,R. Delgado,Golden State Warriors,4,9,43,2.5,2PT Field Goal,Restricted Area,13.1,21.7,1,8.9,16.5
22300957,D. Reyes,Los Angeles Lakers,2,10,46,23.8,3PT Field Goal,Above the Break 3,36.1,235.7,0,9.25,0.4
22300988,B. Osei,Los Angeles Lakers,4,11,26,24.4,3PT Field Goal,Above the Break 3,119.5,213.3,0,4.97,3.7
22300111,S. Whitfield,Denver Nuggets,3,8,22,27.6,3PT Field Goal,Above the Break 3,-146.1,234.0,0,3.63,3.6
22300263,A. Kowalski,New York Knicks,3,0,50,4.0,2PT Field Goal,In The Paint (Non-RA),31.7,24.4,0,5.87,23.1
22300033,S. Whitfield,Miami Heat,3,3,55,2.2,2PT Field Goal,Restricted Area,-15.3,16.0,1,7.57,20.2
22300504,K. Albrecht,Boston Celtics,2,9,46,1.2,2PT Field Goal,Restricted Area,8.0,8.9,1,8.35,0.3
22300795,T. Nwosu,New York Knicks,1,8,43,2.5,2PT Field Goal,Restricted Area,-11.2,21.9,1,5.1,4.9
22300532,J. Carter,Milwaukee Bucks,1,10,25,24.5,3PT Field Goal,Above the Break 3,186.1,159.7,0,2.39,16.1
22300741,J. Carter,Denver Nuggets,3,8,45,21.2,2PT Field Goal,Mid-Range,149.1,150.3,0,7.75,9.9
22300554,L. Fitzgerald,Denver Nuggets,1,5,13,0.5,2PT Field Goal,Restricted Area,3.2,3.7,1,0.3,16.4
22300596,M. Okafor,New York Knicks,4,10,0,2.3,2PT Field Goal,Restricted Area,10.8,20.5,0,3.84,15.3
22300747,B. Osei,Boston Celtics,1,2,10,24.9,3PT Field Goal,Above the Break 3,154.7,195.0,0,4.49,19.3
22300379,R. Delgado,Los Angeles Lakers,1,0,3,14.3,2PT Field Goal,Mid-Range,92.8,109.3,0,5.47,1.5
22300721,L. Fitzgerald,Phoenix Suns,2,5,55,1.7,2PT Field Goal,Restricted Area,8.4,14.3,1,3.0,9.9
22300005,M. Okafor,Golden State Warriors,1,9,11,14.2,2PT Field Goal,Mid-Range,-116.3,81.2,0,4.68,11.5
22300202,R. Delgado,Miami Heat,1,5,36,3.2,2PT Field Goal,Restricted Area,-9.4,30.9,1,6.38,11.1
22300547,R. Delgado,Golden State Warriors,1,10,22,2.2,2PT Field Goal,Restricted Area,16.8,13.6,1,4.45,20.1
22300456,A. Kowalski,Milwaukee Bucks,1,4,25,3.3,2PT Field Goal,Restricted Area,-30.3,14.1,1,2.47,15.9
22300884,T. Nwosu,Golden State Warriors,1,1,20,24.3,3PT Field Goal,Above the Break 3,-169.7,174.6,1,6.11,4.2
22300445,R. Delgado,Denver Nuggets,2,10,39,6.2,2PT Field Goal,In The Paint (Non-RA),43.8,44.5,1,4.72,9.7
22300831,M. Okafor,Golden State Warriors,1,1,58,16.8,2PT Field Goal,Mid-Range,130.4,106.0,1,2.15,20.5
22300257,L. Fitzgerald,Denver Nuggets,4,3,13,4.0,2PT Field Goal,In The Paint (Non-RA),24.4,31.7,1,2.74,18.6
22300305,J. Carter,Los Angeles Lakers,1,5,55,1.8,2PT Field Goal,Restricted Area,7.1,16.1,1,8.56,0.5
22300523,M. Okafor,Boston Celtics,4,11,20,20.7,2PT Field Goal,Mid-Range,30.4,204.5,0,3.96,0.6
22300208,D. Reyes,Miami Heat,2,10,57,24.1,3PT Field Goal,Above the Break 3,-130.4,202.6,0,5.56,14.4
22300649,J. Carter,Golden State Warriors,4,3,2,27.2,3PT Field Goal,Above the Break 3,-85.3,258.5,1,3.27,21.7
22300372,A. Kowalski,Los Angeles Lakers,4,8,22,1.0,2PT Field Goal,Restricted Area,-5.3,8.3,1,4.01,8.2
22300971,D. Reyes,Denver Nuggets,2,6,58,2.6,2PT Field Goal,Restricted Area,-3.9,25.8,1,4.25,3.7
22300879,A. Kowalski,Denver Nuggets,3,3,19,6.2,2PT Field Goal,In The Paint (Non-RA),14.6,60.0,1,3.22,11.7
22300432,S. Whitfield,New York Knicks,2,9,58,1.9,2PT Field Goal,Restricted Area,-0.6,19.2,1,6.07,14.1
22300581,R. Delgado,New York Knicks,3,11,9,29.0,3PT Field Goal,Above the Break 3,268.7,109.1,1,6.74,19.7
22300418,R. Delgado,Los Angeles Lakers,1,2,29,2.2,2PT Field Goal,Restricted Area,15.9,15.3,1,6.2,3.0
22300303,L. Fitzgerald,Miami Heat,2,9,6,1.3,2PT Field Goal,Restricted Area,2.3,12.6,0,3.46,1.7
22300784,K. Albrecht,Los Angeles Lakers,2,6,41,11.6,2PT Field Goal,In The Paint (Non-RA),-88.9,75.1,1,2.93,21.9
22300627,B. Osei,Miami Heat,4,3,16,17.8,2PT Field Goal,Mid-Range,-92.8,151.9,0,0.3,23.3
22300681,M. Okafor,New York Knicks,2,5,45,2.7,2PT Field Goal,Restricted Area,-21.5,16.8,1,6.78,17.2
22300320,K. Albrecht,Los Angeles Lakers,4,8,7,2.1,2PT Field Goal,Restricted Area,-14.1,15.8,0,3.65,3.5
22300028,A. Kowalski,Phoenix Suns,4,5,36,27.9,3PT Field Goal,Above the Break 3,-85.7,265.4,0,1.62,7.4
22300603,A. Kowalski,New York Knicks,4,4,34,0.2,2PT Field Goal,Restricted Area,-1.5,1.3,0,1.77,13.2
22300357,J. Carter,Golden State Warriors,2,1,48,26.4,3PT Field Goal,Above the Break 3,-174.3,198.5,0,6.15,0.2
22300199,J. Carter,Milwaukee Bucks,3,6,24,1.7,2PT Field Goal,Restricted Area,15.9,6.9,0,3.71,3.4
22300711,S. Whitfield,Milwaukee Bucks,2,4,9,2.4,2PT Field Goal,Restricted Area,-1.4,24.4,1,6.05,9.7
22300588,J. Carter,Miami Heat,1,6,52,18.9,2PT Field Goal,Mid-Range,-144.7,121.2,1,4.77,19.9
22300933,B. Osei,Miami Heat,2,4,6,26.9,3PT Field Goal,Above the Break 3,203.3,175.5,1,6.46,15.2
22300833,D. Reyes,Miami Heat,2,2,29,6.0,2PT Field Goal,In The Paint (Non-RA),-4.0,60.1,0,4.93,13.8
22300857,R. Delgado,Golden State Warriors,1,6,2,7.2,2PT Field Goal,In The Paint (Non-RA),62.6,35.8,1,0.3,21.9
22300849,B. Osei,Los Angeles Lakers,4,4,13,4.4,2PT Field Goal,In The Paint (Non-RA),16.5,41.2,1,7.4,5.9
22300528,L. Fitzgerald,Golden State Warriors,4,10,32,3.5,2PT Field Goal,Restricted Area,12.5,32.7,0,1.45,16.5
22300577,A. Kowalski,Golden State Warriors,4,6,17,1.3,2PT Field Goal,Restricted Area,8.9,9.6,0,7.75,18.5
22300118,D. Reyes,Milwaukee Bucks,2,4,22,24.9,3PT Field Goal,Above the Break 3,-210.8,132.5,1,4.67,18.7
22300620,L. Fitzgerald,Denver Nuggets,4,1,26,24.6,3PT Field Goal,Above the Break 3,19.7,245.5,0,2.6,3.9
22300522,T. Nwosu,Phoenix Suns,3,7,56,1.0,2PT Field Goal,Restricted Area,7.0,7.5,0,3.19,7.8
22300506,B. Osei,Boston Celtics,1,11,22,23.4,3PT Field Goal,Above the Break 3,-211.5,100.7,0,2.49,21.9
22300595,A. Kowalski,New York Knicks,4,5,35,3.5,2PT Field Goal,Restricted Area,15.2,31.1,0,5.18,10.4
22300396,M. Okafor,Golden State Warriors,3,2,58,28.1,3PT Field Goal,Above the Break 3,11.8,280.5,1,5.51,9.7
22300722,D. Reyes,Golden State Warriors,3,2,50,1.3,2PT Field Goal,Restricted Area,-8.0,9.8,1,1.35,23.0
22300819,L. Fitzgerald,New York Knicks,2,4,32,13.1,2PT Field Goal,In The Paint (Non-RA),-84.2,100.5,0,0.3,12.9
22300296,J. Carter,Miami Heat,1,7,56,13.0,2PT Field Goal,In The Paint (Non-RA),118.7,52.7,0,7.24,21.7
22300799,J. Carter,Los Angeles Lakers,1,7,22,7.8,2PT Field Goal,In The Paint (Non-RA),63.3,44.8,1,5.21,10.9
22300797,D. Reyes,Milwaukee Bucks,2,3,51,24.9,3PT Field Goal,Above the Break 3,205.1,141.4,0,1.36,16.5
22300095,R. Delgado,Milwaukee Bucks,3,2,31,2.2,2PT Field Goal,Restricted Area,-18.2,11.6,0,6.63,8.3
22300385,M. Okafor,Miami Heat,2,0,26,2.6,2PT Field Goal,Restricted Area,11.3,23.6,1,7.03,9.0
22300596,T. Nwosu,Milwaukee Bucks,4,4,11,2.9,2PT Field Goal,Restricted Area,1.2,29.5,1,5.42,13.9
22300422,D. Reyes,Milwaukee Bucks,4,4,35,24.2,3PT Field Goal,Above the Break 3,-206.8,126.4,0,5.51,23.3
22300458,D. Reyes,Golden State Warriors,3,8,6,2.0,2PT Field Goal,Restricted Area,12.9,15.8,1,3.13,17.5
22300363,A. Kowalski,Boston Celtics,1,0,2,0.6,2PT Field Goal,Restricted Area,-5.1,3.9,1,0.3,15.0
22300963,S. Whitfield,Los Angeles Lakers,1,11,44,3.3,2PT Field Goal,Restricted Area,20.7,25.5,1,5.98,7.9
22300851,D. Reyes,Phoenix Suns,4,8,12,24.4,3PT Field Goal,Above the Break 3,-177.7,166.9,0,2.54,21.0
22300951,T. Nwosu,Phoenix Suns,2,4,29,13.2,2PT Field Goal,In The Paint (Non-RA),113.6,67.2,0,8.86,5.5
22300062,M. Okafor,Milwaukee Bucks,4,3,56,1.5,2PT Field Goal,Restricted Area,7.3,12.9,0,3.41,15.1
22300679,R. Delgado,Boston Celtics,1,10,43,16.9,2PT Field Goal,Mid-Range,-6.4,168.9,0,5.63,20.2
22300292,D. Reyes,Los Angeles Lakers,2,0,18,1.4,2PT Field Goal,Restricted Area,-3.0,13.4,0,2.61,4.0
22300140,S. Whitfield,Denver Nuggets,1,3,52,16.8,2PT Field Goal,Mid-Range,25.3,165.7,0,1.05,20.5
22300785,D. Reyes,Miami Heat,3,9,19,25.9,3PT Field Goal,Above the Break 3,-223.0,130.7,0,3.15,15.2
22300871,R. Delgado,New York Knicks,2,7,8,16.6,2PT Field Goal,Mid-Range,130.0,103.9,1,9.12,10.6
22300347,J. Carter,Miami Heat,3,7,55,16.3,2PT Field Goal,Mid-Range,101.6,127.1,1,4.38,3.7
22300294,K. Albrecht,Phoenix Suns,1,10,59,24.5,3PT Field Goal,Above the Break 3,176.6,170.3,1,0.3,4.9
22300264,J. Carter,Phoenix Suns,1,0,4,6.3,2PT Field Goal,In The Paint (Non-RA),52.0,35.3,0,6.69,23.4
22300316,S. Whitfield,Golden State Warriors,4,11,26,6.5,2PT Field Goal,In The Paint (Non-RA),22.9,61.1,0,7.03,0.9
22300585,K. Albrecht,New York Knicks,1,1,9,25.5,3PT Field Goal,Above the Break 3,60.7,248.1,1,2.48,17.8
22300158,T. Nwosu,New York Knicks,2,1,10,25.8,3PT Field Goal,Above the Break 3,151.5,208.9,0,4.58,17.3
22300972,S. Whitfield,Denver Nuggets,3,3,58,27.9,3PT Field Goal,Above the Break 3,-82.5,266.4,0,4.32,5.8
22300290,T. Nwosu,Los Angeles Lakers,2,8,57,4.0,2PT Field Goal,In The Paint (Non-RA),31.9,24.1,1,2.56,9.5
22300696,K. Albrecht,Miami Heat,3,8,0,9.6,2PT Field Goal,In The Paint (Non-RA),-55.9,77.5,1,4.52,8.0
22300921,L. Fitzgerald,Golden State Warriors,1,11,36,3.1,2PT Field Goal,Restricted Area,8.5,30.0,1,0.71,14.6
22300557,A. Kowalski,Phoenix Suns,2,7,20,0.7,2PT Field Goal,Restricted Area,0.6,7.0,0,5.14,20.8
22300678,K. Albrecht,New York Knicks,1,4,32,23.3,3PT Field Goal,Above the Break 3,158.5,170.9,0,6.6,17.3
22300944,M. Okafor,Phoenix Suns,2,9,47,6.2,2PT Field Goal,In The Paint (Non-RA),51.1,34.5,0,2.37,12.1
22300694,M. Okafor,New York Knicks,2,3,48,26.0,3PT Field Goal,Above the Break 3,-101.5,239.8,0,5.84,8.1
22300038,S. Whitfield,Milwaukee Bucks,2,6,49,14.3,2PT Field Goal,Mid-Range,-1.3,142.9,1,6.07,20.2
22300273,T. Nwosu,New York Knicks,2,0,57,19.4,2PT Field Goal,Mid-Range,-54.0,186.5,0,5.6,18.8
22300842,M. Okafor,Denver Nuggets,1,2,42,24.3,3PT Field Goal,Above the Break 3,-101.9,220.3,1,7.62,13.8
22300422,T. Nwosu,Milwaukee Bucks,1,8,20,13.1,2PT Field Goal,In The Paint (Non-RA),112.1,67.1,0,4.31,9.8
22300295,J. Carter,Golden State Warriors,2,5,27,16.5,2PT Field Goal,Mid-Range,56.0,154.9,0,2.57,4.3
22300988,A. Kowalski,Phoenix Suns,4,10,46,13.7,2PT Field Goal,In The Paint (Non-RA),78.8,112.1,0,6.11,1.5
22300914,J. Carter,Phoenix Suns,4,2,15,1.4,2PT Field Goal,Restricted Area,-10.0,10.1,1,5.5,17.1
22300169,D. Reyes,Denver Nuggets,4,11,52,24.7,3PT Field Goal,Above the Break 3,183.9,165.6,0,0.3,11.1
22300066,S. Whitfield,Denver Nuggets,2,1,24,1.7,2PT Field Goal,Restricted Area,11.4,12.9,1,4.46,23.1
22300646,S. Whitfield,Miami Heat,2,1,41,28.4,3PT Field Goal,Above the Break 3,-170.7,226.9,1,2.56,5.0
22300906,K. Albrecht,Milwaukee Bucks,1,3,52,26.6,3PT Field Goal,Above the Break 3,-152.6,218.2,0,3.43,0.1
22300971,L. Fitzgerald,Los Angeles Lakers,3,0,38,24.8,3PT Field Goal,Above the Break 3,28.2,246.6,0,4.51,18.7
22300104,A. Kowalski,Miami Heat,1,11,40,5.2,2PT Field Goal,In The Paint (Non-RA),13.9,50.4,1,7.79,18.0
22300791,J. Carter,Miami Heat,1,10,27,8.5,2PT Field Goal,In The Paint (Non-RA),-31.8,78.6,0,5.24,6.8
22300264,R. Delgado,Denver Nuggets,4,1,31,8.2,2PT Field Goal,In The Paint (Non-RA),67.8,46.8,0,2.74,20.4
22300736,B. Osei,Miami Heat,3,10,42,13.9,2PT Field Goal,In The Paint (Non-RA),95.8,100.5,0,2.99,3.1
22300140,T. Nwosu,Golden State Warriors,3,1,48,1.1,2PT Field Goal,Restricted Area,-2.0,10.7,1,4.76,19.1
22300700,K. Albrecht,New York Knicks,4,6,45,26.4,3PT Field Goal,Above the Break 3,-218.9,147.3,0,5.21,3.9
22300809,A. Kowalski,Denver Nuggets,1,10,21,25.5,3PT Field Goal,Above the Break 3,-148.9,206.7,1,10.52,1.6
22300962,T. Nwosu,Miami Heat,4,6,11,13.9,2PT Field Goal,In The Paint (Non-RA),-74.3,117.0,1,2.11,12.6
22300095,D. Reyes,Phoenix Suns,4,10,33,27.5,3PT Field Goal,Above the Break 3,83.5,261.9,0,2.99,20.5
22300469,S. Whitfield,Miami Heat,2,8,42,0.2,2PT Field Goal,Restricted Area,0.4,2.0,1,6.5,16.9
22300710,J. Carter,Golden State Warriors,4,11,18,24.6,3PT Field Goal,Above the Break 3,223.5,104.0,0,3.49,11.9
22300117,S. Whitfield,New York Knicks,4,2,12,26.4,3PT Field Goal,Above the Break 3,41.4,260.6,0,4.7,22.9
22300006,B. Osei,Golden State Warriors,4,0,5,21.3,2PT Field Goal,Mid-Range,-51.4,207.2,0,0.58,7.7
22300331,K. Albrecht,Golden State Warriors,3,0,19,25.1,3PT Field Goal,Above the Break 3,10.1,251.3,0,0.54,4.4
22300858,D. Reyes,Milwaukee Bucks,1,3,27,25.5,3PT Field Goal,Above the Break 3,157.0,201.3,0,5.85,11.9
22300571,R. Delgado,Miami Heat,4,5,30,18.7,2PT Field Goal,Mid-Range,92.5,162.8,0,1.96,23.7
22300012,R. Delgado,Los Angeles Lakers,4,6,11,4.6,2PT Field Goal,In The Paint (Non-RA),34.5,30.6,0,6.03,23.6
22300012,J. Carter,Boston Celtics,3,7,20,3.0,2PT Field Goal,Restricted Area,-7.9,29.2,0,3.18,10.7
22300953,L. Fitzgerald,Boston Celtics,4,4,45,3.0,2PT Field Goal,Restricted Area,6.0,29.3,1,5.0,12.3
22300035,J. Carter,Los Angeles Lakers,2,10,39,25.2,3PT Field Goal,Above the Break 3,159.1,196.0,0,7.01,15.8
22300426,T. Nwosu,Golden State Warriors,2,2,20,2.3,2PT Field Goal,Restricted Area,-19.2,13.2,1,2.45,7.3
22300884,D. Reyes,Golden State Warriors,4,4,38,15.2,2PT Field Goal,Mid-Range,-10.2,152.1,1,2.48,7.7
22300556,S. Whitfield,Phoenix Suns,1,7,10,1.5,2PT Field Goal,Restricted Area,5.9,14.1,1,6.91,22.4
22300644,R. Delgado,Denver Nuggets,3,9,23,24.4,3PT Field Goal,Above the Break 3,168.3,176.8,1,4.32,1.1
22300807,D. Reyes,Denver Nuggets,4,6,19,25.7,3PT Field Goal,Above the Break 3,232.1,110.5,0,3.94,18.9
22300484,S. Whitfield,Boston Celtics,3,8,15,16.4,2PT Field Goal,Mid-Range,-135.8,91.0,0,6.32,8.9
22300257,K. Albrecht,Milwaukee Bucks,2,0,15,2.3,2PT Field Goal,Restricted Area,20.4,10.4,0,2.03,9.0
22300420,S. Whitfield,Phoenix Suns,4,9,33,27.3,3PT Field Goal,Above the Break 3,-241.8,125.9,1,4.2,14.2
22300300,J. Carter,Milwaukee Bucks,4,11,42,13.6,2PT Field Goal,In The Paint (Non-RA),77.1,111.4,1,1.39,10.1
22300375,A. Kowalski,Miami Heat,1,8,48,24.4,3PT Field Goal,Above the Break 3,-208.8,126.9,1,1.23,19.6
22300260,M. Okafor,Phoenix Suns,4,4,33,2.8,2PT Field Goal,Restricted Area,-23.1,16.2,1,5.77,12.9
22300464,B. Osei,Boston Celtics,3,9,30,0.7,2PT Field Goal,Restricted Area,-2.4,6.9,1,7.04,18.4
22300781,S. Whitfield,Phoenix Suns,1,11,11,24.8,3PT Field Goal,Above the Break 3,173.7,177.4,0,4.7,1.3
22300617,J. Carter,Los Angeles Lakers,3,1,3,26.2,3PT Field Goal,Above the Break 3,-107.9,238.4,0,0.92,23.9
22300328,J. Carter,Golden State Warriors,2,10,31,24.2,3PT Field Goal,Above the Break 3,-222.7,94.2,1,3.98,5.5
22300305,M. Okafor,Boston Celtics,1,0,14,15.5,2PT Field Goal,Mid-Range,1.1,154.5,0,5.01,23.1
22300405,B. Osei,Milwaukee Bucks,1,1,45,20.0,2PT Field Goal,Mid-Range,-52.5,193.4,1,4.2,12.5
22300296,K. Albrecht,Denver Nuggets,2,0,29,27.1,3PT Field Goal,Above the Break 3,-214.8,164.6,0,6.93,17.5
22300424,S. Whitfield,Golden State Warriors,4,4,8,16.0,2PT Field Goal,Mid-Range,-147.9,61.7,0,2.38,7.4
22300179,T. Nwosu,Denver Nuggets,4,6,56,1.6,2PT Field Goal,Restricted Area,8.7,13.5,0,4.98,3.3
22300557,K. Albrecht,Miami Heat,2,5,29,1.3,2PT Field Goal,Restricted Area,-5.2,12.2,1,3.46,16.4
22300023,B. Osei,Phoenix Suns,4,2,36,2.9,2PT Field Goal,Restricted Area,-12.5,26.1,0,4.06,18.5
22300286,D. Reyes,New York Knicks,4,10,29,2.3,2PT Field Goal,Restricted Area,-2.5,23.4,1,3.47,1.7
22300176,D. Reyes,Boston Celtics,1,6,39,0.4,2PT Field Goal,Restricted Area,-3.3,2.4,1,5.38,23.9
22300698,L. Fitzgerald,Los Angeles Lakers,2,9,7,10.5,2PT Field Goal,In The Paint (Non-RA),53.5,90.0,0,1.49,0.2
22300349,A. Kowalski,Denver Nuggets,2,1,4,18.5,2PT Field Goal,Mid-Range,39.0,180.5,1,3.56,18.8
22300045,T. Nwosu,Denver Nuggets,3,3,37,26.8,3PT Field Goal,Above the Break 3,-164.7,211.0,0,5.04,20.5
22300189,T. Nwosu,New York Knicks,4,9,27,8.7,2PT Field Goal,In The Paint (Non-RA),24.9,83.5,0,6.23,23.8
22300843,A. Kowalski,New York Knicks,1,9,52,1.3,2PT Field Goal,Restricted Area,-2.1,12.4,1,6.71,7.2
22300376,R. Delgado,Los Angeles Lakers,2,1,10,22.5,3PT Field Goal,Above the Break 3,-67.3,214.7,1,4.68,0.1
22300587,B. Osei,Boston Celtics,1,9,19,24.4,3PT Field Goal,Above the Break 3,-9.9,243.3,1,6.87,3.5
22300394,M. Okafor,Phoenix Suns,4,3,15,23.6,3PT Field Goal,Above the Break 3,175.3,157.9,1,7.17,2.2
22300648,T. Nwosu,Denver Nuggets,1,3,2,4.0,2PT Field Goal,In The Paint (Non-RA),-36.1,17.2,0,3.98,15.2
22300259,T. Nwosu,Milwaukee Bucks,2,10,41,17.5,2PT Field Goal,Mid-Range,-157.3,75.9,1,8.76,13.3
22300285,R. Delgado,Miami Heat,2,4,54,16.9,2PT Field Goal,Mid-Range,-66.7,155.8,0,7.76,1.3
22300697,K. Albrecht,Denver Nuggets,1,4,32,20.9,2PT Field Goal,Mid-Range,-115.8,174.4,0,3.6,14.5
22300852,D. Reyes,New York Knicks,1,11,37,0.8,2PT Field Goal,Restricted Area,-0.8,8.1,0,3.98,17.0
22300968,B. Osei,Denver Nuggets,2,3,14,27.0,3PT Field Goal,Above the Break 3,143.9,228.3,0,3.18,1.9
22300506,J. Carter,Phoenix Suns,1,7,27,18.1,2PT Field Goal,Mid-Range,-7.0,180.8,0,3.99,16.7
22300879,M. Okafor,Boston Celtics,2,8,14,2.2,2PT Field Goal,Restricted Area,-7.3,20.9,1,5.06,12.2
22300080,J. Carter,Miami Heat,3,10,48,1.2,2PT Field Goal,Restricted Area,3.9,11.7,1,4.88,14.7
22300562,R. Delgado,New York Knicks,2,5,19,27.2,3PT Field Goal,Above the Break 3,136.3,235.2,0,3.35,22.5
22300840,L. Fitzgerald,Miami Heat,2,3,34,3.6,2PT Field Goal,Restricted Area,31.1,17.6,1,5.37,23.6
22300435,D. Reyes,Golden State Warriors,1,8,24,23.4,3PT Field Goal,Above the Break 3,82.1,219.0,0,7.01,8.7
22300029,B. Osei,Denver Nuggets,2,3,1,1.9,2PT Field Goal,Restricted Area,16.2,10.7,0,6.32,3.5
22300866,M. Okafor,Milwaukee Bucks,4,4,24,8.4,2PT Field Goal,In The Paint (Non-RA),-74.2,38.5,0,5.76,8.7
22300845,L. Fitzgerald,Denver Nuggets,3,1,42,1.5,2PT Field Goal,Restricted Area,9.0,11.7,1,3.5,1.5
22300998,T. Nwosu,Boston Celtics,1,7,57,0.6,2PT Field Goal,Restricted Area,-4.3,3.6,1,3.57,6.9
22300806,K. Albrecht,New York Knicks,3,6,8,24.3,3PT Field Goal,Above the Break 3,-137.3,200.4,0,8.05,0.2
22300859,M. Okafor,New York Knicks,3,2,49,1.7,2PT Field Goal,Restricted Area,15.6,7.1,1,4.36,20.2
22300055,S. Whitfield,Phoenix Suns,1,11,17,25.4,3PT Field Goal,Above the Break 3,222.3,122.3,1,2.53,6.5
22300972,L. Fitzgerald,Milwaukee Bucks,1,3,8,24.9,3PT Field Goal,Above the Break 3,-83.3,234.2,0,6.32,2.9
22300221,B. Osei,Golden State Warriors,4,9,36,3.1,2PT Field Goal,Restricted Area,20.8,22.4,1,8.01,15.1
22300381,J. Carter,Golden State Warriors,3,6,49,2.9,2PT Field Goal,Restricted Area,-2.2,28.5,1,0.84,11.2
22300407,K. Albrecht,Los Angeles Lakers,4,4,45,16.5,2PT Field Goal,Mid-Range,-116.5,116.6,0,8.02,16.8
22300695,K. Albrecht,Los Angeles Lakers,3,0,15,0.4,2PT Field Goal,Restricted Area,-3.1,2.1,1,2.03,12.7
22300600,R. Delgado,New York Knicks,2,6,43,26.8,3PT Field Goal,Above the Break 3,-79.9,255.7,0,6.22,10.6
22300667,S. Whitfield,Golden State Warriors,4,9,42,4.0,2PT Field Goal,Restricted Area,-18.3,35.1,1,4.44,17.7
22300648,S. Whitfield,Boston Celtics,4,6,3,27.3,3PT Field Goal,Above the Break 3,44.5,268.9,0,2.87,15.6
22300430,A. Kowalski,Miami Heat,4,1,44,1.7,2PT Field Goal,Restricted Area,5.4,16.3,0,2.1,8.8
22300649,T. Nwosu,Milwaukee Bucks,4,4,5,0.7,2PT Field Goal,Restricted Area,6.4,3.0,0,1.94,22.5
22300449,D. Reyes,Golden State Warriors,1,11,29,2.2,2PT Field Goal,Restricted Area,-2.6,21.6,1,1.42,1.1
22300202,M. Okafor,New York Knicks,1,6,36,26.6,3PT Field Goal,Above the Break 3,150.1,219.2,0,3.41,20.0
22300365,D. Reyes,New York Knicks,2,5,24,15.4,2PT Field Goal,Mid-Range,87.0,126.7,1,6.55,4.7
22300030,T. Nwosu,Phoenix Suns,2,11,59,16.4,2PT Field Goal,Mid-Range,-54.8,154.4,1,3.67,12.6
22300203,J. Carter,Phoenix Suns,4,10,31,1.2,2PT Field Goal,Restricted Area,-10.6,6.5,1,8.65,19.4
22300993,D. Reyes,Milwaukee Bucks,2,3,8,1.3,2PT Field Goal,Restricted Area,3.7,12.4,0,3.69,13.3
22300377,R. Delgado,Phoenix Suns,1,9,38,27.5,3PT Field Goal,Above the Break 3,209.8,177.1,0,2.67,13.8
22300537,A. Kowalski,Phoenix Suns,3,0,5,15.5,2PT Field Goal,Mid-Range,-33.4,151.5,1,4.23,5.7
22300286,S. Whitfield,Boston Celtics,2,5,21,27.2,3PT Field Goal,Above the Break 3,-191.2,193.2,1,8.0,7.6
22300895,M. Okafor,Milwaukee Bucks,3,2,43,12.6,2PT Field Goal,In The Paint (Non-RA),-97.0,79.7,0,2.58,22.7
22300538,M. Okafor,Golden State Warriors,4,4,16,1.2,2PT Field Goal,Restricted Area,-6.0,10.8,0,4.23,1.6
22300252,M. Okafor,Golden State Warriors,1,2,15,25.4,3PT Field Goal,Above the Break 3,234.2,98.1,0,6.54,21.0
22300488,D. Reyes,Phoenix Suns,2,7,38,1.9,2PT Field Goal,Restricted Area,14.8,12.1,0,3.11,22.5
22300757,R. Delgado,New York Knicks,1,3,59,1.4,2PT Field Goal,Restricted Area,12.0,7.0,1,5.41,3.7
22300878,J. Carter,Golden State Warriors,2,7,19,19.3,2PT Field Goal,Mid-Range,-118.8,152.3,0,3.86,23.1
22300589,B. Osei,Phoenix Suns,2,3,24,0.2,2PT Field Goal,Restricted Area,-0.6,1.9,0,3.78,0.3
22300502,R. Delgado,Los Angeles Lakers,2,10,14,24.7,3PT Field Goal,Above the Break 3,98.6,227.0,0,3.94,1.1
22300270,K. Albrecht,Golden State Warriors,1,6,4,24.2,3PT Field Goal,Above the Break 3,-171.2,171.1,0,3.67,11.1
22300217,R. Delgado,Boston Celtics,1,6,22,5.3,2PT Field Goal,In The Paint (Non-RA),-43.5,30.0,1,5.95,8.5
22300464,B. Osei,Denver Nuggets,2,11,10,8.0,2PT Field Goal,In The Paint (Non-RA),-65.5,45.6,1,0.67,17.6
22300168,J. Carter,Miami Heat,2,5,55,5.0,2PT Field Goal,In The Paint (Non-RA),-3.2,49.9,1,1.33,22.6
22300389,R. Delgado,Golden State Warriors,4,7,44,2.7,2PT Field Goal,Restricted Area,5.6,26.1,1,3.15,1.2
22300255,S. Whitfield,Boston Celtics,3,2,43,1.4,2PT Field Goal,Restricted Area,-6.5,12.1,1,0.74,16.1
22300759,R. Delgado,Phoenix Suns,4,7,16,3.5,2PT Field Goal,Restricted Area,21.0,28.0,0,2.06,7.0
22300827,K. Albrecht,Denver Nuggets,1,9,15,2.7,2PT Field Goal,Restricted Area,1.9,26.7,1,1.46,17.6
22300503,K. Albrecht,New York Knicks,2,2,11,2.8,2PT Field Goal,Restricted Area,-8.7,26.4,1,3.92,14.1
22300550,A. Kowalski,Milwaukee Bucks,2,3,43,2.2,2PT Field Goal,Restricted Area,-13.8,17.7,1,0.35,5.4
22300090,L. Fitzgerald,Milwaukee Bucks,1,8,46,19.9,2PT Field Goal,Mid-Range,100.9,172.1,0,3.52,18.8
22300515,T. Nwosu,Miami Heat,4,7,55,8.0,2PT Field Goal,In The Paint (Non-RA),-20.0,77.2,1,2.69,4.1
22300438,A. Kowalski,Phoenix Suns,4,6,6,3.6,2PT Field Goal,Restricted Area,27.3,23.8,0,6.5,5.5
22300446,S. Whitfield,Miami Heat,3,4,33,27.0,3PT Field Goal,Above the Break 3,241.5,120.1,0,0.53,21.9
22300675,J. Carter,New York Knicks,1,9,30,27.1,3PT Field Goal,Above the Break 3,105.3,249.7,1,0.41,3.8
22300681,M. Okafor,Golden State Warriors,3,6,8,18.8,2PT Field Goal,Mid-Range,109.7,152.3,0,0.58,10.0
22300273,D. Reyes,Milwaukee Bucks,3,5,57,19.7,2PT Field Goal,Mid-Range,-30.6,194.5,0,1.58,1.1
22300632,A. Kowalski,New York Knicks,2,8,23,1.6,2PT Field Goal,Restricted Area,10.7,12.0,1,2.06,20.1
22300244,T. Nwosu,Boston Celtics,1,7,27,27.3,3PT Field Goal,Above the Break 3,-121.1,244.9,0,5.46,11.3
22300308,S. Whitfield,New York Knicks,2,3,38,20.0,2PT Field Goal,Mid-Range,-147.0,135.4,0,2.25,8.4
22300619,J. Carter,Los Angeles Lakers,3,7,22,0.8,2PT Field Goal,Restricted Area,3.2,7.1,0,3.61,0.4
22300649,J. Carter,Phoenix Suns,3,2,28,18.6,2PT Field Goal,Mid-Range,75.7,169.8,0,3.77,7.4
22300552,T. Nwosu,Denver Nuggets,3,3,19,15.5,2PT Field Goal,Mid-Range,-60.6,142.7,1,5.32,6.6
22300594,K. Albrecht,Golden State Warriors,4,2,53,19.1,2PT Field Goal,Mid-Range,80.8,173.3,0,0.89,16.8
22300670,A. Kowalski,Phoenix Suns,4,2,40,12.0,2PT Field Goal,In The Paint (Non-RA),100.9,65.0,0,2.2,6.4
22300749,D. Reyes,Los Angeles Lakers,3,8,46,24.9,3PT Field Goal,Above the Break 3,-113.2,222.2,1,4.0,7.7
22300240,D. Reyes,Miami Heat,3,4,17,24.8,3PT Field Goal,Above the Break 3,129.5,211.8,0,7.12,1.5
22300965,A. Kowalski,Phoenix Suns,2,7,8,14.2,2PT Field Goal,Mid-Range,-7.5,141.7,1,2.52,4.1
22300711,T. Nwosu,Denver Nuggets,4,0,55,2.4,2PT Field Goal,Restricted Area,-8.7,22.8,1,2.37,5.2
22300311,L. Fitzgerald,Boston Celtics,3,8,0,0.2,2PT Field Goal,Restricted Area,1.8,0.9,1,5.69,5.2
22300469,D. Reyes,Miami Heat,1,3,42,26.0,3PT Field Goal,Above the Break 3,95.0,241.9,0,4.24,17.6
22300278,S. Whitfield,Miami Heat,2,9,17,12.3,2PT Field Goal,In The Paint (Non-RA),-109.8,55.9,0,4.05,0.0
22300514,R. Delgado,Miami Heat,3,6,52,17.8,2PT Field Goal,Mid-Range,96.3,149.8,0,8.16,13.3
22300797,K. Albrecht,Golden State Warriors,1,5,41,1.6,2PT Field Goal,Restricted Area,10.9,11.1,0,2.39,5.7
22300500,L. Fitzgerald,Miami Heat,1,4,37,15.3,2PT Field Goal,Mid-Range,-4.2,152.8,0,5.76,16.3
22300174,M. Okafor,Denver Nuggets,2,6,26,19.6,2PT Field Goal,Mid-Range,-164.1,106.7,1,8.36,20.7
22300021,S. Whitfield,Milwaukee Bucks,4,10,48,27.7,3PT Field Goal,Above the Break 3,166.0,222.3,0,3.05,12.3
22300108,L. Fitzgerald,Milwaukee Bucks,1,2,37,26.2,3PT Field Goal,Above the Break 3,-54.8,255.7,0,9.22,13.0
22300413,K. Albrecht,Milwaukee Bucks,1,2,49,5.4,2PT Field Goal,In The Paint (Non-RA),36.5,40.0,0,5.73,21.8
22300647,R. Delgado,Golden State Warriors,3,7,17,2.3,2PT Field Goal,Restricted Area,-5.2,22.2,0,4.85,0.2
22300549,A. Kowalski,Phoenix Suns,1,0,27,1.5,2PT Field Goal,Restricted Area,-2.1,14.8,0,7.41,2.6
22300393,A. Kowalski,Phoenix Suns,4,0,31,3.6,2PT Field Goal,Restricted Area,18.6,30.5,0,4.62,1.4
22300815,B. Osei,Golden State Warriors,3,3,14,6.5,2PT Field Goal,In The Paint (Non-RA),-34.0,55.3,0,0.3,11.5
22300231,B. Osei,Los Angeles Lakers,4,6,2,25.9,3PT Field Goal,Above the Break 3,204.1,159.8,1,4.73,19.4
22300476,T. Nwosu,Phoenix Suns,3,4,58,11.0,2PT Field Goal,In The Paint (Non-RA),-59.8,92.4,0,3.76,8.7
22300099,D. Reyes,Milwaukee Bucks,2,10,48,19.3,2PT Field Goal,Mid-Range,148.4,124.0,0,0.85,11.6
22300584,L. Fitzgerald,Phoenix Suns,1,3,35,24.1,3PT Field Goal,Above the Break 3,148.2,189.5,1,5.75,21.6
22300720,J. Carter,Miami Heat,2,0,22,2.9,2PT Field Goal,Restricted Area,-13.8,25.3,1,2.91,17.6
22300775,K. Albrecht,Boston Celtics,1,9,54,2.2,2PT Field Goal,Restricted Area,11.0,18.5,1,2.16,16.7
22300384,S. Whitfield,Denver Nuggets,4,7,23,16.7,2PT Field Goal,Mid-Range,36.6,162.4,1,9.1,8.2
22300070,L. Fitzgerald,Golden State Warriors,1,4,26,1.5,2PT Field Goal,Restricted Area,-4.9,14.4,0,6.76,22.3
22300249,L. Fitzgerald,Boston Celtics,1,3,3,3.4,2PT Field Goal,Restricted Area,3.8,33.5,1,7.64,1.8
22300096,B. Osei,Los Angeles Lakers,2,10,52,26.3,3PT Field Goal,Above the Break 3,-188.4,183.7,0,8.19,1.2
22300804,K. Albrecht,Denver Nuggets,1,9,40,18.7,2PT Field Goal,Mid-Range,-170.4,76.5,0,1.25,18.8
22300007,R. Delgado,Denver Nuggets,1,0,36,1.2,2PT Field Goal,Restricted Area,10.5,5.1,1,8.39,21.5
22300161,D. Reyes,New York Knicks,1,2,37,1.5,2PT Field Goal,Restricted Area,6.9,13.3,0,1.85,10.2
22300241,T. Nwosu,Miami Heat,1,10,58,26.5,3PT Field Goal,Above the Break 3,158.8,211.9,1,1.83,22.7
22300597,J. Carter,Denver Nuggets,3,2,38,5.7,2PT Field Goal,In The Paint (Non-RA),-20.0,53.6,1,4.97,18.6
22300182,S. Whitfield,Miami Heat,1,9,38,2.9,2PT Field Goal,Restricted Area,-26.9,11.8,0,3.4,21.7
22300876,M. Okafor,New York Knicks,1,3,0,23.8,3PT Field Goal,Above the Break 3,-214.0,105.0,1,8.06,19.0
22300521,R. Delgado,Denver Nuggets,3,7,11,19.7,2PT Field Goal,Mid-Range,-87.4,176.4,0,3.38,17.7
22300602,K. Albrecht,Phoenix Suns,3,3,51,28.6,3PT Field Goal,Above the Break 3,-159.6,237.8,0,5.66,2.6
22300406,D. Reyes,Miami Heat,1,3,10,2.8,2PT Field Goal,Restricted Area,-0.1,27.5,1,4.16,6.4
22300280,B. Osei,Los Angeles Lakers,1,11,14,23.9,3PT Field Goal,Above the Break 3,-121.7,205.6,1,2.5,6.1
22300060,J. Carter,Phoenix Suns,3,7,12,4.5,2PT Field Goal,In The Paint (Non-RA),37.3,25.1,1,3.59,11.6
22300562,A. Kowalski,Boston Celtics,4,0,17,4.0,2PT Field Goal,In The Paint (Non-RA),-11.4,38.3,1,3.23,12.3
22300210,K. Albrecht,Golden State Warriors,2,0,3,12.7,2PT Field Goal,In The Paint (Non-RA),-48.7,117.0,0,4.57,22.1
22300379,T. Nwosu,Phoenix Suns,1,7,54,1.7,2PT Field Goal,Restricted Area,-5.6,16.5,0,3.87,2.6
22300167,M. Okafor,New York Knicks,3,5,57,0.2,2PT Field Goal,Restricted Area,-1.2,1.6,1,6.12,23.3
22300434,D. Reyes,Milwaukee Bucks,3,10,31,2.8,2PT Field Goal,Restricted Area,-22.1,17.7,1,3.57,11.5
22300749,R. Delgado,Miami Heat,1,11,34,18.1,2PT Field Goal,Mid-Range,62.5,169.7,1,4.85,23.2
22300034,R. Delgado,Boston Celtics,3,8,11,27.2,3PT Field Goal,Above the Break 3,-106.0,250.2,0,7.9,6.1
22300056,D. Reyes,Denver Nuggets,4,9,4,3.6,2PT Field Goal,Restricted Area,-8.3,34.7,1,5.31,15.3
22300760,L. Fitzgerald,Milwaukee Bucks,3,8,11,1.8,2PT Field Goal,Restricted Area,14.9,10.2,0,10.5,15.6
22300930,R. Delgado,Golden State Warriors,3,8,6,25.2,3PT Field Goal,Above the Break 3,146.9,204.3,0,4.49,11.2
22300198,T. Nwosu,Los Angeles Lakers,3,1,52,4.2,2PT Field Goal,In The Paint (Non-RA),36.0,22.4,0,4.94,17.4
22300719,L. Fitzgerald,Los Angeles Lakers,1,3,57,3.9,2PT Field Goal,Restricted Area,12.9,37.2,1,5.6,15.7
22300155,L. Fitzgerald,Miami Heat,3,5,16,25.8,3PT Field Goal,Above the Break 3,157.4,204.5,0,6.86,9.1
22300697,J. Carter,Denver Nuggets,2,5,45,16.0,2PT Field Goal,Mid-Range,90.7,132.2,1,5.98,1.5
22300249,R. Delgado,Miami Heat,4,8,38,14.9,2PT Field Goal,Mid-Range,-17.1,148.0,0,4.17,6.1
22300533,D. Reyes,Golden State Warriors,2,9,13,21.0,2PT Field Goal,Mid-Range,163.0,132.0,0,3.79,18.2
22300294,K. Albrecht,Milwaukee Bucks,4,3,53,4.0,2PT Field Goal,In The Paint (Non-RA),-14.3,37.4,0,3.34,1.4
22300601,S. Whitfield,Boston Celtics,4,5,13,12.9,2PT Field Goal,In The Paint (Non-RA),-57.2,115.7,1,4.24,10.0
22300694,A. Kowalski,Golden State Warriors,3,6,6,24.1,3PT Field Goal,Above the Break 3,32.3,239.1,0,0.8,9.5
22300433,L. Fitzgerald,Los Angeles Lakers,1,10,28,14.7,2PT Field Goal,Mid-Range,32.8,143.3,0,1.47,11.1
22300187,L. Fitzgerald,Milwaukee Bucks,2,3,24,24.5,3PT Field Goal,Above the Break 3,74.4,233.7,0,1.63,12.3
22300744,A. Kowalski,Miami Heat,1,8,59,1.2,2PT Field Goal,Restricted Area,2.8,11.5,1,7.44,10.7
22300156,S. Whitfield,New York Knicks,1,4,50,10.0,2PT Field Goal,In The Paint (Non-RA),-85.1,52.3,1,4.81,11.0
22300591,A. Kowalski,Miami Heat,1,9,40,1.4,2PT Field Goal,Restricted Area,9.8,10.2,1,6.55,15.0
22300700,L. Fitzgerald,Denver Nuggets,4,11,40,0.5,2PT Field Goal,Restricted Area,2.7,3.7,1,3.7,23.1
22300244,M. Okafor,Golden State Warriors,1,9,40,2.7,2PT Field Goal,Restricted Area,23.2,13.4,1,4.97,20.5
22300440,L. Fitzgerald,Boston Celtics,4,0,36,2.9,2PT Field Goal,Restricted Area,-13.9,25.4,1,2.36,0.1
22300790,K. Albrecht,Boston Celtics,2,11,57,2.8,2PT Field Goal,Restricted Area,-15.3,23.0,0,0.3,2.3
22300136,L. Fitzgerald,Milwaukee Bucks,3,6,8,8.0,2PT Field Goal,In The Paint (Non-RA),47.3,64.0,1,3.64,21.5
22300956,D. Reyes,New York Knicks,4,5,14,7.0,2PT Field Goal,In The Paint (Non-RA),-54.2,44.3,1,3.08,15.8
22300214,M. Okafor,New York Knicks,1,6,55,26.8,3PT Field Goal,Above the Break 3,-86.6,253.3,0,2.81,1.2
22300242,K. Albrecht,Golden State Warriors,4,8,14,25.2,3PT Field Goal,Above the Break 3,227.2,108.6,0,1.07,4.4
22300619,D. Reyes,Denver Nuggets,3,2,48,15.6,2PT Field Goal,Mid-Range,-50.2,147.6,0,5.53,8.8
22300720,K. Albrecht,Milwaukee Bucks,2,0,47,20.2,2PT Field Goal,Mid-Range,7.2,202.3,0,5.97,4.5
22300861,B. Osei,Denver Nuggets,1,11,47,7.9,2PT Field Goal,In The Paint (Non-RA),-12.2,78.3,0,5.43,9.8
22300157,B. Osei,Miami Heat,4,2,1,0.5,2PT Field Goal,Restricted Area,2.7,3.9,0,6.64,7.3
22300952,B. Osei,Denver Nuggets,1,0,34,13.0,2PT Field Goal,In The Paint (Non-RA),55.8,117.1,0,2.35,21.5
22300763,T. Nwosu,Boston Celtics,4,11,33,14.4,2PT Field Goal,Mid-Range,-42.9,137.4,1,5.54,5.1
22300879,K. Albrecht,Denver Nuggets,2,8,9,24.9,3PT Field Goal,Above the Break 3,129.2,213.1,1,4.06,3.7
22300360,B. Osei,Milwaukee Bucks,1,2,38,27.1,3PT Field Goal,Above the Break 3,36.7,268.5,0,3.12,3.9
22300724,K. Albrecht,New York Knicks,1,2,24,1.1,2PT Field Goal,Restricted Area,-3.0,10.2,1,4.24,17.2
22300180,L. Fitzgerald,Denver Nuggets,2,6,0,15.1,2PT Field Goal,Mid-Range,-44.7,144.7,1,2.06,14.4
22300386,L. Fitzgerald,Denver Nuggets,1,10,4,0.2,2PT Field Goal,Restricted Area,-0.2,2.3,1,3.46,23.3
22300528,R. Delgado,Boston Celtics,1,8,8,17.0,2PT Field Goal,Mid-Range,-18.5,168.7,0,4.16,11.7
22300861,M. Okafor,Miami Heat,1,2,23,26.8,3PT Field Goal,Above the Break 3,-246.1,105.7,0,0.3,1.7
22300068,L. Fitzgerald,New York Knicks,2,2,49,15.2,2PT Field Goal,Mid-Range,-138.8,62.1,1,7.58,18.0
22300611,J. Carter,Golden State Warriors,4,11,41,0.2,2PT Field Goal,Restricted Area,-1.3,1.5,0,6.39,5.9
22300597,K. Albrecht,Denver Nuggets,4,1,14,9.8,2PT Field Goal,In The Paint (Non-RA),41.4,88.7,1,6.0,17.9
22300981,J. Carter,Milwaukee Bucks,1,5,1,0.3,2PT Field Goal,Restricted Area,3.0,1.5,0,8.08,20.0
22300263,K. Albrecht,Denver Nuggets,1,0,6,14.3,2PT Field Goal,Mid-Range,-131.9,55.9,0,5.71,1.3
22300741,M. Okafor,Phoenix Suns,3,2,30,25.8,3PT Field Goal,Above the Break 3,-238.3,99.4,0,5.56,1.0
22300761,L. Fitzgerald,Phoenix Suns,1,3,33,25.9,3PT Field Goal,Above the Break 3,19.0,258.7,0,7.91,23.7
22300300,K. Albrecht,Denver Nuggets,1,10,58,0.2,2PT Field Goal,Restricted Area,1.4,1.4,0,3.13,20.4
22300337,R. Delgado,Boston Celtics,4,8,23,20.2,2PT Field Goal,Mid-Range,153.6,131.2,0,1.2,19.4
22300572,A. Kowalski,Golden State Warriors,3,3,48,1.8,2PT Field Goal,Restricted Area,-13.5,11.7,1,6.33,13.0
22300028,B. Osei,Phoenix Suns,2,11,53,28.6,3PT Field Goal,Above the Break 3,-123.2,257.8,1,3.67,13.6
22300537,L. Fitzgerald,Denver Nuggets,4,4,22,25.2,3PT Field Goal,Above the Break 3,92.2,234.8,0,6.53,19.9
22300207,J. Carter,Los Angeles Lakers,1,10,41,2.5,2PT Field Goal,Restricted Area,17.9,17.8,1,5.69,4.0
22300098,T. Nwosu,Denver Nuggets,4,4,43,15.4,2PT Field Goal,Mid-Range,116.6,100.4,0,2.65,19.0
22300087,J. Carter,Phoenix Suns,3,7,50,26.2,3PT Field Goal,Above the Break 3,-96.0,243.9,0,4.07,17.9
22300413,D. Reyes,Miami Heat,1,8,5,2.8,2PT Field Goal,Restricted Area,11.3,25.4,1,1.74,7.5
22300959,A. Kowalski,Phoenix Suns,1,5,46,2.0,2PT Field Goal,Restricted Area,4.7,19.2,1,4.32,0.9
22300710,D. Reyes,Phoenix Suns,2,9,32,1.2,2PT Field Goal,Restricted Area,-7.2,9.2,0,3.84,18.8
22300365,K. Albrecht,Golden State Warriors,2,4,20,26.3,3PT Field Goal,Above the Break 3,147.1,217.8,0,6.03,4.1
22300486,B. Osei,Phoenix Suns,4,9,25,2.0,2PT Field Goal,Restricted Area,-15.0,13.2,1,8.46,23.0
22300455,D. Reyes,Boston Celtics,4,6,37,5.4,2PT Field Goal,In The Paint (Non-RA),24.1,48.9,1,4.83,6.4
22300064,R. Delgado,Phoenix Suns,4,11,40,23.0,3PT Field Goal,Above the Break 3,-56.8,223.3,1,3.6,12.6
22300649,L. Fitzgerald,Los Angeles Lakers,1,6,17,2.7,2PT Field Goal,Restricted Area,16.5,21.5,1,4.49,23.5
22300851,D. Reyes,Los Angeles Lakers,2,11,54,22.5,3PT Field Goal,Above the Break 3,143.9,173.0,1,4.03,1.5
22300553,K. Albrecht,Milwaukee Bucks,2,0,17,9.6,2PT Field Goal,In The Paint (Non-RA),-71.2,64.7,1,3.2,21.4
22300859,T. Nwosu,Denver Nuggets,1,8,42,7.1,2PT Field Goal,In The Paint (Non-RA),8.2,70.7,1,4.77,21.9
22300511,B. Osei,Denver Nuggets,2,4,16,13.0,2PT Field Goal,In The Paint (Non-RA),104.3,77.9,0,1.7,1.9
22300056,J. Carter,Los Angeles Lakers,4,5,31,1.6,2PT Field Goal,Restricted Area,5.9,15.3,0,2.34,14.4
22300293,T. Nwosu,Milwaukee Bucks,4,3,21,25.8,3PT Field Goal,Above the Break 3,-36.5,254.9,0,4.78,17.9
22300750,M. Okafor,New York Knicks,4,6,57,21.3,2PT Field Goal,Mid-Range,-143.2,157.8,1,6.35,16.1
22300913,J. Carter,Boston Celtics,3,4,4,5.6,2PT Field Goal,In The Paint (Non-RA),-39.4,39.7,0,5.39,1.2
22300394,S. Whitfield,Boston Celtics,2,5,5,2.1,2PT Field Goal,Restricted Area,2.3,20.6,0,3.61,4.9
22300703,B. Osei,Golden State Warriors,4,10,5,9.0,2PT Field Goal,In The Paint (Non-RA),56.4,69.5,1,6.75,8.4
22300801,T. Nwosu,Los Angeles Lakers,2,1,38,27.1,3PT Field Goal,Above the Break 3,182.4,200.0,1,4.95,22.2
22300113,T. Nwosu,Miami Heat,1,4,29,25.9,3PT Field Goal,Above the Break 3,179.4,186.5,0,8.12,2.0
22300702,K. Albrecht,Miami Heat,1,10,22,1.6,2PT Field Goal,Restricted Area,4.9,15.5,0,5.37,23.2
22300345,M. Okafor,Golden State Warriors,3,6,3,1.4,2PT Field Goal,Restricted Area,12.0,6.2,0,4.21,2.9
22300988,B. Osei,New York Knicks,3,4,44,4.2,2PT Field Goal,In The Paint (Non-RA),5.4,42.0,0,1.53,0.4
22300943,M. Okafor,Los Angeles Lakers,1,5,37,6.6,2PT Field Goal,In The Paint (Non-RA),5.7,66.1,0,7.09,5.3
22300836,J. Carter,Los Angeles Lakers,4,11,11,2.0,2PT Field Goal,Restricted Area,17.8,10.0,0,6.45,4.0
22300140,L. Fitzgerald,Boston Celtics,2,10,36,0.6,2PT Field Goal,Restricted Area,4.0,4.7,1,7.32,14.6
22300194,D. Reyes,Miami Heat,2,7,25,14.4,2PT Field Goal,Mid-Range,98.4,105.0,1,3.0,20.7
22300435,J. Carter,Boston Celtics,4,6,28,24.6,3PT Field Goal,Above the Break 3,-70.6,235.4,1,1.8,6.8
22300764,B. Osei,Phoenix Suns,1,9,44,24.4,3PT Field Goal,Above the Break 3,32.3,241.5,0,7.31,17.6
22300778,M. Okafor,Denver Nuggets,2,0,13,16.2,2PT Field Goal,Mid-Range,-130.4,95.9,0,4.23,0.8
22300870,T. Nwosu,Los Angeles Lakers,4,5,48,18.6,2PT Field Goal,Mid-Range,127.5,134.9,0,0.3,0.2
22300052,M. Okafor,Denver Nuggets,3,10,31,3.3,2PT Field Goal,Restricted Area,-16.8,28.4,1,5.69,11.6
22300723,S. Whitfield,Miami Heat,2,0,15,0.2,2PT Field Goal,Restricted Area,0.7,1.9,0,1.37,1.6
22300898,J. Carter,Los Angeles Lakers,3,9,25,2.6,2PT Field Goal,Restricted Area,-23.0,11.4,1,7.39,8.0
22300206,K. Albrecht,Milwaukee Bucks,2,10,36,0.3,2PT Field Goal,Restricted Area,-1.1,3.0,0,6.68,4.9
22300711,B. Osei,Los Angeles Lakers,3,11,5,11.1,2PT Field Goal,In The Paint (Non-RA),-83.7,72.7,1,0.3,5.9
22300922,S. Whitfield,Golden State Warriors,4,6,55,10.1,2PT Field Goal,In The Paint (Non-RA),-28.2,97.4,0,4.99,3.8
22300662,J. Carter,Milwaukee Bucks,1,8,3,3.9,2PT Field Goal,Restricted Area,11.9,36.8,1,4.19,22.8
22300318,J. Carter,Los Angeles Lakers,1,2,2,3.1,2PT Field Goal,Restricted Area,2.1,30.7,0,5.61,6.8
22300937,S. Whitfield,Phoenix Suns,2,5,42,27.0,3PT Field Goal,Above the Break 3,-235.4,131.5,1,1.5,6.6
22300952,T. Nwosu,Golden State Warriors,4,11,51,25.0,3PT Field Goal,Above the Break 3,6.4,249.9,0,1.01,12.7
22300905,S. Whitfield,Phoenix Suns,3,8,32,14.8,2PT Field Goal,Mid-Range,-134.5,61.7,1,6.25,14.2
22300323,R. Delgado,Milwaukee Bucks,2,1,46,1.0,2PT Field Goal,Restricted Area,-1.4,9.9,1,0.3,11.0
22300233,K. Albrecht,Miami Heat,1,6,56,13.2,2PT Field Goal,In The Paint (Non-RA),83.5,102.1,1,3.99,5.0
22300756,L. Fitzgerald,Los Angeles Lakers,1,2,44,22.7,3PT Field Goal,Above the Break 3,39.5,223.3,1,5.2,4.1
22300846,L. Fitzgerald,Phoenix Suns,2,3,50,17.8,2PT Field Goal,Mid-Range,-52.0,170.5,1,5.88,3.1
22300561,L. Fitzgerald,Phoenix Suns,1,2,1,17.9,2PT Field Goal,Mid-Range,60.4,168.4,0,5.0,0.7
22300407,J. Carter,New York Knicks,4,8,19,26.7,3PT Field Goal,Above the Break 3,44.8,263.6,0,9.39,20.3
22300909,L. Fitzgerald,Miami Heat,4,10,44,25.9,3PT Field Goal,Above the Break 3,-66.4,250.8,0,6.93,1.6
22300567,B. Osei,New York Knicks,4,10,14,18.8,2PT Field Goal,Mid-Range,-47.7,181.9,0,3.87,22.8
22300350,M. Okafor,Golden State Warriors,3,0,19,1.4,2PT Field Goal,Restricted Area,5.8,13.2,0,3.91,19.5
22300533,B. Osei,Denver Nuggets,3,8,52,5.6,2PT Field Goal,In The Paint (Non-RA),17.7,52.6,1,2.57,19.5
22300732,L. Fitzgerald,Boston Celtics,1,8,14,26.2,3PT Field Goal,Above the Break 3,91.0,245.7,0,4.66,9.3
22300898,A. Kowalski,Denver Nuggets,2,0,50,0.6,2PT Field Goal,Restricted Area,-4.6,3.9,0,9.0,2.3
22300876,B. Osei,Phoenix Suns,3,10,11,1.9,2PT Field Goal,Restricted Area,16.6,9.8,1,5.82,17.8
22300204,J. Carter,New York Knicks,4,6,43,2.5,2PT Field Goal,Restricted Area,19.3,16.0,0,4.01,8.0
22300885,B. Osei,Denver Nuggets,3,8,23,4.0,2PT Field Goal,In The Paint (Non-RA),-28.9,27.7,0,1.53,20.3
22300586,D. Reyes,Los Angeles Lakers,1,10,25,0.3,2PT Field Goal,Restricted Area,1.8,2.5,1,0.3,7.9
22300652,S. Whitfield,Phoenix Suns,3,3,47,27.4,3PT Field Goal,Above the Break 3,-86.6,259.6,0,4.04,6.0
22300713,A. Kowalski,Boston Celtics,3,3,35,21.4,2PT Field Goal,Mid-Range,145.3,157.2,0,2.49,5.7
22300865,J. Carter,Miami Heat,1,0,4,27.9,3PT Field Goal,Above the Break 3,3.7,278.7,0,5.06,2.1
22300290,J. Carter,Los Angeles Lakers,3,7,39,17.3,2PT Field Goal,Mid-Range,55.2,163.6,0,1.69,23.0
22300924,D. Reyes,Milwaukee Bucks,4,7,43,3.5,2PT Field Goal,Restricted Area,9.1,34.1,0,5.9,3.0
22300590,J. Carter,Boston Celtics,2,11,9,26.5,3PT Field Goal,Above the Break 3,88.5,250.0,0,3.69,2.1
22300383,A. Kowalski,Milwaukee Bucks,2,10,15,1.3,2PT Field Goal,Restricted Area,3.7,12.3,0,2.82,8.1
22300796,L. Fitzgerald,Milwaukee Bucks,4,11,20,2.3,2PT Field Goal,Restricted Area,8.1,22.0,1,4.91,16.6
22300057,R. Delgado,Los Angeles Lakers,3,9,38,8.6,2PT Field Goal,In The Paint (Non-RA),-4.0,86.4,1,3.14,22.3
22300224,A. Kowalski,Denver Nuggets,4,3,2,21.3,2PT Field Goal,Mid-Range,8.6,212.5,1,4.11,22.9
22300369,L. Fitzgerald,Golden State Warriors,1,6,21,25.2,3PT Field Goal,Above the Break 3,-189.4,166.5,0,2.53,6.7
22300285,M. Okafor,New York Knicks,3,2,19,15.7,2PT Field Goal,Mid-Range,46.4,150.5,1,5.26,11.7
22300221,K. Albrecht,Phoenix Suns,3,2,46,19.2,2PT Field Goal,Mid-Range,-52.7,184.9,0,0.39,13.8
22300119,K. Albrecht,New York Knicks,3,1,54,3.1,2PT Field Goal,Restricted Area,-26.9,15.2,1,3.97,20.2
22300549,T. Nwosu,Golden State Warriors,2,6,50,17.4,2PT Field Goal,Mid-Range,106.6,137.9,1,5.48,15.3
22300605,K. Albrecht,Los Angeles Lakers,1,1,39,22.5,3PT Field Goal,Above the Break 3,86.7,207.6,1,6.17,15.5
22300457,L. Fitzgerald,Boston Celtics,3,11,1,5.0,2PT Field Goal,In The Paint (Non-RA),-15.0,48.0,0,5.44,20.4
22300321,S. Whitfield,Phoenix Suns,1,11,28,26.0,3PT Field Goal,Above the Break 3,100.2,240.4,1,7.15,13.1
22300312,M. Okafor,Phoenix Suns,2,2,3,11.0,2PT Field Goal,In The Paint (Non-RA),101.0,42.5,1,4.77,8.4
22300548,L. Fitzgerald,Phoenix Suns,2,2,9,5.0,2PT Field Goal,In The Paint (Non-RA),-37.6,33.6,1,10.04,22.1
22300470,J. Carter,Miami Heat,1,1,13,20.2,2PT Field Goal,Mid-Range,109.9,169.6,1,3.03,16.6
22300640,S. Whitfield,Denver Nuggets,4,7,9,2.7,2PT Field Goal,Restricted Area,24.7,10.1,1,0.3,23.6
22300328,M. Okafor,Los Angeles Lakers,3,10,59,2.5,2PT Field Goal,Restricted Area,-20.1,15.2,0,0.3,23.6
22300222,D. Reyes,Denver Nuggets,2,9,44,1.8,2PT Field Goal,Restricted Area,-10.6,14.0,1,0.3,10.3
22300210,K. Albrecht,Phoenix Suns,3,2,4,18.2,2PT Field Goal,Mid-Range,-72.9,166.4,1,4.13,21.7
22300709,S. Whitfield,Los Angeles Lakers,2,10,58,20.8,2PT Field Goal,Mid-Range,185.8,94.2,0,0.31,0.3
22300296,T. Nwosu,Boston Celtics,3,10,17,25.3,3PT Field Goal,Above the Break 3,-232.5,98.9,0,0.85,15.1
22300755,R. Delgado,Los Angeles Lakers,3,10,28,2.0,2PT Field Goal,Restricted Area,1.7,19.8,0,5.75,23.8
22300456,S. Whitfield,Boston Celtics,2,3,35,2.2,2PT Field Goal,Restricted Area,-12.3,18.1,0,0.3,15.5
22300729,A. Kowalski,Boston Celtics,2,10,51,3.5,2PT Field Goal,Restricted Area,-25.7,23.5,1,4.32,6.5
22300620,J. Carter,Boston Celtics,4,4,36,15.2,2PT Field Goal,Mid-Range,-140.0,60.2,1,6.14,5.6
22300259,A. Kowalski,Milwaukee Bucks,1,0,32,13.2,2PT Field Goal,In The Paint (Non-RA),-31.0,128.7,1,6.83,12.2
22300059,A. Kowalski,Denver Nuggets,4,9,22,0.2,2PT Field Goal,Restricted Area,-0.9,1.8,0,4.7,1.9
22300040,L. Fitzgerald,Los Angeles Lakers,3,1,46,1.4,2PT Field Goal,Restricted Area,-4.5,13.2,0,1.01,0.3
22300895,R. Delgado,New York Knicks,1,11,12,27.9,3PT Field Goal,Above the Break 3,181.2,211.7,0,1.92,10.1
22300013,T. Nwosu,Milwaukee Bucks,3,4,5,8.9,2PT Field Goal,In The Paint (Non-RA),-15.5,87.3,1,7.42,8.1
22300338,L. Fitzgerald,Miami Heat,2,9,56,27.8,3PT Field Goal,Above the Break 3,-75.9,267.3,0,7.77,13.2
22300068,J. Carter,Milwaukee Bucks,3,1,40,0.5,2PT Field Goal,Restricted Area,0.4,4.6,0,3.2,9.1
22300968,K. Albrecht,Miami Heat,1,3,1,0.8,2PT Field Goal,Restricted Area,-0.2,8.1,1,6.15,5.9
22300432,D. Reyes,Golden State Warriors,2,5,16,26.4,3PT Field Goal,Above the Break 3,129.5,229.7,0,5.88,22.3
22300262,M. Okafor,Miami Heat,4,7,4,28.0,3PT Field Goal,Above the Break 3,71.8,270.1,0,3.38,1.9
22300323,B. Osei,Milwaukee Bucks,4,11,47,1.0,2PT Field Goal,Restricted Area,-1.7,10.0,0,6.54,4.6
22300235,B. Osei,New York Knicks,2,9,12,25.4,3PT Field Goal,Above the Break 3,234.2,98.1,1,2.15,2.0
22300563,M. Okafor,New York Knicks,4,8,8,16.1,2PT Field Goal,Mid-Range,143.5,73.3,1,5.51,23.2
22300138,T. Nwosu,Denver Nuggets,1,9,56,25.4,3PT Field Goal,Above the Break 3,92.1,237.2,0,5.54,12.6
22300720,A. Kowalski,Phoenix Suns,2,7,46,24.0,3PT Field Goal,Above the Break 3,165.0,174.6,1,3.83,15.3
22300522,K. Albrecht,Boston Celtics,2,6,31,9.4,2PT Field Goal,In The Paint (Non-RA),-66.2,66.7,1,2.89,6.5
22300438,J. Carter,Boston Celtics,4,4,9,25.0,3PT Field Goal,Above the Break 3,215.7,125.8,1,7.69,8.8
22300855,J. Carter,Milwaukee Bucks,1,10,42,3.4,2PT Field Goal,Restricted Area,26.2,21.0,1,2.37,18.9
22300079,S. Whitfield,Denver Nuggets,4,5,1,7.7,2PT Field Goal,In The Paint (Non-RA),4.0,76.7,1,2.15,15.8
22300747,M. Okafor,Denver Nuggets,3,11,22,8.0,2PT Field Goal,In The Paint (Non-RA),-45.8,65.4,0,0.99,4.5
22300519,M. Okafor,Miami Heat,4,8,38,4.0,2PT Field Goal,In The Paint (Non-RA),4.7,39.7,1,3.67,17.4
22300348,K. Albrecht,Phoenix Suns,4,2,30,12.7,2PT Field Goal,In The Paint (Non-RA),69.1,107.0,0,3.75,2.1
22300160,R. Delgado,Milwaukee Bucks,1,1,20,25.9,3PT Field Goal,Above the Break 3,17.9,258.4,0,2.33,1.2
22300823,R. Delgado,Los Angeles Lakers,3,6,49,3.7,2PT Field Goal,Restricted Area,5.5,36.3,0,6.73,0.3
22300841,R. Delgado,Phoenix Suns,3,2,30,11.6,2PT Field Goal,In The Paint (Non-RA),-28.4,112.4,1,4.47,9.6
22300102,D. Reyes,New York Knicks,4,10,42,18.4,2PT Field Goal,Mid-Range,56.8,174.6,1,5.52,21.2
22300345,K. Albrecht,Golden State Warriors,1,9,6,0.5,2PT Field Goal,Restricted Area,3.5,4.1,0,1.04,21.6
22300628,K. Albrecht,Milwaukee Bucks,4,7,6,19.1,2PT Field Goal,Mid-Range,133.2,136.5,0,3.46,3.0
22300193,D. Reyes,Miami Heat,1,5,26,2.1,2PT Field Goal,Restricted Area,-13.3,16.2,1,7.76,11.3
22300331,A. Kowalski,Golden State Warriors,4,1,55,17.0,2PT Field Goal,Mid-Range,124.3,116.4,0,6.61,22.1
22300569,R. Delgado,Denver Nuggets,3,8,43,20.4,2PT Field Goal,Mid-Range,68.9,192.3,1,5.27,4.0
22300174,R. Delgado,Denver Nuggets,2,5,13,27.4,3PT Field Goal,Above the Break 3,-103.5,253.7,0,6.84,3.8
22300871,A. Kowalski,Miami Heat,3,11,25,24.2,3PT Field Goal,Above the Break 3,183.3,158.4,0,5.9,21.5
22300937,L. Fitzgerald,Phoenix Suns,1,1,52,26.9,3PT Field Goal,Above the Break 3,-168.0,210.7,1,4.94,10.0
22300672,J. Carter,Golden State Warriors,2,9,51,7.9,2PT Field Goal,In The Paint (Non-RA),-59.5,51.6,0,5.17,15.0
22300346,M. Okafor,New York Knicks,3,11,31,0.6,2PT Field Goal,Restricted Area,3.4,4.9,1,5.35,20.6
22300521,T. Nwosu,Milwaukee Bucks,3,11,13,2.5,2PT Field Goal,Restricted Area,23.2,10.6,1,3.35,2.3
22300927,L. Fitzgerald,New York Knicks,3,5,40,29.0,3PT Field Goal,Above the Break 3,-123.8,262.3,0,8.27,10.1
22300713,M. Okafor,Boston Celtics,3,1,53,23.1,3PT Field Goal,Above the Break 3,5.1,231.4,0,9.78,2.5
22300668,S. Whitfield,Denver Nuggets,3,4,25,25.1,3PT Field Goal,Above the Break 3,-90.9,233.6,0,4.66,6.7
22300916,K. Albrecht,Phoenix Suns,1,2,50,25.6,3PT Field Goal,Above the Break 3,71.3,245.5,1,4.23,12.2
22300798,R. Delgado,New York Knicks,2,10,4,17.0,2PT Field Goal,Mid-Range,129.2,110.9,1,9.67,3.8
22300185,R. Delgado,Boston Celtics,1,9,21,27.3,3PT Field Goal,Above the Break 3,214.4,169.1,0,5.35,7.6
22300791,B. Osei,Los Angeles Lakers,1,8,18,21.5,2PT Field Goal,Mid-Range,86.1,196.7,0,5.66,9.2
22300061,A. Kowalski,Boston Celtics,3,6,41,21.4,2PT Field Goal,Mid-Range,96.1,191.7,1,5.41,4.3
22300467,A. Kowalski,Los Angeles Lakers,4,10,56,29.0,3PT Field Goal,Above the Break 3,-110.0,268.3,0,4.55,4.3
22300101,B. Osei,Los Angeles Lakers,4,9,26,14.3,2PT Field Goal,Mid-Range,-27.7,140.7,1,3.57,20.9
22300989,A. Kowalski,Los Angeles Lakers,2,10,6,27.7,3PT Field Goal,Above the Break 3,-244.3,130.7,1,6.16,20.1
22300399,S. Whitfield,Milwaukee Bucks,2,1,26,25.5,3PT Field Goal,Above the Break 3,-182.7,177.3,0,1.01,12.9
22300940,J. Carter,Golden State Warriors,2,8,36,12.2,2PT Field Goal,In The Paint (Non-RA),-77.8,93.5,1,6.77,22.3
22300217,M. Okafor,Phoenix Suns,1,6,24,24.0,3PT Field Goal,Above the Break 3,70.0,229.8,0,7.8,3.5
22300797,B. Osei,Miami Heat,2,5,56,3.6,2PT Field Goal,Restricted Area,10.5,34.1,1,3.85,22.6
22300928,A. Kowalski,Los Angeles Lakers,3,2,19,7.8,2PT Field Goal,In The Paint (Non-RA),-69.7,34.6,1,3.51,4.7
22300964,D. Reyes,Phoenix Suns,4,2,15,25.4,3PT Field Goal,Above the Break 3,-140.8,211.7,1,8.86,12.5
22300031,L. Fitzgerald,New York Knicks,2,3,57,25.5,3PT Field Goal,Above the Break 3,118.8,225.1,0,3.99,22.2
22300331,L. Fitzgerald,New York Knicks,1,5,49,26.0,3PT Field Goal,Above the Break 3,191.1,175.6,1,3.11,1.8
22300037,R. Delgado,Miami Heat,1,11,41,23.9,3PT Field Goal,Above the Break 3,103.0,216.1,0,6.52,0.2
22300173,L. Fitzgerald,Milwaukee Bucks,3,0,17,28.2,3PT Field Goal,Above the Break 3,24.0,281.2,0,1.87,14.3
22300595,M. Okafor,Los Angeles Lakers,1,10,36,24.2,3PT Field Goal,Above the Break 3,-218.0,106.1,0,0.3,23.3
22300372,R. Delgado,Golden State Warriors,3,2,42,19.1,2PT Field Goal,Mid-Range,-9.7,191.1,0,4.39,19.7
22300476,D. Reyes,Denver Nuggets,4,11,50,2.7,2PT Field Goal,Restricted Area,25.2,10.3,1,3.2,5.4
22300954,T. Nwosu,Denver Nuggets,2,3,38,3.1,2PT Field Goal,Restricted Area,-22.1,21.4,0,2.6,13.0
22300959,M. Okafor,Milwaukee Bucks,4,9,22,26.7,3PT Field Goal,Above the Break 3,-156.9,216.4,0,2.69,22.9
22300239,T. Nwosu,Milwaukee Bucks,1,2,26,25.9,3PT Field Goal,Above the Break 3,174.3,191.6,0,2.96,18.9
22300172,R. Delgado,Denver Nuggets,2,0,26,23.6,3PT Field Goal,Above the Break 3,149.6,182.3,0,3.69,9.9
22300014,J. Carter,Miami Heat,3,3,12,20.9,2PT Field Goal,Mid-Range,141.1,154.0,0,0.3,19.0
22300904,A. Kowalski,Denver Nuggets,4,5,30,14.4,2PT Field Goal,Mid-Range,-22.4,142.3,1,6.15,10.5
22300523,M. Okafor,Denver Nuggets,4,6,49,25.6,3PT Field Goal,Above the Break 3,-231.7,109.9,0,3.6,19.8
22300400,J. Carter,New York Knicks,4,8,37,19.9,2PT Field Goal,Mid-Range,124.6,155.2,1,3.5,10.0
22300381,A. Kowalski,Los Angeles Lakers,1,0,24,18.7,2PT Field Goal,Mid-Range,156.2,102.1,0,3.65,2.8
22300792,T. Nwosu,Phoenix Suns,3,4,43,1.8,2PT Field Goal,Restricted Area,2.0,18.1,1,6.23,2.6
22300897,A. Kowalski,Miami Heat,1,5,3,18.1,2PT Field Goal,Mid-Range,-46.3,175.4,0,5.05,0.2
22300287,A. Kowalski,Boston Celtics,3,3,44,16.2,2PT Field Goal,Mid-Range,-121.5,107.1,0,9.43,6.5
22300766,K. Albrecht,Phoenix Suns,1,1,26,19.9,2PT Field Goal,Mid-Range,-98.5,172.6,0,0.3,16.8
22300263,D. Reyes,Phoenix Suns,2,4,56,0.2,2PT Field Goal,Restricted Area,0.1,2.0,1,6.24,6.2
22300027,D. Reyes,Golden State Warriors,4,7,12,0.2,2PT Field Goal,Restricted Area,1.2,1.6,0,6.58,14.2
22300308,B. Osei,Phoenix Suns,1,6,56,15.8,2PT Field Goal,Mid-Range,-127.4,92.8,0,0.3,3.2
22300254,M. Okafor,Denver Nuggets,1,9,41,1.9,2PT Field Goal,Restricted Area,-1.1,18.7,0,5.64,4.5
22300534,J. Carter,Phoenix Suns,2,10,19,25.6,3PT Field Goal,Above the Break 3,-232.4,106.4,0,4.07,16.7
22300770,A. Kowalski,New York Knicks,1,7,37,2.7,2PT Field Goal,Restricted Area,3.1,26.9,0,4.02,23.9
22300319,A. Kowalski,Denver Nuggets,2,11,36,25.2,3PT Field Goal,Above the Break 3,-1.0,251.9,0,4.3,19.4
22300336,S. Whitfield,New York Knicks,1,7,48,3.6,2PT Field Goal,Restricted Area,-1.4,35.6,1,5.23,17.4
22300781,R. Delgado,New York Knicks,3,10,53,27.0,3PT Field Goal,Above the Break 3,-150.3,223.7,0,3.44,3.2
22300753,D. Reyes,Milwaukee Bucks,1,7,26,1.6,2PT Field Goal,Restricted Area,-11.9,10.3,0,2.66,5.7
22300487,A. Kowalski,New York Knicks,2,9,27,2.1,2PT Field Goal,Restricted Area,16.5,12.9,1,6.53,23.0
22300904,M. Okafor,Miami Heat,2,8,7,15.5,2PT Field Goal,Mid-Range,134.3,76.5,1,4.32,7.7
22300411,L. Fitzgerald,Boston Celtics,4,1,24,24.7,3PT Field Goal,Above the Break 3,28.7,245.1,0,6.24,23.1
22300413,S. Whitfield,Miami Heat,3,11,59,2.3,2PT Field Goal,Restricted Area,20.4,11.0,1,10.43,3.3
22300073,D. Reyes,Denver Nuggets,3,2,8,4.8,2PT Field Goal,In The Paint (Non-RA),-11.6,46.6,0,1.2,6.4
22300601,K. Albrecht,Phoenix Suns,1,1,32,16.8,2PT Field Goal,Mid-Range,-47.0,161.3,1,2.25,15.2
22300850,R. Delgado,Boston Celtics,1,5,29,3.3,2PT Field Goal,Restricted Area,-10.4,31.4,0,2.67,5.4
22300476,A. Kowalski,Miami Heat,3,0,22,6.3,2PT Field Goal,In The Paint (Non-RA),-52.5,34.6,0,4.06,1.6
22300730,T. Nwosu,Golden State Warriors,1,3,33,21.9,2PT Field Goal,Mid-Range,-81.9,203.4,0,8.14,15.7
22300027,S. Whitfield,Boston Celtics,3,10,39,1.9,2PT Field Goal,Restricted Area,-3.5,18.8,1,5.32,4.8
22300284,S. Whitfield,Los Angeles Lakers,2,2,14,0.6,2PT Field Goal,Restricted Area,3.0,5.7,0,6.81,6.6
22300523,M. Okafor,Boston Celtics,3,4,6,29.0,3PT Field Goal,Above the Break 3,-129.3,259.6,0,8.65,1.9
22300670,M. Okafor,Los Angeles Lakers,1,6,7,3.3,2PT Field Goal,Restricted Area,-8.8,32.2,1,0.3,16.9
22300924,S. Whitfield,Golden State Warriors,3,3,28,27.5,3PT Field Goal,Above the Break 3,157.5,225.7,0,3.48,0.8
22300056,S. Whitfield,Milwaukee Bucks,4,3,40,23.9,3PT Field Goal,Above the Break 3,-2.9,239.0,0,2.72,3.8
22300001,D. Reyes,Phoenix Suns,3,4,26,8.2,2PT Field Goal,In The Paint (Non-RA),21.5,79.6,0,5.26,8.1
22300575,J. Carter,Miami Heat,3,9,22,22.5,3PT Field Goal,Above the Break 3,-42.3,221.0,0,1.92,17.0
22300603,M. Okafor,Boston Celtics,3,7,45,2.5,2PT Field Goal,Restricted Area,-16.7,18.7,0,8.02,9.0
22300814,M. Okafor,Denver Nuggets,2,11,32,17.2,2PT Field Goal,Mid-Range,-39.2,167.9,0,3.13,18.0
22300636,A. Kowalski,Boston Celtics,2,6,53,2.5,2PT Field Goal,Restricted Area,3.2,24.5,0,2.52,15.4
22300149,L. Fitzgerald,Phoenix Suns,1,8,25,0.4,2PT Field Goal,Restricted Area,3.3,2.8,0,1.87,3.2
22300683,L. Fitzgerald,Phoenix Suns,3,0,32,27.7,3PT Field Goal,Above the Break 3,-81.6,265.2,1,1.26,8.4
22300344,R. Delgado,Miami Heat,2,8,29,2.0,2PT Field Goal,Restricted Area,-15.4,12.6,1,4.17,20.0
22300894,L. Fitzgerald,Milwaukee Bucks,3,7,54,26.0,3PT Field Goal,Above the Break 3,-234.0,112.6,0,2.91,14.7
22300905,L. Fitzgerald,Denver Nuggets,2,9,6,0.2,2PT Field Goal,Restricted Area,1.8,0.8,1,4.99,12.0
22300821,S. Whitfield,Milwaukee Bucks,2,4,14,15.1,2PT Field Goal,Mid-Range,43.8,145.0,0,3.16,0.9
22300133,R. Delgado,Milwaukee Bucks,1,3,53,0.2,2PT Field Goal,Restricted Area,1.4,1.4,1,5.32,22.1
22300227,S. Whitfield,Golden State Warriors,2,9,22,17.2,2PT Field Goal,Mid-Range,115.8,127.1,0,4.75,16.4
22300259,T. Nwosu,Milwaukee Bucks,4,7,43,25.7,3PT Field Goal,Above the Break 3,36.4,254.1,1,6.77,5.3
22300118,D. Reyes,Boston Celtics,2,3,57,23.8,3PT Field Goal,Above the Break 3,-152.4,182.7,1,5.94,23.2
22300868,T. Nwosu,Golden State Warriors,4,1,4,1.7,2PT Field Goal,Restricted Area,-0.6,17.1,1,3.03,10.0
22300459,K. Albrecht,New York Knicks,1,11,52,1.5,2PT Field Goal,Restricted Area,-12.1,8.2,0,7.11,1.7
22300088,R. Delgado,Miami Heat,3,4,56,8.4,2PT Field Goal,In The Paint (Non-RA),11.0,83.5,1,2.96,10.1
22300383,S. Whitfield,Boston Celtics,1,4,1,23.0,3PT Field Goal,Above the Break 3,195.0,121.2,1,2.19,8.8
22300316,K. Albrecht,Golden State Warriors,1,9,32,2.7,2PT Field Goal,Restricted Area,-5.1,26.5,0,6.28,15.9
22300930,L. Fitzgerald,Milwaukee Bucks,4,6,19,22.5,3PT Field Goal,Above the Break 3,-7.3,224.9,0,1.37,5.7
22300985,K. Albrecht,Golden State Warriors,3,5,45,29.0,3PT Field Goal,Above the Break 3,-150.4,247.9,0,2.69,4.2
22300782,B. Osei,Miami Heat,2,3,28,28.4,3PT Field Goal,Above the Break 3,198.6,202.5,0,0.75,18.8
22300767,R. Delgado,Phoenix Suns,3,6,47,3.8,2PT Field Goal,Restricted Area,30.3,22.5,1,0.81,1.8
22300843,T. Nwosu,Denver Nuggets,2,6,32,2.0,2PT Field Goal,Restricted Area,3.1,19.3,1,4.91,11.8
22300171,R. Delgado,Los Angeles Lakers,4,8,11,24.5,3PT Field Goal,Above the Break 3,-38.7,242.3,0,2.11,6.5
22300236,M. Okafor,Milwaukee Bucks,1,8,45,5.8,2PT Field Goal,In The Paint (Non-RA),-43.2,38.0,1,8.07,7.4
22300000,K. Albrecht,New York Knicks,1,2,11,4.0,2PT Field Goal,In The Paint (Non-RA),10.8,38.5,1,7.56,0.8
22300575,R. Delgado,Boston Celtics,4,3,31,1.3,2PT Field Goal,Restricted Area,-8.8,9.2,1,5.03,21.2
22300753,T. Nwosu,Denver Nuggets,2,4,24,2.9,2PT Field Goal,Restricted Area,-14.6,25.5,0,2.7,6.0
22300014,L. Fitzgerald,Milwaukee Bucks,4,7,35,20.1,2PT Field Goal,Mid-Range,-75.3,186.6,1,4.17,20.8
22300511,L. Fitzgerald,Boston Celtics,4,7,11,28.9,3PT Field Goal,Above the Break 3,-157.5,241.7,0,3.63,6.6
22300152,J. Carter,Miami Heat,4,5,42,0.4,2PT Field Goal,Restricted Area,1.9,3.9,1,6.81,23.9
22300504,A. Kowalski,Milwaukee Bucks,1,9,19,22.5,3PT Field Goal,Above the Break 3,58.7,217.2,0,0.3,20.1
22300430,T. Nwosu,Denver Nuggets,2,0,30,11.0,2PT Field Goal,In The Paint (Non-RA),83.3,72.5,0,3.83,8.6
22300185,R. Delgado,Boston Celtics,2,4,3,6.4,2PT Field Goal,In The Paint (Non-RA),38.4,51.0,0,4.39,15.4
22300585,R. Delgado,Phoenix Suns,1,6,56,10.5,2PT Field Goal,In The Paint (Non-RA),70.1,78.2,0,5.14,17.2
22300272,R. Delgado,Golden State Warriors,2,8,28,9.3,2PT Field Goal,In The Paint (Non-RA),-52.7,76.3,1,5.81,15.3
22300119,K. Albrecht,Milwaukee Bucks,2,4,54,2.2,2PT Field Goal,Restricted Area,4.2,21.1,1,3.31,19.9
22300435,K. Albrecht,Boston Celtics,1,7,34,26.8,3PT Field Goal,Above the Break 3,199.8,178.0,1,5.62,2.0
22300931,B. Osei,Miami Heat,1,7,10,10.5,2PT Field Goal,In The Paint (Non-RA),24.3,101.9,0,1.5,19.4
22300119,B. Osei,Los Angeles Lakers,3,3,33,1.6,2PT Field Goal,Restricted Area,-8.7,13.6,1,6.78,19.8
22300246,R. Delgado,Denver Nuggets,3,11,41,12.9,2PT Field Goal,In The Paint (Non-RA),65.5,111.4,1,5.07,21.6
22300851,T. Nwosu,Miami Heat,1,10,32,26.8,3PT Field Goal,Above the Break 3,-89.4,252.3,0,3.92,5.2
22300770,B. Osei,Boston Celtics,4,11,0,19.0,2PT Field Goal,Mid-Range,57.5,181.0,1,6.77,19.9
22300709,M. Okafor,Denver Nuggets,2,10,44,1.7,2PT Field Goal,Restricted Area,12.4,12.2,0,2.56,2.8
22300449,M. Okafor,Phoenix Suns,3,3,9,11.1,2PT Field Goal,In The Paint (Non-RA),8.4,110.8,1,0.32,15.8
22300288,A. Kowalski,Miami Heat,1,4,49,10.1,2PT Field Goal,In The Paint (Non-RA),-9.5,101.0,0,5.35,0.7
22300109,S. Whitfield,Phoenix Suns,4,8,35,2.7,2PT Field Goal,Restricted Area,-1.8,27.2,1,4.41,15.3
22300974,K. Albrecht,Los Angeles Lakers,1,11,51,24.0,3PT Field Goal,Above the Break 3,78.7,226.6,1,3.42,23.0
22300045,A. Kowalski,Denver Nuggets,2,4,53,24.7,3PT Field Goal,Above the Break 3,205.7,136.8,0,2.63,16.1
22300474,S. Whitfield,Phoenix Suns,1,11,52,0.2,2PT Field Goal,Restricted Area,-0.0,2.0,0,5.26,7.5
22300015,R. Delgado,Denver Nuggets,1,0,57,19.7,2PT Field Goal,Mid-Range,64.0,186.8,1,6.21,3.3
22300096,T. Nwosu,Phoenix Suns,2,2,47,2.1,2PT Field Goal,Restricted Area,9.1,19.4,1,2.1,20.1
22300764,K. Albrecht,New York Knicks,2,11,46,1.0,2PT Field Goal,Restricted Area,6.3,7.7,1,0.99,6.7
22300439,J. Carter,Milwaukee Bucks,1,6,44,2.1,2PT Field Goal,Restricted Area,-17.5,12.3,1,5.76,13.0
22300191,L. Fitzgerald,Phoenix Suns,1,10,42,2.5,2PT Field Goal,Restricted Area,3.4,24.6,0,1.72,20.2
22300536,A. Kowalski,Denver Nuggets,3,7,14,20.6,2PT Field Goal,Mid-Range,-162.9,126.3,0,7.11,6.8
22300014,K. Albrecht,Boston Celtics,4,2,24,1.5,2PT Field Goal,Restricted Area,-13.9,6.7,1,7.45,21.1
22300522,S. Whitfield,Milwaukee Bucks,3,3,27,16.3,2PT Field Goal,Mid-Range,-119.6,111.2,1,2.88,12.7
22300364,S. Whitfield,Boston Celtics,3,1,32,23.7,3PT Field Goal,Above the Break 3,215.6,97.5,1,9.51,6.5
22300466,K. Albrecht,Golden State Warriors,4,10,18,16.8,2PT Field Goal,Mid-Range,39.8,163.0,0,3.61,7.9
22300362,D. Reyes,Phoenix Suns,4,4,19,1.5,2PT Field Goal,Restricted Area,9.6,12.1,1,4.01,5.5
22300232,B. Osei,Boston Celtics,2,9,21,0.6,2PT Field Goal,Restricted Area,1.1,5.7,1,3.97,0.7
22300195,A. Kowalski,Miami Heat,1,4,43,20.9,2PT Field Goal,Mid-Range,63.1,198.8,1,5.23,17.9
22300059,L. Fitzgerald,Los Angeles Lakers,4,3,35,17.1,2PT Field Goal,Mid-Range,-59.4,159.9,1,6.12,9.6
22300105,R. Delgado,Golden State Warriors,3,7,54,25.6,3PT Field Goal,Above the Break 3,97.1,236.8,0,5.01,9.3
22300602,K. Albrecht,New York Knicks,4,3,29,2.7,2PT Field Goal,Restricted Area,-13.6,23.1,1,2.61,11.9
22300704,B. Osei,Boston Celtics,4,5,57,1.2,2PT Field Goal,Restricted Area,1.3,11.6,0,3.47,7.8
22300352,R. Delgado,Phoenix Suns,4,5,25,27.9,3PT Field Goal,Above the Break 3,13.1,278.2,0,0.66,16.3
22300210,T. Nwosu,Denver Nuggets,3,0,40,18.1,2PT Field Goal,Mid-Range,14.4,180.4,0,1.87,13.2
22300118,L. Fitzgerald,New York Knicks,3,7,12,2.5,2PT Field Goal,Restricted Area,-19.8,16.0,0,4.6,22.3
22300794,R. Delgado,Golden State Warriors,2,1,41,27.3,3PT Field Goal,Above the Break 3,8.3,272.7,0,4.21,6.7
22300140,L. Fitzgerald,Denver Nuggets,3,1,12,0.2,2PT Field Goal,Restricted Area,-1.2,2.1,0,2.91,7.5
22300816,A. Kowalski,New York Knicks,1,9,17,20.7,2PT Field Goal,Mid-Range,-187.6,86.6,1,4.72,9.4
22300521,J. Carter,Boston Celtics,4,1,8,19.0,2PT Field Goal,Mid-Range,109.5,155.7,0,2.5,7.6
22300448,T. Nwosu,Miami Heat,2,7,28,26.3,3PT Field Goal,Above the Break 3,-204.3,165.0,0,4.12,1.7
22300780,K. Albrecht,Phoenix Suns,2,7,8,3.7,2PT Field Goal,Restricted Area,32.3,17.8,1,4.33,18.1
22300653,L. Fitzgerald,Phoenix Suns,4,10,35,27.5,3PT Field Goal,Above the Break 3,5.0,275.0,0,6.47,8.1
22300039,J. Carter,Golden State Warriors,1,4,3,22.5,3PT Field Goal,Above the Break 3,-70.6,213.6,1,6.54,19.4
22300605,M. Okafor,Denver Nuggets,1,2,9,29.0,3PT Field Goal,Above the Break 3,-259.7,129.0,0,1.9,5.6
22300155,L. Fitzgerald,New York Knicks,2,2,6,25.4,3PT Field Goal,Above the Break 3,-232.5,102.7,0,3.31,1.5
22300961,T. Nwosu,Denver Nuggets,1,10,44,0.7,2PT Field Goal,Restricted Area,3.1,6.7,1,0.3,12.8
22300157,L. Fitzgerald,Denver Nuggets,1,0,0,23.2,3PT Field Goal,Above the Break 3,103.5,207.3,1,8.77,11.7
22300995,R. Delgado,Los Angeles Lakers,3,5,59,21.3,2PT Field Goal,Mid-Range,-71.8,200.6,0,0.3,12.7
22300061,M. Okafor,Golden State Warriors,3,2,27,24.8,3PT Field Goal,Above the Break 3,185.2,165.4,0,4.02,16.7
22300826,D. Reyes,New York Knicks,1,10,40,14.1,2PT Field Goal,Mid-Range,-66.2,124.7,1,0.62,14.8
22300141,S. Whitfield,Golden State Warriors,3,9,31,3.4,2PT Field Goal,Restricted Area,2.0,34.2,1,4.29,10.8
22300119,A. Kowalski,Boston Celtics,1,6,55,24.4,3PT Field Goal,Above the Break 3,-182.6,161.2,0,4.67,22.9
22300838,D. Reyes,New York Knicks,2,6,6,19.0,2PT Field Goal,Mid-Range,-64.5,178.3,0,5.57,11.3
22300016,B. Osei,Miami Heat,3,9,37,1.4,2PT Field Goal,Restricted Area,7.4,12.5,0,2.76,3.2
22300090,B. Osei,Phoenix Suns,4,9,54,2.7,2PT Field Goal,Restricted Area,-4.1,26.4,0,5.79,21.2
22300841,K. Albrecht,Golden State Warriors,1,10,22,1.8,2PT Field Goal,Restricted Area,-9.4,15.6,1,2.59,16.5
22300830,A. Kowalski,Miami Heat,1,8,9,10.8,2PT Field Goal,In The Paint (Non-RA),1.1,108.3,1,2.01,10.2
22300666,L. Fitzgerald,Denver Nuggets,3,2,10,25.7,3PT Field Goal,Above the Break 3,185.3,177.8,0,2.34,14.0
22300158,J. Carter,Miami Heat,4,3,53,9.2,2PT Field Goal,In The Paint (Non-RA),18.3,89.8,0,2.4,5.4
22300329,M. Okafor,Boston Celtics,3,8,24,13.9,2PT Field Goal,In The Paint (Non-RA),-73.2,118.6,0,8.01,0.9
22300136,B. Osei,Golden State Warriors,1,4,58,26.1,3PT Field Goal,Above the Break 3,208.9,155.9,0,6.21,3.5
22300633,B. Osei,Phoenix Suns,3,1,44,2.8,2PT Field Goal,Restricted Area,-22.6,17.1,1,5.62,14.5
22300361,A. Kowalski,Boston Celtics,3,1,51,2.0,2PT Field Goal,Restricted Area,11.3,16.6,1,0.3,8.3
22300797,D. Reyes,Denver Nuggets,1,11,19,22.5,3PT Field Goal,Above the Break 3,-29.0,223.1,0,3.96,0.5
22300810,T. Nwosu,Miami Heat,1,4,21,3.6,2PT Field Goal,Restricted Area,2.4,35.6,1,5.63,2.4
22300598,A. Kowalski,Phoenix Suns,1,5,44,18.1,2PT Field Goal,Mid-Range,-98.3,151.7,1,0.3,7.9
22300543,K. Albrecht,Phoenix Suns,3,11,46,27.8,3PT Field Goal,Above the Break 3,-149.2,234.1,0,6.4,0.8
22300251,L. Fitzgerald,Boston Celtics,2,11,44,17.3,2PT Field Goal,Mid-Range,-126.4,118.0,1,1.69,11.5
22300009,R. Delgado,Milwaukee Bucks,1,8,31,2.8,2PT Field Goal,Restricted Area,3.0,28.1,1,4.13,16.2
22300746,R. Delgado,Miami Heat,4,4,34,2.8,2PT Field Goal,Restricted Area,14.3,24.5,1,4.74,4.3
22300902,R. Delgado,Los Angeles Lakers,4,1,53,16.4,2PT Field Goal,Mid-Range,-150.5,64.4,0,3.9,21.8
22300716,A. Kowalski,Milwaukee Bucks,1,2,41,28.6,3PT Field Goal,Above the Break 3,-140.9,248.8,0,4.12,11.9
22300795,M. Okafor,Los Angeles Lakers,4,9,58,17.0,2PT Field Goal,Mid-Range,-4.8,170.1,0,5.24,13.1
22300169,J. Carter,Los Angeles Lakers,3,4,1,20.5,2PT Field Goal,Mid-Range,184.3,90.6,0,6.84,19.0
22300341,S. Whitfield,New York Knicks,3,6,28,17.8,2PT Field Goal,Mid-Range,1.6,178.1,1,7.67,17.6
22300945,S. Whitfield,New York Knicks,4,8,59,4.0,2PT Field Goal,In The Paint (Non-RA),4.6,39.7,0,7.3,9.2
22300901,K. Albrecht,Boston Celtics,1,3,24,15.8,2PT Field Goal,Mid-Range,13.5,157.0,1,4.49,9.9
22300074,K. Albrecht,New York Knicks,4,5,0,1.1,2PT Field Goal,Restricted Area,-8.1,8.0,1,0.3,16.0
22300319,L. Fitzgerald,Golden State Warriors,2,8,8,12.2,2PT Field Goal,In The Paint (Non-RA),8.0,121.4,0,1.63,3.6
22300395,T. Nwosu,Golden State Warriors,1,8,1,23.7,3PT Field Goal,Above the Break 3,-170.7,163.9,0,3.07,21.7
22300789,M. Okafor,New York Knicks,3,8,46,3.6,2PT Field Goal,Restricted Area,23.3,27.5,1,5.63,10.5
22300957,K. Albrecht,Phoenix Suns,2,2,1,19.5,2PT Field Goal,Mid-Range,120.9,153.7,0,6.89,8.0
22300600,B. Osei,Milwaukee Bucks,1,4,13,28.1,3PT Field Goal,Above the Break 3,167.0,226.5,1,3.31,11.8
22300857,S. Whitfield,Denver Nuggets,2,8,24,2.1,2PT Field Goal,Restricted Area,-12.8,16.5,1,2.64,14.2
22300996,M. Okafor,Golden State Warriors,3,3,12,27.8,3PT Field Goal,Above the Break 3,-44.3,274.0,0,4.4,21.1
22300327,S. Whitfield,Los Angeles Lakers,1,0,6,0.2,2PT Field Goal,Restricted Area,-1.7,1.1,0,4.65,6.5
22300159,L. Fitzgerald,Miami Heat,3,7,43,27.3,3PT Field Goal,Above the Break 3,51.9,268.2,1,5.77,21.9
22300751,J. Carter,Milwaukee Bucks,4,3,26,2.6,2PT Field Goal,Restricted Area,-16.9,19.6,1,5.94,13.5
22300302,J. Carter,Miami Heat,4,6,41,20.6,2PT Field Goal,Mid-Range,142.4,148.3,0,3.7,21.5
22300764,J. Carter,Los Angeles Lakers,4,1,10,28.4,3PT Field Goal,Above the Break 3,28.7,282.8,0,0.3,15.0
22300278,T. Nwosu,Golden State Warriors,3,6,55,23.0,3PT Field Goal,Above the Break 3,-141.4,181.7,0,3.22,19.4
22300579,K. Albrecht,Phoenix Suns,1,5,46,5.6,2PT Field Goal,In The Paint (Non-RA),9.9,54.9,0,0.3,0.8
22300496,A. Kowalski,Phoenix Suns,1,5,49,1.7,2PT Field Goal,Restricted Area,-3.9,17.0,0,3.8,10.3
22300356,B. Osei,Los Angeles Lakers,3,7,7,17.3,2PT Field Goal,Mid-Range,65.9,159.4,1,10.36,3.9
22300150,T. Nwosu,Phoenix Suns,3,9,38,15.0,2PT Field Goal,Mid-Range,120.0,90.8,1,7.02,3.9
22300651,L. Fitzgerald,Miami Heat,1,5,26,4.0,2PT Field Goal,In The Paint (Non-RA),-36.3,16.9,1,5.02,13.5
22300282,K. Albrecht,Boston Celtics,2,5,51,5.5,2PT Field Goal,In The Paint (Non-RA),-29.3,47.1,1,9.3,0.2
22300171,K. Albrecht,Los Angeles Lakers,3,11,34,26.8,3PT Field Goal,Above the Break 3,206.2,171.3,0,1.79,0.1
22300948,K. Albrecht,Los Angeles Lakers,3,6,11,20.0,2PT Field Goal,Mid-Range,-155.5,125.1,0,5.13,15.1
22300075,S. Whitfield,Miami Heat,2,6,18,1.4,2PT Field Goal,Restricted Area,2.2,13.8,1,5.42,3.8
22300074,L. Fitzgerald,Golden State Warriors,4,9,37,19.5,2PT Field Goal,Mid-Range,172.5,91.6,1,2.61,15.9
22300056,S. Whitfield,New York Knicks,4,7,19,8.4,2PT Field Goal,In The Paint (Non-RA),-51.9,65.6,1,2.88,10.2
22300772,B. Osei,Denver Nuggets,2,9,43,23.7,3PT Field Goal,Above the Break 3,193.2,137.2,0,5.8,21.4
22300045,J. Carter,Golden State Warriors,3,1,38,13.2,2PT Field Goal,In The Paint (Non-RA),-70.0,112.2,1,4.78,16.9
22300517,R. Delgado,Milwaukee Bucks,2,1,50,2.1,2PT Field Goal,Restricted Area,3.6,20.3,1,2.89,12.5
22300725,M. Okafor,Milwaukee Bucks,4,1,0,2.3,2PT Field Goal,Restricted Area,8.9,21.1,1,3.91,4.6
22300481,D. Reyes,Boston Celtics,4,5,12,0.2,2PT Field Goal,Restricted Area,-1.7,1.1,0,5.74,21.5
22300043,K. Albrecht,Miami Heat,1,11,42,29.0,3PT Field Goal,Above the Break 3,216.0,193.5,0,3.73,9.7
22300145,A. Kowalski,Miami Heat,3,6,47,2.6,2PT Field Goal,Restricted Area,18.5,18.7,0,2.51,23.7
22300640,D. Reyes,Boston Celtics,1,5,6,0.8,2PT Field Goal,Restricted Area,-7.0,3.3,1,5.1,6.6
22300572,L. Fitzgerald,Milwaukee Bucks,2,4,48,23.8,3PT Field Goal,Above the Break 3,-9.7,237.5,0,3.91,9.1
22300016,J. Carter,Milwaukee Bucks,2,2,39,3.7,2PT Field Goal,Restricted Area,31.6,19.9,0,4.5,16.4
22300477,J. Carter,Golden State Warriors,4,2,41,19.5,2PT Field Goal,Mid-Range,-67.1,183.6,1,1.5,4.2
22300305,L. Fitzgerald,Los Angeles Lakers,3,1,52,23.3,3PT Field Goal,Above the Break 3,-32.4,230.9,0,4.09,0.6
22300726,R. Delgado,New York Knicks,2,2,23,27.5,3PT Field Goal,Above the Break 3,-113.1,250.8,0,3.35,12.7
22300487,L. Fitzgerald,Milwaukee Bucks,3,0,54,4.0,2PT Field Goal,In The Paint (Non-RA),-34.1,20.9,1,0.88,4.8
22300540,D. Reyes,Phoenix Suns,2,1,10,5.4,2PT Field Goal,In The Paint (Non-RA),-44.3,31.4,1,7.74,19.9
22300160,D. Reyes,Los Angeles Lakers,3,8,48,2.0,2PT Field Goal,Restricted Area,7.8,18.3,1,4.54,14.7
22300732,S. Whitfield,Boston Celtics,1,1,49,14.1,2PT Field Goal,Mid-Range,-73.2,120.7,1,4.78,5.3
22300883,J. Carter,Miami Heat,4,8,22,0.2,2PT Field Goal,Restricted Area,1.8,1.0,0,6.2,12.3
22300134,R. Delgado,Los Angeles Lakers,4,4,24,2.2,2PT Field Goal,Restricted Area,18.1,12.9,1,7.41,21.7
22300381,J. Carter,Milwaukee Bucks,3,4,43,2.2,2PT Field Goal,Restricted Area,11.4,19.0,0,6.56,13.1
22300778,B. Osei,Miami Heat,4,7,40,2.9,2PT Field Goal,Restricted Area,-0.1,28.9,0,2.65,12.4
22300239,J. Carter,Miami Heat,4,8,48,26.6,3PT Field Goal,Above the Break 3,155.7,215.9,0,4.73,0.4
22300287,M. Okafor,Milwaukee Bucks,4,4,39,1.6,2PT Field Goal,Restricted Area,-15.0,6.6,1,2.85,15.5
22300956,R. Delgado,Phoenix Suns,3,2,32,6.4,2PT Field Goal,In The Paint (Non-RA),55.8,31.1,1,3.69,12.1
22300356,K. Albrecht,Milwaukee Bucks,4,3,17,0.5,2PT Field Goal,Restricted Area,4.8,2.3,1,5.11,15.8
22300537,D. Reyes,Miami Heat,3,11,24,14.0,2PT Field Goal,In The Paint (Non-RA),30.8,136.5,0,6.96,6.8
22300109,J. Carter,Phoenix Suns,4,2,0,1.8,2PT Field Goal,Restricted Area,2.9,18.0,1,1.77,22.9
22300881,M. Okafor,Phoenix Suns,1,2,57,0.9,2PT Field Goal,Restricted Area,4.7,7.2,1,5.99,22.2
22300998,R. Delgado,Denver Nuggets,2,5,16,25.6,3PT Field Goal,Above the Break 3,-236.5,96.8,1,5.1,6.7
22300875,L. Fitzgerald,Miami Heat,4,11,33,4.0,2PT Field Goal,In The Paint (Non-RA),18.0,35.7,1,1.86,10.1
22300141,L. Fitzgerald,Denver Nuggets,1,2,19,15.0,2PT Field Goal,Mid-Range,-43.1,143.2,1,10.91,13.3
22300535,L. Fitzgerald,Phoenix Suns,2,6,29,1.1,2PT Field Goal,Restricted Area,-10.4,4.3,1,3.97,15.8
22300300,M. Okafor,Boston Celtics,2,0,36,1.2,2PT Field Goal,Restricted Area,-1.8,11.8,1,6.99,3.6
22300804,L. Fitzgerald,Boston Celtics,3,4,27,1.9,2PT Field Goal,Restricted Area,16.4,10.3,0,4.11,19.9
22300463,T. Nwosu,Phoenix Suns,2,8,48,25.8,3PT Field Goal,Above the Break 3,54.2,251.7,0,5.09,23.1
22300849,T. Nwosu,Milwaukee Bucks,1,4,56,0.5,2PT Field Goal,Restricted Area,-2.5,4.0,0,6.28,6.5
22300417,B. Osei,Boston Celtics,3,6,5,1.5,2PT Field Goal,Restricted Area,0.1,14.5,1,4.36,3.6
22300450,D. Reyes,Boston Celtics,1,3,12,26.6,3PT Field Goal,Above the Break 3,186.0,190.2,1,4.27,11.4
22300030,T. Nwosu,Los Angeles Lakers,3,5,35,1.8,2PT Field Goal,Restricted Area,-13.6,12.3,1,7.12,16.1
22300948,A. Kowalski,New York Knicks,2,10,23,1.4,2PT Field Goal,Restricted Area,12.4,6.4,1,6.79,23.6
22300015,K. Albrecht,Milwaukee Bucks,2,5,56,1.7,2PT Field Goal,Restricted Area,-12.3,11.6,0,9.93,10.7
22300772,R. Delgado,Boston Celtics,3,11,35,28.6,3PT Field Goal,Above the Break 3,-219.3,183.6,0,4.95,23.0
22300954,R. Delgado,Miami Heat,1,5,7,3.5,2PT Field Goal,Restricted Area,-31.8,15.3,1,0.3,3.3
22300098,T. Nwosu,New York Knicks,4,4,11,24.2,3PT Field Goal,Above the Break 3,192.9,146.6,0,0.94,4.5
22300457,D. Reyes,Golden State Warriors,2,4,19,2.5,2PT Field Goal,Restricted Area,7.0,24.3,1,5.47,22.5
22300397,J. Carter,Miami Heat,2,5,58,21.7,2PT Field Goal,Mid-Range,75.5,203.8,0,1.94,22.9
22300646,A. Kowalski,Boston Celtics,2,7,59,24.5,3PT Field Goal,Above the Break 3,-56.9,238.3,0,0.94,0.1
22300363,L. Fitzgerald,Phoenix Suns,1,1,25,18.4,2PT Field Goal,Mid-Range,-148.6,109.0,0,6.9,12.6
22300350,M. Okafor,Boston Celtics,2,4,58,11.5,2PT Field Goal,In The Paint (Non-RA),-34.9,109.3,0,0.5,17.3
22300209,R. Delgado,Miami Heat,4,8,1,9.4,2PT Field Goal,In The Paint (Non-RA),-67.2,66.3,1,0.48,17.9
22300468,D. Reyes,New York Knicks,3,9,14,0.4,2PT Field Goal,Restricted Area,0.6,3.5,1,4.64,14.4
22300750,J. Carter,Los Angeles Lakers,2,7,16,24.5,3PT Field Goal,Above the Break 3,90.3,227.4,0,7.01,9.2
22300660,L. Fitzgerald,Miami Heat,3,0,48,5.7,2PT Field Goal,In The Paint (Non-RA),4.7,56.4,0,6.12,9.0
22300979,L. Fitzgerald,Golden State Warriors,3,7,38,16.1,2PT Field Goal,Mid-Range,-45.4,154.2,0,1.6,4.7
22300501,B. Osei,Boston Celtics,2,10,17,14.4,2PT Field Goal,Mid-Range,-77.3,121.5,0,6.0,10.3
22300135,S. Whitfield,Boston Celtics,1,11,37,25.4,3PT Field Goal,Above the Break 3,105.6,230.7,1,1.91,9.7
22300620,S. Whitfield,Los Angeles Lakers,2,6,24,1.5,2PT Field Goal,Restricted Area,-10.1,10.7,0,4.94,3.3
22300527,A. Kowalski,Miami Heat,4,11,53,2.9,2PT Field Goal,Restricted Area,24.9,15.2,1,0.3,23.9
22300804,J. Carter,Phoenix Suns,1,2,14,25.5,3PT Field Goal,Above the Break 3,0.6,255.3,0,1.3,9.5
22300272,J. Carter,Miami Heat,2,7,19,4.3,2PT Field Goal,In The Paint (Non-RA),3.6,43.0,0,5.07,2.6
22300663,K. Albrecht,New York Knicks,4,4,2,17.8,2PT Field Goal,Mid-Range,132.2,119.3,0,3.87,16.3
22300415,D. Reyes,Boston Celtics,3,0,33,16.6,2PT Field Goal,Mid-Range,-130.4,102.6,1,5.15,16.9
22300089,D. Reyes,Denver Nuggets,4,11,36,23.2,3PT Field Goal,Above the Break 3,194.3,126.7,0,0.3,21.2
22300932,B. Osei,Boston Celtics,4,7,11,26.0,3PT Field Goal,Above the Break 3,210.0,154.2,0,7.43,8.9
22300654,R. Delgado,Boston Celtics,1,9,35,23.2,3PT Field Goal,Above the Break 3,-67.7,222.3,1,6.23,22.3
22300833,K. Albrecht,Milwaukee Bucks,3,8,38,1.2,2PT Field Goal,Restricted Area,-8.5,8.5,1,9.06,21.7
22300312,T. Nwosu,Boston Celtics,2,3,27,24.9,3PT Field Goal,Above the Break 3,161.8,189.9,1,2.94,20.7
22300625,B. Osei,Los Angeles Lakers,2,2,52,2.1,2PT Field Goal,Restricted Area,-18.5,9.9,1,6.39,11.0
22300579,D. Reyes,Los Angeles Lakers,4,4,36,25.1,3PT Field Goal,Above the Break 3,141.0,207.1,1,5.64,22.7
22300268,D. Reyes,Boston Celtics,2,10,51,2.0,2PT Field Goal,Restricted Area,10.0,16.9,0,3.77,20.6
22300784,R. Delgado,Denver Nuggets,2,4,32,25.1,3PT Field Goal,Above the Break 3,-191.1,162.3,1,5.43,18.5
22300896,K. Albrecht,Miami Heat,2,11,55,15.2,2PT Field Goal,Mid-Range,-141.2,57.6,1,4.46,4.0
22300325,T. Nwosu,Milwaukee Bucks,2,8,5,2.7,2PT Field Goal,Restricted Area,-21.0,16.2,1,5.83,11.9
22300014,B. Osei,Milwaukee Bucks,1,0,49,28.2,3PT Field Goal,Above the Break 3,133.6,247.9,0,3.83,7.2
22300665,T. Nwosu,Denver Nuggets,3,7,24,19.1,2PT Field Goal,Mid-Range,-29.9,188.7,0,4.44,22.4
22300596,L. Fitzgerald,Phoenix Suns,4,0,26,1.8,2PT Field Goal,Restricted Area,16.0,7.8,1,2.5,0.2
22300424,S. Whitfield,Milwaukee Bucks,1,6,25,28.4,3PT Field Goal,Above the Break 3,-217.7,183.0,0,3.29,17.6
22300050,T. Nwosu,Boston Celtics,1,8,3,15.4,2PT Field Goal,Mid-Range,137.2,70.9,0,4.74,9.3
22300293,L. Fitzgerald,Denver Nuggets,4,2,52,7.3,2PT Field Goal,In The Paint (Non-RA),65.2,32.9,0,4.98,21.2
22300400,J. Carter,Golden State Warriors,1,2,53,27.4,3PT Field Goal,Above the Break 3,-120.4,246.6,1,5.14,17.5
22300982,S. Whitfield,Miami Heat,4,7,59,1.8,2PT Field Goal,Restricted Area,-15.8,9.2,1,6.33,0.1
22300677,M. Okafor,Boston Celtics,2,10,20,0.9,2PT Field Goal,Restricted Area,6.7,6.6,0,2.54,2.3
22300991,R. Delgado,New York Knicks,3,7,7,28.3,3PT Field Goal,Above the Break 3,98.9,265.7,0,2.48,1.7
22300733,R. Delgado,Miami Heat,3,1,11,2.4,2PT Field Goal,Restricted Area,11.9,21.3,0,0.39,12.1
22300097,M. Okafor,New York Knicks,4,11,15,25.0,3PT Field Goal,Above the Break 3,-171.4,181.9,0,7.25,8.4
22300694,A. Kowalski,Phoenix Suns,4,4,45,0.9,2PT Field Goal,Restricted Area,-7.5,4.2,0,8.74,20.2
22300333,M. Okafor,Golden State Warriors,1,2,35,28.0,3PT Field Goal,Above the Break 3,-141.2,242.2,1,5.13,19.0
22300779,A. Kowalski,Denver Nuggets,2,11,57,5.9,2PT Field Goal,In The Paint (Non-RA),45.5,37.6,1,5.74,8.2
22300751,R. Delgado,Milwaukee Bucks,4,11,35,21.6,2PT Field Goal,Mid-Range,-197.3,87.5,0,2.48,19.3
22300475,L. Fitzgerald,Boston Celtics,3,11,31,15.9,2PT Field Goal,Mid-Range,107.2,116.9,0,4.57,19.3
22300794,D. Reyes,Phoenix Suns,3,0,9,12.8,2PT Field Goal,In The Paint (Non-RA),-85.5,95.7,0,7.55,18.5
22300794,L. Fitzgerald,Denver Nuggets,2,7,1,9.2,2PT Field Goal,In The Paint (Non-RA),-40.9,82.1,0,5.0,3.0
22300865,R. Delgado,New York Knicks,3,4,15,21.1,2PT Field Goal,Mid-Range,33.5,208.4,1,0.99,18.3
22300788,K. Albrecht,New York Knicks,1,9,36,4.0,2PT Field Goal,In The Paint (Non-RA),32.1,23.9,1,4.96,17.0
22300167,B. Osei,Boston Celtics,4,0,16,25.4,3PT Field Goal,Above the Break 3,31.2,252.2,0,4.28,15.0
22300019,T. Nwosu,Denver Nuggets,3,2,24,25.9,3PT Field Goal,Above the Break 3,36.6,256.5,1,6.31,9.3
22300733,D. Reyes,Miami Heat,2,0,50,2.0,2PT Field Goal,Restricted Area,11.5,16.0,0,8.11,20.4
22300205,D. Reyes,Miami Heat,3,6,44,1.7,2PT Field Goal,Restricted Area,8.0,15.3,0,4.41,14.0
22300852,D. Reyes,New York Knicks,1,7,17,9.1,2PT Field Goal,In The Paint (Non-RA),66.7,61.3,1,5.46,7.4
22300043,T. Nwosu,Milwaukee Bucks,1,0,24,26.0,3PT Field Goal,Above the Break 3,-112.3,234.4,1,6.58,17.8
22300265,B. Osei,Miami Heat,3,5,46,10.1,2PT Field Goal,In The Paint (Non-RA),89.1,48.1,0,2.29,2.4
22300853,B. Osei,Boston Celtics,2,0,6,3.0,2PT Field Goal,Restricted Area,26.6,13.1,0,3.79,12.2
22300027,B. Osei,Denver Nuggets,4,3,42,23.1,3PT Field Goal,Above the Break 3,116.5,199.5,1,0.45,7.8
22300641,K. Albrecht,Boston Celtics,1,9,46,1.9,2PT Field Goal,Restricted Area,-16.5,9.3,1,4.89,13.3
22300808,K. Albrecht,Denver Nuggets,4,7,38,24.4,3PT Field Goal,Above the Break 3,-65.4,235.1,0,5.98,20.3
22300756,S. Whitfield,Milwaukee Bucks,1,2,42,25.2,3PT Field Goal,Above the Break 3,161.7,193.5,0,5.13,4.3
22300203,S. Whitfield,Denver Nuggets,4,1,9,2.1,2PT Field Goal,Restricted Area,-13.0,16.6,0,5.36,22.2
22300407,D. Reyes,Miami Heat,1,9,33,16.8,2PT Field Goal,Mid-Range,-6.3,168.3,1,2.56,19.8
22300687,J. Carter,Los Angeles Lakers,1,10,9,16.3,2PT Field Goal,Mid-Range,-65.6,149.6,1,2.38,1.0
22300622,J. Carter,Denver Nuggets,3,0,21,26.2,3PT Field Goal,Above the Break 3,-187.9,182.0,0,7.29,2.5
22300006,M. Okafor,Phoenix Suns,2,3,43,1.9,2PT Field Goal,Restricted Area,3.1,19.1,1,5.85,2.6
22300942,M. Okafor,Miami Heat,3,5,38,8.9,2PT Field Goal,In The Paint (Non-RA),-28.5,84.7,1,3.48,18.7
22300175,A. Kowalski,Boston Celtics,1,11,17,25.3,3PT Field Goal,Above the Break 3,174.1,183.2,0,5.71,16.9
22300209,M. Okafor,Denver Nuggets,4,6,3,1.1,2PT Field Goal,Restricted Area,-9.2,6.2,1,2.55,21.7
22300349,J. Carter,Golden State Warriors,3,3,34,24.0,3PT Field Goal,Above the Break 3,194.0,140.8,0,2.03,17.2
22300195,K. Albrecht,Miami Heat,2,11,21,0.9,2PT Field Goal,Restricted Area,-2.5,8.3,0,5.12,21.2
22300086,D. Reyes,Milwaukee Bucks,1,11,19,1.1,2PT Field Goal,Restricted Area,5.9,9.7,1,4.11,11.2
22300735,L. Fitzgerald,Miami Heat,2,9,42,23.4,3PT Field Goal,Above the Break 3,-145.5,183.5,0,5.01,11.1
22300687,J. Carter,Denver Nuggets,4,3,59,6.4,2PT Field Goal,In The Paint (Non-RA),-53.3,35.0,1,9.81,13.3
22300966,B. Osei,New York Knicks,1,8,24,3.4,2PT Field Goal,Restricted Area,-29.8,16.3,1,5.29,5.7
22300724,B. Osei,Golden State Warriors,1,7,19,1.2,2PT Field Goal,Restricted Area,-6.5,10.4,0,4.72,4.5
22300070,R. Delgado,Golden State Warriors,3,3,10,20.1,2PT Field Goal,Mid-Range,-124.8,157.2,0,9.09,12.3
22300957,T. Nwosu,New York Knicks,3,1,2,18.0,2PT Field Goal,Mid-Range,55.7,171.6,0,2.49,23.9
22300348,D. Reyes,New York Knicks,3,3,38,1.5,2PT Field Goal,Restricted Area,4.1,14.4,0,3.99,8.5
22300526,B. Osei,Golden State Warriors,3,4,41,11.3,2PT Field Goal,In The Paint (Non-RA),92.6,65.4,1,3.21,18.6
22300336,B. Osei,New York Knicks,4,10,11,1.4,2PT Field Goal,Restricted Area,4.0,13.9,1,4.13,14.0
22300721,S. Whitfield,Boston Celtics,3,0,11,25.5,3PT Field Goal,Above the Break 3,35.5,252.7,0,9.62,22.8
22300072,L. Fitzgerald,Golden State Warriors,1,1,4,2.9,2PT Field Goal,Restricted Area,-15.2,24.2,0,0.3,14.4
22300593,A. Kowalski,Boston Celtics,4,4,26,15.1,2PT Field Goal,Mid-Range,-135.3,67.6,1,7.27,3.3
22300653,A. Kowalski,Golden State Warriors,1,1,13,23.4,3PT Field Goal,Above the Break 3,64.7,224.6,0,1.25,20.9
22300489,A. Kowalski,Boston Celtics,4,5,2,4.0,2PT Field Goal,In The Paint (Non-RA),-28.4,28.2,1,0.63,7.0
22300156,M. Okafor,Boston Celtics,2,10,3,23.4,3PT Field Goal,Above the Break 3,216.2,89.2,1,3.96,16.2
22300397,J. Carter,Boston Celtics,1,2,21,11.4,2PT Field Goal,In The Paint (Non-RA),47.3,103.5,1,4.1,2.3
22300298,S. Whitfield,Golden State Warriors,4,5,27,20.7,2PT Field Goal,Mid-Range,-185.4,92.6,0,3.61,9.4
22300800,L. Fitzgerald,Boston Celtics,3,1,44,0.9,2PT Field Goal,Restricted Area,-1.3,8.5,0,1.73,16.0
22300359,J. Carter,Golden State Warriors,4,4,44,18.4,2PT Field Goal,Mid-Range,-151.2,104.9,0,5.87,10.7
22300961,D. Reyes,New York Knicks,1,2,32,25.3,3PT Field Goal,Above the Break 3,-234.7,95.0,0,1.33,9.3
22300614,M. Okafor,Denver Nuggets,4,9,7,18.6,2PT Field Goal,Mid-Range,-45.6,179.8,1,5.77,12.1
22300623,K. Albrecht,Miami Heat,4,6,45,25.8,3PT Field Goal,Above the Break 3,219.1,136.7,0,10.89,8.7
22300252,B. Osei,Phoenix Suns,1,1,54,13.1,2PT Field Goal,In The Paint (Non-RA),-100.6,83.8,0,1.29,23.0
22300766,B. Osei,New York Knicks,4,7,2,2.7,2PT Field Goal,Restricted Area,24.5,10.7,0,4.95,16.9
22300171,S. Whitfield,Phoenix Suns,4,10,27,24.0,3PT Field Goal,Above the Break 3,-30.1,238.2,1,4.62,21.7
22300682,M. Okafor,Golden State Warriors,4,6,10,17.0,2PT Field Goal,Mid-Range,-76.7,152.0,0,0.76,20.1
22300779,M. Okafor,Denver Nuggets,1,6,14,20.6,2PT Field Goal,Mid-Range,175.8,107.4,1,4.37,23.2
22300313,M. Okafor,Golden State Warriors,3,9,19,18.9,2PT Field Goal,Mid-Range,-80.9,171.0,0,6.62,22.4
22300689,D. Reyes,Milwaukee Bucks,3,0,35,2.1,2PT Field Goal,Restricted Area,-15.8,14.5,1,6.54,18.1
22300497,M. Okafor,Golden State Warriors,4,4,10,1.6,2PT Field Goal,Restricted Area,13.6,9.0,1,5.95,3.1
22300469,S. Whitfield,Boston Celtics,4,1,58,2.6,2PT Field Goal,Restricted Area,22.1,14.1,1,3.01,20.0
22300216,R. Delgado,Denver Nuggets,4,5,40,14.6,2PT Field Goal,Mid-Range,90.0,114.8,1,4.08,17.1
22300062,A. Kowalski,Los Angeles Lakers,1,9,18,22.5,3PT Field Goal,Above the Break 3,133.4,181.2,0,2.3,20.8
22300225,K. Albrecht,Miami Heat,2,4,28,21.1,2PT Field Goal,Mid-Range,-18.1,210.0,0,7.09,22.3
22300091,A. Kowalski,Phoenix Suns,1,10,30,26.0,3PT Field Goal,Above the Break 3,192.4,175.1,0,2.64,0.3
22300327,T. Nwosu,Miami Heat,2,0,51,0.4,2PT Field Goal,Restricted Area,-1.0,4.3,1,1.85,14.9
22300594,D. Reyes,Phoenix Suns,1,1,41,3.0,2PT Field Goal,Restricted Area,-1.4,30.2,0,3.0,2.8
22300783,A. Kowalski,Denver Nuggets,4,7,28,8.9,2PT Field Goal,In The Paint (Non-RA),-64.3,61.3,0,8.32,2.2
22300686,D. Reyes,Milwaukee Bucks,2,4,39,2.3,2PT Field Goal,Restricted Area,1.7,22.6,1,0.63,12.3
22300326,B. Osei,Milwaukee Bucks,4,8,15,0.8,2PT Field Goal,Restricted Area,3.8,6.8,0,6.44,0.8
22300844,J. Carter,Golden State Warriors,4,5,38,4.0,2PT Field Goal,Restricted Area,-21.3,33.4,1,6.15,4.7
22300850,T. Nwosu,Los Angeles Lakers,2,11,53,3.0,2PT Field Goal,Restricted Area,-23.1,19.8,1,3.1,12.9
22300736,K. Albrecht,Golden State Warriors,4,6,15,18.5,2PT Field Goal,Mid-Range,-156.7,98.9,0,4.86,18.1
22300040,K. Albrecht,Denver Nuggets,4,0,7,16.2,2PT Field Goal,Mid-Range,-10.5,161.5,1,0.9,4.5
22300440,J. Carter,Los Angeles Lakers,4,8,8,27.0,3PT Field Goal,Above the Break 3,-216.3,161.1,0,5.27,14.7
22300070,M. Okafor,Denver Nuggets,4,10,14,24.8,3PT Field Goal,Above the Break 3,-45.7,243.4,0,5.46,14.8
22300683,D. Reyes,Phoenix Suns,4,4,48,3.4,2PT Field Goal,Restricted Area,8.8,33.1,0,2.6,0.5
22300833,K. Albrecht,Denver Nuggets,2,3,43,24.8,3PT Field Goal,Above the Break 3,-214.8,124.5,1,4.8,9.1
22300619,M. Okafor,Denver Nuggets,4,10,32,22.5,3PT Field Goal,Above the Break 3,143.2,173.5,0,4.45,1.9
22300845,A. Kowalski,Phoenix Suns,2,11,12,14.3,2PT Field Goal,Mid-Range,-117.5,82.0,1,5.72,4.4
22300320,A. Kowalski,Phoenix Suns,4,8,4,27.1,3PT Field Goal,Above the Break 3,-213.2,167.7,1,6.02,3.8
22300684,B. Osei,Los Angeles Lakers,4,8,10,5.3,2PT Field Goal,In The Paint (Non-RA),19.0,49.6,1,6.9,2.2
22300251,B. Osei,Miami Heat,2,9,33,0.2,2PT Field Goal,Restricted Area,1.8,1.1,1,4.14,5.7
22300959,L. Fitzgerald,Boston Celtics,4,9,20,1.7,2PT Field Goal,Restricted Area,-13.2,10.2,1,5.77,6.9
22300160,M. Okafor,Denver Nuggets,2,11,54,1.4,2PT Field Goal,Restricted Area,6.2,12.1,0,6.48,16.3
22300535,K. Albrecht,Los Angeles Lakers,2,7,43,14.3,2PT Field Goal,Mid-Range,-10.0,143.0,1,8.29,10.8
22300909,D. Reyes,Denver Nuggets,4,2,40,15.0,2PT Field Goal,Mid-Range,-97.1,114.1,1,4.66,14.1
22300664,M. Okafor,Boston Celtics,4,10,14,16.1,2PT Field Goal,Mid-Range,26.0,158.4,1,3.32,18.4
22300588,K. Albrecht,Boston Celtics,2,10,6,2.8,2PT Field Goal,Restricted Area,-4.6,27.3,0,2.88,3.0
22300556,M. Okafor,Denver Nuggets,2,11,4,3.7,2PT Field Goal,Restricted Area,-10.1,35.2,1,4.17,5.0
22300598,J. Carter,Phoenix Suns,1,4,38,18.2,2PT Field Goal,Mid-Range,139.5,117.3,0,0.38,3.5
22300583,L. Fitzgerald,New York Knicks,3,4,0,15.8,2PT Field Goal,Mid-Range,22.1,156.5,1,1.91,1.3
22300764,M. Okafor,Milwaukee Bucks,3,9,17,13.6,2PT Field Goal,In The Paint (Non-RA),91.1,101.3,0,5.99,11.9
22300625,K. Albrecht,Los Angeles Lakers,3,1,47,0.2,2PT Field Goal,Restricted Area,-1.8,0.9,1,9.13,22.8
22300455,D. Reyes,Miami Heat,1,11,8,2.0,2PT Field Goal,Restricted Area,17.6,10.0,0,7.62,18.8
22300196,A. Kowalski,Milwaukee Bucks,1,10,34,23.5,3PT Field Goal,Above the Break 3,-142.2,187.5,0,2.98,22.0
22300525,R. Delgado,New York Knicks,4,2,45,26.8,3PT Field Goal,Above the Break 3,8.2,267.8,0,7.27,1.8
22300464,T. Nwosu,Miami Heat,1,3,54,1.8,2PT Field Goal,Restricted Area,-15.8,9.5,0,5.24,18.7
22300326,D. Reyes,Golden State Warriors,4,0,24,24.4,3PT Field Goal,Above the Break 3,-155.0,188.9,0,3.22,1.5
22300601,M. Okafor,Phoenix Suns,2,10,14,3.2,2PT Field Goal,Restricted Area,-1.6,32.2,1,7.53,19.1
22300315,L. Fitzgerald,Miami Heat,2,4,7,2.0,2PT Field Goal,Restricted Area,10.9,16.2,0,6.56,3.2
22300721,D. Reyes,Denver Nuggets,4,0,40,4.2,2PT Field Goal,In The Paint (Non-RA),25.0,33.1,1,6.54,6.2
22300691,D. Reyes,Boston Celtics,4,0,44,25.2,3PT Field Goal,Above the Break 3,-17.6,251.8,0,5.79,16.0
22300888,K. Albrecht,New York Knicks,4,5,27,20.3,2PT Field Goal,Mid-Range,-114.5,167.7,0,6.73,5.8
22300147,J. Carter,Boston Celtics,1,11,4,18.2,2PT Field Goal,Mid-Range,45.6,176.3,0,3.76,7.1
22300872,T. Nwosu,Boston Celtics,2,10,2,25.2,3PT Field Goal,Above the Break 3,-76.2,239.8,0,3.75,0.9
22300590,M. Okafor,Phoenix Suns,2,2,8,0.4,2PT Field Goal,Restricted Area,-3.1,3.1,1,3.07,21.0
22300489,B. Osei,Los Angeles Lakers,1,11,48,1.8,2PT Field Goal,Restricted Area,10.2,14.3,1,6.55,2.7
22300505,S. Whitfield,Boston Celtics,1,11,24,5.6,2PT Field Goal,In The Paint (Non-RA),35.1,43.2,0,5.57,14.9
22300644,A. Kowalski,Denver Nuggets,1,8,55,17.4,2PT Field Goal,Mid-Range,-122.9,123.5,0,6.74,14.6
22300350,M. Okafor,Phoenix Suns,2,5,40,0.7,2PT Field Goal,Restricted Area,-6.5,3.3,1,3.7,16.1
22300140,L. Fitzgerald,Golden State Warriors,1,11,38,1.0,2PT Field Goal,Restricted Area,5.7,8.8,1,3.82,3.0
22300491,J. Carter,New York Knicks,4,6,43,22.5,3PT Field Goal,Above the Break 3,149.1,168.5,0,4.43,16.4
22300145,B. Osei,Denver Nuggets,2,11,47,29.0,3PT Field Goal,Above the Break 3,-246.5,152.7,0,4.5,15.4
22300399,S. Whitfield,Los Angeles Lakers,2,2,34,22.7,3PT Field Goal,Above the Break 3,-56.1,219.8,0,3.93,11.5
22300332,S. Whitfield,Denver Nuggets,1,11,3,2.1,2PT Field Goal,Restricted Area,9.1,18.4,1,7.79,7.8
22300229,A. Kowalski,Golden State Warriors,2,11,34,11.1,2PT Field Goal,In The Paint (Non-RA),-42.7,102.1,0,4.91,23.7
22300034,T. Nwosu,Phoenix Suns,3,4,45,25.7,3PT Field Goal,Above the Break 3,162.7,198.9,0,0.3,6.5
22300751,A. Kowalski,Phoenix Suns,1,5,42,24.0,3PT Field Goal,Above the Break 3,-213.3,110.9,0,3.04,8.0
22300645,K. Albrecht,Milwaukee Bucks,1,7,55,1.4,2PT Field Goal,Restricted Area,2.0,13.9,0,5.05,2.5
22300569,J. Carter,Golden State Warriors,1,8,41,25.1,3PT Field Goal,Above the Break 3,-157.1,195.4,0,4.84,4.3
22300239,J. Carter,Golden State Warriors,4,7,30,17.4,2PT Field Goal,Mid-Range,84.8,152.3,0,4.61,8.2
22300450,L. Fitzgerald,Los Angeles Lakers,2,1,23,2.3,2PT Field Goal,Restricted Area,-21.4,9.6,1,3.98,6.5
22300075,B. Osei,New York Knicks,1,2,25,12.6,2PT Field Goal,In The Paint (Non-RA),59.1,111.6,0,8.02,8.8
22300513,B. Osei,Miami Heat,2,2,56,0.2,2PT Field Goal,Restricted Area,-0.2,2.0,1,2.61,2.9
22300590,K. Albrecht,New York Knicks,4,5,8,13.4,2PT Field Goal,In The Paint (Non-RA),60.4,119.9,0,6.25,15.3
22300210,A. Kowalski,Boston Celtics,4,2,50,15.9,2PT Field Goal,Mid-Range,-126.1,97.2,0,6.67,17.2
22300402,D. Reyes,Milwaukee Bucks,4,1,31,28.0,3PT Field Goal,Above the Break 3,199.3,196.4,1,6.76,0.7
22300218,S. Whitfield,Denver Nuggets,4,11,16,4.0,2PT Field Goal,In The Paint (Non-RA),14.4,37.3,0,9.61,12.1
22300475,S. Whitfield,Los Angeles Lakers,1,4,34,18.3,2PT Field Goal,Mid-Range,-163.3,82.7,1,2.45,20.9
22300820,K. Albrecht,Los Angeles Lakers,1,0,12,15.9,2PT Field Goal,Mid-Range,122.0,101.3,0,3.01,1.5
22300510,L. Fitzgerald,Milwaukee Bucks,3,11,18,16.6,2PT Field Goal,Mid-Range,-117.8,116.8,0,5.4,5.0
22300489,T. Nwosu,Milwaukee Bucks,2,10,10,18.1,2PT Field Goal,Mid-Range,-49.5,173.9,1,5.75,13.2
22300984,M. Okafor,Golden State Warriors,1,9,56,10.0,2PT Field Goal,In The Paint (Non-RA),-34.4,93.4,1,5.85,3.2
22300275,R. Delgado,Phoenix Suns,2,0,48,19.1,2PT Field Goal,Mid-Range,114.9,152.3,0,2.96,6.2
22300588,B. Osei,Miami Heat,2,11,20,6.8,2PT Field Goal,In The Paint (Non-RA),38.8,55.4,1,3.64,8.4
22300271,J. Carter,Boston Celtics,2,5,40,22.5,3PT Field Goal,Above the Break 3,-187.6,124.2,0,8.18,16.1
22300484,M. Okafor,Denver Nuggets,1,6,20,3.5,2PT Field Goal,Restricted Area,26.4,23.8,1,6.1,16.0
22300333,R. Delgado,Boston Celtics,1,2,45,25.2,3PT Field Goal,Above the Break 3,-182.5,174.4,1,6.1,4.9
22300745,B. Osei,Milwaukee Bucks,2,7,9,26.4,3PT Field Goal,Above the Break 3,129.7,229.8,0,6.5,18.7
22300660,T. Nwosu,Golden State Warriors,4,3,1,2.9,2PT Field Goal,Restricted Area,-22.4,18.1,1,8.73,12.6
22300308,A. Kowalski,Miami Heat,4,7,45,25.7,3PT Field Goal,Above the Break 3,-54.8,251.3,0,4.21,9.2
22300327,A. Kowalski,New York Knicks,4,4,46,0.4,2PT Field Goal,Restricted Area,-3.3,2.5,1,5.28,21.4
22300356,B. Osei,Miami Heat,4,11,41,4.3,2PT Field Goal,In The Paint (Non-RA),16.8,39.7,0,0.86,3.7
22300934,A. Kowalski,Los Angeles Lakers,4,5,28,11.3,2PT Field Goal,In The Paint (Non-RA),-26.5,110.3,0,3.75,3.5
22300696,S. Whitfield,Golden State Warriors,2,2,20,26.2,3PT Field Goal,Above the Break 3,38.7,259.3,0,5.27,17.0
22300953,D. Reyes,Milwaukee Bucks,1,3,43,10.4,2PT Field Goal,In The Paint (Non-RA),96.5,39.3,1,6.02,3.8
22300151,D. Reyes,New York Knicks,1,11,34,16.6,2PT Field Goal,Mid-Range,115.7,119.3,0,2.86,4.1
22300569,M. Okafor,New York Knicks,2,3,44,0.2,2PT Field Goal,Restricted Area,-1.3,1.5,1,1.38,10.4
22300405,M. Okafor,Phoenix Suns,1,4,21,0.9,2PT Field Goal,Restricted Area,-1.5,9.3,0,2.58,2.5
22300398,J. Carter,Phoenix Suns,3,9,3,19.8,2PT Field Goal,Mid-Range,32.1,195.1,0,0.3,14.7
22300984,L. Fitzgerald,Los Angeles Lakers,2,9,19,24.2,3PT Field Goal,Above the Break 3,-91.2,223.6,0,2.04,14.9
22300884,M. Okafor,Miami Heat,2,7,19,1.7,2PT Field Goal,Restricted Area,-14.8,8.6,1,4.18,2.5
22300267,T. Nwosu,Phoenix Suns,3,9,14,22.5,3PT Field Goal,Above the Break 3,-79.4,211.0,1,5.59,2.1
22300681,L. Fitzgerald,Milwaukee Bucks,2,5,56,5.2,2PT Field Goal,In The Paint (Non-RA),-26.0,44.6,1,7.9,5.9
22300845,T. Nwosu,Los Angeles Lakers,4,11,20,16.9,2PT Field Goal,Mid-Range,-110.6,127.2,1,4.88,2.2
22300381,R. Delgado,Miami Heat,2,10,51,4.0,2PT Field Goal,In The Paint (Non-RA),-28.8,27.7,1,2.71,23.8
22300874,M. Okafor,Los Angeles Lakers,1,5,1,21.3,2PT Field Goal,Mid-Range,-171.2,127.1,0,4.97,16.4
22300037,J. Carter,Los Angeles Lakers,4,0,23,11.5,2PT Field Goal,In The Paint (Non-RA),83.4,78.7,0,3.62,15.9
22300575,M. Okafor,Golden State Warriors,2,10,24,23.1,3PT Field Goal,Above the Break 3,-24.8,230.1,0,6.92,20.8
22300718,B. Osei,New York Knicks,3,11,52,3.6,2PT Field Goal,Restricted Area,18.6,30.8,1,6.96,17.2
22300013,S. Whitfield,Milwaukee Bucks,3,11,41,1.4,2PT Field Goal,Restricted Area,8.3,10.7,1,0.63,15.0
22300441,A. Kowalski,Miami Heat,4,11,49,15.2,2PT Field Goal,Mid-Range,113.1,101.5,0,3.84,3.8
22300325,R. Delgado,Golden State Warriors,2,4,58,3.5,2PT Field Goal,Restricted Area,7.2,34.1,1,9.28,16.3
22300301,L. Fitzgerald,Los Angeles Lakers,4,7,49,24.8,3PT Field Goal,Above the Break 3,180.8,169.2,1,7.29,18.2
22300853,M. Okafor,Denver Nuggets,3,5,35,18.6,2PT Field Goal,Mid-Range,-141.5,121.1,0,4.0,3.9
22300824,B. Osei,Denver Nuggets,1,4,17,26.8,3PT Field Goal,Above the Break 3,-180.9,198.3,0,0.3,2.1
22300381,D. Reyes,Miami Heat,4,1,10,3.5,2PT Field Goal,Restricted Area,11.9,32.9,0,6.06,3.8
22300335,B. Osei,Phoenix Suns,4,7,50,25.6,3PT Field Goal,Above the Break 3,-74.4,245.4,1,5.36,16.3
22300355,B. Osei,Golden State Warriors,3,8,47,2.0,2PT Field Goal,Restricted Area,-13.5,15.0,1,4.1,10.8
22300815,B. Osei,Los Angeles Lakers,1,11,31,3.5,2PT Field Goal,Restricted Area,-10.5,33.3,0,6.34,13.1
22300404,M. Okafor,New York Knicks,2,4,5,13.5,2PT Field Goal,In The Paint (Non-RA),-33.1,130.9,0,5.1,18.4
22300228,S. Whitfield,Phoenix Suns,1,8,40,5.9,2PT Field Goal,In The Paint (Non-RA),46.8,35.3,1,5.79,22.2
22300695,M. Okafor,Denver Nuggets,1,1,19,16.8,2PT Field Goal,Mid-Range,-27.4,166.1,0,3.87,16.8
22300308,T. Nwosu,Denver Nuggets,4,1,0,10.0,2PT Field Goal,In The Paint (Non-RA),80.6,59.7,1,4.04,11.2
22300863,A. Kowalski,Milwaukee Bucks,2,3,19,2.4,2PT Field Goal,Restricted Area,-15.5,18.4,1,5.33,13.5
22300107,K. Albrecht,Milwaukee Bucks,4,5,16,17.6,2PT Field Goal,Mid-Range,135.9,112.4,1,3.67,5.5
22300658,M. Okafor,Boston Celtics,2,7,48,1.2,2PT Field Goal,Restricted Area,8.3,8.6,1,1.66,13.8
22300756,M. Okafor,Boston Celtics,4,4,53,0.6,2PT Field Goal,Restricted Area,-3.9,4.0,0,1.51,17.8
22300170,K. Albrecht,Miami Heat,2,11,48,28.4,3PT Field Goal,Above the Break 3,168.1,228.7,0,5.05,19.7
22300129,L. Fitzgerald,Denver Nuggets,2,8,11,14.9,2PT Field Goal,Mid-Range,96.2,114.2,1,2.46,14.8
22300282,S. Whitfield,Denver Nuggets,3,10,5,25.7,3PT Field Goal,Above the Break 3,163.0,198.4,0,2.36,23.0
22300081,L. Fitzgerald,Milwaukee Bucks,3,1,58,25.8,3PT Field Goal,Above the Break 3,209.8,151.0,0,2.8,14.0
22300675,T. Nwosu,Denver Nuggets,1,8,37,25.9,3PT Field Goal,Above the Break 3,-27.7,257.1,1,5.96,21.1
22300392,T. Nwosu,Phoenix Suns,1,11,34,1.8,2PT Field Goal,Restricted Area,-0.4,18.5,0,0.3,2.7
22300680,S. Whitfield,Miami Heat,3,8,37,22.5,3PT Field Goal,Above the Break 3,-124.7,187.3,1,0.3,16.7
22300270,A. Kowalski,Los Angeles Lakers,4,10,18,16.7,2PT Field Goal,Mid-Range,-0.6,167.0,0,4.79,12.6
22300846,R. Delgado,New York Knicks,4,1,43,15.5,2PT Field Goal,Mid-Range,131.1,82.8,0,3.84,5.4
22300891,S. Whitfield,Miami Heat,4,6,16,3.2,2PT Field Goal,Restricted Area,9.7,30.7,1,7.78,5.2
22300973,T. Nwosu,Los Angeles Lakers,1,6,39,8.2,2PT Field Goal,In The Paint (Non-RA),54.4,61.1,1,3.61,18.5
22300420,D. Reyes,Los Angeles Lakers,2,10,49,19.4,2PT Field Goal,Mid-Range,148.8,124.6,0,0.91,11.4
22300823,M. Okafor,Denver Nuggets,2,7,24,0.3,2PT Field Goal,Restricted Area,0.9,3.3,1,4.95,3.5
22300777,J. Carter,Phoenix Suns,3,9,10,26.5,3PT Field Goal,Above the Break 3,32.9,263.3,0,5.03,22.9
22300540,L. Fitzgerald,Golden State Warriors,2,0,50,0.2,2PT Field Goal,Restricted Area,-1.3,1.5,1,5.1,7.4
22300193,K. Albrecht,Milwaukee Bucks,2,7,58,20.2,2PT Field Goal,Mid-Range,39.2,198.2,1,5.12,9.7
22300772,T. Nwosu,Golden State Warriors,3,0,34,23.5,3PT Field Goal,Above the Break 3,65.8,225.6,1,9.32,6.0
22300401,R. Delgado,Phoenix Suns,1,3,33,20.3,2PT Field Goal,Mid-Range,-178.0,97.3,0,3.47,11.6
22300496,J. Carter,New York Knicks,2,6,29,2.7,2PT Field Goal,Restricted Area,-24.7,10.3,1,5.2,6.9
22300873,J. Carter,Miami Heat,1,9,47,21.3,2PT Field Goal,Mid-Range,192.6,91.0,1,4.18,21.7
22300652,L. Fitzgerald,Boston Celtics,2,7,26,0.2,2PT Field Goal,Restricted Area,-1.7,1.0,0,0.3,22.4
22300625,M. Okafor,Denver Nuggets,1,0,12,24.8,3PT Field Goal,Above the Break 3,166.1,184.4,0,1.47,19.0
22300913,J. Carter,Los Angeles Lakers,1,11,41,29.0,3PT Field Goal,Above the Break 3,84.5,277.4,0,2.15,11.3
22300257,S. Whitfield,Phoenix Suns,4,10,44,10.2,2PT Field Goal,In The Paint (Non-RA),72.4,71.1,0,3.51,13.2
22300023,S. Whitfield,Denver Nuggets,1,2,31,23.3,3PT Field Goal,Above the Break 3,24.6,231.4,0,1.43,16.4
22300956,D. Reyes,Boston Celtics,1,3,17,4.0,2PT Field Goal,In The Paint (Non-RA),5.2,39.7,0,7.51,17.2
22300173,L. Fitzgerald,New York Knicks,2,11,23,25.7,3PT Field Goal,Above the Break 3,-158.0,202.8,0,4.01,10.8
22300746,T. Nwosu,Milwaukee Bucks,3,11,25,26.0,3PT Field Goal,Above the Break 3,57.4,253.8,0,1.97,13.1
22300838,T. Nwosu,Phoenix Suns,3,10,31,25.7,3PT Field Goal,Above the Break 3,206.6,153.5,1,2.52,13.8
22300040,M. Okafor,Los Angeles Lakers,1,5,5,25.5,3PT Field Goal,Above the Break 3,-153.3,203.9,1,4.33,14.9
22300787,K. Albrecht,Boston Celtics,4,4,4,5.2,2PT Field Goal,In The Paint (Non-RA),43.8,27.5,1,2.75,4.3
22300897,J. Carter,Golden State Warriors,1,6,36,24.5,3PT Field Goal,Above the Break 3,-136.4,203.5,0,1.72,21.5
22300104,S. Whitfield,Denver Nuggets,2,4,55,17.1,2PT Field Goal,Mid-Range,56.6,161.0,0,1.34,9.1
22300821,T. Nwosu,Denver Nuggets,2,11,11,1.5,2PT Field Goal,Restricted Area,12.2,8.1,1,4.13,14.5
22300586,S. Whitfield,Golden State Warriors,4,11,48,19.1,2PT Field Goal,Mid-Range,132.5,137.8,1,8.22,17.4
22300367,A. Kowalski,Boston Celtics,1,10,23,29.0,3PT Field Goal,Above the Break 3,-126.2,261.1,0,0.3,10.4
22300881,A. Kowalski,Denver Nuggets,4,4,17,21.6,2PT Field Goal,Mid-Range,31.8,214.1,1,3.28,6.4
22300442,T. Nwosu,Denver Nuggets,4,11,20,22.5,3PT Field Goal,Above the Break 3,144.4,172.6,1,4.25,13.5
22300818,M. Okafor,Phoenix Suns,4,10,23,2.9,2PT Field Goal,Restricted Area,26.3,12.1,0,2.26,1.9
22300927,B. Osei,Los Angeles Lakers,2,11,4,23.7,3PT Field Goal,Above the Break 3,127.0,199.5,1,9.29,7.2
22300077,S. Whitfield,New York Knicks,3,9,43,28.2,3PT Field Goal,Above the Break 3,237.6,151.3,0,4.54,11.7
22300417,T. Nwosu,Boston Celtics,3,9,12,13.0,2PT Field Goal,In The Paint (Non-RA),5.2,129.7,0,0.3,21.1
22300568,A. Kowalski,Boston Celtics,4,5,23,26.5,3PT Field Goal,Above the Break 3,73.3,254.5,0,4.74,9.8
22300687,K. Albrecht,Denver Nuggets,3,3,1,4.0,2PT Field Goal,In The Paint (Non-RA),-22.1,33.3,1,1.39,18.9
22300002,S. Whitfield,Milwaukee Bucks,2,9,51,0.2,2PT Field Goal,Restricted Area,-0.5,2.1,1,5.97,7.2
22300637,J. Carter,Miami Heat,1,3,17,0.7,2PT Field Goal,Restricted Area,-2.4,6.7,0,4.16,14.4
22300272,D. Reyes,Phoenix Suns,2,10,54,18.0,2PT Field Goal,Mid-Range,160.6,81.2,1,6.87,20.2
22300006,B. Osei,Milwaukee Bucks,3,5,56,24.1,3PT Field Goal,Above the Break 3,214.9,109.5,1,1.91,21.2
22300916,M. Okafor,Miami Heat,1,6,42,23.9,3PT Field Goal,Above the Break 3,205.8,121.2,0,5.01,21.2
22300974,R. Delgado,Denver Nuggets,2,11,7,4.0,2PT Field Goal,In The Paint (Non-RA),-8.0,39.2,1,7.9,20.5
22300777,R. Delgado,Milwaukee Bucks,2,10,6,25.1,3PT Field Goal,Above the Break 3,221.7,116.6,1,3.54,5.2
22300278,D. Reyes,New York Knicks,4,7,10,18.2,2PT Field Goal,Mid-Range,60.7,171.1,0,1.76,13.5
22300063,L. Fitzgerald,Boston Celtics,4,2,35,1.7,2PT Field Goal,Restricted Area,-10.7,12.6,0,3.3,3.3
22300025,J. Carter,Miami Heat,4,9,19,29.0,3PT Field Goal,Above the Break 3,-14.6,289.6,0,4.63,21.5
22300262,L. Fitzgerald,Golden State Warriors,1,4,30,19.2,2PT Field Goal,Mid-Range,-154.6,114.6,0,3.26,11.5
22300950,T. Nwosu,Miami Heat,4,9,38,1.8,2PT Field Goal,Restricted Area,1.4,18.4,1,5.16,4.0
22300941,T. Nwosu,Los Angeles Lakers,3,0,39,2.3,2PT Field Goal,Restricted Area,20.0,10.9,1,6.76,20.4
22300582,M. Okafor,Miami Heat,2,3,5,14.2,2PT Field Goal,Mid-Range,-28.2,139.6,0,2.19,11.0
22300328,J. Carter,Boston Celtics,4,7,28,26.4,3PT Field Goal,Above the Break 3,-75.3,252.9,1,0.53,19.0
22300339,S. Whitfield,Denver Nuggets,1,10,7,3.3,2PT Field Goal,Restricted Area,-27.9,17.6,1,2.03,4.1
22300916,J. Carter,Golden State Warriors,3,9,23,20.8,2PT Field Goal,Mid-Range,-6.0,207.9,0,0.39,15.4
22300204,S. Whitfield,Golden State Warriors,1,0,40,3.6,2PT Field Goal,Restricted Area,15.0,33.0,0,2.31,12.0
22300262,T. Nwosu,Los Angeles Lakers,3,1,25,23.6,3PT Field Goal,Above the Break 3,200.2,125.8,0,3.49,14.9
22300077,S. Whitfield,Denver Nuggets,2,4,7,2.1,2PT Field Goal,Restricted Area,-7.8,19.9,0,0.3,12.5
22300266,S. Whitfield,Miami Heat,3,3,34,25.9,3PT Field Goal,Above the Break 3,-144.8,215.1,0,4.15,10.9
22300873,M. Okafor,Milwaukee Bucks,3,0,41,17.3,2PT Field Goal,Mid-Range,149.1,88.2,0,3.9,6.5
22300932,S. Whitfield,Los Angeles Lakers,1,2,40,24.4,3PT Field Goal,Above the Break 3,-197.3,143.0,0,0.33,5.7
22300433,T. Nwosu,Miami Heat,1,9,14,20.0,2PT Field Goal,Mid-Range,-63.3,190.1,0,3.0,19.8
22300483,D. Reyes,Milwaukee Bucks,3,4,46,6.9,2PT Field Goal,In The Paint (Non-RA),-1.9,69.4,1,0.3,17.4
22300593,A. Kowalski,Milwaukee Bucks,2,8,29,10.4,2PT Field Goal,In The Paint (Non-RA),90.9,50.8,1,5.32,5.6
22300246,T. Nwosu,Los Angeles Lakers,4,6,50,1.6,2PT Field Goal,Restricted Area,3.8,15.4,1,3.26,10.3
22300073,R. Delgado,Milwaukee Bucks,1,1,58,2.0,2PT Field Goal,Restricted Area,15.2,12.3,0,4.99,14.8
22300690,L. Fitzgerald,Milwaukee Bucks,3,3,25,2.4,2PT Field Goal,Restricted Area,19.3,13.7,1,7.11,5.1
22300344,B. Osei,Boston Celtics,1,5,54,3.6,2PT Field Goal,Restricted Area,20.4,29.8,1,5.41,16.8
22300156,M. Okafor,Milwaukee Bucks,4,6,28,15.1,2PT Field Goal,Mid-Range,96.2,115.9,0,3.86,16.7
22300738,D. Reyes,Miami Heat,2,8,40,17.9,2PT Field Goal,Mid-Range,-115.9,136.9,0,4.56,16.6
22300598,A. Kowalski,Phoenix Suns,4,0,19,18.6,2PT Field Goal,Mid-Range,126.2,136.0,0,2.78,6.3
22300511,J. Carter,Miami Heat,4,10,22,20.2,2PT Field Goal,Mid-Range,132.0,152.7,0,3.77,16.4
22300119,M. Okafor,Phoenix Suns,2,2,27,28.2,3PT Field Goal,Above the Break 3,-116.2,256.9,1,7.86,3.6
22300168,S. Whitfield,Miami Heat,1,5,38,26.0,3PT Field Goal,Above the Break 3,-167.4,199.3,0,2.51,2.5
22300281,S. Whitfield,Milwaukee Bucks,4,5,9,2.2,2PT Field Goal,Restricted Area,-11.4,18.4,0,3.59,13.7
22300519,D. Reyes,Boston Celtics,2,11,22,18.8,2PT Field Goal,Mid-Range,137.7,127.6,0,4.37,5.9
22300467,D. Reyes,Milwaukee Bucks,3,11,21,27.8,3PT Field Goal,Above the Break 3,126.7,247.1,0,4.65,7.9
22300670,A. Kowalski,Boston Celtics,2,11,10,4.0,2PT Field Goal,In The Paint (Non-RA),-2.0,40.0,0,5.52,0.8
22300904,S. Whitfield,Boston Celtics,2,8,57,25.8,3PT Field Goal,Above the Break 3,-214.1,143.8,0,1.18,6.2
22300526,A. Kowalski,New York Knicks,4,0,33,19.0,2PT Field Goal,Mid-Range,152.7,112.7,1,2.66,17.0
22300026,J. Carter,Phoenix Suns,1,9,39,21.4,2PT Field Goal,Mid-Range,-196.0,85.7,1,3.61,12.8
22300617,M. Okafor,Los Angeles Lakers,1,7,7,16.2,2PT Field Goal,Mid-Range,-103.0,124.6,1,4.47,22.6
22300817,T. Nwosu,Golden State Warriors,1,0,47,29.0,3PT Field Goal,Above the Break 3,236.8,167.4,0,5.25,11.6
22300591,D. Reyes,New York Knicks,2,2,38,0.9,2PT Field Goal,Restricted Area,0.5,9.5,1,4.75,20.8
22300130,S. Whitfield,Milwaukee Bucks,1,7,1,26.2,3PT Field Goal,Above the Break 3,-94.7,244.7,1,3.97,8.0
22300985,S. Whitfield,Boston Celtics,4,1,23,17.6,2PT Field Goal,Mid-Range,4.0,175.9,0,1.72,6.8
22300624,K. Albrecht,Milwaukee Bucks,3,5,24,2.7,2PT Field Goal,Restricted Area,8.0,25.3,0,1.2,0.6
22300845,D. Reyes,Phoenix Suns,4,9,35,21.0,2PT Field Goal,Mid-Range,90.0,190.2,0,1.11,11.6
22300690,K. Albrecht,New York Knicks,4,3,57,17.7,2PT Field Goal,Mid-Range,19.2,175.5,1,5.69,16.0
22300062,K. Albrecht,Phoenix Suns,3,2,32,26.0,3PT Field Goal,Above the Break 3,-228.7,123.7,0,7.37,3.8
22300280,S. Whitfield,Los Angeles Lakers,1,9,33,18.7,2PT Field Goal,Mid-Range,-135.5,129.4,0,1.88,2.5
22300379,L. Fitzgerald,Miami Heat,2,2,48,18.0,2PT Field Goal,Mid-Range,-96.3,152.6,0,0.64,3.0
22300948,D. Reyes,New York Knicks,3,2,30,4.0,2PT Field Goal,In The Paint (Non-RA),-3.2,39.9,1,2.96,17.6
22300070,T. Nwosu,Boston Celtics,1,1,33,6.3,2PT Field Goal,In The Paint (Non-RA),11.5,62.4,0,4.29,18.5
22300763,B. Osei,Miami Heat,3,1,51,3.6,2PT Field Goal,Restricted Area,22.9,27.5,0,2.55,14.2
22300698,K. Albrecht,Miami Heat,2,9,49,21.8,2PT Field Goal,Mid-Range,-138.8,168.0,1,3.25,7.0
22300878,R. Delgado,Los Angeles Lakers,2,5,28,23.7,3PT Field Goal,Above the Break 3,-188.6,143.0,0,5.29,4.1
22300104,D. Reyes,Golden State Warriors,1,2,37,19.4,2PT Field Goal,Mid-Range,137.9,137.0,1,4.6,10.6
22300303,K. Albrecht,Los Angeles Lakers,3,3,6,2.4,2PT Field Goal,Restricted Area,5.4,23.5,1,2.74,14.9
22300039,L. Fitzgerald,Denver Nuggets,1,4,26,0.9,2PT Field Goal,Restricted Area,-2.6,8.8,1,0.84,19.6
22300080,A. Kowalski,Denver Nuggets,4,9,55,24.7,3PT Field Goal,Above the Break 3,-210.0,130.8,0,3.43,7.2
22300527,B. Osei,Miami Heat,4,4,34,1.1,2PT Field Goal,Restricted Area,-7.5,8.4,0,6.21,15.4
22300672,K. Albrecht,Phoenix Suns,1,3,6,20.2,2PT Field Goal,Mid-Range,131.8,152.9,0,0.3,17.4
22300925,A. Kowalski,Denver Nuggets,3,8,32,26.2,3PT Field Goal,Above the Break 3,13.1,261.7,0,7.25,14.7
22300502,S. Whitfield,Golden State Warriors,3,6,17,24.6,3PT Field Goal,Above the Break 3,-223.6,102.7,1,4.17,14.1
22300026,R. Delgado,Milwaukee Bucks,2,2,54,14.3,2PT Field Goal,Mid-Range,-1.3,142.6,1,7.2,23.3
22300237,K. Albrecht,Milwaukee Bucks,1,8,40,29.0,3PT Field Goal,Above the Break 3,-42.9,286.8,1,2.28,0.6
22300067,L. Fitzgerald,Milwaukee Bucks,1,5,0,5.8,2PT Field Goal,In The Paint (Non-RA),33.7,47.2,1,1.97,13.8
22300496,B. Osei,Boston Celtics,1,6,19,25.5,3PT Field Goal,Above the Break 3,-209.1,145.6,0,0.73,1.2
22300859,M. Okafor,Miami Heat,2,1,22,17.2,2PT Field Goal,Mid-Range,-41.7,166.4,0,4.3,2.6
22300581,S. Whitfield,Los Angeles Lakers,3,1,52,1.8,2PT Field Goal,Restricted Area,15.1,9.9,0,4.07,9.7
22300074,J. Carter,Milwaukee Bucks,1,11,22,24.1,3PT Field Goal,Above the Break 3,123.5,207.3,0,3.31,4.9
22300286,B. Osei,Miami Heat,3,4,42,2.4,2PT Field Goal,Restricted Area,8.4,22.3,0,3.98,19.8
22300483,R. Delgado,Miami Heat,1,3,20,27.3,3PT Field Goal,Above the Break 3,-62.4,265.5,0,4.8,22.1
22300787,T. Nwosu,New York Knicks,3,8,4,1.7,2PT Field Goal,Restricted Area,-9.5,14.1,1,1.98,22.6
22300395,T. Nwosu,Phoenix Suns,3,0,47,24.5,3PT Field Goal,Above the Break 3,-202.0,139.4,0,5.89,5.9
22300954,D. Reyes,Golden State Warriors,1,8,59,0.2,2PT Field Goal,Restricted Area,-1.0,1.9,1,0.3,10.5
22300089,A. Kowalski,Denver Nuggets,3,2,5,20.0,2PT Field Goal,Mid-Range,-63.5,189.4,1,2.71,23.4
22300912,L. Fitzgerald,Denver Nuggets,3,9,19,1.1,2PT Field Goal,Restricted Area,-1.6,10.8,1,4.56,20.3
22300557,D. Reyes,New York Knicks,4,10,41,26.2,3PT Field Goal,Above the Break 3,189.7,181.2,1,3.19,5.2
22300563,D. Reyes,Denver Nuggets,3,11,29,2.6,2PT Field Goal,Restricted Area,-4.3,26.0,0,4.15,1.5
22300330,K. Albrecht,Denver Nuggets,1,7,56,25.3,3PT Field Goal,Above the Break 3,86.0,238.3,0,0.3,17.1
22300112,L. Fitzgerald,Miami Heat,3,2,51,24.2,3PT Field Goal,Above the Break 3,-172.3,170.0,0,3.07,13.3
22300251,T. Nwosu,Los Angeles Lakers,2,9,45,3.0,2PT Field Goal,Restricted Area,-9.3,28.8,1,3.65,19.8
22300363,A. Kowalski,Los Angeles Lakers,4,10,47,28.0,3PT Field Goal,Above the Break 3,239.3,145.3,1,0.55,11.1
22300587,D. Reyes,Miami Heat,3,8,11,0.3,2PT Field Goal,Restricted Area,-2.0,2.0,0,5.05,9.0
22300389,L. Fitzgerald,Milwaukee Bucks,4,0,39,25.7,3PT Field Goal,Above the Break 3,-205.0,154.4,0,0.94,3.5
22300251,T. Nwosu,Boston Celtics,4,10,16,27.5,3PT Field Goal,Above the Break 3,-232.5,146.0,0,1.87,20.3
22300634,D. Reyes,Denver Nuggets,1,8,16,1.6,2PT Field Goal,Restricted Area,-14.3,6.0,0,0.8,18.7
22300809,S. Whitfield,Los Angeles Lakers,3,10,7,24.9,3PT Field Goal,Above the Break 3,-184.8,166.7,0,4.18,22.2
22300069,T. Nwosu,Miami Heat,4,7,15,13.6,2PT Field Goal,In The Paint (Non-RA),-112.8,75.7,1,1.97,16.9
22300615,L. Fitzgerald,Phoenix Suns,3,6,52,0.2,2PT Field Goal,Restricted Area,-1.4,1.4,1,5.08,11.4
22300737,J. Carter,Phoenix Suns,2,10,21,22.9,3PT Field Goal,Above the Break 3,-49.0,224.0,1,5.63,23.0
22300592,J. Carter,Golden State Warriors,3,7,30,6.6,2PT Field Goal,In The Paint (Non-RA),30.4,58.4,0,2.94,5.7
22300070,B. Osei,Los Angeles Lakers,1,7,9,1.3,2PT Field Goal,Restricted Area,8.9,9.6,0,4.96,23.7
22300205,M. Okafor,Golden State Warriors,2,5,49,4.0,2PT Field Goal,In The Paint (Non-RA),6.9,39.4,0,7.73,0.5
22300200,R. Delgado,Golden State Warriors,2,8,10,23.3,3PT Field Goal,Above the Break 3,-188.5,136.3,0,0.3,7.4
22300832,B. Osei,Miami Heat,1,6,7,24.6,3PT Field Goal,Above the Break 3,170.0,177.3,0,0.3,13.8
22300403,D. Reyes,Miami Heat,4,1,14,13.5,2PT Field Goal,In The Paint (Non-RA),51.2,125.4,0,7.74,5.9
22300036,T. Nwosu,Boston Celtics,2,6,2,12.6,2PT Field Goal,In The Paint (Non-RA),88.8,89.5,0,1.74,9.7
22300803,K. Albrecht,Phoenix Suns,4,2,14,15.3,2PT Field Goal,Mid-Range,87.6,126.0,1,10.26,23.1
22300950,B. Osei,Boston Celtics,2,5,39,25.2,3PT Field Goal,Above the Break 3,-163.4,191.5,0,5.72,5.8
22300869,S. Whitfield,Boston Celtics,3,0,14,2.1,2PT Field Goal,Restricted Area,18.6,9.3,1,0.3,3.1
22300646,D. Reyes,Phoenix Suns,1,7,9,25.6,3PT Field Goal,Above the Break 3,159.2,200.5,0,5.75,17.3
22300968,L. Fitzgerald,Boston Celtics,2,7,8,26.4,3PT Field Goal,Above the Break 3,-106.2,241.9,0,3.47,16.5
22300681,R. Delgado,Phoenix Suns,2,10,36,9.6,2PT Field Goal,In The Paint (Non-RA),57.5,76.6,1,4.01,4.9
22300188,J. Carter,Boston Celtics,4,6,52,9.6,2PT Field Goal,In The Paint (Non-RA),-17.7,94.6,0,5.69,8.8
22300063,T. Nwosu,Denver Nuggets,1,10,47,23.3,3PT Field Goal,Above the Break 3,-187.8,137.2,0,2.42,6.6
22300247,J. Carter,Golden State Warriors,3,4,57,4.3,2PT Field Goal,In The Paint (Non-RA),13.2,41.0,1,3.07,20.6
22300029,B. Osei,Miami Heat,2,10,52,1.6,2PT Field Goal,Restricted Area,14.5,6.1,0,4.12,18.6
22300900,A. Kowalski,Boston Celtics,3,9,53,25.9,3PT Field Goal,Above the Break 3,98.7,239.6,0,0.3,1.5
22300689,M. Okafor,Phoenix Suns,4,10,37,11.7,2PT Field Goal,In The Paint (Non-RA),98.0,64.1,0,3.14,4.9
22300714,D. Reyes,New York Knicks,4,1,11,20.2,2PT Field Goal,Mid-Range,-132.9,152.6,0,4.39,23.5
22300377,K. Albrecht,Miami Heat,4,9,26,1.3,2PT Field Goal,Restricted Area,0.1,12.8,0,3.88,5.5
22300954,A. Kowalski,Phoenix Suns,4,8,17,21.4,2PT Field Goal,Mid-Range,-96.9,190.4,1,4.13,21.5
22300126,B. Osei,Golden State Warriors,4,11,0,0.5,2PT Field Goal,Restricted Area,4.5,2.6,1,3.82,9.1
22300586,K. Albrecht,Milwaukee Bucks,3,2,27,23.3,3PT Field Goal,Above the Break 3,-172.1,157.2,1,0.3,6.6
22300664,M. Okafor,Los Angeles Lakers,1,6,25,10.8,2PT Field Goal,In The Paint (Non-RA),-97.7,46.7,1,1.81,22.6
22300245,M. Okafor,New York Knicks,1,8,0,24.3,3PT Field Goal,Above the Break 3,19.9,241.9,0,0.3,4.5
22300161,L. Fitzgerald,Miami Heat,2,10,50,20.1,2PT Field Goal,Mid-Range,-39.7,196.9,0,4.55,18.1
22300966,J. Carter,Milwaukee Bucks,3,1,52,29.0,3PT Field Goal,Above the Break 3,-182.3,225.6,1,6.02,12.6
22300997,D. Reyes,New York Knicks,1,7,3,9.9,2PT Field Goal,In The Paint (Non-RA),83.3,52.7,0,4.19,12.6
22300511,D. Reyes,New York Knicks,1,10,30,19.8,2PT Field Goal,Mid-Range,-94.2,174.0,0,0.3,3.2
22300888,J. Carter,Boston Celtics,1,11,52,0.2,2PT Field Goal,Restricted Area,-1.2,1.6,0,2.99,6.1
22300116,L. Fitzgerald,Los Angeles Lakers,4,9,48,16.2,2PT Field Goal,Mid-Range,66.1,147.9,0,5.66,3.3
22300836,K. Albrecht,Golden State Warriors,4,1,23,15.0,2PT Field Goal,Mid-Range,134.8,65.1,0,4.94,11.7
22300307,T. Nwosu,Golden State Warriors,3,6,59,1.9,2PT Field Goal,Restricted Area,-3.7,19.1,0,5.59,17.9
22300200,L. Fitzgerald,Denver Nuggets,2,5,21,21.5,2PT Field Goal,Mid-Range,124.3,175.6,0,5.74,14.9
22300960,D. Reyes,Milwaukee Bucks,2,1,53,27.8,3PT Field Goal,Above the Break 3,-241.5,137.6,0,1.44,19.3
22300069,T. Nwosu,Boston Celtics,2,9,33,1.7,2PT Field Goal,Restricted Area,12.1,11.4,0,4.43,8.1
22300967,B. Osei,Miami Heat,1,6,53,12.1,2PT Field Goal,In The Paint (Non-RA),11.1,120.8,1,4.59,22.5
22300022,S. Whitfield,Milwaukee Bucks,2,8,18,24.8,3PT Field Goal,Above the Break 3,85.8,233.2,0,1.59,6.0
22300579,R. Delgado,Phoenix Suns,2,9,18,8.7,2PT Field Goal,In The Paint (Non-RA),-6.8,86.8,0,2.57,7.0
22300718,A. Kowalski,Denver Nuggets,4,11,3,3.8,2PT Field Goal,Restricted Area,-34.7,15.7,1,3.62,16.8
22300241,J. Carter,Phoenix Suns,3,10,12,17.4,2PT Field Goal,Mid-Range,-46.0,167.5,0,8.31,16.1
22300539,R. Delgado,Phoenix Suns,4,9,20,7.8,2PT Field Goal,In The Paint (Non-RA),-56.2,54.4,0,6.29,7.1
22300111,K. Albrecht,Los Angeles Lakers,2,2,51,28.7,3PT Field Goal,Above the Break 3,-197.7,208.4,0,3.97,3.8
22300764,L. Fitzgerald,Golden State Warriors,2,2,40,21.2,2PT Field Goal,Mid-Range,150.4,149.6,0,4.05,22.1
22300108,T. Nwosu,Miami Heat,2,3,28,28.1,3PT Field Goal,Above the Break 3,-99.2,262.4,0,0.3,21.8
22300211,K. Albrecht,Miami Heat,1,3,57,0.2,2PT Field Goal,Restricted Area,1.4,1.4,0,4.01,18.4
22300109,S. Whitfield,New York Knicks,3,1,22,27.1,3PT Field Goal,Above the Break 3,159.4,219.2,1,6.21,17.0
22300939,S. Whitfield,Miami Heat,2,10,15,28.1,3PT Field Goal,Above the Break 3,126.3,251.5,0,3.01,19.3
22300781,J. Carter,Miami Heat,1,6,13,2.5,2PT Field Goal,Restricted Area,-1.3,25.3,0,5.16,22.4
22300593,K. Albrecht,Miami Heat,2,11,0,19.3,2PT Field Goal,Mid-Range,-165.4,100.3,0,7.08,22.3
22300534,K. Albrecht,Milwaukee Bucks,2,5,21,25.1,3PT Field Goal,Above the Break 3,171.4,182.7,1,3.25,11.6
22300819,B. Osei,Boston Celtics,2,6,54,21.5,2PT Field Goal,Mid-Range,-193.1,93.5,1,0.45,11.7
22300008,L. Fitzgerald,Phoenix Suns,4,2,20,25.3,3PT Field Goal,Above the Break 3,-69.3,243.1,1,3.72,20.4
22300732,B. Osei,Los Angeles Lakers,2,11,20,3.6,2PT Field Goal,Restricted Area,28.9,22.2,1,3.6,23.0
22300858,S. Whitfield,Miami Heat,2,0,11,14.2,2PT Field Goal,Mid-Range,80.6,116.9,0,10.09,0.6
22300931,J. Carter,New York Knicks,2,6,58,20.4,2PT Field Goal,Mid-Range,39.4,200.1,0,3.74,0.7
22300148,D. Reyes,Phoenix Suns,4,9,4,0.2,2PT Field Goal,Restricted Area,0.6,1.9,1,3.7,23.3
22300128,S. Whitfield,Golden State Warriors,3,6,22,24.0,3PT Field Goal,Above the Break 3,205.4,123.2,0,6.25,10.2
22300763,D. Reyes,Los Angeles Lakers,4,11,14,11.4,2PT Field Goal,In The Paint (Non-RA),68.7,91.1,0,2.26,22.2
22300913,S. Whitfield,Phoenix Suns,1,8,24,19.9,2PT Field Goal,Mid-Range,20.1,198.1,0,3.18,18.6
22300043,B. Osei,New York Knicks,1,1,53,26.6,3PT Field Goal,Above the Break 3,-79.6,253.3,0,3.6,22.5
22300350,S. Whitfield,Boston Celtics,1,4,16,23.2,3PT Field Goal,Above the Break 3,-184.9,140.9,0,3.52,4.4
22300388,R. Delgado,Golden State Warriors,3,4,51,2.8,2PT Field Goal,Restricted Area,19.9,19.8,1,4.8,16.0
22300547,T. Nwosu,Milwaukee Bucks,1,9,27,0.2,2PT Field Goal,Restricted Area,1.3,1.5,0,4.32,3.1
22300995,L. Fitzgerald,New York Knicks,1,2,27,24.6,3PT Field Goal,Above the Break 3,84.0,231.1,0,0.3,19.6
22300369,S. Whitfield,Denver Nuggets,2,3,31,18.5,2PT Field Goal,Mid-Range,148.8,110.0,1,6.48,5.0
22300344,R. Delgado,New York Knicks,4,5,40,2.6,2PT Field Goal,Restricted Area,-23.7,11.6,0,2.91,1.8
22300253,T. Nwosu,Boston Celtics,2,2,22,3.8,2PT Field Goal,Restricted Area,-30.8,22.4,0,5.52,18.0
22300763,K. Albrecht,Miami Heat,1,6,3,8.9,2PT Field Goal,In The Paint (Non-RA),21.1,86.9,0,4.14,17.0
22300194,K. Albrecht,Golden State Warriors,1,11,38,2.0,2PT Field Goal,Restricted Area,18.5,7.5,1,5.32,18.7
22300133,A. Kowalski,Boston Celtics,2,0,41,26.3,3PT Field Goal,Above the Break 3,225.5,135.8,1,6.96,6.6
22300926,M. Okafor,Miami Heat,3,2,9,2.4,2PT Field Goal,Restricted Area,7.7,22.2,1,3.52,14.3
22300717,J. Carter,Los Angeles Lakers,3,8,0,24.6,3PT Field Goal,Above the Break 3,-197.2,146.9,0,2.95,5.1
22300446,S. Whitfield,Denver Nuggets,1,2,29,26.1,3PT Field Goal,Above the Break 3,31.1,259.4,0,4.84,5.8
22300497,L. Fitzgerald,Golden State Warriors,3,9,15,15.3,2PT Field Goal,Mid-Range,41.9,147.2,1,3.74,12.3
22300149,M. Okafor,Golden State Warriors,2,9,18,15.6,2PT Field Goal,Mid-Range,96.5,122.9,1,8.02,13.0
22300712,R. Delgado,Denver Nuggets,3,10,18,21.4,2PT Field Goal,Mid-Range,195.3,88.2,0,3.46,8.8
22300322,L. Fitzgerald,Miami Heat,3,1,12,1.1,2PT Field Goal,Restricted Area,7.0,9.1,0,2.65,9.5
22300251,L. Fitzgerald,Miami Heat,4,1,23,10.1,2PT Field Goal,In The Paint (Non-RA),3.4,100.6,1,8.5,22.0
22300672,K. Albrecht,Boston Celtics,2,5,47,2.4,2PT Field Goal,Restricted Area,13.3,19.4,1,2.43,4.0
22300758,K. Albrecht,Milwaukee Bucks,2,6,5,3.4,2PT Field Goal,Restricted Area,-11.5,31.9,1,5.78,14.8
22300981,S. Whitfield,Milwaukee Bucks,3,4,39,28.8,3PT Field Goal,Above the Break 3,-23.5,286.9,0,2.63,24.0
22300921,R. Delgado,Phoenix Suns,3,8,45,23.7,3PT Field Goal,Above the Break 3,18.7,236.5,0,5.51,13.4
22300266,J. Carter,Los Angeles Lakers,3,1,1,28.0,3PT Field Goal,Above the Break 3,-85.6,266.9,1,7.62,4.4
22300037,J. Carter,Milwaukee Bucks,3,11,18,1.8,2PT Field Goal,Restricted Area,16.1,7.4,1,7.17,4.8
22300596,T. Nwosu,Los Angeles Lakers,4,1,33,17.1,2PT Field Goal,Mid-Range,-82.8,149.8,1,3.12,7.5
22300768,D. Reyes,Phoenix Suns,1,3,43,24.3,3PT Field Goal,Above the Break 3,82.0,228.4,0,5.31,11.6
22300789,K. Albrecht,Los Angeles Lakers,1,10,35,5.5,2PT Field Goal,In The Paint (Non-RA),-32.8,44.5,1,6.77,11.5
22300526,J. Carter,New York Knicks,4,2,54,1.8,2PT Field Goal,Restricted Area,16.9,7.0,0,4.34,16.1
22300756,J. Carter,Miami Heat,3,2,6,23.8,3PT Field Goal,Above the Break 3,-84.0,222.9,1,8.3,0.4
22300139,S. Whitfield,Golden State Warriors,3,7,32,2.5,2PT Field Goal,Restricted Area,6.1,24.0,0,7.63,12.8
22300313,D. Reyes,Denver Nuggets,3,4,1,6.0,2PT Field Goal,In The Paint (Non-RA),51.4,31.2,1,7.98,0.0
22300273,M. Okafor,Miami Heat,1,7,32,3.0,2PT Field Goal,Restricted Area,12.7,27.3,1,4.15,23.8
22300791,L. Fitzgerald,Los Angeles Lakers,3,5,35,5.8,2PT Field Goal,In The Paint (Non-RA),11.2,57.2,1,5.01,10.0
22300574,T. Nwosu,Phoenix Suns,1,11,42,20.0,2PT Field Goal,Mid-Range,-168.7,107.7,0,1.34,15.7
22300048,L. Fitzgerald,Denver Nuggets,2,7,48,12.0,2PT Field Goal,In The Paint (Non-RA),-22.1,118.2,1,2.08,10.5
22300459,L. Fitzgerald,Phoenix Suns,2,5,24,25.9,3PT Field Goal,Above the Break 3,-34.2,256.8,0,5.43,23.6
22300585,S. Whitfield,Milwaukee Bucks,4,0,33,27.4,3PT Field Goal,Above the Break 3,122.1,244.7,0,2.46,18.3
22300900,T. Nwosu,Golden State Warriors,1,9,23,24.2,3PT Field Goal,Above the Break 3,-8.8,242.0,0,4.2,8.2
22300827,S. Whitfield,Miami Heat,4,3,6,24.2,3PT Field Goal,Above the Break 3,-124.8,207.2,0,1.67,5.4
22300129,S. Whitfield,Denver Nuggets,1,7,55,13.9,2PT Field Goal,In The Paint (Non-RA),10.0,139.0,0,2.51,3.5
22300350,J. Carter,Boston Celtics,2,9,54,0.2,2PT Field Goal,Restricted Area,-0.6,1.9,1,1.33,10.2
22300073,K. Albrecht,Los Angeles Lakers,3,4,23,24.7,3PT Field Goal,Above the Break 3,169.1,180.2,0,4.81,20.1
22300330,K. Albrecht,Golden State Warriors,3,1,31,2.1,2PT Field Goal,Restricted Area,-1.6,20.7,0,2.44,1.6
22300627,L. Fitzgerald,New York Knicks,3,10,33,21.8,2PT Field Goal,Mid-Range,-23.1,216.9,1,4.43,8.4
22300361,M. Okafor,Golden State Warriors,1,6,40,15.8,2PT Field Goal,Mid-Range,76.2,138.7,0,5.46,17.4
22300603,M. Okafor,Golden State Warriors,2,8,41,1.2,2PT Field Goal,Restricted Area,1.0,11.6,1,3.3,9.2
22300629,M. Okafor,New York Knicks,1,9,19,2.6,2PT Field Goal,Restricted Area,-4.0,25.8,1,4.16,14.8
22300207,B. Osei,Golden State Warriors,1,5,8,14.5,2PT Field Goal,Mid-Range,-121.6,79.6,0,9.37,17.9
22300709,B. Osei,Los Angeles Lakers,2,5,18,24.2,3PT Field Goal,Above the Break 3,-22.7,241.0,1,5.38,11.5
22300659,A. Kowalski,Miami Heat,1,11,1,13.7,2PT Field Goal,In The Paint (Non-RA),104.6,89.0,1,7.76,13.8
22300033,T. Nwosu,New York Knicks,2,2,39,14.3,2PT Field Goal,Mid-Range,128.4,62.5,1,7.56,1.8
22300167,S. Whitfield,Los Angeles Lakers,3,7,12,25.8,3PT Field Goal,Above the Break 3,192.2,172.7,0,6.13,4.3
22300634,T. Nwosu,Miami Heat,1,11,2,17.5,2PT Field Goal,Mid-Range,-140.2,104.0,0,5.34,3.4
22300886,S. Whitfield,Miami Heat,4,9,41,9.5,2PT Field Goal,In The Paint (Non-RA),75.2,58.4,0,0.43,1.0
22300401,D. Reyes,Milwaukee Bucks,2,9,27,20.6,2PT Field Goal,Mid-Range,-1.8,206.0,0,5.26,23.7
22300589,B. Osei,Los Angeles Lakers,3,7,58,24.2,3PT Field Goal,Above the Break 3,107.9,216.8,0,1.86,11.4
22300279,K. Albrecht,Denver Nuggets,2,10,56,25.0,3PT Field Goal,Above the Break 3,73.2,239.5,0,1.07,12.1
22300566,S. Whitfield,New York Knicks,4,11,24,20.4,2PT Field Goal,Mid-Range,-1.8,204.0,0,3.98,14.1
22300324,M. Okafor,Miami Heat,2,0,39,18.7,2PT Field Goal,Mid-Range,-118.4,145.0,1,6.75,19.6
22300351,R. Delgado,Golden State Warriors,4,5,39,3.3,2PT Field Goal,Restricted Area,-10.7,30.9,1,5.5,22.0
22300759,R. Delgado,Milwaukee Bucks,4,0,52,2.4,2PT Field Goal,Restricted Area,-8.2,22.4,1,5.8,10.4
22300595,S. Whitfield,Milwaukee Bucks,1,5,13,26.1,3PT Field Goal,Above the Break 3,155.7,210.0,1,5.93,2.7
22300403,M. Okafor,Golden State Warriors,4,1,11,3.6,2PT Field Goal,Restricted Area,-26.5,24.2,1,5.92,10.9
22300650,A. Kowalski,New York Knicks,2,8,10,11.8,2PT Field Goal,In The Paint (Non-RA),-101.4,61.3,0,1.73,17.7
22300550,D. Reyes,Boston Celtics,1,6,2,24.7,3PT Field Goal,Above the Break 3,182.9,166.8,0,1.63,22.5
22300938,T. Nwosu,Los Angeles Lakers,2,2,54,0.8,2PT Field Goal,Restricted Area,2.9,7.3,1,4.34,2.8
22300618,T. Nwosu,Boston Celtics,2,0,30,14.0,2PT Field Goal,Mid-Range,20.9,138.7,1,6.53,9.5
22300294,K. Albrecht,Golden State Warriors,1,1,30,1.5,2PT Field Goal,Restricted Area,-11.1,10.1,0,4.05,16.3
22300136,R. Delgado,Denver Nuggets,2,9,3,16.0,2PT Field Goal,Mid-Range,-123.8,100.9,0,2.43,7.0
22300322,D. Reyes,New York Knicks,4,4,12,27.6,3PT Field Goal,Above the Break 3,106.7,254.3,0,2.9,16.6
22300183,J. Carter,Phoenix Suns,3,2,10,24.3,3PT Field Goal,Above the Break 3,-178.1,165.0,1,3.05,17.1
22300844,T. Nwosu,Milwaukee Bucks,4,6,59,24.1,3PT Field Goal,Above the Break 3,179.9,160.6,0,2.64,17.5
22300136,T. Nwosu,Phoenix Suns,3,1,53,5.2,2PT Field Goal,In The Paint (Non-RA),-36.8,36.8,1,1.65,7.2
22300484,J. Carter,Denver Nuggets,1,11,11,15.2,2PT Field Goal,Mid-Range,43.9,145.4,1,7.81,14.0
22300640,D. Reyes,New York Knicks,2,11,1,0.8,2PT Field Goal,Restricted Area,-4.6,6.4,0,4.56,0.0
22300331,B. Osei,Milwaukee Bucks,3,3,25,2.1,2PT Field Goal,Restricted Area,-8.9,18.7,1,0.36,13.0
22300911,K. Albrecht,Miami Heat,1,8,34,29.0,3PT Field Goal,Above the Break 3,-116.8,265.4,0,4.56,6.9
22300563,R. Delgado,Phoenix Suns,4,2,36,2.1,2PT Field Goal,Restricted Area,-19.1,9.1,1,5.35,15.0
22300730,M. Okafor,Denver Nuggets,1,1,17,28.2,3PT Field Goal,Above the Break 3,-53.8,276.9,0,6.08,3.0
22300594,M. Okafor,New York Knicks,3,0,59,1.8,2PT Field Goal,Restricted Area,13.4,11.4,0,1.79,14.8
22300756,K. Albrecht,Denver Nuggets,3,8,34,25.6,3PT Field Goal,Above the Break 3,-0.6,256.3,1,0.3,24.0
22300698,B. Osei,Milwaukee Bucks,2,6,48,7.3,2PT Field Goal,In The Paint (Non-RA),-48.8,54.2,1,9.4,4.0
22300764,S. Whitfield,Boston Celtics,1,6,35,15.3,2PT Field Goal,Mid-Range,6.7,152.4,1,1.16,12.3
22300721,D. Reyes,Los Angeles Lakers,2,7,55,27.0,3PT Field Goal,Above the Break 3,231.7,138.4,0,0.89,4.2
22300906,R. Delgado,Phoenix Suns,3,5,35,0.5,2PT Field Goal,Restricted Area,-0.4,5.1,1,4.55,14.7
22300541,A. Kowalski,Phoenix Suns,1,3,2,26.1,3PT Field Goal,Above the Break 3,-10.6,260.9,0,6.68,19.4
22300128,M. Okafor,New York Knicks,1,8,48,24.6,3PT Field Goal,Above the Break 3,147.5,196.7,1,6.42,6.6
22300032,R. Delgado,New York Knicks,2,10,19,15.1,2PT Field Goal,Mid-Range,-128.9,78.0,1,2.24,6.3
22300411,D. Reyes,New York Knicks,1,4,11,14.3,2PT Field Goal,Mid-Range,-61.0,129.1,0,4.19,20.7
22300827,B. Osei,Golden State Warriors,2,2,43,13.4,2PT Field Goal,In The Paint (Non-RA),-33.0,129.8,0,2.43,13.6
22300916,M. Okafor,Miami Heat,1,9,4,26.7,3PT Field Goal,Above the Break 3,-117.4,240.0,1,4.12,8.6
22300445,A. Kowalski,Milwaukee Bucks,2,11,4,7.0,2PT Field Goal,In The Paint (Non-RA),7.8,69.2,1,2.56,14.3
22300866,R. Delgado,Miami Heat,4,1,56,1.9,2PT Field Goal,Restricted Area,11.8,15.0,0,9.88,9.7
22300186,K. Albrecht,New York Knicks,2,9,10,18.0,2PT Field Goal,Mid-Range,-38.7,176.1,0,6.86,14.5
22300394,S. Whitfield,Boston Celtics,1,0,58,26.0,3PT Field Goal,Above the Break 3,163.1,203.1,1,3.69,10.4
22300080,T. Nwosu,Phoenix Suns,4,11,14,27.8,3PT Field Goal,Above the Break 3,-37.9,275.5,1,3.8,22.5
22300504,J. Carter,Phoenix Suns,3,11,32,16.7,2PT Field Goal,Mid-Range,134.7,99.3,1,7.31,3.0
22300173,S. Whitfield,Milwaukee Bucks,4,4,56,5.6,2PT Field Goal,In The Paint (Non-RA),-22.4,51.2,0,2.53,6.9
22300698,S. Whitfield,Boston Celtics,1,2,24,22.5,3PT Field Goal,Above the Break 3,-30.0,223.0,0,3.52,6.5
22300372,T. Nwosu,Denver Nuggets,2,9,27,16.8,2PT Field Goal,Mid-Range,71.7,152.2,0,3.05,16.6
22300434,M. Okafor,Phoenix Suns,2,1,39,27.0,3PT Field Goal,Above the Break 3,-247.7,106.4,0,4.18,7.7
22300971,L. Fitzgerald,Miami Heat,2,6,18,25.8,3PT Field Goal,Above the Break 3,204.7,157.1,1,8.04,7.2
22300763,L. Fitzgerald,Boston Celtics,2,3,25,24.3,3PT Field Goal,Above the Break 3,-32.7,240.4,0,2.64,18.2
22300084,S. Whitfield,Milwaukee Bucks,3,8,11,24.7,3PT Field Goal,Above the Break 3,-74.3,235.9,0,1.26,10.3
22300414,R. Delgado,Golden State Warriors,2,10,24,16.2,2PT Field Goal,Mid-Range,-128.0,99.5,1,1.52,11.2
22300651,S. Whitfield,Denver Nuggets,3,0,6,24.8,3PT Field Goal,Above the Break 3,-202.2,143.2,0,2.68,0.3
22300643,M. Okafor,Golden State Warriors,4,0,1,20.3,2PT Field Goal,Mid-Range,-13.3,202.9,1,0.92,15.3
22300922,L. Fitzgerald,Los Angeles Lakers,2,7,38,1.5,2PT Field Goal,Restricted Area,10.0,10.7,1,1.25,23.6
22300689,J. Carter,New York Knicks,1,5,42,16.3,2PT Field Goal,Mid-Range,40.1,158.2,1,2.17,12.4
22300514,A. Kowalski,Denver Nuggets,2,2,15,23.1,3PT Field Goal,Above the Break 3,191.5,129.5,0,5.26,23.2
22300781,R. Delgado,Golden State Warriors,2,1,58,8.3,2PT Field Goal,In The Paint (Non-RA),76.1,34.2,1,4.7,21.2
22300298,T. Nwosu,Boston Celtics,1,4,32,2.7,2PT Field Goal,Restricted Area,1.0,27.4,1,3.29,22.0
22300579,R. Delgado,Milwaukee Bucks,2,1,56,1.7,2PT Field Goal,Restricted Area,-11.1,12.5,0,4.96,5.8
22300151,B. Osei,Phoenix Suns,1,8,22,24.5,3PT Field Goal,Above the Break 3,212.3,121.6,0,4.2,11.8
22300436,D. Reyes,Boston Celtics,4,5,41,3.4,2PT Field Goal,Restricted Area,-21.1,27.0,1,3.85,23.4
22300450,D. Reyes,Phoenix Suns,4,4,47,2.3,2PT Field Goal,Restricted Area,3.3,22.6,0,2.07,10.1
22300808,J. Carter,New York Knicks,4,10,55,26.9,3PT Field Goal,Above the Break 3,-174.7,204.7,1,5.95,0.1
22300753,T. Nwosu,New York Knicks,2,1,46,22.8,3PT Field Goal,Above the Break 3,179.4,140.2,0,4.03,8.5
22300086,S. Whitfield,Denver Nuggets,2,4,0,24.8,3PT Field Goal,Above the Break 3,147.1,199.9,1,3.63,10.2
22300990,S. Whitfield,Golden State Warriors,3,0,39,22.5,3PT Field Goal,Above the Break 3,13.1,224.6,0,3.27,2.6
22300091,A. Kowalski,Milwaukee Bucks,1,6,10,24.5,3PT Field Goal,Above the Break 3,188.1,156.5,0,4.45,11.0
22300526,L. Fitzgerald,Golden State Warriors,4,5,20,15.3,2PT Field Goal,Mid-Range,64.6,138.2,0,3.9,7.2
22300849,K. Albrecht,Golden State Warriors,1,0,2,16.3,2PT Field Goal,Mid-Range,49.2,155.0,0,1.27,16.8
22300009,K. Albrecht,New York Knicks,3,8,56,26.2,3PT Field Goal,Above the Break 3,105.8,239.7,0,2.72,6.1
22300807,D. Reyes,Boston Celtics,3,3,11,0.2,2PT Field Goal,Restricted Area,1.6,1.2,0,1.36,21.8
22300839,A. Kowalski,Golden State Warriors,2,7,42,1.8,2PT Field Goal,Restricted Area,-4.2,17.4,1,0.3,8.7
22300944,L. Fitzgerald,Golden State Warriors,3,2,53,16.0,2PT Field Goal,Mid-Range,73.0,142.3,1,1.1,20.1
22300338,J. Carter,Phoenix Suns,2,1,55,16.8,2PT Field Goal,Mid-Range,-56.6,157.9,1,10.01,9.0
22300044,R. Delgado,Milwaukee Bucks,2,9,32,25.4,3PT Field Goal,Above the Break 3,97.9,234.5,0,0.3,11.9
22300097,T. Nwosu,Denver Nuggets,2,4,24,11.7,2PT Field Goal,In The Paint (Non-RA),8.7,116.5,0,3.84,2.1
22300019,B. Osei,Golden State Warriors,3,11,57,13.9,2PT Field Goal,In The Paint (Non-RA),77.6,115.0,1,5.83,12.9
22300438,S. Whitfield,Denver Nuggets,1,2,17,0.2,2PT Field Goal,Restricted Area,0.3,2.4,1,3.69,3.0
22300851,B. Osei,Phoenix Suns,2,1,1,3.2,2PT Field Goal,Restricted Area,-0.4,31.9,0,3.84,22.5
22300729,D. Reyes,Denver Nuggets,2,1,52,3.8,2PT Field Goal,Restricted Area,-31.0,21.2,1,1.74,6.1
22300166,T. Nwosu,Phoenix Suns,1,8,4,17.0,2PT Field Goal,Mid-Range,-149.3,82.1,0,2.42,14.3
22300787,D. Reyes,Phoenix Suns,4,1,42,25.6,3PT Field Goal,Above the Break 3,192.5,168.5,0,2.44,19.1
22300648,B. Osei,Miami Heat,2,5,52,2.0,2PT Field Goal,Restricted Area,-2.3,19.6,1,1.39,10.3
22300105,A. Kowalski,Golden State Warriors,2,10,10,2.5,2PT Field Goal,Restricted Area,23.0,10.9,1,3.74,16.9
22300658,S. Whitfield,Los Angeles Lakers,3,5,5,15.8,2PT Field Goal,Mid-Range,-19.6,157.0,1,5.55,23.2
22300810,L. Fitzgerald,Milwaukee Bucks,2,1,24,0.2,2PT Field Goal,Restricted Area,-1.9,1.3,1,6.19,4.4
22300854,J. Carter,Los Angeles Lakers,3,10,39,0.2,2PT Field Goal,Restricted Area,1.1,1.7,0,8.06,11.7
22300744,M. Okafor,Golden State Warriors,2,10,47,23.5,3PT Field Goal,Above the Break 3,-97.6,213.6,0,5.48,12.1
22300877,S. Whitfield,New York Knicks,2,9,1,1.3,2PT Field Goal,Restricted Area,3.8,12.6,1,11.68,7.4
22300559,K. Albrecht,New York Knicks,4,2,55,4.3,2PT Field Goal,In The Paint (Non-RA),-38.4,19.9,1,4.54,17.3
22300556,D. Reyes,Phoenix Suns,3,11,48,26.5,3PT Field Goal,Above the Break 3,213.8,157.0,0,1.59,12.2
22300837,S. Whitfield,Miami Heat,1,8,12,23.9,3PT Field Goal,Above the Break 3,-162.5,174.9,0,0.81,14.0
22300677,M. Okafor,Phoenix Suns,2,5,46,27.1,3PT Field Goal,Above the Break 3,-82.7,258.4,1,4.75,8.7
22300407,D. Reyes,Denver Nuggets,2,10,56,19.0,2PT Field Goal,Mid-Range,-37.4,186.5,0,6.12,16.9
22300314,L. Fitzgerald,Boston Celtics,3,11,27,1.7,2PT Field Goal,Restricted Area,1.2,16.8,1,6.33,10.8
22300270,L. Fitzgerald,Golden State Warriors,4,11,8,0.2,2PT Field Goal,Restricted Area,1.7,1.0,1,4.25,5.4
22300216,J. Carter,Boston Celtics,2,3,40,15.2,2PT Field Goal,Mid-Range,117.1,97.6,1,7.26,11.5
22300479,D. Reyes,Golden State Warriors,3,1,9,21.3,2PT Field Goal,Mid-Range,-60.7,203.9,1,4.32,11.8
22300574,A. Kowalski,Phoenix Suns,1,11,58,2.1,2PT Field Goal,Restricted Area,-6.2,20.2,0,3.29,16.9
22300612,B. Osei,Los Angeles Lakers,1,0,33,2.4,2PT Field Goal,Restricted Area,12.8,20.1,1,3.83,19.6
22300403,S. Whitfield,Golden State Warriors,1,3,34,2.8,2PT Field Goal,Restricted Area,-10.8,25.7,0,4.41,8.9
22300602,L. Fitzgerald,New York Knicks,2,0,17,3.9,2PT Field Goal,Restricted Area,-23.3,31.3,1,5.63,6.2
22300191,J. Carter,Milwaukee Bucks,2,1,40,3.0,2PT Field Goal,Restricted Area,25.9,15.1,1,1.37,23.1
22300164,D. Reyes,Phoenix Suns,4,4,38,1.6,2PT Field Goal,Restricted Area,8.7,12.9,0,1.76,19.2
22300783,B. Osei,Los Angeles Lakers,3,3,25,25.9,3PT Field Goal,Above the Break 3,-55.3,252.8,0,6.91,16.2
22300705,M. Okafor,Milwaukee Bucks,2,8,27,10.4,2PT Field Goal,In The Paint (Non-RA),-67.1,79.0,0,3.36,17.9
22300111,L. Fitzgerald,New York Knicks,4,7,5,24.8,3PT Field Goal,Above the Break 3,-0.4,248.1,0,6.93,3.2
22300764,R. Delgado,Boston Celtics,2,7,11,12.4,2PT Field Goal,In The Paint (Non-RA),-22.6,121.9,1,5.71,4.9
22300115,M. Okafor,Phoenix Suns,1,7,1,2.1,2PT Field Goal,Restricted Area,-9.8,18.9,1,4.93,13.8
22300281,M. Okafor,Los Angeles Lakers,4,3,55,28.2,3PT Field Goal,Above the Break 3,52.3,276.8,0,7.01,2.4
22300528,D. Reyes,Denver Nuggets,4,7,34,21.1,2PT Field Goal,Mid-Range,-148.6,149.3,0,3.87,22.7
22300674,L. Fitzgerald,Milwaukee Bucks,1,10,33,24.8,3PT Field Goal,Above the Break 3,-131.8,210.0,1,5.75,9.2
22300697,B. Osei,New York Knicks,4,3,25,2.7,2PT Field Goal,Restricted Area,3.5,27.2,0,6.11,1.0
22300310,B. Osei,Denver Nuggets,1,5,1,27.3,3PT Field Goal,Above the Break 3,-59.4,266.9,0,6.66,13.2
22300092,K. Albrecht,New York Knicks,2,7,11,17.9,2PT Field Goal,Mid-Range,-36.9,175.6,0,2.02,7.6
22300210,K. Albrecht,Milwaukee Bucks,1,9,20,0.7,2PT Field Goal,Restricted Area,2.8,6.6,1,4.16,10.9
22300901,M. Okafor,Denver Nuggets,1,8,47,3.6,2PT Field Goal,Restricted Area,-30.8,19.3,0,7.74,12.5
22300365,T. Nwosu,Phoenix Suns,3,8,53,3.1,2PT Field Goal,Restricted Area,17.6,25.6,1,5.9,16.2
22300110,A. Kowalski,Miami Heat,3,6,13,1.7,2PT Field Goal,Restricted Area,15.2,8.1,1,7.41,23.6
22300986,B. Osei,New York Knicks,2,5,14,1.2,2PT Field Goal,Restricted Area,10.1,6.9,1,7.83,3.2
22300614,D. Reyes,Boston Celtics,3,11,30,4.0,2PT Field Goal,In The Paint (Non-RA),31.6,24.5,0,2.89,11.1
22300015,T. Nwosu,Miami Heat,2,4,4,19.8,2PT Field Goal,Mid-Range,-174.8,94.0,0,4.21,2.1
22300628,B. Osei,Phoenix Suns,3,1,3,12.2,2PT Field Goal,In The Paint (Non-RA),-53.3,109.3,1,7.62,12.6
22300027,S. Whitfield,Miami Heat,4,9,9,3.0,2PT Field Goal,Restricted Area,-24.7,17.6,1,5.51,1.1
22300619,R. Delgado,Miami Heat,1,11,14,3.2,2PT Field Goal,Restricted Area,-25.4,18.7,0,2.23,1.3
22300868,B. Osei,Golden State Warriors,3,8,14,4.0,2PT Field Goal,In The Paint (Non-RA),-27.8,28.7,0,5.31,17.7
22300517,M. Okafor,Boston Celtics,3,10,10,3.2,2PT Field Goal,Restricted Area,-27.9,15.8,1,5.2,17.1
22300129,A. Kowalski,Miami Heat,4,10,49,2.3,2PT Field Goal,Restricted Area,19.3,11.8,0,3.04,10.0
22300163,D. Reyes,Golden State Warriors,4,0,21,15.7,2PT Field Goal,Mid-Range,34.8,153.2,0,3.37,3.0
22300686,D. Reyes,Denver Nuggets,3,2,27,2.9,2PT Field Goal,Restricted Area,-11.8,26.1,0,6.39,5.5
22300857,K. Albrecht,New York Knicks,1,1,57,25.7,3PT Field Goal,Above the Break 3,-145.5,211.7,1,5.91,21.2
22300764,D. Reyes,Phoenix Suns,2,7,47,25.5,3PT Field Goal,Above the Break 3,-235.4,98.0,0,1.71,13.1
22300445,S. Whitfield,Golden State Warriors,2,10,6,16.3,2PT Field Goal,Mid-Range,-146.6,72.0,0,2.13,10.5
22300641,A. Kowalski,Golden State Warriors,2,2,2,0.9,2PT Field Goal,Restricted Area,3.0,8.3,0,3.54,21.0
22300087,L. Fitzgerald,New York Knicks,4,8,17,2.9,2PT Field Goal,Restricted Area,-1.5,28.8,0,4.28,14.0
22300305,S. Whitfield,Phoenix Suns,2,3,17,13.2,2PT Field Goal,In The Paint (Non-RA),-55.5,119.7,1,4.07,23.2
22300808,B. Osei,Boston Celtics,3,5,32,27.3,3PT Field Goal,Above the Break 3,-21.0,272.2,1,2.31,0.4
22300386,K. Albrecht,Phoenix Suns,1,5,3,26.3,3PT Field Goal,Above the Break 3,-77.9,251.1,0,4.99,18.8
22300803,A. Kowalski,Miami Heat,2,3,48,25.5,3PT Field Goal,Above the Break 3,119.1,225.3,1,0.3,12.3
22300867,R. Delgado,Miami Heat,2,7,12,25.3,3PT Field Goal,Above the Break 3,31.4,250.9,0,2.26,15.5
22300165,L. Fitzgerald,New York Knicks,4,1,14,0.2,2PT Field Goal,Restricted Area,-0.4,2.0,0,4.28,2.3
22300239,S. Whitfield,Milwaukee Bucks,1,9,12,10.5,2PT Field Goal,In The Paint (Non-RA),-96.6,40.1,0,4.21,1.0
22300452,R. Delgado,Los Angeles Lakers,4,0,26,12.5,2PT Field Goal,In The Paint (Non-RA),14.0,124.1,0,3.96,9.5
22300445,B. Osei,Phoenix Suns,4,5,53,2.5,2PT Field Goal,Restricted Area,19.4,16.2,0,5.04,16.7
22300420,R. Delgado,New York Knicks,2,5,32,21.3,2PT Field Goal,Mid-Range,-118.6,176.5,0,4.63,3.5
22300595,B. Osei,Los Angeles Lakers,2,7,5,17.8,2PT Field Goal,Mid-Range,-66.1,165.2,1,3.47,6.8
22300029,L. Fitzgerald,Miami Heat,1,3,37,25.9,3PT Field Goal,Above the Break 3,147.8,212.5,0,7.91,22.1
22300151,R. Delgado,Milwaukee Bucks,3,11,17,2.7,2PT Field Goal,Restricted Area,-19.4,18.7,1,3.98,0.5
22300411,S. Whitfield,New York Knicks,4,1,13,0.2,2PT Field Goal,Restricted Area,0.4,2.0,0,10.27,20.1
22300213,R. Delgado,Miami Heat,2,11,4,4.0,2PT Field Goal,In The Paint (Non-RA),11.1,38.4,1,0.34,8.3
22300565,B. Osei,Milwaukee Bucks,3,4,14,0.6,2PT Field Goal,Restricted Area,3.8,4.6,0,6.27,22.4
22300011,K. Albrecht,Miami Heat,1,6,23,3.3,2PT Field Goal,Restricted Area,26.5,19.6,0,1.28,3.3
22300072,R. Delgado,Milwaukee Bucks,1,5,36,1.4,2PT Field Goal,Restricted Area,9.8,9.4,1,0.3,9.7
22300529,K. Albrecht,Boston Celtics,3,0,52,25.7,3PT Field Goal,Above the Break 3,-174.2,188.4,0,1.93,7.8
22300382,T. Nwosu,Milwaukee Bucks,3,4,50,2.4,2PT Field Goal,Restricted Area,14.5,19.0,0,0.3,22.9
22300937,A. Kowalski,Golden State Warriors,3,11,46,8.0,2PT Field Goal,In The Paint (Non-RA),18.6,78.1,1,2.99,10.3
22300222,A. Kowalski,Denver Nuggets,3,6,5,1.2,2PT Field Goal,Restricted Area,-2.5,11.7,1,3.97,3.0
22300127,A. Kowalski,New York Knicks,2,1,19,4.0,2PT Field Goal,In The Paint (Non-RA),-35.2,19.0,1,1.83,5.1
22300018,D. Reyes,New York Knicks,4,2,54,3.3,2PT Field Goal,Restricted Area,7.0,32.0,0,3.1,19.3
22300042,T. Nwosu,Phoenix Suns,2,11,23,19.9,2PT Field Goal,Mid-Range,-34.0,196.3,0,5.24,13.3
22300639,T. Nwosu,Milwaukee Bucks,1,7,7,4.0,2PT Field Goal,In The Paint (Non-RA),18.3,35.6,1,2.72,4.5
22300599,L. Fitzgerald,Milwaukee Bucks,4,4,25,3.0,2PT Field Goal,Restricted Area,6.3,29.1,1,6.35,12.8
22300798,S. Whitfield,Milwaukee Bucks,3,6,18,20.5,2PT Field Goal,Mid-Range,-154.5,134.7,0,2.48,18.4
22300298,M. Okafor,Golden State Warriors,2,1,49,2.9,2PT Field Goal,Restricted Area,13.5,25.4,0,8.51,16.2
22300640,S. Whitfield,New York Knicks,1,9,25,24.9,3PT Field Goal,Above the Break 3,-188.9,162.4,0,4.13,5.5
22300061,T. Nwosu,Boston Celtics,3,9,34,2.2,2PT Field Goal,Restricted Area,-16.8,14.2,0,1.08,23.4
22300010,B. Osei,New York Knicks,4,6,8,9.9,2PT Field Goal,In The Paint (Non-RA),38.7,91.2,1,5.85,4.5
22300347,L. Fitzgerald,Los Angeles Lakers,4,0,11,23.6,3PT Field Goal,Above the Break 3,195.8,132.3,0,4.74,7.0
22300319,L. Fitzgerald,Phoenix Suns,4,3,43,1.7,2PT Field Goal,Restricted Area,8.5,15.0,1,0.72,18.5
22300871,M. Okafor,Phoenix Suns,4,2,22,2.8,2PT Field Goal,Restricted Area,24.0,13.7,1,8.73,6.7
22300200,T. Nwosu,Boston Celtics,3,6,11,9.5,2PT Field Goal,In The Paint (Non-RA),-70.7,63.4,0,3.18,15.7
22300873,B. Osei,Boston Celtics,2,9,35,19.6,2PT Field Goal,Mid-Range,-161.8,110.9,1,5.52,4.3
22300023,A. Kowalski,Golden State Warriors,1,3,18,8.4,2PT Field Goal,In The Paint (Non-RA),-4.6,84.1,1,10.48,1.1
22300063,S. Whitfield,Boston Celtics,2,11,17,2.2,2PT Field Goal,Restricted Area,-11.9,18.7,1,2.61,13.4
22300036,L. Fitzgerald,New York Knicks,3,0,5,17.6,2PT Field Goal,Mid-Range,-89.1,152.0,0,2.53,0.4
22300531,L. Fitzgerald,Phoenix Suns,4,9,58,17.0,2PT Field Goal,Mid-Range,-115.1,125.6,0,5.28,5.0
22300737,M. Okafor,Miami Heat,1,11,35,1.8,2PT Field Goal,Restricted Area,-8.6,16.2,0,0.3,22.4
22300049,J. Carter,Milwaukee Bucks,3,10,59,14.5,2PT Field Goal,Mid-Range,77.7,122.2,1,6.75,15.3
22300106,B. Osei,New York Knicks,3,3,39,22.5,3PT Field Goal,Above the Break 3,-50.2,219.3,0,2.18,12.8
22300331,J. Carter,Miami Heat,4,1,32,8.5,2PT Field Goal,In The Paint (Non-RA),-0.2,84.8,1,7.54,16.3
22300827,J. Carter,Golden State Warriors,1,6,11,11.1,2PT Field Goal,In The Paint (Non-RA),-80.9,75.6,0,7.08,13.7
22300455,R. Delgado,Miami Heat,4,2,11,20.9,2PT Field Goal,Mid-Range,65.2,198.8,0,1.6,16.4
22300990,T. Nwosu,Milwaukee Bucks,1,11,2,5.5,2PT Field Goal,In The Paint (Non-RA),24.4,49.4,0,1.14,9.2
22300500,D. Reyes,Los Angeles Lakers,3,8,36,0.3,2PT Field Goal,Restricted Area,-1.2,3.1,1,7.15,20.7
22300610,D. Reyes,Los Angeles Lakers,3,5,25,25.3,3PT Field Goal,Above the Break 3,28.5,251.4,0,1.35,3.5
22300661,L. Fitzgerald,New York Knicks,2,11,4,1.6,2PT Field Goal,Restricted Area,-9.1,13.7,1,4.28,15.6
22300840,S. Whitfield,Los Angeles Lakers,3,9,3,25.1,3PT Field Goal,Above the Break 3,-209.7,137.3,0,5.32,0.6
22300287,M. Okafor,Miami Heat,1,10,47,12.3,2PT Field Goal,In The Paint (Non-RA),-88.2,86.2,1,6.26,9.1
22300468,M. Okafor,Golden State Warriors,2,8,15,27.7,3PT Field Goal,Above the Break 3,-255.3,107.1,0,4.34,1.5
22300493,J. Carter,Los Angeles Lakers,4,10,2,19.5,2PT Field Goal,Mid-Range,159.3,113.2,1,2.36,8.4
22300477,L. Fitzgerald,Boston Celtics,4,5,53,26.3,3PT Field Goal,Above the Break 3,232.6,122.9,1,6.19,10.0
22300867,A. Kowalski,Phoenix Suns,4,7,9,11.1,2PT Field Goal,In The Paint (Non-RA),-80.0,77.0,0,5.34,6.4
22300899,B. Osei,Golden State Warriors,4,0,4,2.8,2PT Field Goal,Restricted Area,19.0,20.1,1,6.81,18.0
22300396,J. Carter,Golden State Warriors,1,7,43,27.6,3PT Field Goal,Above the Break 3,50.6,270.9,0,1.81,15.8
22300688,B. Osei,Milwaukee Bucks,4,9,45,28.6,3PT Field Goal,Above the Break 3,169.1,231.0,0,7.88,13.9
22300503,M. Okafor,Miami Heat,4,5,54,6.0,2PT Field Goal,In The Paint (Non-RA),14.4,58.4,0,5.47,0.2
22300323,R. Delgado,Milwaukee Bucks,3,3,44,25.3,3PT Field Goal,Above the Break 3,7.1,253.0,0,3.5,4.4
22300517,M. Okafor,Miami Heat,1,2,50,24.0,3PT Field Goal,Above the Break 3,-74.2,228.1,1,5.68,9.0
22300845,M. Okafor,Los Angeles Lakers,3,4,6,27.0,3PT Field Goal,Above the Break 3,-75.5,258.9,0,4.03,5.0
22300974,L. Fitzgerald,New York Knicks,4,6,26,1.4,2PT Field Goal,Restricted Area,11.3,9.0,0,0.3,17.3
22300580,K. Albrecht,Boston Celtics,4,0,24,24.4,3PT Field Goal,Above the Break 3,-115.3,215.4,0,2.7,5.0
22300063,D. Reyes,Milwaukee Bucks,2,6,12,25.0,3PT Field Goal,Above the Break 3,-181.5,172.5,0,5.03,13.8
22300580,B. Osei,New York Knicks,4,2,19,28.1,3PT Field Goal,Above the Break 3,258.4,110.2,1,4.89,8.0
22300573,K. Albrecht,Phoenix Suns,3,11,43,2.5,2PT Field Goal,Restricted Area,-11.9,21.4,1,4.76,15.9
22300205,A. Kowalski,Miami Heat,1,7,7,14.5,2PT Field Goal,Mid-Range,-117.3,85.3,0,2.44,20.6
22300800,T. Nwosu,Denver Nuggets,4,11,14,26.5,3PT Field Goal,Above the Break 3,-136.9,226.9,0,1.79,11.6
22300548,L. Fitzgerald,Miami Heat,2,7,3,20.7,2PT Field Goal,Mid-Range,137.2,154.6,0,3.2,9.9
22300351,L. Fitzgerald,Denver Nuggets,1,7,57,1.8,2PT Field Goal,Restricted Area,11.6,14.4,0,4.64,11.8
22300058,K. Albrecht,Los Angeles Lakers,1,10,38,0.8,2PT Field Goal,Restricted Area,6.0,4.6,1,3.95,8.3
22300716,R. Delgado,Boston Celtics,2,11,26,27.5,3PT Field Goal,Above the Break 3,223.3,160.2,0,5.0,19.5
22300662,D. Reyes,Golden State Warriors,2,7,5,16.3,2PT Field Goal,Mid-Range,150.6,61.8,0,2.61,3.7
22300112,S. Whitfield,Golden State Warriors,2,11,18,0.9,2PT Field Goal,Restricted Area,-3.6,8.4,1,2.83,7.3
22300104,J. Carter,Boston Celtics,3,6,30,1.1,2PT Field Goal,Restricted Area,-6.7,8.9,0,2.77,6.2
22300888,L. Fitzgerald,Los Angeles Lakers,3,8,59,20.8,2PT Field Goal,Mid-Range,181.5,101.8,1,3.52,17.6
22300919,M. Okafor,Phoenix Suns,2,4,48,1.7,2PT Field Goal,Restricted Area,13.9,9.2,1,2.78,4.5
22300343,L. Fitzgerald,Phoenix Suns,2,5,29,7.5,2PT Field Goal,In The Paint (Non-RA),3.7,74.8,1,4.05,18.6
22300544,M. Okafor,Miami Heat,3,7,2,15.2,2PT Field Goal,Mid-Range,-65.2,137.3,1,3.11,20.9
22300349,S. Whitfield,Los Angeles Lakers,2,3,6,1.7,2PT Field Goal,Restricted Area,-11.2,12.9,1,7.31,8.0
22300289,L. Fitzgerald,Denver Nuggets,1,3,8,3.4,2PT Field Goal,Restricted Area,30.9,14.3,1,2.52,23.2
22300476,D. Reyes,Milwaukee Bucks,4,8,25,23.1,3PT Field Goal,Above the Break 3,74.8,218.3,0,1.98,5.7
22300382,L. Fitzgerald,Milwaukee Bucks,4,3,8,0.7,2PT Field Goal,Restricted Area,1.8,6.7,0,5.17,15.0
22300746,M. Okafor,Boston Celtics,2,0,41,0.2,2PT Field Goal,Restricted Area,-1.4,1.5,1,8.05,7.5
22300598,K. Albrecht,Golden State Warriors,2,1,57,25.6,3PT Field Goal,Above the Break 3,-174.4,186.9,1,3.82,4.9
22300909,S. Whitfield,Boston Celtics,1,3,2,14.2,2PT Field Goal,Mid-Range,-26.8,139.2,0,1.37,16.2
22300560,D. Reyes,Denver Nuggets,4,2,32,12.4,2PT Field Goal,In The Paint (Non-RA),100.4,72.9,0,5.97,15.8
22300788,M. Okafor,Miami Heat,2,4,54,27.5,3PT Field Goal,Above the Break 3,186.4,202.4,0,1.73,19.5
22300419,R. Delgado,Denver Nuggets,4,5,19,2.9,2PT Field Goal,Restricted Area,-15.2,24.3,0,4.04,21.7
22300988,D. Reyes,Milwaukee Bucks,3,3,48,1.5,2PT Field Goal,Restricted Area,-12.6,7.5,0,3.55,4.6
22300893,K. Albrecht,Los Angeles Lakers,2,1,14,23.2,3PT Field Goal,Above the Break 3,60.4,224.0,0,1.42,1.6
22300694,J. Carter,Phoenix Suns,4,10,47,20.9,2PT Field Goal,Mid-Range,112.0,176.1,0,6.07,1.1
22300688,A. Kowalski,Milwaukee Bucks,3,9,47,1.9,2PT Field Goal,Restricted Area,16.0,9.9,0,4.97,4.8
22300382,J. Carter,Golden State Warriors,4,11,17,21.1,2PT Field Goal,Mid-Range,68.4,199.8,1,3.81,6.6
22300378,L. Fitzgerald,Phoenix Suns,3,4,44,4.0,2PT Field Goal,In The Paint (Non-RA),-22.1,33.4,0,4.83,14.8
22300638,A. Kowalski,Golden State Warriors,1,6,44,3.8,2PT Field Goal,Restricted Area,3.0,38.2,1,1.42,5.7
22300079,T. Nwosu,Milwaukee Bucks,4,5,51,17.9,2PT Field Goal,Mid-Range,84.7,158.2,0,3.46,15.1
22300120,R. Delgado,Phoenix Suns,4,6,33,25.9,3PT Field Goal,Above the Break 3,-170.6,194.3,0,4.93,15.3
22300488,L. Fitzgerald,Los Angeles Lakers,2,2,47,2.8,2PT Field Goal,Restricted Area,22.7,15.5,1,5.81,4.7
22300013,T. Nwosu,Golden State Warriors,1,3,21,3.2,2PT Field Goal,Restricted Area,-23.8,21.3,1,0.3,13.8
22300435,R. Delgado,Denver Nuggets,2,7,46,2.2,2PT Field Goal,Restricted Area,-20.0,8.6,0,5.24,12.1
22300090,L. Fitzgerald,Los Angeles Lakers,3,4,20,3.2,2PT Field Goal,Restricted Area,-15.3,28.2,0,1.7,17.8
22300916,M. Okafor,Milwaukee Bucks,2,9,19,21.3,2PT Field Goal,Mid-Range,128.4,170.0,0,0.3,1.5
22300212,A. Kowalski,Miami Heat,4,3,20,26.2,3PT Field Goal,Above the Break 3,42.4,258.9,0,6.05,7.6
22300382,J. Carter,Denver Nuggets,3,3,4,14.7,2PT Field Goal,Mid-Range,-73.0,127.8,0,6.72,21.3
22300429,B. Osei,New York Knicks,3,11,32,22.5,3PT Field Goal,Above the Break 3,-87.5,207.3,0,1.75,2.0
22300561,J. Carter,Miami Heat,2,7,25,15.2,2PT Field Goal,Mid-Range,2.8,152.0,1,6.05,5.5
22300372,D. Reyes,Golden State Warriors,3,7,31,21.8,2PT Field Goal,Mid-Range,146.3,161.2,1,4.31,15.9
22300071,S. Whitfield,Boston Celtics,3,4,13,21.5,2PT Field Goal,Mid-Range,194.0,93.0,1,6.02,0.2
22300646,K. Albrecht,Boston Celtics,1,8,29,19.6,2PT Field Goal,Mid-Range,85.6,175.8,0,8.58,1.0
22300714,B. Osei,Milwaukee Bucks,3,4,48,28.4,3PT Field Goal,Above the Break 3,-213.4,187.0,1,7.06,7.3
22300531,K. Albrecht,Los Angeles Lakers,1,8,11,24.2,3PT Field Goal,Above the Break 3,186.9,154.0,1,4.57,17.7
22300274,K. Albrecht,Golden State Warriors,2,3,0,1.3,2PT Field Goal,Restricted Area,8.7,9.4,0,1.49,17.7
22300754,T. Nwosu,Phoenix Suns,4,1,5,16.7,2PT Field Goal,Mid-Range,79.4,146.7,0,2.5,20.2
22300131,R. Delgado,New York Knicks,1,10,21,1.2,2PT Field Goal,Restricted Area,7.9,8.4,1,3.43,5.1
22300349,T. Nwosu,Golden State Warriors,1,0,22,1.5,2PT Field Goal,Restricted Area,-13.3,6.0,1,2.73,14.8
22300121,A. Kowalski,Boston Celtics,3,8,56,25.3,3PT Field Goal,Above the Break 3,105.0,229.7,0,5.03,0.4
22300101,D. Reyes,Phoenix Suns,3,3,30,8.2,2PT Field Goal,In The Paint (Non-RA),-2.3,82.4,1,5.59,1.7
22300610,A. Kowalski,Miami Heat,1,9,1,19.7,2PT Field Goal,Mid-Range,181.7,76.4,0,8.5,1.6
22300024,A. Kowalski,Boston Celtics,4,1,14,4.0,2PT Field Goal,Restricted Area,34.8,19.2,1,6.9,5.6
22300763,L. Fitzgerald,Denver Nuggets,4,5,41,12.5,2PT Field Goal,In The Paint (Non-RA),-8.4,124.5,1,1.19,20.3
22300032,K. Albrecht,Golden State Warriors,3,6,44,3.9,2PT Field Goal,Restricted Area,28.4,27.5,0,10.01,6.7
22300559,J. Carter,Milwaukee Bucks,2,1,55,14.0,2PT Field Goal,Mid-Range,72.4,119.8,0,4.17,4.6
22300452,B. Osei,Phoenix Suns,4,10,43,28.5,3PT Field Goal,Above the Break 3,156.1,238.8,0,3.21,4.7
22300594,A. Kowalski,Boston Celtics,1,11,1,16.8,2PT Field Goal,Mid-Range,-57.4,158.3,0,0.3,1.6
22300155,L. Fitzgerald,Golden State Warriors,4,7,53,20.8,2PT Field Goal,Mid-Range,108.6,177.6,1,4.52,22.0
22300470,D. Reyes,Miami Heat,1,5,1,15.8,2PT Field Goal,Mid-Range,-141.6,70.6,0,9.6,2.5
22300081,D. Reyes,Phoenix Suns,1,9,44,1.3,2PT Field Goal,Restricted Area,-11.5,5.7,0,4.2,9.2
22300487,K. Albrecht,Miami Heat,1,10,35,22.5,3PT Field Goal,Above the Break 3,-134.7,180.2,1,5.51,18.2
22300785,K. Albrecht,Miami Heat,2,9,5,8.0,2PT Field Goal,In The Paint (Non-RA),-47.0,64.5,0,5.22,11.0
22300710,J. Carter,Boston Celtics,1,10,20,3.5,2PT Field Goal,Restricted Area,-31.7,14.0,0,6.68,14.4
22300082,M. Okafor,New York Knicks,2,7,41,15.0,2PT Field Goal,Mid-Range,118.5,92.4,1,2.52,15.5
22300259,R. Delgado,Miami Heat,2,9,34,26.3,3PT Field Goal,Above the Break 3,166.8,203.9,1,2.34,0.2
22300162,R. Delgado,Denver Nuggets,4,3,27,24.7,3PT Field Goal,Above the Break 3,150.3,196.0,1,5.76,13.1
22300930,T. Nwosu,Los Angeles Lakers,1,3,9,17.9,2PT Field Goal,Mid-Range,121.3,132.0,0,6.51,2.1
22300257,S. Whitfield,Boston Celtics,1,7,19,1.8,2PT Field Goal,Restricted Area,15.7,9.6,1,2.68,11.2
22300798,L. Fitzgerald,New York Knicks,3,3,53,25.6,3PT Field Goal,Above the Break 3,-188.5,173.0,1,5.19,7.8
22300725,B. Osei,New York Knicks,1,3,39,13.9,2PT Field Goal,In The Paint (Non-RA),-2.2,139.3,0,6.6,21.8
22300665,D. Reyes,Denver Nuggets,3,1,15,19.4,2PT Field Goal,Mid-Range,-57.7,185.1,0,5.12,20.0
22300431,K. Albrecht,Miami Heat,2,10,41,16.5,2PT Field Goal,Mid-Range,-46.3,158.2,1,3.26,16.7
22300142,T. Nwosu,Denver Nuggets,2,4,49,24.0,3PT Field Goal,Above the Break 3,91.0,222.4,1,9.22,23.9
22300934,S. Whitfield,Milwaukee Bucks,3,3,4,3.4,2PT Field Goal,Restricted Area,-10.9,31.8,1,7.7,22.9
22300725,D. Reyes,New York Knicks,4,2,46,1.6,2PT Field Goal,Restricted Area,14.1,8.5,1,5.77,16.5
22300168,L. Fitzgerald,Milwaukee Bucks,4,7,49,3.2,2PT Field Goal,Restricted Area,-24.5,20.8,1,3.91,22.5
22300257,J. Carter,Denver Nuggets,4,1,59,1.9,2PT Field Goal,Restricted Area,-13.2,13.7,0,1.28,22.1
22300103,A. Kowalski,Miami Heat,1,11,23,20.5,2PT Field Goal,Mid-Range,161.5,127.0,1,3.21,14.3
22300747,T. Nwosu,Denver Nuggets,4,5,34,1.7,2PT Field Goal,Restricted Area,-9.2,14.1,0,4.35,10.8
22300681,T. Nwosu,Golden State Warriors,4,6,45,2.0,2PT Field Goal,Restricted Area,-6.7,18.9,1,1.98,2.4
22300130,R. Delgado,Miami Heat,3,0,5,21.3,2PT Field Goal,Mid-Range,-23.1,211.3,0,6.69,20.0
22300064,K. Albrecht,New York Knicks,1,2,48,2.2,2PT Field Goal,Restricted Area,11.4,19.2,1,1.32,18.6
22300145,A. Kowalski,Denver Nuggets,4,5,30,28.0,3PT Field Goal,Above the Break 3,230.3,158.5,1,8.12,14.7
22300834,D. Reyes,Golden State Warriors,4,9,34,1.3,2PT Field Goal,Restricted Area,5.0,12.2,0,3.31,23.8
22300218,M. Okafor,Milwaukee Bucks,1,5,18,0.4,2PT Field Goal,Restricted Area,-2.1,2.8,1,2.41,8.5
22300000,A. Kowalski,Boston Celtics,2,8,24,15.7,2PT Field Goal,Mid-Range,116.4,105.8,1,3.58,20.4
22300515,R. Delgado,Denver Nuggets,4,10,18,23.5,3PT Field Goal,Above the Break 3,-97.9,213.5,0,5.43,16.6
22300825,M. Okafor,Miami Heat,3,10,10,4.0,2PT Field Goal,In The Paint (Non-RA),-33.4,22.0,0,6.71,12.4
22300958,D. Reyes,New York Knicks,3,7,0,1.6,2PT Field Goal,Restricted Area,-13.9,7.0,1,1.66,18.8
22300118,K. Albrecht,Los Angeles Lakers,1,7,57,0.2,2PT Field Goal,Restricted Area,1.4,1.4,0,5.78,1.8
22300402,T. Nwosu,New York Knicks,1,8,28,26.2,3PT Field Goal,Above the Break 3,16.0,261.1,0,3.17,23.3
22300469,S. Whitfield,Boston Celtics,2,8,13,26.5,3PT Field Goal,Above the Break 3,-152.4,216.5,0,1.07,20.7
22300958,M. Okafor,Denver Nuggets,4,8,22,0.2,2PT Field Goal,Restricted Area,-1.7,1.0,0,1.51,6.0
22300485,M. Okafor,Boston Celtics,2,3,17,0.2,2PT Field Goal,Restricted Area,1.8,0.9,1,7.06,17.9
22300009,R. Delgado,Los Angeles Lakers,2,8,25,1.3,2PT Field Goal,Restricted Area,8.3,9.9,0,1.01,5.5
22300600,M. Okafor,New York Knicks,4,3,34,3.7,2PT Field Goal,Restricted Area,21.1,30.6,1,2.73,18.1
22300853,R. Delgado,New York Knicks,1,8,43,25.3,3PT Field Goal,Above the Break 3,-53.1,247.8,1,4.29,3.3
22300440,J. Carter,Los Angeles Lakers,3,1,15,17.1,2PT Field Goal,Mid-Range,-111.1,129.7,0,7.76,13.0
22300676,S. Whitfield,Golden State Warriors,4,1,13,25.0,3PT Field Goal,Above the Break 3,-79.5,237.2,0,0.3,3.2
22300109,T. Nwosu,New York Knicks,4,1,18,7.9,2PT Field Goal,In The Paint (Non-RA),29.1,73.5,1,4.55,19.8
22300097,B. Osei,New York Knicks,2,10,10,13.8,2PT Field Goal,In The Paint (Non-RA),41.0,132.2,0,4.59,0.9
22300059,A. Kowalski,Los Angeles Lakers,3,11,6,25.0,3PT Field Goal,Above the Break 3,-200.4,149.9,0,0.3,22.5
22300263,K. Albrecht,Golden State Warriors,3,3,20,0.2,2PT Field Goal,Restricted Area,1.5,1.3,1,3.13,16.2
22300226,R. Delgado,Milwaukee Bucks,1,8,15,1.6,2PT Field Goal,Restricted Area,3.5,16.1,1,3.41,7.4
22300875,D. Reyes,Miami Heat,2,2,9,0.2,2PT Field Goal,Restricted Area,0.3,2.0,1,5.5,17.7
22300413,R. Delgado,Denver Nuggets,4,5,57,27.3,3PT Field Goal,Above the Break 3,91.1,257.9,0,3.42,6.5
22300203,S. Whitfield,Golden State Warriors,1,4,36,7.8,2PT Field Goal,In The Paint (Non-RA),9.4,77.9,0,2.9,10.9
22300271,S. Whitfield,Milwaukee Bucks,3,0,56,20.7,2PT Field Goal,Mid-Range,182.9,96.6,1,4.66,9.7
22300923,J. Carter,Boston Celtics,3,0,51,18.0,2PT Field Goal,Mid-Range,-110.2,142.6,0,6.72,9.2
22300974,M. Okafor,Los Angeles Lakers,1,0,27,26.3,3PT Field Goal,Above the Break 3,116.9,235.8,0,1.06,18.7
22300791,J. Carter,Phoenix Suns,2,11,27,20.0,2PT Field Goal,Mid-Range,54.8,192.1,0,4.28,13.7
22300495,A. Kowalski,New York Knicks,4,5,28,3.4,2PT Field Goal,Restricted Area,30.9,14.1,0,3.63,10.2
22300879,K. Albrecht,New York Knicks,3,0,21,2.5,2PT Field Goal,Restricted Area,10.1,22.8,1,4.03,20.2
22300044,T. Nwosu,Golden State Warriors,3,5,16,8.2,2PT Field Goal,In The Paint (Non-RA),-49.7,65.3,0,6.35,21.6
22300149,M. Okafor,Los Angeles Lakers,1,1,29,2.4,2PT Field Goal,Restricted Area,-7.1,23.4,0,2.73,3.7
22300437,M. Okafor,Phoenix Suns,4,11,36,25.4,3PT Field Goal,Above the Break 3,206.3,147.5,0,0.63,19.5
22300426,M. Okafor,Phoenix Suns,2,8,33,23.5,3PT Field Goal,Above the Break 3,-195.3,131.5,0,3.64,14.3
22300233,B. Osei,New York Knicks,3,6,36,3.7,2PT Field Goal,Restricted Area,22.1,29.8,0,1.12,7.0
22300921,A. Kowalski,Denver Nuggets,4,5,23,5.7,2PT Field Goal,In The Paint (Non-RA),1.8,57.4,1,8.02,21.5
22300544,L. Fitzgerald,Miami Heat,4,9,16,11.9,2PT Field Goal,In The Paint (Non-RA),-105.7,53.9,1,7.43,22.9
22300879,J. Carter,Boston Celtics,2,8,43,16.5,2PT Field Goal,Mid-Range,115.5,117.9,0,1.61,14.9
22300235,M. Okafor,Golden State Warriors,4,4,44,25.8,3PT Field Goal,Above the Break 3,-173.8,190.6,0,4.15,8.2
22300930,R. Delgado,Los Angeles Lakers,1,11,54,4.0,2PT Field Goal,In The Paint (Non-RA),-16.0,36.7,0,0.3,4.2
22300885,D. Reyes,Miami Heat,3,1,37,20.5,2PT Field Goal,Mid-Range,7.7,205.3,1,3.72,13.5
22300099,R. Delgado,Phoenix Suns,3,3,36,4.8,2PT Field Goal,In The Paint (Non-RA),-19.7,43.6,1,3.02,20.6
22300376,M. Okafor,New York Knicks,1,7,28,26.5,3PT Field Goal,Above the Break 3,193.5,180.5,1,8.65,11.5
22300879,K. Albrecht,Miami Heat,2,9,24,3.3,2PT Field Goal,Restricted Area,29.7,14.7,1,5.31,3.1
22300330,B. Osei,New York Knicks,2,4,14,20.7,2PT Field Goal,Mid-Range,174.6,110.9,1,4.71,5.8
22300110,B. Osei,Golden State Warriors,2,10,8,1.3,2PT Field Goal,Restricted Area,-0.3,13.3,1,6.81,21.3
22300204,L. Fitzgerald,Denver Nuggets,2,3,33,20.2,2PT Field Goal,Mid-Range,126.0,157.9,0,3.21,7.9
22300587,L. Fitzgerald,New York Knicks,3,4,34,25.4,3PT Field Goal,Above the Break 3,-106.0,231.3,0,5.78,1.1
22300983,S. Whitfield,Denver Nuggets,4,1,44,28.1,3PT Field Goal,Above the Break 3,-18.3,280.3,1,2.54,13.1
22300994,D. Reyes,Los Angeles Lakers,2,2,29,0.4,2PT Field Goal,Restricted Area,0.1,4.1,0,2.76,11.9
22300116,T. Nwosu,Los Angeles Lakers,4,3,31,22.5,3PT Field Goal,Above the Break 3,-36.0,222.1,0,8.76,9.3
22300452,J. Carter,Miami Heat,2,4,28,21.0,2PT Field Goal,Mid-Range,-139.5,157.4,0,0.3,2.3
22300731,D. Reyes,Boston Celtics,2,7,33,17.1,2PT Field Goal,Mid-Range,139.9,98.9,0,5.61,6.1
22300306,D. Reyes,Phoenix Suns,2,3,34,29.0,3PT Field Goal,Above the Break 3,102.5,271.3,0,2.39,10.1
22300192,T. Nwosu,Miami Heat,1,9,44,18.1,2PT Field Goal,Mid-Range,-62.3,170.3,1,6.39,16.2
22300189,T. Nwosu,Phoenix Suns,2,11,32,0.8,2PT Field Goal,Restricted Area,-3.4,6.8,1,2.35,17.8
22300426,S. Whitfield,Miami Heat,2,3,7,11.8,2PT Field Goal,In The Paint (Non-RA),-93.6,72.2,0,4.56,0.1
22300907,M. Okafor,Los Angeles Lakers,1,7,18,25.2,3PT Field Goal,Above the Break 3,-17.2,251.2,0,0.96,8.7
22300457,K. Albrecht,Los Angeles Lakers,2,1,52,9.0,2PT Field Goal,In The Paint (Non-RA),-34.4,83.0,1,6.77,5.4
22300516,K. Albrecht,Phoenix Suns,2,9,7,0.2,2PT Field Goal,Restricted Area,1.6,1.2,1,2.4,13.7
22300709,T. Nwosu,Golden State Warriors,2,5,1,12.6,2PT Field Goal,In The Paint (Non-RA),-99.6,77.4,1,0.73,17.6
22300078,A. Kowalski,New York Knicks,3,5,21,4.0,2PT Field Goal,In The Paint (Non-RA),-25.6,30.7,0,0.3,17.3
22300906,B. Osei,Golden State Warriors,2,5,51,1.8,2PT Field Goal,Restricted Area,6.4,17.0,0,0.3,14.2
22300033,A. Kowalski,Denver Nuggets,1,9,3,2.2,2PT Field Goal,Restricted Area,-11.0,19.1,1,5.85,8.9
22300132,R. Delgado,Milwaukee Bucks,1,5,49,10.2,2PT Field Goal,In The Paint (Non-RA),-37.6,94.9,0,1.11,3.5
22300481,K. Albrecht,New York Knicks,1,1,26,2.3,2PT Field Goal,Restricted Area,19.8,11.4,1,0.98,7.1
22300439,B. Osei,Phoenix Suns,2,6,39,4.0,2PT Field Goal,In The Paint (Non-RA),-24.0,32.0,1,4.17,8.1
22300053,J. Carter,Golden State Warriors,3,5,41,23.5,3PT Field Goal,Above the Break 3,-169.8,161.8,1,3.73,6.7
22300453,S. Whitfield,Golden State Warriors,1,7,58,20.5,2PT Field Goal,Mid-Range,-79.8,188.4,0,4.42,18.0
22300176,S. Whitfield,Boston Celtics,4,0,10,22.5,3PT Field Goal,Above the Break 3,-59.9,216.9,0,3.41,12.0
22300354,S. Whitfield,Golden State Warriors,4,8,17,1.4,2PT Field Goal,Restricted Area,-0.1,13.5,1,8.5,17.6
22300548,J. Carter,New York Knicks,1,8,32,19.8,2PT Field Goal,Mid-Range,99.0,171.3,0,1.36,1.9
22300877,S. Whitfield,Golden State Warriors,1,3,7,3.5,2PT Field Goal,Restricted Area,-26.2,23.3,1,2.5,21.4
22300353,K. Albrecht,Golden State Warriors,4,0,17,13.5,2PT Field Goal,In The Paint (Non-RA),-90.9,99.4,0,3.5,0.9
22300588,T. Nwosu,Golden State Warriors,2,11,54,9.1,2PT Field Goal,In The Paint (Non-RA),76.0,50.9,1,5.42,15.3
22300947,M. Okafor,Milwaukee Bucks,3,11,57,18.3,2PT Field Goal,Mid-Range,76.0,166.4,0,7.66,23.0
22300924,A. Kowalski,Boston Celtics,3,7,51,14.3,2PT Field Goal,Mid-Range,-115.7,83.7,0,4.21,7.5
22300981,T. Nwosu,Phoenix Suns,1,4,41,27.1,3PT Field Goal,Above the Break 3,55.5,264.9,0,6.06,6.9
22300839,T. Nwosu,Los Angeles Lakers,1,11,6,15.7,2PT Field Goal,Mid-Range,112.6,109.9,1,5.11,6.4
22300415,S. Whitfield,Denver Nuggets,3,6,7,2.4,2PT Field Goal,Restricted Area,-14.0,19.8,1,11.24,20.5
22300170,S. Whitfield,Boston Celtics,3,1,26,26.5,3PT Field Goal,Above the Break 3,-7.4,265.3,0,2.57,15.0
22300034,J. Carter,Golden State Warriors,4,0,34,1.9,2PT Field Goal,Restricted Area,11.9,14.3,1,7.46,22.2
22300226,L. Fitzgerald,Golden State Warriors,1,7,5,25.1,3PT Field Goal,Above the Break 3,-127.3,216.5,0,4.08,5.4
22300396,T. Nwosu,Milwaukee Bucks,2,1,47,17.6,2PT Field Goal,Mid-Range,84.7,154.6,1,4.74,16.1
22300795,S. Whitfield,Boston Celtics,1,1,51,0.2,2PT Field Goal,Restricted Area,-0.4,2.0,1,5.79,15.7
22300799,A. Kowalski,New York Knicks,4,2,35,25.4,3PT Field Goal,Above the Break 3,52.3,248.8,0,7.15,21.8
22300069,T. Nwosu,Los Angeles Lakers,3,7,47,3.2,2PT Field Goal,Restricted Area,9.2,30.5,0,2.55,18.9
22300206,L. Fitzgerald,Milwaukee Bucks,2,9,53,1.1,2PT Field Goal,Restricted Area,-9.6,5.9,1,3.82,19.6
22300615,M. Okafor,Boston Celtics,1,7,14,1.5,2PT Field Goal,Restricted Area,5.5,13.8,1,1.9,5.7
22300898,R. Delgado,New York Knicks,1,3,18,6.3,2PT Field Goal,In The Paint (Non-RA),40.2,48.1,1,0.3,18.6
22300071,A. Kowalski,Los Angeles Lakers,4,5,12,20.0,2PT Field Goal,Mid-Range,-135.5,147.4,1,9.21,1.5
22300065,L. Fitzgerald,New York Knicks,1,0,28,2.3,2PT Field Goal,Restricted Area,-19.6,12.6,1,4.53,13.0
22300112,M. Okafor,Milwaukee Bucks,4,1,0,21.2,2PT Field Goal,Mid-Range,12.0,212.0,0,4.0,0.0
22300746,R. Delgado,Golden State Warriors,1,11,53,25.8,3PT Field Goal,Above the Break 3,5.0,258.1,0,2.19,18.9
22300516,R. Delgado,Miami Heat,3,6,42,24.7,3PT Field Goal,Above the Break 3,-27.8,245.9,0,3.57,2.1
22300185,L. Fitzgerald,Boston Celtics,2,10,7,27.6,3PT Field Goal,Above the Break 3,216.9,170.4,0,5.02,19.9
22300573,R. Delgado,Milwaukee Bucks,2,6,45,2.2,2PT Field Goal,Restricted Area,-18.7,11.0,1,7.06,6.1
22300182,M. Okafor,New York Knicks,1,0,8,13.2,2PT Field Goal,In The Paint (Non-RA),40.7,126.0,0,4.84,14.8
22300209,A. Kowalski,Milwaukee Bucks,1,10,23,26.6,3PT Field Goal,Above the Break 3,194.5,181.9,0,4.47,3.0
22300116,J. Carter,Boston Celtics,3,3,36,25.3,3PT Field Goal,Above the Break 3,166.8,190.1,0,1.56,11.8
22300142,D. Reyes,Phoenix Suns,1,6,9,22.6,3PT Field Goal,Above the Break 3,113.3,195.0,0,2.66,21.7
22300235,J. Carter,Phoenix Suns,1,2,29,12.9,2PT Field Goal,In The Paint (Non-RA),-83.9,98.5,1,4.17,12.6
22300823,K. Albrecht,Phoenix Suns,2,5,38,3.4,2PT Field Goal,Restricted Area,-21.8,26.6,0,0.3,20.7
22300499,L. Fitzgerald,Boston Celtics,1,7,13,1.2,2PT Field Goal,Restricted Area,-2.3,12.0,1,2.91,19.0
22300919,D. Reyes,Milwaukee Bucks,4,7,36,28.0,3PT Field Goal,Above the Break 3,173.4,219.5,0,4.22,1.6
22300013,B. Osei,Milwaukee Bucks,1,0,18,24.6,3PT Field Goal,Above the Break 3,-205.9,135.5,1,7.96,14.2
22300866,M. Okafor,Milwaukee Bucks,4,8,9,21.9,2PT Field Goal,Mid-Range,-189.9,108.9,0,0.3,12.0
22300258,J. Carter,Denver Nuggets,2,10,41,12.4,2PT Field Goal,In The Paint (Non-RA),100.4,72.8,1,0.89,2.8
22300661,D. Reyes,Golden State Warriors,3,6,11,17.1,2PT Field Goal,Mid-Range,-51.7,162.8,1,6.02,13.7
22300620,J. Carter,Boston Celtics,1,4,55,10.0,2PT Field Goal,In The Paint (Non-RA),25.3,96.7,0,0.3,19.2
22300273,L. Fitzgerald,Denver Nuggets,3,4,33,21.7,2PT Field Goal,Mid-Range,185.4,113.3,1,9.46,12.7
22300151,T. Nwosu,Phoenix Suns,4,4,58,2.3,2PT Field Goal,Restricted Area,-18.5,12.8,1,4.63,10.1
22300561,D. Reyes,Denver Nuggets,1,11,36,2.4,2PT Field Goal,Restricted Area,-5.6,23.3,1,6.3,16.8
22300727,A. Kowalski,Golden State Warriors,3,6,22,6.6,2PT Field Goal,In The Paint (Non-RA),47.6,46.2,0,5.55,20.7
22300916,J. Carter,New York Knicks,4,4,32,2.1,2PT Field Goal,Restricted Area,-14.2,15.2,0,0.3,11.6
22300596,B. Osei,Milwaukee Bucks,4,8,32,2.9,2PT Field Goal,Restricted Area,23.2,17.2,1,5.56,20.0
22300546,D. Reyes,New York Knicks,4,4,52,23.6,3PT Field Goal,Above the Break 3,116.6,205.7,0,1.85,14.0
22300912,T. Nwosu,Miami Heat,1,3,2,17.1,2PT Field Goal,Mid-Range,-44.1,164.7,0,3.62,3.8
22300322,S. Whitfield,Miami Heat,1,5,14,4.2,2PT Field Goal,In The Paint (Non-RA),28.1,30.8,0,4.15,3.4
22300161,T. Nwosu,Los Angeles Lakers,3,2,26,27.8,3PT Field Goal,Above the Break 3,-46.6,274.4,0,4.65,21.2
22300267,L. Fitzgerald,Golden State Warriors,3,2,7,1.7,2PT Field Goal,Restricted Area,13.2,11.3,1,6.02,9.4
22300010,S. Whitfield,Milwaukee Bucks,2,9,53,3.5,2PT Field Goal,Restricted Area,32.7,13.5,1,4.23,3.7
22300285,R. Delgado,Los Angeles Lakers,3,7,14,26.4,3PT Field Goal,Above the Break 3,54.8,258.3,1,6.83,0.7
22300563,S. Whitfield,Milwaukee Bucks,2,3,0,22.5,3PT Field Goal,Above the Break 3,90.0,206.2,1,4.88,15.8
22300749,M. Okafor,Miami Heat,3,0,11,22.5,3PT Field Goal,Above the Break 3,-145.0,172.3,1,2.82,15.9
22300662,D. Reyes,Golden State Warriors,1,0,40,1.2,2PT Field Goal,Restricted Area,-8.4,8.2,0,5.21,7.8
22300364,L. Fitzgerald,Los Angeles Lakers,3,6,34,15.5,2PT Field Goal,Mid-Range,-35.8,150.3,0,3.11,8.7
22300727,A. Kowalski,Phoenix Suns,4,6,5,0.3,2PT Field Goal,Restricted Area,-1.3,2.4,1,6.07,14.7
22300558,B. Osei,Miami Heat,2,7,36,2.0,2PT Field Goal,Restricted Area,-1.7,19.9,1,3.24,20.6
22300592,R. Delgado,Golden State Warriors,2,3,29,24.8,3PT Field Goal,Above the Break 3,-171.5,179.0,0,3.33,1.5
22300214,A. Kowalski,Miami Heat,1,4,57,3.5,2PT Field Goal,Restricted Area,13.6,32.3,0,6.47,4.8
22300711,L. Fitzgerald,New York Knicks,2,4,45,1.4,2PT Field Goal,Restricted Area,1.3,14.1,1,0.3,0.9
22300487,M. Okafor,Milwaukee Bucks,4,1,30,1.3,2PT Field Goal,Restricted Area,-8.7,9.3,1,5.24,17.3
22300959,K. Albrecht,Phoenix Suns,4,1,45,23.2,3PT Field Goal,Above the Break 3,-195.0,126.5,0,2.95,21.8
22300097,T. Nwosu,Golden State Warriors,4,7,17,21.4,2PT Field Goal,Mid-Range,42.1,210.1,1,5.81,10.1
22300395,A. Kowalski,Denver Nuggets,3,3,41,1.6,2PT Field Goal,Restricted Area,14.8,6.6,1,5.63,1.3
22300915,B. Osei,Golden State Warriors,2,3,43,12.1,2PT Field Goal,In The Paint (Non-RA),107.8,55.5,0,1.89,16.3
22300542,M. Okafor,Denver Nuggets,2,7,17,25.2,3PT Field Goal,Above the Break 3,232.8,97.4,0,5.24,0.5
22300455,J. Carter,Denver Nuggets,4,9,12,2.3,2PT Field Goal,Restricted Area,-4.2,22.2,1,7.98,20.3
22300943,A. Kowalski,Denver Nuggets,2,11,19,1.8,2PT Field Goal,Restricted Area,15.1,10.4,1,3.21,14.4
22300183,M. Okafor,Golden State Warriors,4,5,28,14.8,2PT Field Goal,Mid-Range,-120.5,86.7,0,5.96,11.5
22300928,D. Reyes,Milwaukee Bucks,3,7,24,2.4,2PT Field Goal,Restricted Area,-22.6,9.1,1,9.88,23.2
22300559,S. Whitfield,Denver Nuggets,2,6,6,17.8,2PT Field Goal,Mid-Range,-141.2,108.6,1,0.3,12.5
22300460,T. Nwosu,Denver Nuggets,2,3,56,0.2,2PT Field Goal,Restricted Area,-1.8,0.8,0,3.62,17.7
22300474,M. Okafor,Milwaukee Bucks,1,4,29,3.9,2PT Field Goal,Restricted Area,-30.8,24.0,0,8.55,13.1
22300617,B. Osei,Los Angeles Lakers,1,0,31,20.2,2PT Field Goal,Mid-Range,-6.8,201.9,0,3.77,23.6
22300142,D. Reyes,Los Angeles Lakers,3,0,46,29.0,3PT Field Goal,Above the Break 3,208.0,202.1,0,3.81,17.5
22300364,J. Carter,Golden State Warriors,2,1,54,2.8,2PT Field Goal,Restricted Area,14.7,23.5,0,1.67,11.0
22300566,K. Albrecht,New York Knicks,3,8,58,1.0,2PT Field Goal,Restricted Area,0.7,9.9,1,0.3,2.1
22300625,B. Osei,Boston Celtics,1,1,20,29.0,3PT Field Goal,Above the Break 3,-249.6,147.6,1,5.94,5.4
22300484,K. Albrecht,Denver Nuggets,1,11,16,3.7,2PT Field Goal,Restricted Area,12.7,35.2,1,5.67,22.4
22300144,T. Nwosu,New York Knicks,3,4,12,2.6,2PT Field Goal,Restricted Area,7.9,24.9,1,7.19,19.6
22300377,D. Reyes,Miami Heat,4,4,19,3.9,2PT Field Goal,Restricted Area,25.9,28.7,1,5.51,19.4
22300488,A. Kowalski,Boston Celtics,3,1,44,0.6,2PT Field Goal,Restricted Area,0.7,5.9,0,1.73,19.6
22300933,A. Kowalski,Golden State Warriors,4,0,59,4.0,2PT Field Goal,In The Paint (Non-RA),-15.2,37.0,1,0.3,14.5
22300888,L. Fitzgerald,Miami Heat,4,6,49,25.4,3PT Field Goal,Above the Break 3,-123.2,222.5,0,4.73,17.1
22300698,J. Carter,Golden State Warriors,1,5,28,2.1,2PT Field Goal,Restricted Area,-0.5,21.1,1,7.6,17.5
22300285,R. Delgado,Boston Celtics,2,10,2,27.0,3PT Field Goal,Above the Break 3,-138.6,231.1,1,5.11,5.0
22300381,B. Osei,Milwaukee Bucks,1,10,10,19.0,2PT Field Goal,Mid-Range,171.4,82.2,0,5.41,17.8
22300202,B. Osei,Milwaukee Bucks,1,9,55,0.2,2PT Field Goal,Restricted Area,-1.6,1.1,0,8.29,4.1
22300071,S. Whitfield,Golden State Warriors,2,7,47,3.0,2PT Field Goal,Restricted Area,11.7,27.4,1,2.93,22.4
22300597,M. Okafor,Golden State Warriors,1,0,33,20.8,2PT Field Goal,Mid-Range,-50.9,201.8,0,3.71,1.7
22300781,J. Carter,Denver Nuggets,1,1,9,18.2,2PT Field Goal,Mid-Range,-40.3,177.9,1,6.39,1.3
22300382,L. Fitzgerald,Boston Celtics,1,0,11,1.7,2PT Field Goal,Restricted Area,1.2,16.7,1,3.13,11.6
22300520,T. Nwosu,Boston Celtics,1,3,1,0.8,2PT Field Goal,Restricted Area,-3.4,7.3,0,2.37,9.9
22300911,B. Osei,Phoenix Suns,1,6,12,27.1,3PT Field Goal,Above the Break 3,136.9,234.1,1,3.12,6.7
22300464,K. Albrecht,Golden State Warriors,2,9,40,25.3,3PT Field Goal,Above the Break 3,66.0,244.2,0,5.7,6.6
22300395,A. Kowalski,Miami Heat,2,0,8,17.6,2PT Field Goal,Mid-Range,-8.0,175.4,0,2.3,21.4
22300395,R. Delgado,Phoenix Suns,4,7,30,22.9,3PT Field Goal,Above the Break 3,-34.7,225.9,1,3.3,8.8
22300933,A. Kowalski,Milwaukee Bucks,2,11,59,1.8,2PT Field Goal,Restricted Area,2.9,17.6,0,4.82,18.7
22300542,R. Delgado,Milwaukee Bucks,1,2,25,0.2,2PT Field Goal,Restricted Area,1.0,1.7,1,2.06,4.6
22300352,B. Osei,Boston Celtics,1,7,28,27.4,3PT Field Goal,Above the Break 3,-193.7,194.5,0,2.8,20.6
22300012,R. Delgado,Milwaukee Bucks,4,5,11,10.6,2PT Field Goal,In The Paint (Non-RA),-80.5,68.9,1,4.59,7.8
22300974,M. Okafor,Miami Heat,4,11,43,8.4,2PT Field Goal,In The Paint (Non-RA),-61.1,57.8,0,4.69,21.8
22300432,L. Fitzgerald,Denver Nuggets,1,10,57,25.2,3PT Field Goal,Above the Break 3,-63.9,243.7,0,2.27,6.8
22300023,K. Albrecht,Los Angeles Lakers,4,7,41,26.3,3PT Field Goal,Above the Break 3,11.7,263.1,0,2.79,22.2
22300261,T. Nwosu,Milwaukee Bucks,3,2,25,26.8,3PT Field Goal,Above the Break 3,-45.2,264.1,0,6.29,0.5
22300025,K. Albrecht,Boston Celtics,1,8,10,24.1,3PT Field Goal,Above the Break 3,144.7,192.2,0,3.0,13.3
22300746,T. Nwosu,Phoenix Suns,4,9,49,9.1,2PT Field Goal,In The Paint (Non-RA),32.7,85.3,1,4.05,11.2
22300448,S. Whitfield,New York Knicks,2,9,21,28.6,3PT Field Goal,Above the Break 3,105.0,265.5,0,3.79,12.6
22300229,R. Delgado,Miami Heat,1,7,45,2.8,2PT Field Goal,Restricted Area,1.6,27.7,0,2.54,21.8
22300356,A. Kowalski,Golden State Warriors,3,8,38,1.8,2PT Field Goal,Restricted Area,16.1,7.7,0,5.79,14.4
22300450,S. Whitfield,Denver Nuggets,3,6,32,1.7,2PT Field Goal,Restricted Area,-15.5,7.5,1,3.43,17.7
22300715,L. Fitzgerald,Golden State Warriors,2,3,47,16.7,2PT Field Goal,Mid-Range,-11.5,166.6,0,0.3,5.1
22300912,B. Osei,Milwaukee Bucks,2,2,48,25.7,3PT Field Goal,Above the Break 3,-85.0,242.0,0,7.97,22.1
22300030,J. Carter,Golden State Warriors,1,10,9,25.9,3PT Field Goal,Above the Break 3,238.2,102.3,0,3.51,13.6
22300422,D. Reyes,Milwaukee Bucks,3,2,22,3.8,2PT Field Goal,Restricted Area,-16.4,34.3,0,4.44,19.1
22300916,T. Nwosu,Golden State Warriors,4,5,30,19.0,2PT Field Goal,Mid-Range,-38.9,185.8,0,4.83,23.6
22300472,D. Reyes,Denver Nuggets,1,5,0,2.1,2PT Field Goal,Restricted Area,11.8,17.3,0,3.07,17.9
22300096,L. Fitzgerald,Phoenix Suns,2,6,27,24.7,3PT Field Goal,Above the Break 3,-44.8,243.3,0,1.51,5.0
22300383,A. Kowalski,Denver Nuggets,2,1,15,11.9,2PT Field Goal,In The Paint (Non-RA),-87.5,80.4,1,1.87,3.7
22300990,A. Kowalski,Los Angeles Lakers,3,7,4,1.2,2PT Field Goal,Restricted Area,-7.6,9.7,1,2.67,5.8
22300340,S. Whitfield,Boston Celtics,2,6,56,0.9,2PT Field Goal,Restricted Area,0.3,8.8,1,5.69,11.6
22300708,L. Fitzgerald,Miami Heat,2,6,38,2.0,2PT Field Goal,Restricted Area,-5.7,18.9,1,3.31,23.1
22300222,R. Delgado,Phoenix Suns,1,7,34,3.4,2PT Field Goal,Restricted Area,6.1,33.1,1,5.2,12.6
22300411,B. Osei,Denver Nuggets,3,7,27,1.3,2PT Field Goal,Restricted Area,-7.7,10.9,0,0.3,3.3
22300873,J. Carter,Phoenix Suns,1,2,44,6.3,2PT Field Goal,In The Paint (Non-RA),57.2,26.7,0,1.71,6.5
22300151,L. Fitzgerald,Miami Heat,3,8,41,18.5,2PT Field Goal,Mid-Range,-71.0,171.0,0,4.32,18.8
22300019,M. Okafor,Los Angeles Lakers,2,3,56,26.8,3PT Field Goal,Above the Break 3,-77.3,256.6,0,1.41,4.4
22300426,A. Kowalski,Golden State Warriors,3,11,0,27.3,3PT Field Goal,Above the Break 3,75.2,262.9,0,5.8,2.2
22300397,D. Reyes,Boston Celtics,3,5,14,18.1,2PT Field Goal,Mid-Range,131.5,123.9,1,3.56,20.1
22300617,S. Whitfield,Denver Nuggets,4,5,5,0.8,2PT Field Goal,Restricted Area,5.8,5.0,1,3.36,6.1
22300154,A. Kowalski,Boston Celtics,4,11,1,3.2,2PT Field Goal,Restricted Area,3.6,31.7,0,1.68,22.5
22300763,A. Kowalski,Miami Heat,4,11,35,19.4,2PT Field Goal,Mid-Range,145.4,129.0,0,3.61,19.5
22300150,T. Nwosu,Los Angeles Lakers,2,9,37,2.1,2PT Field Goal,Restricted Area,7.8,19.7,1,0.54,21.0
22300937,T. Nwosu,Milwaukee Bucks,3,4,3,2.0,2PT Field Goal,Restricted Area,-7.4,18.8,1,6.21,11.5
22300215,J. Carter,Golden State Warriors,1,1,35,18.0,2PT Field Goal,Mid-Range,-6.0,180.4,1,4.78,6.6
22300643,J. Carter,Denver Nuggets,1,5,41,4.0,2PT Field Goal,In The Paint (Non-RA),-15.8,36.7,0,3.32,10.4
22300201,R. Delgado,Golden State Warriors,2,9,52,24.5,3PT Field Goal,Above the Break 3,155.4,189.5,0,1.48,14.9
22300566,S. Whitfield,Denver Nuggets,2,1,54,19.6,2PT Field Goal,Mid-Range,38.6,191.6,1,5.07,5.0
22300771,D. Reyes,Denver Nuggets,2,3,34,18.0,2PT Field Goal,Mid-Range,11.0,179.7,1,2.05,6.3
22300950,B. Osei,Boston Celtics,1,8,18,26.6,3PT Field Goal,Above the Break 3,-100.3,246.0,1,6.45,4.3
22300354,A. Kowalski,Phoenix Suns,3,8,10,0.6,2PT Field Goal,Restricted Area,2.9,4.7,0,5.64,5.5
22300613,A. Kowalski,Miami Heat,2,7,12,2.3,2PT Field Goal,Restricted Area,-12.2,19.4,0,2.36,18.0
22300696,J. Carter,Boston Celtics,4,8,49,4.2,2PT Field Goal,In The Paint (Non-RA),-18.3,37.9,0,3.55,5.7
22300916,S. Whitfield,Los Angeles Lakers,1,11,31,24.7,3PT Field Goal,Above the Break 3,-228.3,95.3,0,8.21,4.3
22300425,D. Reyes,Miami Heat,4,1,23,0.2,2PT Field Goal,Restricted Area,-1.6,1.2,1,5.52,6.6
22300215,K. Albrecht,Miami Heat,4,9,37,20.2,2PT Field Goal,Mid-Range,-81.0,185.1,0,6.35,18.0
22300213,A. Kowalski,Boston Celtics,2,4,8,23.3,3PT Field Goal,Above the Break 3,-93.9,213.2,0,2.81,5.9
22300740,B. Osei,Golden State Warriors,2,11,59,1.7,2PT Field Goal,Restricted Area,-2.9,16.5,1,5.85,18.4
22300967,S. Whitfield,Boston Celtics,1,3,19,24.9,3PT Field Goal,Above the Break 3,87.8,233.2,0,0.99,3.7
22300619,M. Okafor,Miami Heat,4,10,31,15.6,2PT Field Goal,Mid-Range,-81.9,133.1,0,5.58,8.5
22300777,D. Reyes,New York Knicks,3,3,13,2.8,2PT Field Goal,Restricted Area,-19.6,19.6,0,6.3,4.4
22300921,M. Okafor,Phoenix Suns,2,10,49,16.9,2PT Field Goal,Mid-Range,49.4,161.4,1,3.52,17.3
22300705,R. Delgado,Boston Celtics,1,0,45,26.6,3PT Field Goal,Above the Break 3,130.3,232.1,0,5.09,1.1
22300680,A. Kowalski,Milwaukee Bucks,1,9,57,4.9,2PT Field Goal,In The Paint (Non-RA),41.0,27.7,0,3.17,22.5
22300807,L. Fitzgerald,Miami Heat,4,7,43,13.9,2PT Field Goal,In The Paint (Non-RA),0.2,138.9,0,3.4,11.3
22300803,T. Nwosu,Miami Heat,1,1,42,16.4,2PT Field Goal,Mid-Range,-142.3,82.3,0,4.62,4.0
22300584,J. Carter,Boston Celtics,2,9,23,3.4,2PT Field Goal,Restricted Area,-12.9,31.9,1,5.08,15.7
22300875,J. Carter,New York Knicks,3,1,13,26.5,3PT Field Goal,Above the Break 3,111.0,240.8,0,4.41,3.9
22300243,D. Reyes,Los Angeles Lakers,1,8,26,0.5,2PT Field Goal,Restricted Area,-1.1,4.7,1,5.15,4.3
22300879,R. Delgado,New York Knicks,3,5,17,27.5,3PT Field Goal,Above the Break 3,-206.2,181.4,1,1.67,7.8
22300141,K. Albrecht,Milwaukee Bucks,3,10,11,24.3,3PT Field Goal,Above the Break 3,214.2,114.9,0,0.62,12.9
22300146,T. Nwosu,New York Knicks,1,10,26,25.0,3PT Field Goal,Above the Break 3,183.3,169.6,0,5.09,9.8
22300853,T. Nwosu,Phoenix Suns,3,4,25,25.6,3PT Field Goal,Above the Break 3,-139.3,215.4,1,0.3,2.7
22300463,B. Osei,Miami Heat,2,11,11,21.0,2PT Field Goal,Mid-Range,-163.1,132.7,0,0.3,2.3
22300287,L. Fitzgerald,Miami Heat,2,4,7,3.1,2PT Field Goal,Restricted Area,-1.6,30.8,0,0.89,4.0
22300397,M. Okafor,Denver Nuggets,2,7,21,18.6,2PT Field Goal,Mid-Range,-105.5,153.8,0,5.79,7.1
22300782,B. Osei,Milwaukee Bucks,4,4,54,21.5,2PT Field Goal,Mid-Range,4.3,215.3,1,5.58,9.9
22300213,L. Fitzgerald,Denver Nuggets,4,0,26,3.0,2PT Field Goal,Restricted Area,16.2,25.5,1,11.23,9.6
22300787,B. Osei,Los Angeles Lakers,1,5,12,26.6,3PT Field Goal,Above the Break 3,-130.3,232.3,1,3.34,14.0
22300747,R. Delgado,New York Knicks,1,9,32,1.9,2PT Field Goal,Restricted Area,-5.6,18.1,0,3.25,3.9
22300831,T. Nwosu,Milwaukee Bucks,1,9,31,6.1,2PT Field Goal,In The Paint (Non-RA),16.9,58.5,1,3.75,4.9
22300484,S. Whitfield,Denver Nuggets,4,5,20,4.0,2PT Field Goal,In The Paint (Non-RA),2.9,39.9,0,0.8,5.1
22300247,R. Delgado,Boston Celtics,2,5,56,2.1,2PT Field Goal,Restricted Area,-18.7,8.3,1,6.38,5.5
22300084,S. Whitfield,New York Knicks,3,9,0,25.3,3PT Field Goal,Above the Break 3,-100.0,232.5,0,1.9,0.6
22300606,R. Delgado,Milwaukee Bucks,3,2,18,23.8,3PT Field Goal,Above the Break 3,-182.2,153.3,1,2.18,16.8
22300470,D. Reyes,Boston Celtics,2,5,24,1.0,2PT Field Goal,Restricted Area,7.2,6.3,1,4.48,3.2
22300837,J. Carter,Los Angeles Lakers,4,4,50,22.7,3PT Field Goal,Above the Break 3,-19.3,226.4,0,2.84,14.7
22300643,R. Delgado,Golden State Warriors,2,1,33,27.6,3PT Field Goal,Above the Break 3,177.0,212.4,0,5.21,22.0
22300554,L. Fitzgerald,Phoenix Suns,3,8,34,27.4,3PT Field Goal,Above the Break 3,-144.5,233.4,0,5.76,2.7
22300557,D. Reyes,Golden State Warriors,1,9,40,18.5,2PT Field Goal,Mid-Range,-159.9,92.3,1,5.86,8.7
22300987,L. Fitzgerald,Phoenix Suns,2,0,7,2.6,2PT Field Goal,Restricted Area,20.6,15.5,0,3.98,19.5
22300219,R. Delgado,Milwaukee Bucks,1,9,9,21.5,2PT Field Goal,Mid-Range,169.4,132.2,1,2.02,8.2
22300109,M. Okafor,Los Angeles Lakers,4,3,29,0.2,2PT Field Goal,Restricted Area,0.4,2.0,0,4.0,21.8
22300477,J. Carter,Los Angeles Lakers,2,1,27,24.3,3PT Field Goal,Above the Break 3,-187.0,155.5,0,1.46,3.6
22300900,T. Nwosu,Milwaukee Bucks,2,11,27,28.2,3PT Field Goal,Above the Break 3,-241.4,145.6,0,0.47,3.3
22300314,T. Nwosu,Boston Celtics,1,10,17,4.0,2PT Field Goal,Restricted Area,15.4,36.7,0,0.34,4.5
22300268,S. Whitfield,Milwaukee Bucks,2,10,38,25.4,3PT Field Goal,Above the Break 3,17.1,253.5,0,6.37,23.7
22300660,S. Whitfield,New York Knicks,1,3,23,26.3,3PT Field Goal,Above the Break 3,-96.1,245.3,1,0.75,13.0
22300000,L. Fitzgerald,Los Angeles Lakers,3,2,51,3.3,2PT Field Goal,Restricted Area,5.8,32.2,1,6.72,6.4
22300225,L. Fitzgerald,Phoenix Suns,4,10,17,1.6,2PT Field Goal,Restricted Area,-13.6,7.6,0,3.87,17.5
22300773,A. Kowalski,Milwaukee Bucks,4,0,13,2.8,2PT Field Goal,Restricted Area,-18.0,21.6,1,3.2,17.8
22300477,D. Reyes,Miami Heat,1,7,3,27.8,3PT Field Goal,Above the Break 3,251.5,118.5,1,4.16,20.9
22300220,R. Delgado,Miami Heat,3,3,39,2.7,2PT Field Goal,Restricted Area,-3.4,26.9,0,7.78,8.1
22300392,D. Reyes,Boston Celtics,3,9,28,4.0,2PT Field Goal,In The Paint (Non-RA),-5.9,39.6,1,0.69,22.1
22300558,R. Delgado,Miami Heat,2,6,59,24.7,3PT Field Goal,Above the Break 3,224.3,102.3,0,5.08,6.7
22300616,A. Kowalski,Milwaukee Bucks,2,11,19,1.3,2PT Field Goal,Restricted Area,-1.6,12.8,1,2.91,12.0
22300322,R. Delgado,Milwaukee Bucks,3,1,51,0.5,2PT Field Goal,Restricted Area,-4.0,2.2,1,1.55,22.4
22300786,R. Delgado,Boston Celtics,1,10,32,0.2,2PT Field Goal,Restricted Area,0.8,1.8,1,0.3,6.9
22300262,D. Reyes,Miami Heat,2,10,33,1.7,2PT Field Goal,Restricted Area,0.4,16.8,0,1.75,3.0
22300843,B. Osei,Phoenix Suns,4,5,51,19.9,2PT Field Goal,Mid-Range,-109.1,166.6,0,1.75,6.4
22300633,M. Okafor,Los Angeles Lakers,2,9,24,0.2,2PT Field Goal,Restricted Area,0.1,2.0,1,4.07,8.4
22300040,T. Nwosu,Miami Heat,1,3,44,24.1,3PT Field Goal,Above the Break 3,-114.9,212.1,1,6.05,22.0
22300776,T. Nwosu,Boston Celtics,3,3,40,1.8,2PT Field Goal,Restricted Area,8.7,16.2,1,4.98,16.0
22300810,B. Osei,Phoenix Suns,4,9,41,2.6,2PT Field Goal,Restricted Area,23.1,10.9,0,3.42,17.0
22300578,T. Nwosu,Denver Nuggets,1,3,29,1.5,2PT Field Goal,Restricted Area,-12.9,7.8,1,8.05,21.1
22300986,L. Fitzgerald,Golden State Warriors,1,1,29,22.5,3PT Field Goal,Above the Break 3,123.6,188.0,0,2.59,5.4
22300711,B. Osei,Miami Heat,2,6,44,26.1,3PT Field Goal,Above the Break 3,198.3,169.3,1,4.14,5.3
22300249,A. Kowalski,Miami Heat,2,6,54,0.9,2PT Field Goal,Restricted Area,4.1,7.8,1,3.26,1.8
22300865,M. Okafor,Phoenix Suns,4,1,11,3.5,2PT Field Goal,Restricted Area,5.1,34.9,1,5.61,16.2
22300502,D. Reyes,Golden State Warriors,3,1,8,1.8,2PT Field Goal,Restricted Area,-8.8,15.7,1,5.17,23.4
22300644,T. Nwosu,Boston Celtics,3,4,53,26.3,3PT Field Goal,Above the Break 3,-69.7,254.0,0,4.02,12.4
22300139,R. Delgado,New York Knicks,4,1,53,27.1,3PT Field Goal,Above the Break 3,-204.7,177.3,0,5.5,15.8
22300478,B. Osei,Miami Heat,1,3,26,21.2,2PT Field Goal,Mid-Range,-183.1,105.9,0,4.74,3.5
22300077,T. Nwosu,Los Angeles Lakers,2,9,9,13.8,2PT Field Goal,In The Paint (Non-RA),63.2,122.4,0,2.53,21.8
22300365,B. Osei,New York Knicks,3,3,6,4.3,2PT Field Goal,In The Paint (Non-RA),-34.1,25.9,1,6.3,7.2
22300495,A. Kowalski,Los Angeles Lakers,3,1,25,16.4,2PT Field Goal,Mid-Range,-143.6,78.9,1,2.91,11.2
22300604,B. Osei,Phoenix Suns,1,7,24,2.3,2PT Field Goal,Restricted Area,-13.2,19.3,1,2.6,13.7
22300048,J. Carter,Miami Heat,1,11,20,26.6,3PT Field Goal,Above the Break 3,-244.1,106.1,0,5.78,2.4
22300910,D. Reyes,Los Angeles Lakers,4,7,12,25.7,3PT Field Goal,Above the Break 3,59.9,250.1,0,2.95,10.1
22300309,R. Delgado,Phoenix Suns,1,2,34,22.0,2PT Field Goal,Mid-Range,12.3,219.3,0,4.17,6.4
22300373,L. Fitzgerald,New York Knicks,1,7,54,3.2,2PT Field Goal,Restricted Area,-4.7,31.9,1,10.11,20.7
22300989,J. Carter,Golden State Warriors,1,9,47,0.4,2PT Field Goal,Restricted Area,-3.7,2.4,1,6.14,18.4
22300223,D. Reyes,Boston Celtics,3,4,11,27.6,3PT Field Goal,Above the Break 3,10.1,275.8,1,2.9,14.5
22300202,R. Delgado,Phoenix Suns,1,7,46,23.7,3PT Field Goal,Above the Break 3,102.8,213.3,0,2.87,3.5
22300709,R. Delgado,Phoenix Suns,3,7,33,26.2,3PT Field Goal,Above the Break 3,-98.3,243.2,0,6.42,18.1
22300307,A. Kowalski,Golden State Warriors,2,3,33,26.5,3PT Field Goal,Above the Break 3,-137.3,226.1,1,4.96,21.1
22300638,J. Carter,Golden State Warriors,2,1,14,10.7,2PT Field Goal,In The Paint (Non-RA),-19.8,105.4,1,1.99,10.5
22300224,L. Fitzgerald,Denver Nuggets,2,3,34,25.3,3PT Field Goal,Above the Break 3,-126.3,219.3,1,5.67,1.2
22300955,B. Osei,Boston Celtics,2,0,10,16.4,2PT Field Goal,Mid-Range,-46.4,157.3,0,0.38,15.9
22300035,S. Whitfield,New York Knicks,1,8,6,9.3,2PT Field Goal,In The Paint (Non-RA),16.6,91.2,1,7.16,11.5
22300929,M. Okafor,Miami Heat,4,3,25,20.0,2PT Field Goal,Mid-Range,-176.9,93.1,0,7.09,0.8
22300036,B. Osei,Miami Heat,1,2,12,0.9,2PT Field Goal,Restricted Area,-4.4,8.0,0,7.98,8.0
22300294,B. Osei,Milwaukee Bucks,2,6,49,8.9,2PT Field Goal,In The Paint (Non-RA),-70.6,55.0,1,1.12,17.8
22300495,T. Nwosu,Phoenix Suns,2,3,46,28.6,3PT Field Goal,Above the Break 3,-171.3,229.6,0,5.59,11.7
22300897,J. Carter,Denver Nuggets,1,3,36,4.0,2PT Field Goal,In The Paint (Non-RA),26.8,29.7,1,8.77,22.2
22300137,A. Kowalski,Milwaukee Bucks,1,8,31,19.0,2PT Field Goal,Mid-Range,-49.4,183.1,1,5.17,17.7
22300888,D. Reyes,Miami Heat,3,4,37,16.8,2PT Field Goal,Mid-Range,-19.0,167.3,0,3.76,16.5
22300928,B. Osei,Milwaukee Bucks,1,6,13,26.3,3PT Field Goal,Above the Break 3,-118.7,234.9,0,7.26,18.8
22300009,J. Carter,Denver Nuggets,3,3,58,4.0,2PT Field Goal,In The Paint (Non-RA),35.1,19.2,1,0.85,15.2
22300454,J. Carter,Milwaukee Bucks,3,6,7,14.8,2PT Field Goal,Mid-Range,113.7,95.2,1,3.96,12.2
22300182,R. Delgado,Los Angeles Lakers,4,5,4,9.7,2PT Field Goal,In The Paint (Non-RA),-83.9,48.3,0,5.19,11.7
22300513,T. Nwosu,Boston Celtics,2,10,8,1.9,2PT Field Goal,Restricted Area,-10.2,15.5,1,3.1,7.5
22300103,D. Reyes,Los Angeles Lakers,3,2,40,0.8,2PT Field Goal,Restricted Area,-1.3,7.5,0,4.31,14.8
22300179,L. Fitzgerald,Phoenix Suns,1,6,51,14.4,2PT Field Goal,Mid-Range,83.2,117.1,0,6.31,23.2
22300712,M. Okafor,Milwaukee Bucks,1,11,5,1.7,2PT Field Goal,Restricted Area,-7.3,15.8,0,6.1,1.0
22300703,A. Kowalski,Denver Nuggets,4,4,31,14.1,2PT Field Goal,Mid-Range,-96.5,102.6,1,4.05,20.7
22300540,D. Reyes,New York Knicks,3,5,19,10.2,2PT Field Goal,In The Paint (Non-RA),-76.5,67.0,0,1.38,5.8
22300008,A. Kowalski,Los Angeles Lakers,2,4,42,12.3,2PT Field Goal,In The Paint (Non-RA),90.3,84.2,0,0.62,9.5
22300393,B. Osei,New York Knicks,4,5,34,28.0,3PT Field Goal,Above the Break 3,-69.8,270.8,0,2.04,22.3
22300158,T. Nwosu,Milwaukee Bucks,3,5,49,1.3,2PT Field Goal,Restricted Area,-5.2,12.4,1,2.94,10.7
22300699,M. Okafor,Boston Celtics,1,3,45,18.4,2PT Field Goal,Mid-Range,-29.2,181.8,1,2.39,0.5
22300503,M. Okafor,Boston Celtics,3,11,5,12.3,2PT Field Goal,In The Paint (Non-RA),112.9,48.9,0,10.72,10.8
22300368,T. Nwosu,Phoenix Suns,1,8,42,0.5,2PT Field Goal,Restricted Area,2.4,4.7,1,3.7,11.4
22300668,D. Reyes,Miami Heat,1,1,2,12.1,2PT Field Goal,In The Paint (Non-RA),-71.6,97.6,1,3.85,7.7
22300878,M. Okafor,Golden State Warriors,1,6,0,27.1,3PT Field Goal,Above the Break 3,-180.7,202.6,0,5.64,13.1
22300565,R. Delgado,New York Knicks,3,10,30,1.5,2PT Field Goal,Restricted Area,-12.2,9.5,1,1.13,12.8
22300229,J. Carter,Los Angeles Lakers,1,1,30,18.5,2PT Field Goal,Mid-Range,152.1,105.2,0,2.81,10.0
22300095,S. Whitfield,New York Knicks,3,11,55,2.0,2PT Field Goal,Restricted Area,-2.3,20.1,0,5.54,6.0
22300488,K. Albrecht,New York Knicks,2,3,41,4.6,2PT Field Goal,In The Paint (Non-RA),20.9,40.9,1,2.5,15.0
22300798,K. Albrecht,Los Angeles Lakers,4,10,36,14.9,2PT Field Goal,Mid-Range,116.1,92.9,1,6.5,18.6
22300621,B. Osei,Golden State Warriors,1,1,24,2.0,2PT Field Goal,Restricted Area,-17.5,10.4,1,2.68,14.5
22300260,K. Albrecht,Los Angeles Lakers,1,1,15,25.2,3PT Field Goal,Above the Break 3,-159.3,195.3,1,4.7,18.1
22300811,R. Delgado,Los Angeles Lakers,1,3,19,2.7,2PT Field Goal,Restricted Area,-5.7,26.5,0,7.54,3.2
22300812,J. Carter,Milwaukee Bucks,4,0,43,0.2,2PT Field Goal,Restricted Area,1.2,1.6,0,6.72,3.4
22300859,T. Nwosu,Denver Nuggets,1,5,36,0.2,2PT Field Goal,Restricted Area,-0.3,2.0,1,4.5,9.8
22300121,A. Kowalski,Phoenix Suns,1,2,51,29.0,3PT Field Goal,Above the Break 3,-130.1,259.2,0,4.5,8.0
22300799,T. Nwosu,Miami Heat,2,6,37,27.5,3PT Field Goal,Above the Break 3,-234.1,144.9,1,5.88,7.1
22300418,D. Reyes,Denver Nuggets,1,2,49,12.8,2PT Field Goal,In The Paint (Non-RA),-24.5,125.3,0,3.23,6.5
22300624,D. Reyes,Denver Nuggets,3,5,57,3.0,2PT Field Goal,Restricted Area,-20.3,22.4,0,1.65,5.6
22300935,J. Carter,Miami Heat,3,8,55,25.6,3PT Field Goal,Above the Break 3,227.6,116.3,0,6.48,23.9
22300007,K. Albrecht,Milwaukee Bucks,3,3,18,1.5,2PT Field Goal,Restricted Area,11.6,9.5,1,6.82,18.6
22300456,M. Okafor,Boston Celtics,4,10,6,25.3,3PT Field Goal,Above the Break 3,-55.8,246.9,1,4.84,8.5
22300495,B. Osei,Miami Heat,3,11,2,3.6,2PT Field Goal,Restricted Area,-29.6,19.6,0,3.65,0.1
22300204,B. Osei,Boston Celtics,3,0,38,2.4,2PT Field Goal,Restricted Area,-6.8,23.3,1,1.57,5.0
22300521,B. Osei,Boston Celtics,4,2,53,0.3,2PT Field Goal,Restricted Area,2.8,1.3,0,2.75,0.6
22300273,M. Okafor,Phoenix Suns,3,8,52,9.2,2PT Field Goal,In The Paint (Non-RA),28.9,87.7,0,3.38,18.2
22300118,D. Reyes,Phoenix Suns,4,11,26,2.7,2PT Field Goal,Restricted Area,-0.8,27.1,1,4.8,9.3
22300451,D. Reyes,Phoenix Suns,1,10,12,0.8,2PT Field Goal,Restricted Area,-2.0,7.7,0,6.14,8.8
22300192,L. Fitzgerald,Milwaukee Bucks,1,3,4,23.7,3PT Field Goal,Above the Break 3,-155.5,178.3,0,4.32,16.3
22300665,A. Kowalski,Los Angeles Lakers,3,3,36,25.3,3PT Field Goal,Above the Break 3,-189.3,167.2,0,5.11,20.5
22300176,D. Reyes,Los Angeles Lakers,3,10,24,2.4,2PT Field Goal,Restricted Area,-4.4,23.3,1,1.21,23.9
22300464,M. Okafor,Golden State Warriors,1,2,53,25.1,3PT Field Goal,Above the Break 3,226.0,109.1,0,4.47,9.5
22300665,M. Okafor,Los Angeles Lakers,4,7,16,12.7,2PT Field Goal,In The Paint (Non-RA),110.4,62.6,1,6.88,12.8
22300396,D. Reyes,Milwaukee Bucks,1,5,10,25.9,3PT Field Goal,Above the Break 3,195.0,170.6,0,2.63,22.5
22300942,A. Kowalski,Miami Heat,3,8,48,3.6,2PT Field Goal,Restricted Area,-13.0,33.2,1,0.3,6.3
22300090,T. Nwosu,Denver Nuggets,1,6,6,4.0,2PT Field Goal,In The Paint (Non-RA),8.4,39.1,1,5.76,11.7
22300276,B. Osei,Miami Heat,2,2,45,14.3,2PT Field Goal,Mid-Range,-97.8,104.4,0,7.63,20.3
22300256,A. Kowalski,Denver Nuggets,4,0,55,13.1,2PT Field Goal,In The Paint (Non-RA),-72.8,108.8,0,5.87,19.9
22300292,J. Carter,Golden State Warriors,2,10,7,2.0,2PT Field Goal,Restricted Area,-13.6,14.1,0,3.06,16.7
22300687,J. Carter,Los Angeles Lakers,4,5,37,14.2,2PT Field Goal,Mid-Range,-41.8,135.3,1,5.57,18.2
22300032,J. Carter,Boston Celtics,1,7,10,18.6,2PT Field Goal,Mid-Range,-162.3,91.5,1,0.3,22.5
22300382,T. Nwosu,Milwaukee Bucks,1,4,0,2.9,2PT Field Goal,Restricted Area,21.9,19.2,0,4.35,2.4
22300117,M. Okafor,Phoenix Suns,1,6,39,24.8,3PT Field Goal,Above the Break 3,210.2,131.0,0,2.46,19.8
22300876,B. Osei,Golden State Warriors,3,1,11,26.6,3PT Field Goal,Above the Break 3,-174.4,200.3,0,6.78,23.5
22300122,B. Osei,Miami Heat,1,10,7,25.4,3PT Field Goal,Above the Break 3,-99.8,233.3,1,1.89,9.8
22300122,L. Fitzgerald,Los Angeles Lakers,2,7,6,20.0,2PT Field Goal,Mid-Range,-123.6,157.7,0,8.89,15.1
22300318,T. Nwosu,Phoenix Suns,4,7,47,2.4,2PT Field Goal,Restricted Area,10.7,21.7,0,9.74,14.4
22300156,L. Fitzgerald,New York Knicks,3,11,18,22.7,3PT Field Goal,Above the Break 3,207.4,91.6,1,8.67,19.0
22300488,J. Carter,Golden State Warriors,3,2,23,3.0,2PT Field Goal,Restricted Area,25.8,15.9,0,6.47,21.1
22300631,K. Albrecht,Phoenix Suns,2,7,49,0.2,2PT Field Goal,Restricted Area,-1.8,1.0,0,2.49,12.3
22300181,B. Osei,Boston Celtics,3,1,44,4.8,2PT Field Goal,In The Paint (Non-RA),41.0,25.1,0,3.51,18.4
22300954,L. Fitzgerald,Milwaukee Bucks,3,6,35,1.6,2PT Field Goal,Restricted Area,-1.4,15.6,0,6.44,11.4
22300600,S. Whitfield,Phoenix Suns,3,3,6,2.4,2PT Field Goal,Restricted Area,-17.6,16.4,0,5.08,22.8
22300974,L. Fitzgerald,Denver Nuggets,2,11,25,21.2,2PT Field Goal,Mid-Range,-94.4,189.7,0,2.73,6.0
22300186,J. Carter,Boston Celtics,4,2,32,24.6,3PT Field Goal,Above the Break 3,11.2,245.9,0,3.66,7.5
22300213,M. Okafor,Denver Nuggets,1,4,1,2.6,2PT Field Goal,Restricted Area,-7.7,25.1,1,2.3,8.0
22300917,J. Carter,New York Knicks,3,2,49,8.1,2PT Field Goal,In The Paint (Non-RA),19.1,78.7,1,5.09,12.3
22300613,L. Fitzgerald,New York Knicks,2,7,24,1.1,2PT Field Goal,Restricted Area,-9.3,6.2,0,4.03,4.5
22300874,A. Kowalski,Los Angeles Lakers,2,6,48,17.8,2PT Field Goal,Mid-Range,49.1,170.6,1,7.15,11.7
22300296,D. Reyes,Phoenix Suns,2,4,30,19.9,2PT Field Goal,Mid-Range,-74.2,185.1,0,5.85,7.9
22300511,D. Reyes,Denver Nuggets,4,6,55,9.1,2PT Field Goal,In The Paint (Non-RA),66.6,61.4,0,3.36,7.7
22300182,M. Okafor,Boston Celtics,1,7,11,3.1,2PT Field Goal,Restricted Area,7.6,29.7,1,7.38,3.2
22300866,R. Delgado,New York Knicks,2,7,22,23.9,3PT Field Goal,Above the Break 3,-208.0,117.9,0,0.3,21.0
22300701,K. Albrecht,Boston Celtics,4,9,10,10.0,2PT Field Goal,In The Paint (Non-RA),91.2,41.6,0,0.87,20.3
22300391,R. Delgado,Los Angeles Lakers,2,9,17,15.9,2PT Field Goal,Mid-Range,-100.7,123.1,0,2.81,6.3
22300166,A. Kowalski,Miami Heat,3,4,52,14.4,2PT Field Goal,Mid-Range,22.6,142.1,0,5.41,17.8
22300572,J. Carter,New York Knicks,4,2,57,23.2,3PT Field Goal,Above the Break 3,-59.4,224.6,1,8.55,16.5
22300803,T. Nwosu,Boston Celtics,2,6,53,13.4,2PT Field Goal,In The Paint (Non-RA),23.4,131.8,0,6.02,9.8
22300539,K. Albrecht,Phoenix Suns,4,0,34,25.1,3PT Field Goal,Above the Break 3,-189.6,164.0,0,4.86,2.0
22300949,J. Carter,Denver Nuggets,1,11,28,3.4,2PT Field Goal,Restricted Area,-18.6,28.6,1,4.16,4.0
22300635,S. Whitfield,Los Angeles Lakers,2,1,51,4.4,2PT Field Goal,In The Paint (Non-RA),-26.0,34.9,0,0.3,6.8
22300486,S. Whitfield,Denver Nuggets,2,1,10,2.1,2PT Field Goal,Restricted Area,-4.1,21.0,0,2.81,22.4
22300731,B. Osei,Los Angeles Lakers,2,7,23,1.8,2PT Field Goal,Restricted Area,-5.4,16.9,1,6.67,9.3
22300801,S. Whitfield,Phoenix Suns,4,2,3,27.2,3PT Field Goal,Above the Break 3,-66.1,263.7,1,4.93,7.6
22300645,T. Nwosu,Golden State Warriors,4,9,17,23.5,3PT Field Goal,Above the Break 3,-58.3,227.7,1,2.82,11.9
22300029,B. Osei,Golden State Warriors,2,3,36,10.0,2PT Field Goal,In The Paint (Non-RA),-28.9,96.0,0,4.11,8.7
22300465,T. Nwosu,New York Knicks,2,6,6,1.6,2PT Field Goal,Restricted Area,10.8,11.9,0,2.67,19.2
22300898,L. Fitzgerald,Golden State Warriors,4,3,50,2.2,2PT Field Goal,Restricted Area,-1.9,22.1,1,0.3,19.1
22300312,B. Osei,Phoenix Suns,2,0,31,22.5,3PT Field Goal,Above the Break 3,56.8,217.7,1,3.66,16.0
22300405,J. Carter,New York Knicks,4,6,10,8.9,2PT Field Goal,In The Paint (Non-RA),13.9,88.1,1,2.7,2.1
22300218,D. Reyes,Phoenix Suns,3,9,14,3.5,2PT Field Goal,Restricted Area,4.4,34.8,0,1.31,7.5
22300856,M. Okafor,Los Angeles Lakers,1,9,30,25.2,3PT Field Goal,Above the Break 3,201.2,152.4,1,3.71,8.7
22300328,L. Fitzgerald,Milwaukee Bucks,1,10,54,5.3,2PT Field Goal,In The Paint (Non-RA),46.7,25.9,1,3.44,17.4
22300818,R. Delgado,Golden State Warriors,2,5,36,10.8,2PT Field Goal,In The Paint (Non-RA),-96.9,48.8,1,4.53,14.3
22300282,R. Delgado,Denver Nuggets,2,2,57,29.0,3PT Field Goal,Above the Break 3,-65.1,282.6,1,4.21,8.6
22300008,R. Delgado,Phoenix Suns,4,6,52,24.5,3PT Field Goal,Above the Break 3,224.4,97.5,0,4.57,23.8
22300578,J. Carter,Phoenix Suns,1,5,43,3.9,2PT Field Goal,Restricted Area,-25.0,30.0,1,3.62,17.5
22300532,L. Fitzgerald,Milwaukee Bucks,3,4,41,26.0,3PT Field Goal,Above the Break 3,3.2,260.2,0,2.44,14.8
22300910,D. Reyes,New York Knicks,2,3,48,11.3,2PT Field Goal,In The Paint (Non-RA),-34.4,107.4,1,3.91,2.2
22300196,S. Whitfield,New York Knicks,3,0,28,1.5,2PT Field Goal,Restricted Area,3.7,14.2,0,4.13,3.3
22300912,L. Fitzgerald,Milwaukee Bucks,3,8,34,24.8,3PT Field Goal,Above the Break 3,152.1,195.7,0,6.36,15.1
22300457,K. Albrecht,Milwaukee Bucks,1,1,47,5.1,2PT Field Goal,In The Paint (Non-RA),17.7,48.3,0,4.25,14.8
22300239,M. Okafor,Milwaukee Bucks,1,11,10,18.6,2PT Field Goal,Mid-Range,-109.0,150.8,0,2.56,7.3
22300100,A. Kowalski,Los Angeles Lakers,3,7,12,27.1,3PT Field Goal,Above the Break 3,85.7,256.9,1,6.02,9.0
22300298,D. Reyes,New York Knicks,2,8,10,0.9,2PT Field Goal,Restricted Area,4.5,7.8,0,4.07,0.9
22300241,D. Reyes,Boston Celtics,3,4,50,28.1,3PT Field Goal,Above the Break 3,-222.8,171.9,1,6.04,18.6
22300862,S. Whitfield,New York Knicks,2,11,36,16.6,2PT Field Goal,Mid-Range,46.6,159.4,0,9.1,4.9
22300888,M. Okafor,Milwaukee Bucks,2,7,33,1.1,2PT Field Goal,Restricted Area,-9.7,4.6,0,6.0,4.4
22300924,B. Osei,Phoenix Suns,2,11,45,17.2,2PT Field Goal,Mid-Range,-35.6,168.4,1,1.21,8.3
22300958,D. Reyes,Boston Celtics,1,8,52,3.3,2PT Field Goal,Restricted Area,-11.6,30.5,1,2.01,5.2
22300125,S. Whitfield,Denver Nuggets,2,8,44,25.2,3PT Field Goal,Above the Break 3,-185.0,171.8,1,5.33,22.2
22300638,S. Whitfield,Miami Heat,2,0,45,14.9,2PT Field Goal,Mid-Range,58.4,137.3,0,0.33,23.1
22300168,T. Nwosu,New York Knicks,4,4,22,2.3,2PT Field Goal,Restricted Area,9.7,21.1,1,3.05,15.6
22300884,D. Reyes,New York Knicks,1,5,17,27.7,3PT Field Goal,Above the Break 3,96.3,259.4,0,4.63,20.9
22300660,M. Okafor,Miami Heat,3,10,43,23.6,3PT Field Goal,Above the Break 3,83.8,220.3,1,2.98,9.1
22300007,J. Carter,Denver Nuggets,1,8,12,25.9,3PT Field Goal,Above the Break 3,124.2,227.4,0,2.15,0.7
22300522,K. Albrecht,Miami Heat,3,2,50,2.4,2PT Field Goal,Restricted Area,3.0,24.0,1,4.0,22.6
22300870,T. Nwosu,Los Angeles Lakers,1,11,42,2.6,2PT Field Goal,Restricted Area,23.7,11.8,1,3.24,5.8
22300796,A. Kowalski,Phoenix Suns,3,0,24,23.2,3PT Field Goal,Above the Break 3,53.3,226.2,0,2.92,2.9
22300589,D. Reyes,Miami Heat,1,10,23,25.9,3PT Field Goal,Above the Break 3,22.5,257.8,0,5.31,2.7
22300776,L. Fitzgerald,Los Angeles Lakers,1,1,55,2.5,2PT Field Goal,Restricted Area,14.7,20.4,1,2.6,0.7
22300053,A. Kowalski,Golden State Warriors,1,6,28,5.0,2PT Field Goal,In The Paint (Non-RA),-28.0,42.0,1,3.57,5.9
22300197,T. Nwosu,Milwaukee Bucks,2,5,11,8.9,2PT Field Goal,In The Paint (Non-RA),78.3,41.8,1,6.98,10.7
22300042,A. Kowalski,Denver Nuggets,2,11,50,1.9,2PT Field Goal,Restricted Area,5.0,18.3,1,6.12,8.7
22300416,R. Delgado,New York Knicks,3,10,51,24.4,3PT Field Goal,Above the Break 3,-87.0,228.3,1,4.18,18.3
22300784,K. Albrecht,Denver Nuggets,3,0,19,19.5,2PT Field Goal,Mid-Range,-98.5,168.6,1,3.68,12.5
22300646,M. Okafor,Phoenix Suns,2,10,6,26.0,3PT Field Goal,Above the Break 3,-91.7,243.0,1,4.73,12.4
22300847,S. Whitfield,Miami Heat,1,6,51,21.1,2PT Field Goal,Mid-Range,193.7,82.8,0,4.65,6.9
22300145,R. Delgado,Phoenix Suns,1,3,53,0.8,2PT Field Goal,Restricted Area,-3.0,7.1,0,1.16,17.1
22300236,B. Osei,Denver Nuggets,3,7,59,1.3,2PT Field Goal,Restricted Area,-10.0,8.2,1,2.35,7.1
22300849,M. Okafor,Golden State Warriors,4,3,2,2.2,2PT Field Goal,Restricted Area,16.9,14.0,1,6.68,17.5
22300909,S. Whitfield,Miami Heat,2,7,21,13.6,2PT Field Goal,In The Paint (Non-RA),-95.4,96.5,1,1.92,5.8
22300960,L. Fitzgerald,New York Knicks,3,8,0,19.9,2PT Field Goal,Mid-Range,-72.9,185.6,1,7.93,6.3
22300280,M. Okafor,Phoenix Suns,2,0,54,23.5,3PT Field Goal,Above the Break 3,-89.3,217.5,1,5.73,18.2
22300259,T. Nwosu,Golden State Warriors,4,5,58,26.0,3PT Field Goal,Above the Break 3,-185.7,181.3,0,4.08,16.4
22300670,M. Okafor,Boston Celtics,1,4,23,25.7,3PT Field Goal,Above the Break 3,-175.7,188.1,1,3.06,12.5
22300298,A. Kowalski,Phoenix Suns,1,2,14,12.3,2PT Field Goal,In The Paint (Non-RA),90.9,83.0,1,4.43,22.7
22300931,S. Whitfield,Milwaukee Bucks,2,11,21,2.5,2PT Field Goal,Restricted Area,22.1,12.5,1,6.0,23.1
22300789,S. Whitfield,Phoenix Suns,3,2,37,15.1,2PT Field Goal,Mid-Range,-138.3,60.4,0,5.23,3.7
22300815,J. Carter,Milwaukee Bucks,3,4,23,1.6,2PT Field Goal,Restricted Area,-3.9,15.5,0,7.24,11.2
22300964,T. Nwosu,Boston Celtics,4,10,15,24.5,3PT Field Goal,Above the Break 3,185.2,160.5,1,5.27,9.2
22300365,A. Kowalski,Boston Celtics,1,4,6,24.1,3PT Field Goal,Above the Break 3,-114.7,211.8,1,2.69,20.0
22300383,S. Whitfield,Los Angeles Lakers,3,2,28,1.5,2PT Field Goal,Restricted Area,-13.9,6.6,0,5.48,9.6
22300918,M. Okafor,Miami Heat,1,5,0,23.4,3PT Field Goal,Above the Break 3,178.9,150.8,0,5.92,0.7
22300990,D. Reyes,New York Knicks,2,2,8,3.7,2PT Field Goal,Restricted Area,21.9,30.2,1,3.97,21.2
22300503,S. Whitfield,Phoenix Suns,2,0,49,1.5,2PT Field Goal,Restricted Area,-13.2,6.6,1,2.11,0.3
22300947,S. Whitfield,Phoenix Suns,1,4,31,24.8,3PT Field Goal,Above the Break 3,136.8,207.1,0,2.42,9.4
22300995,T. Nwosu,Milwaukee Bucks,1,10,38,16.2,2PT Field Goal,Mid-Range,-28.2,159.3,0,5.5,2.4
22300675,A. Kowalski,Denver Nuggets,4,11,28,26.3,3PT Field Goal,Above the Break 3,66.0,254.2,1,2.16,13.6
22300680,K. Albrecht,Los Angeles Lakers,4,4,34,25.3,3PT Field Goal,Above the Break 3,-183.5,174.1,0,8.28,22.1
22300864,R. Delgado,New York Knicks,3,5,19,2.3,2PT Field Goal,Restricted Area,-8.8,21.5,0,5.93,12.1
22300120,R. Delgado,New York Knicks,3,0,55,25.8,3PT Field Goal,Above the Break 3,228.1,121.0,0,0.3,20.1
22300886,B. Osei,Golden State Warriors,3,2,44,1.7,2PT Field Goal,Restricted Area,-2.1,16.5,1,1.71,11.7
22300370,B. Osei,Golden State Warriors,4,2,12,1.0,2PT Field Goal,Restricted Area,-2.5,9.6,0,4.36,20.1
22300441,K. Albrecht,Miami Heat,2,9,37,0.2,2PT Field Goal,Restricted Area,1.5,1.3,1,1.31,21.9
22300831,R. Delgado,Milwaukee Bucks,2,11,38,1.4,2PT Field Goal,Restricted Area,3.4,13.5,1,3.85,13.9
22300710,J. Carter,Milwaukee Bucks,4,4,8,15.6,2PT Field Goal,Mid-Range,-0.6,155.7,0,6.26,18.7
22300022,S. Whitfield,Boston Celtics,4,0,54,21.9,2PT Field Goal,Mid-Range,-193.1,103.8,1,5.66,6.8
22300955,R. Delgado,Phoenix Suns,1,2,15,27.8,3PT Field Goal,Above the Break 3,131.4,245.4,0,1.69,10.9
22300362,R. Delgado,Los Angeles Lakers,3,2,49,1.0,2PT Field Goal,Restricted Area,-5.5,8.8,1,5.93,15.3
22300985,D. Reyes,Miami Heat,4,0,55,25.0,3PT Field Goal,Above the Break 3,-104.0,226.9,1,6.49,6.0
22300216,R. Delgado,Boston Celtics,3,9,10,3.1,2PT Field Goal,Restricted Area,-17.5,25.5,1,2.55,14.6
22300044,B. Osei,Los Angeles Lakers,3,8,2,0.6,2PT Field Goal,Restricted Area,-1.4,6.2,1,5.64,22.3
22300585,T. Nwosu,Denver Nuggets,3,8,36,17.1,2PT Field Goal,Mid-Range,131.7,109.3,0,2.77,18.7
22300618,J. Carter,Miami Heat,3,6,33,10.6,2PT Field Goal,In The Paint (Non-RA),11.6,105.8,0,1.14,16.8
22300990,B. Osei,Denver Nuggets,1,9,24,26.1,3PT Field Goal,Above the Break 3,171.4,196.4,0,6.92,0.4
22300603,D. Reyes,Boston Celtics,3,8,48,1.5,2PT Field Goal,Restricted Area,13.5,7.4,1,6.82,2.0
22300626,R. Delgado,Denver Nuggets,4,8,53,2.9,2PT Field Goal,Restricted Area,13.8,25.0,0,2.04,1.9
22300839,M. Okafor,Denver Nuggets,1,3,51,27.0,3PT Field Goal,Above the Break 3,-204.4,177.0,0,0.3,19.2
22300787,R. Delgado,Los Angeles Lakers,2,4,44,26.5,3PT Field Goal,Above the Break 3,-163.3,208.3,0,6.52,17.5
22300764,J. Carter,Miami Heat,3,11,6,1.9,2PT Field Goal,Restricted Area,-17.1,8.4,1,2.78,18.1
22300450,R. Delgado,Golden State Warriors,4,5,46,2.7,2PT Field Goal,Restricted Area,19.0,18.6,1,5.03,7.2
22300173,D. Reyes,Boston Celtics,3,4,28,8.0,2PT Field Goal,In The Paint (Non-RA),-55.2,57.4,1,1.14,17.6
22300121,D. Reyes,Milwaukee Bucks,2,0,50,3.1,2PT Field Goal,Restricted Area,21.1,22.4,0,5.32,1.4
22300312,J. Carter,Milwaukee Bucks,1,7,25,0.2,2PT Field Goal,Restricted Area,-1.2,1.6,0,6.67,15.3
22300230,T. Nwosu,Boston Celtics,2,2,55,26.2,3PT Field Goal,Above the Break 3,207.0,161.2,0,4.5,23.6
22300995,T. Nwosu,Los Angeles Lakers,4,10,18,25.7,3PT Field Goal,Above the Break 3,-219.1,134.0,0,6.03,0.4
22300434,L. Fitzgerald,Milwaukee Bucks,4,8,41,1.5,2PT Field Goal,Restricted Area,9.1,12.5,0,4.9,12.3
22300041,M. Okafor,Boston Celtics,2,5,28,0.9,2PT Field Goal,Restricted Area,7.4,4.6,0,6.41,23.7
22300013,B. Osei,Boston Celtics,2,11,59,3.7,2PT Field Goal,Restricted Area,-2.0,37.0,0,2.93,22.7
22300869,D. Reyes,Phoenix Suns,3,1,14,15.2,2PT Field Goal,Mid-Range,-61.2,138.9,0,2.86,15.9
22300763,D. Reyes,Boston Celtics,4,9,25,1.9,2PT Field Goal,Restricted Area,4.3,18.6,0,0.3,9.8
22300668,B. Osei,New York Knicks,2,4,8,29.0,3PT Field Goal,Above the Break 3,250.0,146.9,0,3.14,4.7
22300548,J. Carter,New York Knicks,3,11,24,2.7,2PT Field Goal,Restricted Area,-20.7,16.7,0,3.46,4.2
22300551,D. Reyes,New York Knicks,1,3,13,20.5,2PT Field Goal,Mid-Range,81.6,188.2,1,1.52,5.7
22300122,K. Albrecht,Miami Heat,3,2,27,25.4,3PT Field Goal,Above the Break 3,-51.3,248.8,0,6.5,10.7
22300250,M. Okafor,Milwaukee Bucks,4,6,56,24.8,3PT Field Goal,Above the Break 3,197.8,150.3,1,3.53,18.0
22300179,K. Albrecht,New York Knicks,3,8,32,15.7,2PT Field Goal,Mid-Range,-115.9,105.9,0,11.04,15.3
22300658,S. Whitfield,Los Angeles Lakers,3,2,45,26.6,3PT Field Goal,Above the Break 3,157.7,214.4,1,5.53,11.8
22300523,B. Osei,Milwaukee Bucks,3,6,50,14.6,2PT Field Goal,Mid-Range,14.3,145.6,1,2.28,21.5
22300911,T. Nwosu,New York Knicks,4,8,29,4.0,2PT Field Goal,In The Paint (Non-RA),10.7,38.5,0,4.14,12.6
22300298,M. Okafor,Los Angeles Lakers,2,9,20,13.5,2PT Field Goal,In The Paint (Non-RA),-0.5,135.1,0,5.85,16.8
22300275,J. Carter,New York Knicks,3,2,48,17.0,2PT Field Goal,Mid-Range,-41.4,164.6,0,6.65,14.3
22300505,L. Fitzgerald,Denver Nuggets,4,6,36,14.3,2PT Field Goal,Mid-Range,-90.2,110.9,0,7.62,18.3
22300141,B. Osei,Denver Nuggets,3,3,1,28.5,3PT Field Goal,Above the Break 3,107.1,264.1,0,3.12,23.2
22300473,B. Osei,New York Knicks,4,11,12,17.7,2PT Field Goal,Mid-Range,-16.7,175.9,1,6.47,20.2
22300445,S. Whitfield,Miami Heat,3,11,46,8.7,2PT Field Goal,In The Paint (Non-RA),74.3,46.0,0,4.06,7.7
22300788,S. Whitfield,New York Knicks,3,11,19,5.4,2PT Field Goal,In The Paint (Non-RA),-38.0,38.2,0,6.36,18.1
22300082,T. Nwosu,Golden State Warriors,1,5,37,10.0,2PT Field Goal,In The Paint (Non-RA),-84.5,53.1,1,3.89,1.8
22300448,L. Fitzgerald,Milwaukee Bucks,2,1,4,1.6,2PT Field Goal,Restricted Area,6.5,14.8,0,4.07,1.4
22300144,R. Delgado,Denver Nuggets,1,10,26,2.1,2PT Field Goal,Restricted Area,14.2,16.0,0,4.95,23.9
22300786,D. Reyes,Golden State Warriors,4,3,42,17.5,2PT Field Goal,Mid-Range,61.8,163.6,1,2.69,23.7
22300382,L. Fitzgerald,Boston Celtics,2,5,48,28.1,3PT Field Goal,Above the Break 3,-19.2,280.4,0,4.17,19.5
22300797,R. Delgado,Golden State Warriors,2,5,58,4.9,2PT Field Goal,In The Paint (Non-RA),-40.9,27.6,0,5.07,0.3
22300518,M. Okafor,Denver Nuggets,3,8,31,25.6,3PT Field Goal,Above the Break 3,-215.8,137.9,0,0.3,21.0
22300099,T. Nwosu,Milwaukee Bucks,3,2,37,12.7,2PT Field Goal,In The Paint (Non-RA),-18.3,125.2,0,2.97,15.1
22300771,J. Carter,Milwaukee Bucks,2,9,55,2.6,2PT Field Goal,Restricted Area,20.7,14.9,0,3.08,13.0
22300634,R. Delgado,Los Angeles Lakers,4,7,5,1.7,2PT Field Goal,Restricted Area,-12.0,12.3,1,6.5,17.2
22300735,R. Delgado,Denver Nuggets,2,4,59,27.0,3PT Field Goal,Above the Break 3,120.5,242.2,0,4.51,15.0
22300237,S. Whitfield,Golden State Warriors,1,1,26,26.4,3PT Field Goal,Above the Break 3,157.4,212.5,0,4.14,21.1
22300779,S. Whitfield,Boston Celtics,4,7,59,25.7,3PT Field Goal,Above the Break 3,172.6,190.2,0,2.49,21.2
22300343,B. Osei,Los Angeles Lakers,3,6,42,3.6,2PT Field Goal,Restricted Area,16.3,32.0,0,5.18,21.7
22300749,L. Fitzgerald,Miami Heat,1,4,54,26.7,3PT Field Goal,Above the Break 3,71.7,257.4,1,3.48,4.8
22300139,M. Okafor,Miami Heat,2,9,1,9.0,2PT Field Goal,In The Paint (Non-RA),39.8,81.0,1,6.41,21.0
22300344,D. Reyes,Denver Nuggets,1,0,7,26.7,3PT Field Goal,Above the Break 3,-10.3,266.4,1,3.54,5.8
22300007,K. Albrecht,New York Knicks,4,2,25,3.1,2PT Field Goal,Restricted Area,2.7,30.4,0,4.07,3.1
22300956,J. Carter,Miami Heat,2,6,18,25.8,3PT Field Goal,Above the Break 3,205.8,155.6,0,5.56,9.7
22300362,M. Okafor,Golden State Warriors,3,8,52,11.4,2PT Field Goal,In The Paint (Non-RA),76.0,84.6,1,5.24,3.8
22300470,J. Carter,Los Angeles Lakers,1,10,2,28.7,3PT Field Goal,Above the Break 3,-236.5,161.8,0,0.6,10.7
22300609,B. Osei,Denver Nuggets,1,3,59,16.5,2PT Field Goal,Mid-Range,-63.1,152.5,0,4.64,11.8
22300928,B. Osei,Milwaukee Bucks,2,7,10,3.3,2PT Field Goal,Restricted Area,-17.3,27.8,0,4.05,2.4
22300012,D. Reyes,Denver Nuggets,2,11,49,18.5,2PT Field Goal,Mid-Range,-167.8,76.7,0,0.3,0.8
22300536,M. Okafor,Los Angeles Lakers,2,8,24,20.3,2PT Field Goal,Mid-Range,-181.0,92.0,0,1.36,18.6
22300426,L. Fitzgerald,Boston Celtics,2,9,45,2.1,2PT Field Goal,Restricted Area,-3.9,20.7,1,6.36,13.2
22300866,R. Delgado,Golden State Warriors,2,10,15,1.6,2PT Field Goal,Restricted Area,-9.9,12.9,1,4.97,10.7
22300620,B. Osei,Miami Heat,4,4,42,12.5,2PT Field Goal,In The Paint (Non-RA),114.8,49.7,0,3.09,18.6
22300726,S. Whitfield,Denver Nuggets,4,4,32,16.7,2PT Field Goal,Mid-Range,-80.2,146.8,1,6.33,5.7
22300857,R. Delgado,Golden State Warriors,1,10,49,11.9,2PT Field Goal,In The Paint (Non-RA),-54.0,105.9,0,0.3,3.3
22300923,D. Reyes,Phoenix Suns,4,10,1,1.6,2PT Field Goal,Restricted Area,-14.6,6.9,1,7.35,17.8
22300932,K. Albrecht,Miami Heat,1,4,12,1.6,2PT Field Goal,Restricted Area,7.2,14.3,0,2.86,1.2
22300449,J. Carter,Phoenix Suns,4,8,59,16.2,2PT Field Goal,Mid-Range,148.2,64.7,1,7.62,20.7
22300922,M. Okafor,Phoenix Suns,2,3,39,19.1,2PT Field Goal,Mid-Range,118.6,149.7,1,3.25,9.8
22300959,S. Whitfield,Miami Heat,3,8,35,24.9,3PT Field Goal,Above the Break 3,186.5,164.5,0,3.0,18.2
22300706,S. Whitfield,Phoenix Suns,2,9,20,11.9,2PT Field Goal,In The Paint (Non-RA),-104.1,57.9,1,4.86,17.4
22300957,M. Okafor,New York Knicks,1,6,49,0.2,2PT Field Goal,Restricted Area,-1.6,1.2,1,3.59,13.5
22300581,L. Fitzgerald,Denver Nuggets,1,10,10,28.1,3PT Field Goal,Above the Break 3,-132.7,247.3,0,6.54,6.1
22300287,M. Okafor,Golden State Warriors,4,8,22,2.5,2PT Field Goal,Restricted Area,-4.9,24.4,1,6.03,13.6
22300805,S. Whitfield,Golden State Warriors,4,7,18,3.0,2PT Field Goal,Restricted Area,-22.1,21.0,1,3.39,6.1
22300609,J. Carter,Miami Heat,1,0,38,2.0,2PT Field Goal,Restricted Area,-18.2,9.1,1,3.76,4.7
22300339,S. Whitfield,Golden State Warriors,4,7,23,11.9,2PT Field Goal,In The Paint (Non-RA),4.5,118.5,1,4.19,13.9
22300929,S. Whitfield,Denver Nuggets,4,5,22,1.4,2PT Field Goal,Restricted Area,13.2,5.8,0,8.17,6.3
22300805,D. Reyes,Denver Nuggets,3,4,16,29.0,3PT Field Goal,Above the Break 3,-63.6,282.9,1,4.12,23.8
22300852,K. Albrecht,Phoenix Suns,2,7,5,2.1,2PT Field Goal,Restricted Area,-14.4,15.2,1,6.57,4.7
22300271,K. Albrecht,Golden State Warriors,3,1,49,2.3,2PT Field Goal,Restricted Area,-13.6,18.8,0,4.11,8.9
22300729,L. Fitzgerald,Miami Heat,1,1,15,17.4,2PT Field Goal,Mid-Range,-121.9,123.6,0,2.27,11.8
22300543,J. Carter,Miami Heat,2,5,4,2.4,2PT Field Goal,Restricted Area,-22.3,10.2,0,0.42,6.0
22300847,T. Nwosu,Denver Nuggets,1,5,24,4.0,2PT Field Goal,In The Paint (Non-RA),13.9,37.5,1,4.72,15.6
22300539,T. Nwosu,Golden State Warriors,4,10,21,7.9,2PT Field Goal,In The Paint (Non-RA),36.2,69.7,0,5.3,2.9
22300229,M. Okafor,New York Knicks,2,6,1,1.0,2PT Field Goal,Restricted Area,9.0,4.4,0,4.75,23.0
22300312,B. Osei,Boston Celtics,3,6,58,16.1,2PT Field Goal,Mid-Range,-41.4,155.3,1,7.14,11.8
22300951,M. Okafor,Denver Nuggets,1,9,47,2.5,2PT Field Goal,Restricted Area,-19.6,15.4,0,5.86,16.5
22300087,D. Reyes,Milwaukee Bucks,1,1,58,21.6,2PT Field Goal,Mid-Range,-169.2,133.7,1,8.41,7.7
22300961,K. Albrecht,Golden State Warriors,1,1,44,2.9,2PT Field Goal,Restricted Area,-1.2,28.9,1,5.63,23.7
22300404,A. Kowalski,Denver Nuggets,4,10,31,15.7,2PT Field Goal,Mid-Range,93.3,126.0,1,2.1,2.5
22300609,T. Nwosu,New York Knicks,3,5,35,29.0,3PT Field Goal,Above the Break 3,-246.3,153.0,0,6.79,10.5
22300508,S. Whitfield,Phoenix Suns,2,11,58,26.0,3PT Field Goal,Above the Break 3,172.6,195.0,0,1.75,22.7
22300513,L. Fitzgerald,New York Knicks,3,3,26,25.2,3PT Field Goal,Above the Break 3,-160.8,194.2,0,3.87,5.8
22300619,L. Fitzgerald,Miami Heat,3,8,23,17.2,2PT Field Goal,Mid-Range,-149.6,84.7,0,1.21,12.3
22300285,K. Albrecht,Golden State Warriors,1,3,24,2.1,2PT Field Goal,Restricted Area,-16.1,14.1,1,6.31,18.5
22300433,S. Whitfield,Phoenix Suns,3,1,56,1.8,2PT Field Goal,Restricted Area,6.4,16.4,1,7.46,13.0
22300696,T. Nwosu,Milwaukee Bucks,2,7,38,22.7,3PT Field Goal,Above the Break 3,-198.0,110.2,0,1.03,6.5
22300922,K. Albrecht,Denver Nuggets,4,4,3,0.8,2PT Field Goal,Restricted Area,0.7,7.9,1,2.11,1.0
22300612,S. Whitfield,Phoenix Suns,3,11,56,16.3,2PT Field Goal,Mid-Range,143.4,78.2,0,2.53,4.5
22300768,D. Reyes,Denver Nuggets,2,9,5,1.3,2PT Field Goal,Restricted Area,-2.1,13.1,0,0.3,12.8
22300684,A. Kowalski,Golden State Warriors,1,4,7,25.4,3PT Field Goal,Above the Break 3,221.3,125.6,0,3.85,21.1
22300922,M. Okafor,Miami Heat,2,5,44,2.9,2PT Field Goal,Restricted Area,-16.7,23.8,1,3.49,15.6
22300939,K. Albrecht,Golden State Warriors,3,4,53,3.8,2PT Field Goal,Restricted Area,17.5,33.9,0,0.89,12.6
22300108,K. Albrecht,Boston Celtics,2,8,5,1.2,2PT Field Goal,Restricted Area,11.1,5.8,0,0.3,11.2
22300597,A. Kowalski,Los Angeles Lakers,4,5,56,20.5,2PT Field Goal,Mid-Range,-109.1,173.2,0,0.63,18.0
22300143,R. Delgado,Los Angeles Lakers,2,8,3,29.0,3PT Field Goal,Above the Break 3,239.1,164.2,0,4.63,20.7
22300730,R. Delgado,Miami Heat,2,4,56,19.3,2PT Field Goal,Mid-Range,155.6,114.4,0,0.51,11.1
22300378,R. Delgado,Miami Heat,2,6,51,22.7,3PT Field Goal,Above the Break 3,182.2,135.7,0,4.03,22.9
22300312,R. Delgado,Boston Celtics,3,10,15,21.3,2PT Field Goal,Mid-Range,-48.4,207.2,0,4.55,9.5
22300622,R. Delgado,Phoenix Suns,2,8,55,2.6,2PT Field Goal,Restricted Area,-23.4,11.8,0,5.63,16.0
22300023,M. Okafor,Phoenix Suns,1,5,21,16.2,2PT Field Goal,Mid-Range,-80.4,140.2,1,3.84,23.5
22300364,T. Nwosu,Milwaukee Bucks,4,11,0,20.6,2PT Field Goal,Mid-Range,-49.2,200.0,0,4.53,0.4
22300328,M. Okafor,Boston Celtics,2,0,52,19.3,2PT Field Goal,Mid-Range,-82.7,174.9,0,7.42,5.5
22300452,M. Okafor,Los Angeles Lakers,1,10,1,2.7,2PT Field Goal,Restricted Area,11.4,24.3,0,2.65,17.1
22300526,R. Delgado,Golden State Warriors,1,10,11,3.3,2PT Field Goal,Restricted Area,11.5,30.7,0,4.07,8.7
22300712,A. Kowalski,Golden State Warriors,1,1,59,2.3,2PT Field Goal,Restricted Area,-14.6,18.4,1,6.95,6.6
22300684,S. Whitfield,Golden State Warriors,3,4,43,2.6,2PT Field Goal,Restricted Area,-1.4,25.8,0,1.33,2.7
22300718,D. Reyes,Milwaukee Bucks,3,9,37,3.1,2PT Field Goal,Restricted Area,23.6,20.7,1,5.48,0.4
22300638,D. Reyes,Miami Heat,1,4,40,0.6,2PT Field Goal,Restricted Area,2.0,6.0,0,0.3,8.8
22300973,R. Delgado,Boston Celtics,4,5,18,4.3,2PT Field Goal,In The Paint (Non-RA),23.8,35.7,0,0.31,19.4
22300519,B. Osei,Miami Heat,3,7,21,22.8,3PT Field Goal,Above the Break 3,160.1,161.7,0,0.34,11.2
22300788,S. Whitfield,Boston Celtics,1,9,24,27.1,3PT Field Goal,Above the Break 3,17.5,270.0,0,3.57,6.5
22300538,K. Albrecht,New York Knicks,2,6,37,6.5,2PT Field Goal,In The Paint (Non-RA),32.7,56.6,1,3.99,17.2
22300674,S. Whitfield,Phoenix Suns,4,11,22,26.7,3PT Field Goal,Above the Break 3,36.6,264.1,1,0.3,7.5
22300779,D. Reyes,Denver Nuggets,4,10,19,10.5,2PT Field Goal,In The Paint (Non-RA),-68.2,79.9,1,8.31,10.0
22300660,K. Albrecht,Milwaukee Bucks,1,3,17,2.1,2PT Field Goal,Restricted Area,-18.0,10.9,1,8.91,6.6
22300323,K. Albrecht,Milwaukee Bucks,3,4,50,14.9,2PT Field Goal,Mid-Range,9.2,148.7,1,6.98,4.1
22300418,R. Delgado,Boston Celtics,4,5,22,22.5,3PT Field Goal,Above the Break 3,149.1,168.5,0,3.61,0.4
22300120,M. Okafor,Boston Celtics,2,10,3,16.0,2PT Field Goal,Mid-Range,122.8,102.6,1,5.18,23.2
22300755,T. Nwosu,Los Angeles Lakers,1,8,33,25.4,3PT Field Goal,Above the Break 3,157.5,199.8,1,2.47,0.7
22300237,M. Okafor,Denver Nuggets,3,0,41,26.2,3PT Field Goal,Above the Break 3,-31.4,259.7,1,2.79,4.0
22300856,R. Delgado,Milwaukee Bucks,1,5,52,22.8,3PT Field Goal,Above the Break 3,95.6,207.1,0,2.33,13.7
22300217,R. Delgado,Golden State Warriors,2,3,55,0.2,2PT Field Goal,Restricted Area,-0.1,2.0,0,4.79,6.3
22300223,T. Nwosu,Miami Heat,3,6,42,27.3,3PT Field Goal,Above the Break 3,177.0,207.6,0,2.89,20.1
22300673,A. Kowalski,Phoenix Suns,3,4,28,20.7,2PT Field Goal,Mid-Range,-88.8,187.1,0,3.03,23.0
22300498,S. Whitfield,Miami Heat,3,6,11,17.5,2PT Field Goal,Mid-Range,-30.8,172.1,1,8.22,6.5
22300534,M. Okafor,Denver Nuggets,1,3,6,15.3,2PT Field Goal,Mid-Range,75.2,133.1,0,3.34,23.5
22300665,R. Delgado,Miami Heat,4,6,32,0.2,2PT Field Goal,Restricted Area,1.6,1.2,1,5.52,18.5
22300335,B. Osei,Milwaukee Bucks,1,0,27,1.0,2PT Field Goal,Restricted Area,6.9,7.8,1,5.03,23.0
22300786,B. Osei,Golden State Warriors,3,6,37,23.2,3PT Field Goal,Above the Break 3,-176.2,150.2,1,3.08,19.8
22300848,D. Reyes,New York Knicks,2,3,27,15.0,2PT Field Goal,Mid-Range,-114.4,97.7,0,3.16,23.7
22300225,L. Fitzgerald,Phoenix Suns,3,2,50,27.6,3PT Field Goal,Above the Break 3,-167.3,219.4,0,6.76,23.0
22300770,A. Kowalski,Miami Heat,2,7,34,0.2,2PT Field Goal,Restricted Area,-1.0,1.8,1,2.93,23.7
22300809,L. Fitzgerald,Boston Celtics,3,1,3,16.3,2PT Field Goal,Mid-Range,-125.7,104.3,0,5.69,6.5
22300640,A. Kowalski,Golden State Warriors,4,3,42,19.2,2PT Field Goal,Mid-Range,166.9,94.6,1,3.15,12.0
22300836,J. Carter,Miami Heat,1,4,40,2.7,2PT Field Goal,Restricted Area,0.6,26.6,0,3.28,6.2
22300738,D. Reyes,Golden State Warriors,3,1,55,15.1,2PT Field Goal,Mid-Range,-133.0,71.0,0,7.57,7.0
22300939,J. Carter,Golden State Warriors,4,9,28,7.2,2PT Field Goal,In The Paint (Non-RA),-21.5,68.3,1,0.3,6.2
22300023,L. Fitzgerald,Phoenix Suns,2,4,9,13.9,2PT Field Goal,In The Paint (Non-RA),-10.1,138.3,1,2.51,19.3
22300123,J. Carter,New York Knicks,1,11,23,3.3,2PT Field Goal,Restricted Area,17.8,27.2,1,2.75,0.6
22300396,S. Whitfield,Milwaukee Bucks,3,10,23,15.3,2PT Field Goal,Mid-Range,95.6,118.9,1,5.1,1.7
22300075,D. Reyes,Miami Heat,3,8,54,20.8,2PT Field Goal,Mid-Range,-147.4,147.3,1,2.55,18.7
22300028,A. Kowalski,New York Knicks,1,8,45,25.9,3PT Field Goal,Above the Break 3,-113.7,232.8,0,4.38,3.9
22300467,D. Reyes,Phoenix Suns,4,9,27,24.3,3PT Field Goal,Above the Break 3,191.5,149.4,1,5.68,19.9
22300729,T. Nwosu,Miami Heat,1,0,57,22.6,3PT Field Goal,Above the Break 3,-34.2,223.8,0,8.65,7.5
22300273,L. Fitzgerald,Miami Heat,2,7,16,24.9,3PT Field Goal,Above the Break 3,44.6,245.3,0,6.35,1.1
22300607,M. Okafor,New York Knicks,1,4,43,25.4,3PT Field Goal,Above the Break 3,229.7,107.9,0,0.9,3.7
22300310,K. Albrecht,Los Angeles Lakers,1,8,51,1.7,2PT Field Goal,Restricted Area,-3.5,16.4,1,8.11,12.7
22300930,S. Whitfield,Golden State Warriors,3,1,55,16.1,2PT Field Goal,Mid-Range,-135.7,86.8,0,4.12,0.7
22300611,T. Nwosu,New York Knicks,3,0,12,1.9,2PT Field Goal,Restricted Area,1.3,18.7,0,1.87,8.0
22300708,A. Kowalski,Miami Heat,3,0,37,19.5,2PT Field Goal,Mid-Range,-125.1,149.0,1,4.64,7.4
22300088,A. Kowalski,New York Knicks,1,1,54,1.8,2PT Field Goal,Restricted Area,-11.2,13.6,0,1.84,21.8
22300149,A. Kowalski,Denver Nuggets,1,1,1,20.7,2PT Field Goal,Mid-Range,-89.3,186.4,0,3.21,22.8
22300961,K. Albrecht,Denver Nuggets,3,5,54,25.3,3PT Field Goal,Above the Break 3,-60.3,245.8,0,2.02,14.1
22300274,A. Kowalski,New York Knicks,2,8,7,1.7,2PT Field Goal,Restricted Area,-12.1,12.3,1,2.98,5.2
22300633,M. Okafor,Phoenix Suns,3,3,34,24.5,3PT Field Goal,Above the Break 3,159.8,185.3,1,0.3,18.3
22300576,L. Fitzgerald,Boston Celtics,2,7,6,2.2,2PT Field Goal,Restricted Area,-20.4,8.4,1,7.03,11.5
22300256,K. Albrecht,Miami Heat,3,6,49,7.2,2PT Field Goal,In The Paint (Non-RA),60.4,38.4,0,4.22,15.2
22300479,T. Nwosu,Boston Celtics,3,2,33,2.5,2PT Field Goal,Restricted Area,7.1,23.7,1,6.01,10.7
22300687,J. Carter,Miami Heat,4,8,5,1.5,2PT Field Goal,Restricted Area,-8.7,12.0,1,4.99,8.9
22300995,D. Reyes,Los Angeles Lakers,1,1,40,11.1,2PT Field Goal,In The Paint (Non-RA),-102.1,43.3,0,3.87,13.6
22300125,B. Osei,Los Angeles Lakers,1,3,46,1.1,2PT Field Goal,Restricted Area,-6.3,8.9,1,7.19,5.1
22300926,K. Albrecht,Milwaukee Bucks,3,10,2,1.4,2PT Field Goal,Restricted Area,11.9,7.6,0,7.1,2.0
22300139,D. Reyes,Miami Heat,4,11,13,25.2,3PT Field Goal,Above the Break 3,-89.9,235.0,1,3.25,1.5
22300545,A. Kowalski,Phoenix Suns,1,1,49,3.0,2PT Field Goal,Restricted Area,-10.5,28.3,1,5.95,9.2
22300617,K. Albrecht,Boston Celtics,3,1,23,27.1,3PT Field Goal,Above the Break 3,-214.6,165.8,0,3.27,19.5
22300446,A. Kowalski,Phoenix Suns,4,1,41,20.0,2PT Field Goal,Mid-Range,78.3,183.9,0,2.95,22.3
22300781,T. Nwosu,Boston Celtics,1,6,27,1.5,2PT Field Goal,Restricted Area,-7.5,13.4,1,5.1,19.9
22300677,T. Nwosu,New York Knicks,3,4,34,3.8,2PT Field Goal,Restricted Area,-17.9,33.5,0,4.26,8.8
22300060,B. Osei,Milwaukee Bucks,4,4,34,23.9,3PT Field Goal,Above the Break 3,-201.9,128.0,1,3.8,19.7
22300789,K. Albrecht,Boston Celtics,1,9,42,1.8,2PT Field Goal,Restricted Area,-13.0,11.7,1,0.3,21.3
22300487,T. Nwosu,Boston Celtics,2,9,51,25.2,3PT Field Goal,Above the Break 3,-181.2,174.6,0,2.11,13.7
22300292,B. Osei,Los Angeles Lakers,4,10,0,19.0,2PT Field Goal,Mid-Range,174.0,76.8,0,4.3,12.9
22300590,D. Reyes,Milwaukee Bucks,2,1,56,5.2,2PT Field Goal,In The Paint (Non-RA),7.2,51.7,1,5.67,11.2
22300725,A. Kowalski,Denver Nuggets,4,6,0,3.7,2PT Field Goal,Restricted Area,32.6,17.6,0,5.58,9.0
22300913,R. Delgado,Boston Celtics,2,2,0,8.6,2PT Field Goal,In The Paint (Non-RA),-38.3,76.5,0,2.79,21.8
22300143,B. Osei,Los Angeles Lakers,2,7,6,0.6,2PT Field Goal,Restricted Area,-0.5,6.0,1,5.15,3.0
22300622,L. Fitzgerald,New York Knicks,1,10,38,26.4,3PT Field Goal,Above the Break 3,214.8,153.0,0,1.19,13.6
22300198,R. Delgado,Milwaukee Bucks,2,2,59,25.5,3PT Field Goal,Above the Break 3,135.4,216.1,0,5.09,15.7
22300177,A. Kowalski,Miami Heat,1,11,21,1.2,2PT Field Goal,Restricted Area,1.9,11.9,1,8.35,12.6
22300930,K. Albrecht,Miami Heat,2,8,46,12.0,2PT Field Goal,In The Paint (Non-RA),41.6,112.8,0,3.53,19.9
22300149,R. Delgado,Milwaukee Bucks,2,4,14,2.6,2PT Field Goal,Restricted Area,-22.7,13.2,1,1.7,7.6
22300189,A. Kowalski,Denver Nuggets,4,11,34,27.1,3PT Field Goal,Above the Break 3,241.6,122.8,0,6.49,15.7
22300184,S. Whitfield,Golden State Warriors,1,1,45,2.6,2PT Field Goal,Restricted Area,23.1,12.7,1,3.78,19.4
22300557,T. Nwosu,Milwaukee Bucks,1,4,46,1.9,2PT Field Goal,Restricted Area,8.7,16.3,1,4.08,12.4
22300621,K. Albrecht,Boston Celtics,4,0,59,4.0,2PT Field Goal,In The Paint (Non-RA),-11.2,38.4,0,5.32,9.2
22300231,R. Delgado,Boston Celtics,1,0,6,28.4,3PT Field Goal,Above the Break 3,-131.5,251.2,0,3.31,8.3
22300082,A. Kowalski,Milwaukee Bucks,1,11,9,24.9,3PT Field Goal,Above the Break 3,-130.5,212.1,1,5.72,13.5
22300804,D. Reyes,Miami Heat,4,3,7,13.1,2PT Field Goal,In The Paint (Non-RA),-92.7,92.6,0,2.42,3.1
22300189,T. Nwosu,New York Knicks,3,6,16,25.9,3PT Field Goal,Above the Break 3,-231.0,117.8,1,2.32,22.3
22300624,M. Okafor,New York Knicks,4,4,0,2.1,2PT Field Goal,Restricted Area,-19.5,8.6,0,4.73,11.6
22300690,J. Carter,Los Angeles Lakers,2,6,50,2.4,2PT Field Goal,Restricted Area,-3.1,23.7,1,5.08,23.8
22300953,T. Nwosu,Denver Nuggets,4,0,49,22.5,3PT Field Goal,Above the Break 3,-19.5,224.2,0,4.58,23.3
22300765,S. Whitfield,Phoenix Suns,3,5,0,1.4,2PT Field Goal,Restricted Area,-7.7,11.1,1,5.6,11.3
22300233,A. Kowalski,Golden State Warriors,2,10,29,24.9,3PT Field Goal,Above the Break 3,-17.8,248.5,0,3.94,5.9
22300494,D. Reyes,Milwaukee Bucks,4,4,57,26.8,3PT Field Goal,Above the Break 3,245.3,106.7,1,2.57,21.4
22300949,M. Okafor,Phoenix Suns,2,6,36,4.0,2PT Field Goal,In The Paint (Non-RA),-19.0,35.2,1,5.15,23.0
22300853,R. Delgado,Milwaukee Bucks,3,0,35,23.5,3PT Field Goal,Above the Break 3,199.1,125.2,0,0.45,14.5
22300183,K. Albrecht,Golden State Warriors,3,8,17,27.9,3PT Field Goal,Above the Break 3,-146.9,237.7,0,4.07,15.9
22300222,A. Kowalski,Phoenix Suns,2,0,49,3.1,2PT Field Goal,Restricted Area,1.5,30.7,0,6.28,17.8
22300714,J. Carter,Phoenix Suns,2,8,48,4.7,2PT Field Goal,In The Paint (Non-RA),13.2,45.4,1,5.36,12.3
22300358,M. Okafor,Golden State Warriors,3,1,14,2.5,2PT Field Goal,Restricted Area,-19.5,16.3,1,6.7,1.7
22300526,K. Albrecht,Miami Heat,3,1,15,12.0,2PT Field Goal,In The Paint (Non-RA),89.4,80.8,1,3.52,21.4
22300221,T. Nwosu,Denver Nuggets,1,9,10,13.7,2PT Field Goal,In The Paint (Non-RA),-98.9,94.1,1,3.52,7.2
22300027,A. Kowalski,Los Angeles Lakers,4,10,17,4.2,2PT Field Goal,In The Paint (Non-RA),-15.9,39.2,1,2.98,23.7
22300162,R. Delgado,Los Angeles Lakers,3,6,31,0.2,2PT Field Goal,Restricted Area,0.1,2.0,1,2.94,14.1
22300497,R. Delgado,Phoenix Suns,3,4,28,2.5,2PT Field Goal,Restricted Area,19.4,15.5,1,4.56,10.5
22300091,L. Fitzgerald,New York Knicks,3,3,23,1.5,2PT Field Goal,Restricted Area,11.0,9.9,0,6.34,16.9
22300633,A. Kowalski,Miami Heat,1,5,19,17.6,2PT Field Goal,Mid-Range,-63.3,164.2,0,4.0,14.0
22300473,A. Kowalski,Boston Celtics,2,5,8,19.6,2PT Field Goal,Mid-Range,53.7,188.9,1,7.7,2.5
22300246,S. Whitfield,Los Angeles Lakers,2,1,6,22.5,3PT Field Goal,Above the Break 3,-123.9,187.8,1,5.18,19.1
22300190,R. Delgado,Milwaukee Bucks,1,2,35,16.9,2PT Field Goal,Mid-Range,-48.6,162.1,0,0.3,20.9
22300543,D. Reyes,Boston Celtics,3,6,27,28.0,3PT Field Goal,Above the Break 3,-108.2,258.0,1,5.62,4.7
22300198,R. Delgado,Los Angeles Lakers,2,11,17,20.1,2PT Field Goal,Mid-Range,13.0,200.7,0,3.02,13.0
22300868,L. Fitzgerald,New York Knicks,2,4,40,2.5,2PT Field Goal,Restricted Area,-5.7,24.5,0,4.33,0.4
22300009,D. Reyes,Denver Nuggets,1,6,6,3.1,2PT Field Goal,Restricted Area,28.8,12.7,1,2.44,4.2
22300357,T. Nwosu,Golden State Warriors,3,10,46,24.6,3PT Field Goal,Above the Break 3,-91.1,228.6,1,2.89,21.1
22300303,M. Okafor,Golden State Warriors,1,1,24,19.6,2PT Field Goal,Mid-Range,147.5,128.9,1,8.86,17.5
22300710,S. Whitfield,Phoenix Suns,3,7,55,1.1,2PT Field Goal,Restricted Area,9.8,5.8,0,6.52,14.1
22300023,D. Reyes,Miami Heat,2,4,17,12.1,2PT Field Goal,In The Paint (Non-RA),93.9,76.9,0,3.32,22.7
22300509,T. Nwosu,Phoenix Suns,4,7,57,23.7,3PT Field Goal,Above the Break 3,211.2,107.4,0,2.4,10.0
22300812,A. Kowalski,Denver Nuggets,3,6,41,14.9,2PT Field Goal,Mid-Range,108.6,102.2,0,3.27,20.8
22300649,L. Fitzgerald,Phoenix Suns,1,4,57,2.3,2PT Field Goal,Restricted Area,-4.4,22.6,1,2.7,4.0
22300718,J. Carter,Miami Heat,4,8,55,24.7,3PT Field Goal,Above the Break 3,49.1,241.7,1,5.57,15.5
22300036,B. Osei,Golden State Warriors,4,9,41,4.4,2PT Field Goal,In The Paint (Non-RA),27.8,34.4,0,6.77,14.8
22300678,D. Reyes,New York Knicks,1,9,5,3.1,2PT Field Goal,Restricted Area,-2.8,30.9,1,0.59,3.8
22300673,T. Nwosu,Los Angeles Lakers,2,9,18,2.2,2PT Field Goal,Restricted Area,12.5,18.5,0,5.19,13.9
22300536,A. Kowalski,Los Angeles Lakers,4,5,32,25.1,3PT Field Goal,Above the Break 3,141.2,207.0,1,4.0,11.8
22300033,A. Kowalski,Golden State Warriors,1,9,25,1.6,2PT Field Goal,Restricted Area,4.5,15.8,1,3.54,21.6
22300743,S. Whitfield,Boston Celtics,2,9,12,23.7,3PT Field Goal,Above the Break 3,-149.5,184.0,0,5.98,4.6
22300774,A. Kowalski,Los Angeles Lakers,4,8,31,0.8,2PT Field Goal,Restricted Area,-2.5,7.2,1,2.43,5.4
22300176,K. Albrecht,Phoenix Suns,1,9,15,10.8,2PT Field Goal,In The Paint (Non-RA),81.8,70.1,0,2.22,11.4
22300689,B. Osei,Phoenix Suns,2,2,40,1.2,2PT Field Goal,Restricted Area,-4.1,11.6,1,3.95,5.2
22300682,S. Whitfield,Miami Heat,3,1,14,0.5,2PT Field Goal,Restricted Area,0.7,5.0,0,2.5,13.8
22300033,M. Okafor,Denver Nuggets,2,6,29,3.2,2PT Field Goal,Restricted Area,-22.6,23.1,1,2.97,23.3
22300191,T. Nwosu,Miami Heat,3,5,24,13.9,2PT Field Goal,In The Paint (Non-RA),3.1,138.8,1,6.04,21.9
22300239,M. Okafor,Boston Celtics,2,3,5,23.0,3PT Field Goal,Above the Break 3,190.6,129.4,0,1.21,17.5
22300216,L. Fitzgerald,Miami Heat,3,3,14,14.1,2PT Field Goal,Mid-Range,55.9,129.0,0,7.06,23.5
22300531,M. Okafor,Golden State Warriors,1,4,40,2.2,2PT Field Goal,Restricted Area,17.1,13.3,1,7.32,21.7
22300326,T. Nwosu,Milwaukee Bucks,2,11,56,24.6,3PT Field Goal,Above the Break 3,172.2,175.5,1,3.45,17.8
22300446,B. Osei,Boston Celtics,4,6,19,27.2,3PT Field Goal,Above the Break 3,-48.2,268.2,0,5.72,3.7
22300123,S. Whitfield,Phoenix Suns,3,7,15,4.9,2PT Field Goal,In The Paint (Non-RA),-36.4,32.1,0,1.79,8.3
22300505,L. Fitzgerald,New York Knicks,4,7,8,0.6,2PT Field Goal,Restricted Area,4.0,4.1,1,3.6,9.0
22300677,S. Whitfield,Miami Heat,1,9,9,2.0,2PT Field Goal,Restricted Area,17.4,10.5,1,3.2,6.2
22300671,B. Osei,Boston Celtics,4,8,53,0.5,2PT Field Goal,Restricted Area,1.9,4.5,1,2.34,14.9
22300278,D. Reyes,New York Knicks,1,2,13,0.2,2PT Field Goal,Restricted Area,-1.0,1.7,0,6.45,3.9
22300429,J. Carter,Miami Heat,3,9,14,3.5,2PT Field Goal,Restricted Area,20.1,28.6,0,5.1,8.3
22300421,A. Kowalski,Boston Celtics,1,9,32,26.3,3PT Field Goal,Above the Break 3,-13.3,262.3,0,6.48,9.7
22300607,K. Albrecht,Miami Heat,1,5,10,19.3,2PT Field Goal,Mid-Range,-143.8,128.9,0,0.7,19.4
22300378,M. Okafor,Miami Heat,4,6,27,3.5,2PT Field Goal,Restricted Area,-10.1,33.0,1,4.01,22.9
22300955,T. Nwosu,Boston Celtics,2,1,27,17.8,2PT Field Goal,Mid-Range,82.9,157.6,0,3.29,3.6
22300753,L. Fitzgerald,Phoenix Suns,4,5,23,0.3,2PT Field Goal,Restricted Area,0.4,2.6,1,0.77,8.7
22300468,A. Kowalski,Milwaukee Bucks,2,8,39,28.0,3PT Field Goal,Above the Break 3,31.1,277.9,0,6.77,22.6
22300225,S. Whitfield,Denver Nuggets,3,5,8,11.5,2PT Field Goal,In The Paint (Non-RA),-72.8,88.5,0,4.5,2.6
22300915,L. Fitzgerald,Boston Celtics,4,5,21,18.9,2PT Field Goal,Mid-Range,-10.6,188.3,1,5.16,21.1
22300854,T. Nwosu,Phoenix Suns,4,2,58,1.2,2PT Field Goal,Restricted Area,-7.6,9.0,1,7.79,14.7
22300776,A. Kowalski,Los Angeles Lakers,3,6,30,5.1,2PT Field Goal,In The Paint (Non-RA),12.3,49.5,1,3.09,4.7
22300440,L. Fitzgerald,Milwaukee Bucks,4,2,37,24.4,3PT Field Goal,Above the Break 3,12.8,244.0,0,7.97,11.0
22300240,A. Kowalski,Milwaukee Bucks,2,9,29,9.8,2PT Field Goal,In The Paint (Non-RA),-86.5,46.9,1,0.3,13.5
22300067,J. Carter,New York Knicks,4,6,17,2.3,2PT Field Goal,Restricted Area,-0.2,22.9,0,7.54,17.8
22300381,R. Delgado,Milwaukee Bucks,4,4,43,7.5,2PT Field Goal,In The Paint (Non-RA),-50.1,55.4,1,6.19,7.1
22300220,S. Whitfield,Boston Celtics,1,9,14,24.9,3PT Field Goal,Above the Break 3,138.5,206.8,0,1.64,17.4
22300241,A. Kowalski,Los Angeles Lakers,3,6,17,9.6,2PT Field Goal,In The Paint (Non-RA),81.0,51.2,1,1.41,8.6
22300525,B. Osei,Miami Heat,3,10,24,24.9,3PT Field Goal,Above the Break 3,70.7,239.1,1,10.25,4.8
22300428,A. Kowalski,Miami Heat,3,0,50,19.3,2PT Field Goal,Mid-Range,59.2,183.9,0,2.98,8.5
22300878,K. Albrecht,Phoenix Suns,4,11,45,25.8,3PT Field Goal,Above the Break 3,-186.5,178.2,0,7.13,19.6
22300891,D. Reyes,Phoenix Suns,1,1,25,1.6,2PT Field Goal,Restricted Area,-9.9,12.3,1,5.31,6.1
22300593,M. Okafor,Miami Heat,2,10,9,17.7,2PT Field Goal,Mid-Range,-144.7,102.8,0,4.67,11.5
22300863,K. Albrecht,Golden State Warriors,1,0,18,11.6,2PT Field Goal,In The Paint (Non-RA),87.4,76.0,1,4.04,22.1
22300893,L. Fitzgerald,Milwaukee Bucks,2,5,14,1.0,2PT Field Goal,Restricted Area,9.0,4.5,1,1.51,18.4
22300863,A. Kowalski,Denver Nuggets,4,5,58,26.4,3PT Field Goal,Above the Break 3,221.5,143.0,0,1.69,16.7
22300500,M. Okafor,Miami Heat,4,1,38,1.4,2PT Field Goal,Restricted Area,4.9,13.3,0,2.49,10.6
22300339,L. Fitzgerald,Milwaukee Bucks,1,11,24,5.9,2PT Field Goal,In The Paint (Non-RA),24.3,54.2,0,6.5,1.0
22300559,B. Osei,Phoenix Suns,1,5,2,1.7,2PT Field Goal,Restricted Area,4.9,16.8,1,0.3,17.2
22300431,S. Whitfield,Miami Heat,2,11,39,28.7,3PT Field Goal,Above the Break 3,237.7,161.0,0,1.88,5.1
22300449,S. Whitfield,Boston Celtics,1,2,59,26.8,3PT Field Goal,Above the Break 3,175.1,202.9,0,5.32,9.3
22300887,D. Reyes,Denver Nuggets,2,1,38,1.4,2PT Field Goal,Restricted Area,0.3,13.7,0,4.09,16.4
22300517,K. Albrecht,Golden State Warriors,2,4,42,2.3,2PT Field Goal,Restricted Area,-0.5,22.9,0,3.2,16.5
22300260,K. Albrecht,New York Knicks,4,5,4,1.8,2PT Field Goal,Restricted Area,10.9,13.8,0,2.03,18.1
22300701,J. Carter,Denver Nuggets,3,11,53,1.1,2PT Field Goal,Restricted Area,-7.3,8.5,1,0.3,3.6
22300143,D. Reyes,Miami Heat,4,2,32,25.8,3PT Field Goal,Above the Break 3,72.0,248.0,0,2.51,19.6
22300552,D. Reyes,New York Knicks,2,1,9,28.0,3PT Field Goal,Above the Break 3,-80.3,268.0,0,1.6,16.5
22300465,K. Albrecht,Los Angeles Lakers,2,3,15,24.1,3PT Field Goal,Above the Break 3,90.8,223.4,1,3.08,11.3
22300430,A. Kowalski,Boston Celtics,2,9,36,7.0,2PT Field Goal,In The Paint (Non-RA),-19.6,67.1,1,2.05,2.3
22300807,R. Delgado,Boston Celtics,1,9,21,5.2,2PT Field Goal,In The Paint (Non-RA),-29.8,42.1,0,0.72,5.5
22300261,D. Reyes,New York Knicks,4,3,58,15.1,2PT Field Goal,Mid-Range,104.5,108.4,1,7.35,6.2
22300779,J. Carter,New York Knicks,4,5,44,23.2,3PT Field Goal,Above the Break 3,16.8,231.0,0,0.3,23.0
22300087,L. Fitzgerald,Milwaukee Bucks,1,1,25,2.1,2PT Field Goal,Restricted Area,9.5,18.4,1,6.04,1.8
22300267,A. Kowalski,Los Angeles Lakers,4,8,20,0.2,2PT Field Goal,Restricted Area,0.4,2.0,0,3.22,16.9
22300180,B. Osei,Milwaukee Bucks,3,9,44,18.6,2PT Field Goal,Mid-Range,140.6,122.4,0,2.85,23.3
22300521,L. Fitzgerald,Milwaukee Bucks,3,0,12,3.8,2PT Field Goal,Restricted Area,21.7,30.9,0,1.35,12.0
22300012,D. Reyes,Denver Nuggets,1,5,27,26.7,3PT Field Goal,Above the Break 3,240.4,117.0,1,1.98,18.9
22300945,B. Osei,Miami Heat,2,7,47,0.2,2PT Field Goal,Restricted Area,0.9,1.8,1,3.15,7.6
22300007,S. Whitfield,Phoenix Suns,1,7,37,25.8,3PT Field Goal,Above the Break 3,170.8,193.8,0,0.3,15.3
22300081,S. Whitfield,Miami Heat,1,7,14,1.9,2PT Field Goal,Restricted Area,15.1,12.1,1,6.5,1.0
22300203,R. Delgado,Golden State Warriors,1,3,50,2.4,2PT Field Goal,Restricted Area,9.4,22.6,1,4.51,3.3
22300562,K. Albrecht,Milwaukee Bucks,2,8,51,8.1,2PT Field Goal,In The Paint (Non-RA),73.0,34.6,0,4.07,3.8
22300802,T. Nwosu,Golden State Warriors,1,2,25,16.3,2PT Field Goal,Mid-Range,-124.4,105.6,0,4.02,16.9
22300280,J. Carter,New York Knicks,1,8,19,25.7,3PT Field Goal,Above the Break 3,-191.6,172.0,0,6.68,2.1
22300138,J. Carter,Golden State Warriors,2,7,58,4.8,2PT Field Goal,In The Paint (Non-RA),-0.9,48.1,0,4.09,9.5
22300600,M. Okafor,Milwaukee Bucks,3,1,26,27.2,3PT Field Goal,Above the Break 3,147.8,228.5,0,5.89,5.5
22300615,B. Osei,Denver Nuggets,3,7,29,24.9,3PT Field Goal,Above the Break 3,85.6,234.1,0,2.61,0.7
22300129,A. Kowalski,New York Knicks,4,9,59,25.3,3PT Field Goal,Above the Break 3,211.3,139.7,0,8.14,23.9
22300863,M. Okafor,Milwaukee Bucks,3,2,48,2.5,2PT Field Goal,Restricted Area,8.4,23.9,0,2.59,0.5
22300647,S. Whitfield,Phoenix Suns,4,7,8,4.3,2PT Field Goal,In The Paint (Non-RA),-14.5,40.3,0,1.67,24.0
22300691,L. Fitzgerald,Milwaukee Bucks,2,6,33,2.3,2PT Field Goal,Restricted Area,-13.1,19.5,1,2.57,19.7
22300548,B. Osei,Denver Nuggets,1,5,4,11.3,2PT Field Goal,In The Paint (Non-RA),103.4,46.4,0,6.24,8.5
22300124,K. Albrecht,Miami Heat,4,7,53,3.6,2PT Field Goal,Restricted Area,11.9,33.5,0,7.78,14.2
22300928,K. Albrecht,Denver Nuggets,2,4,21,0.7,2PT Field Goal,Restricted Area,-6.3,2.6,1,4.97,22.4
22300013,T. Nwosu,Phoenix Suns,2,8,56,26.2,3PT Field Goal,Above the Break 3,-102.0,241.5,1,9.05,4.1
22300616,A. Kowalski,Golden State Warriors,4,4,52,2.0,2PT Field Goal,Restricted Area,-1.3,19.5,0,1.75,12.1
22300463,D. Reyes,Milwaukee Bucks,3,5,55,2.2,2PT Field Goal,Restricted Area,-4.0,21.8,1,2.4,12.9
22300282,J. Carter,Miami Heat,2,10,55,1.4,2PT Field Goal,Restricted Area,12.9,6.3,1,3.01,17.4
22300418,L. Fitzgerald,Phoenix Suns,3,4,2,1.3,2PT Field Goal,Restricted Area,-6.2,11.7,1,7.16,7.6
22300084,J. Carter,New York Knicks,3,1,34,26.7,3PT Field Goal,Above the Break 3,-127.8,234.4,0,1.95,1.5
22300072,S. Whitfield,New York Knicks,4,4,26,18.0,2PT Field Goal,Mid-Range,-166.1,69.6,1,4.11,12.0
22300218,L. Fitzgerald,Los Angeles Lakers,1,6,32,14.2,2PT Field Goal,Mid-Range,70.0,123.9,0,1.39,16.0
22300836,B. Osei,Miami Heat,1,8,37,11.0,2PT Field Goal,In The Paint (Non-RA),-18.8,108.8,1,4.56,14.8
22300753,L. Fitzgerald,Los Angeles Lakers,1,4,19,27.3,3PT Field Goal,Above the Break 3,-234.5,139.8,0,2.13,3.5
22300745,K. Albrecht,Denver Nuggets,3,1,35,3.6,2PT Field Goal,Restricted Area,10.3,34.3,1,11.08,12.6
22300741,S. Whitfield,Miami Heat,3,9,41,4.3,2PT Field Goal,In The Paint (Non-RA),-27.2,33.2,1,5.94,11.7
22300825,B. Osei,Golden State Warriors,2,2,47,21.7,2PT Field Goal,Mid-Range,-150.7,155.8,0,2.91,20.9
22300345,B. Osei,New York Knicks,1,4,27,25.7,3PT Field Goal,Above the Break 3,172.7,190.9,0,6.06,3.1
22300136,A. Kowalski,New York Knicks,3,6,35,26.0,3PT Field Goal,Above the Break 3,-238.1,104.6,0,3.98,17.7
22300338,D. Reyes,Milwaukee Bucks,2,10,7,22.5,3PT Field Goal,Above the Break 3,197.6,107.7,0,2.66,18.3
22300893,R. Delgado,Phoenix Suns,4,5,35,1.2,2PT Field Goal,Restricted Area,9.3,7.2,0,5.3,22.1
22300858,T. Nwosu,Boston Celtics,1,8,12,27.7,3PT Field Goal,Above the Break 3,-166.2,222.1,0,0.68,13.3
22300111,B. Osei,Milwaukee Bucks,1,6,46,22.7,3PT Field Goal,Above the Break 3,-133.4,183.6,1,7.57,17.2
22300536,B. Osei,Phoenix Suns,3,7,34,1.5,2PT Field Goal,Restricted Area,-0.7,14.6,1,7.01,2.6
22300756,M. Okafor,New York Knicks,1,1,44,25.4,3PT Field Goal,Above the Break 3,-221.0,126.0,0,1.52,8.5
22300569,S. Whitfield,Milwaukee Bucks,1,8,56,29.0,3PT Field Goal,Above the Break 3,197.8,212.1,0,3.78,6.2
22300389,S. Whitfield,Denver Nuggets,4,5,8,24.9,3PT Field Goal,Above the Break 3,12.8,249.0,0,0.3,4.7
22300436,T. Nwosu,Phoenix Suns,3,2,37,22.7,3PT Field Goal,Above the Break 3,162.9,157.6,0,5.39,10.7
22300684,R. Delgado,Golden State Warriors,3,6,16,28.4,3PT Field Goal,Above the Break 3,198.7,203.4,0,4.82,17.0
22300543,A. Kowalski,Phoenix Suns,2,7,37,24.5,3PT Field Goal,Above the Break 3,73.4,234.0,0,4.64,21.9
22300858,B. Osei,Golden State Warriors,2,9,15,25.2,3PT Field Goal,Above the Break 3,129.2,216.6,0,2.86,20.3
22300810,M. Okafor,Denver Nuggets,4,9,20,1.7,2PT Field Goal,Restricted Area,15.7,6.6,0,3.97,14.4
22300796,K. Albrecht,Golden State Warriors,1,2,50,1.8,2PT Field Goal,Restricted Area,-8.3,15.7,0,2.52,4.7
22300910,B. Osei,Denver Nuggets,1,0,10,2.2,2PT Field Goal,Restricted Area,-12.1,18.7,1,3.57,23.3
22300153,M. Okafor,Milwaukee Bucks,2,9,6,10.5,2PT Field Goal,In The Paint (Non-RA),-2.1,105.3,0,2.53,10.4
22300796,T. Nwosu,Boston Celtics,3,7,47,1.8,2PT Field Goal,Restricted Area,-12.5,12.8,0,2.59,7.7
22300211,M. Okafor,Los Angeles Lakers,3,0,42,15.5,2PT Field Goal,Mid-Range,57.8,143.4,0,2.5,4.2
22300622,A. Kowalski,Phoenix Suns,3,10,35,25.2,3PT Field Goal,Above the Break 3,214.3,133.1,1,0.3,22.0
22300025,B. Osei,Golden State Warriors,4,9,43,26.8,3PT Field Goal,Above the Break 3,76.9,257.2,0,2.23,5.6
22300952,S. Whitfield,Miami Heat,4,8,46,2.5,2PT Field Goal,Restricted Area,-9.5,22.9,0,6.12,5.3
22300374,B. Osei,Los Angeles Lakers,3,9,3,21.9,2PT Field Goal,Mid-Range,51.8,213.2,1,7.44,4.8
22300173,M. Okafor,Los Angeles Lakers,1,11,18,2.2,2PT Field Goal,Restricted Area,6.2,21.0,0,2.75,13.3
22300220,L. Fitzgerald,Milwaukee Bucks,3,9,3,26.9,3PT Field Goal,Above the Break 3,-242.0,118.1,0,4.21,11.0
22300986,D. Reyes,Milwaukee Bucks,2,1,42,2.6,2PT Field Goal,Restricted Area,13.9,22.1,0,7.08,6.1
22300105,K. Albrecht,Los Angeles Lakers,1,11,14,3.7,2PT Field Goal,Restricted Area,-18.9,31.5,0,0.34,19.9
22300700,R. Delgado,Golden State Warriors,1,4,21,1.0,2PT Field Goal,Restricted Area,-4.7,9.0,1,4.98,14.4
22300452,L. Fitzgerald,Denver Nuggets,2,9,47,4.0,2PT Field Goal,In The Paint (Non-RA),-32.9,22.7,0,0.3,11.9
22300112,J. Carter,Boston Celtics,1,10,12,20.3,2PT Field Goal,Mid-Range,129.7,156.8,1,5.01,3.6
22300244,M. Okafor,Golden State Warriors,2,5,20,1.5,2PT Field Goal,Restricted Area,8.5,12.3,0,3.57,11.5
22300749,K. Albrecht,Phoenix Suns,1,5,28,25.3,3PT Field Goal,Above the Break 3,-158.3,197.3,1,3.82,0.4
22300313,J. Carter,Los Angeles Lakers,4,0,23,27.5,3PT Field Goal,Above the Break 3,-58.0,269.1,1,3.53,16.6
22300434,B. Osei,Boston Celtics,4,11,43,10.7,2PT Field Goal,In The Paint (Non-RA),57.9,90.6,1,8.58,5.1
22300750,R. Delgado,Miami Heat,2,1,18,7.4,2PT Field Goal,In The Paint (Non-RA),-3.8,74.3,0,0.3,2.7
22300072,D. Reyes,Boston Celtics,2,8,3,23.9,3PT Field Goal,Above the Break 3,80.8,224.8,0,0.75,16.2
22300815,T. Nwosu,Boston Celtics,1,0,59,2.8,2PT Field Goal,Restricted Area,-3.9,28.0,0,4.6,2.1
22300392,D. Reyes,Phoenix Suns,1,5,53,26.7,3PT Field Goal,Above the Break 3,174.2,202.9,1,4.66,12.2
22300440,R. Delgado,Milwaukee Bucks,3,4,48,24.4,3PT Field Goal,Above the Break 3,153.4,189.7,0,2.35,14.0
22300425,B. Osei,Los Angeles Lakers,3,2,3,2.2,2PT Field Goal,Restricted Area,11.6,18.9,1,4.89,15.0
22300399,S. Whitfield,Phoenix Suns,2,11,46,1.7,2PT Field Goal,Restricted Area,-13.1,10.5,1,4.07,14.4
22300528,T. Nwosu,Golden State Warriors,2,8,14,26.8,3PT Field Goal,Above the Break 3,-3.7,267.8,0,4.33,7.0
22300072,B. Osei,Boston Celtics,4,3,57,0.2,2PT Field Goal,Restricted Area,0.4,2.0,1,6.76,15.3
22300168,S. Whitfield,Miami Heat,4,9,22,24.3,3PT Field Goal,Above the Break 3,-206.7,128.0,1,2.04,4.6
22300117,J. Carter,Boston Celtics,3,2,10,24.7,3PT Field Goal,Above the Break 3,70.7,236.9,0,4.58,24.0
22300447,M. Okafor,Denver Nuggets,3,2,19,28.2,3PT Field Goal,Above the Break 3,185.7,212.0,1,6.24,23.6
22300160,L. Fitzgerald,Golden State Warriors,1,3,2,23.5,3PT Field Goal,Above the Break 3,53.8,228.7,0,2.8,23.3
22300614,R. Delgado,Phoenix Suns,1,10,3,17.1,2PT Field Goal,Mid-Range,148.7,84.2,1,6.99,2.6
22300062,S. Whitfield,Golden State Warriors,2,5,27,23.4,3PT Field Goal,Above the Break 3,-124.6,198.0,0,2.08,1.0
22300108,K. Albrecht,Phoenix Suns,4,7,44,6.9,2PT Field Goal,In The Paint (Non-RA),38.6,57.7,0,0.3,16.5
22300878,B. Osei,New York Knicks,4,1,35,6.3,2PT Field Goal,In The Paint (Non-RA),33.8,53.1,0,1.51,19.7
22300469,S. Whitfield,Miami Heat,4,9,33,26.6,3PT Field Goal,Above the Break 3,153.1,216.9,1,4.28,10.4
22300563,D. Reyes,Los Angeles Lakers,2,4,29,10.0,2PT Field Goal,In The Paint (Non-RA),-8.0,100.0,0,6.46,16.4
22300619,A. Kowalski,Phoenix Suns,3,6,39,4.0,2PT Field Goal,Restricted Area,9.7,38.4,1,3.18,16.4
22300295,S. Whitfield,Miami Heat,1,4,43,1.1,2PT Field Goal,Restricted Area,7.8,8.1,1,3.93,5.3
22300528,T. Nwosu,Denver Nuggets,3,10,39,5.3,2PT Field Goal,In The Paint (Non-RA),49.2,20.6,1,3.99,9.8
22300083,T. Nwosu,Denver Nuggets,3,5,56,9.5,2PT Field Goal,In The Paint (Non-RA),-28.7,90.4,1,5.52,8.1
22300970,M. Okafor,Milwaukee Bucks,4,5,40,25.0,3PT Field Goal,Above the Break 3,-105.9,226.8,0,1.74,18.1
22300234,B. Osei,New York Knicks,4,11,0,24.7,3PT Field Goal,Above the Break 3,-169.6,180.1,1,3.76,12.4
22300190,R. Delgado,Miami Heat,3,1,4,25.3,3PT Field Goal,Above the Break 3,-132.2,215.2,0,1.89,2.4
22300810,R. Delgado,Milwaukee Bucks,3,6,21,29.0,3PT Field Goal,Above the Break 3,-147.9,249.5,1,5.12,20.6
22300421,B. Osei,Phoenix Suns,4,1,22,1.1,2PT Field Goal,Restricted Area,-3.4,10.3,1,6.02,0.7
22300868,L. Fitzgerald,Miami Heat,2,4,25,3.3,2PT Field Goal,Restricted Area,-15.6,29.1,1,0.3,14.1
22300226,A. Kowalski,Golden State Warriors,2,8,47,23.6,3PT Field Goal,Above the Break 3,-172.8,161.4,0,4.55,9.7
22300657,K. Albrecht,Milwaukee Bucks,2,11,6,2.1,2PT Field Goal,Restricted Area,4.6,20.7,1,3.6,20.9
22300626,K. Albrecht,Boston Celtics,3,11,33,25.0,3PT Field Goal,Above the Break 3,56.9,243.7,1,5.75,11.8
22300022,R. Delgado,Los Angeles Lakers,3,2,23,18.5,2PT Field Goal,Mid-Range,-75.7,169.1,1,2.32,18.3
22300422,K. Albrecht,New York Knicks,2,4,12,15.8,2PT Field Goal,Mid-Range,73.0,139.6,0,4.11,11.2
22300944,M. Okafor,Golden State Warriors,4,10,25,14.1,2PT Field Goal,Mid-Range,-68.8,123.1,0,1.19,9.4
22300323,K. Albrecht,Denver Nuggets,1,8,2,18.0,2PT Field Goal,Mid-Range,-15.6,178.8,1,5.9,20.8
22300320,T. Nwosu,Denver Nuggets,2,3,48,4.0,2PT Field Goal,In The Paint (Non-RA),-31.8,24.3,1,9.42,20.2
22300055,B. Osei,Denver Nuggets,1,11,15,4.0,2PT Field Goal,In The Paint (Non-RA),-34.2,20.8,1,4.65,0.5
22300237,D. Reyes,Los Angeles Lakers,1,4,3,25.8,3PT Field Goal,Above the Break 3,48.4,253.6,0,7.68,10.3
22300390,L. Fitzgerald,Golden State Warriors,4,10,28,23.8,3PT Field Goal,Above the Break 3,160.5,176.0,1,7.7,8.4
22300468,R. Delgado,Boston Celtics,4,10,7,8.1,2PT Field Goal,In The Paint (Non-RA),73.3,33.5,1,3.46,7.5
22300327,B. Osei,Miami Heat,3,7,49,14.6,2PT Field Goal,Mid-Range,-118.4,84.7,0,4.28,6.0
22300284,S. Whitfield,Phoenix Suns,3,7,9,2.9,2PT Field Goal,Restricted Area,-25.8,12.7,1,4.46,10.8
22300323,M. Okafor,Miami Heat,3,4,21,9.1,2PT Field Goal,In The Paint (Non-RA),-18.9,89.3,0,6.53,5.2
22300133,T. Nwosu,Denver Nuggets,3,11,21,15.4,2PT Field Goal,Mid-Range,62.5,141.0,1,2.5,12.1
22300050,J. Carter,Los Angeles Lakers,3,1,55,14.5,2PT Field Goal,Mid-Range,120.2,81.6,1,5.81,16.0
22300428,A. Kowalski,Phoenix Suns,4,9,36,2.3,2PT Field Goal,Restricted Area,-4.7,22.8,0,2.08,6.3
22300483,S. Whitfield,Denver Nuggets,3,6,37,2.9,2PT Field Goal,Restricted Area,2.7,29.3,1,5.61,13.5
22300295,T. Nwosu,Milwaukee Bucks,2,0,27,25.4,3PT Field Goal,Above the Break 3,-232.7,103.0,0,4.02,7.0
22300810,B. Osei,Boston Celtics,4,0,57,26.4,3PT Field Goal,Above the Break 3,-153.0,215.0,0,0.3,16.3
22300146,R. Delgado,New York Knicks,3,4,59,0.5,2PT Field Goal,Restricted Area,3.7,2.6,1,3.15,19.3
22300080,S. Whitfield,Phoenix Suns,1,4,10,23.9,3PT Field Goal,Above the Break 3,-114.0,209.7,1,5.22,4.1
22300463,A. Kowalski,Denver Nuggets,1,5,2,27.5,3PT Field Goal,Above the Break 3,218.5,167.4,0,3.7,12.5
22300844,B. Osei,Los Angeles Lakers,2,7,35,2.2,2PT Field Goal,Restricted Area,-14.5,17.0,1,4.66,10.2
22300055,T. Nwosu,Denver Nuggets,3,10,32,23.5,3PT Field Goal,Above the Break 3,-147.2,182.6,1,9.34,16.1
22300347,M. Okafor,Golden State Warriors,2,7,36,11.6,2PT Field Goal,In The Paint (Non-RA),-40.6,108.5,1,1.05,10.4
22300753,L. Fitzgerald,Golden State Warriors,1,9,50,2.2,2PT Field Goal,Restricted Area,-6.0,21.2,1,2.38,13.9
22300971,M. Okafor,Miami Heat,1,8,36,1.5,2PT Field Goal,Restricted Area,-2.2,14.5,1,2.28,2.1
22300127,J. Carter,New York Knicks,1,9,20,18.4,2PT Field Goal,Mid-Range,-11.6,183.8,0,4.1,12.2
22300973,D. Reyes,New York Knicks,3,6,44,19.3,2PT Field Goal,Mid-Range,53.2,185.9,0,2.96,19.6
22300560,B. Osei,New York Knicks,2,9,52,6.3,2PT Field Goal,In The Paint (Non-RA),-29.0,55.4,1,3.57,13.1
22300422,T. Nwosu,Denver Nuggets,4,5,42,2.3,2PT Field Goal,Restricted Area,2.6,23.2,1,2.14,14.1
22300646,S. Whitfield,New York Knicks,2,3,11,25.3,3PT Field Goal,Above the Break 3,35.2,250.0,0,2.3,13.8
22300160,D. Reyes,Los Angeles Lakers,1,11,6,0.3,2PT Field Goal,Restricted Area,1.6,2.3,1,8.56,4.3
22300773,A. Kowalski,Miami Heat,4,11,44,3.1,2PT Field Goal,Restricted Area,28.4,12.7,0,9.99,21.2
22300219,S. Whitfield,New York Knicks,4,3,25,21.7,2PT Field Goal,Mid-Range,21.6,215.8,0,3.7,21.6
22300759,L. Fitzgerald,Denver Nuggets,2,3,45,3.6,2PT Field Goal,Restricted Area,26.4,24.0,0,4.3,9.5
22300003,S. Whitfield,Phoenix Suns,1,3,31,26.1,3PT Field Goal,Above the Break 3,201.2,166.5,0,0.3,21.5
22300625,J. Carter,Los Angeles Lakers,3,10,4,15.9,2PT Field Goal,Mid-Range,25.4,157.5,1,3.14,15.8
22300569,K. Albrecht,New York Knicks,2,6,41,29.0,3PT Field Goal,Above the Break 3,257.5,133.3,0,5.84,0.3
22300989,R. Delgado,Golden State Warriors,2,5,48,0.5,2PT Field Goal,Restricted Area,-3.9,2.8,0,5.06,3.6
22300772,D. Reyes,Golden State Warriors,1,1,28,7.1,2PT Field Goal,In The Paint (Non-RA),-32.6,63.4,0,3.59,5.4
22300550,M. Okafor,Milwaukee Bucks,2,0,51,2.2,2PT Field Goal,Restricted Area,12.2,18.3,0,8.37,2.2
22300098,D. Reyes,Los Angeles Lakers,4,2,30,3.9,2PT Field Goal,Restricted Area,-31.6,22.4,1,11.04,0.7
22300578,R. Delgado,Miami Heat,4,3,51,8.8,2PT Field Goal,In The Paint (Non-RA),-63.3,61.4,0,3.66,12.3
22300546,M. Okafor,Los Angeles Lakers,4,4,59,22.5,3PT Field Goal,Above the Break 3,-189.4,121.4,0,1.67,1.0
22300227,R. Delgado,Milwaukee Bucks,1,10,18,7.3,2PT Field Goal,In The Paint (Non-RA),57.2,44.6,1,5.54,9.8
22300223,D. Reyes,Golden State Warriors,2,4,19,26.0,3PT Field Goal,Above the Break 3,-52.7,254.8,0,6.15,20.1
22300020,K. Albrecht,Boston Celtics,4,11,48,2.5,2PT Field Goal,Restricted Area,-14.0,21.1,1,2.09,10.8
22300650,L. Fitzgerald,Boston Celtics,1,6,27,0.8,2PT Field Goal,Restricted Area,6.0,5.3,1,3.97,14.5
22300708,D. Reyes,Boston Celtics,2,10,40,0.8,2PT Field Goal,Restricted Area,3.7,7.6,1,6.67,4.6
22300288,L. Fitzgerald,Milwaukee Bucks,1,5,34,29.0,3PT Field Goal,Above the Break 3,-162.7,240.0,0,5.05,12.0
22300015,B. Osei,Phoenix Suns,1,11,42,3.0,2PT Field Goal,Restricted Area,-19.7,23.3,0,2.09,6.7
22300117,T. Nwosu,Boston Celtics,3,5,25,20.7,2PT Field Goal,Mid-Range,106.0,177.8,1,6.21,4.8
22300235,J. Carter,Milwaukee Bucks,3,8,19,18.7,2PT Field Goal,Mid-Range,167.6,82.9,1,2.17,16.4
22300891,S. Whitfield,New York Knicks,4,3,35,4.0,2PT Field Goal,In The Paint (Non-RA),-25.0,31.2,0,7.73,0.2
22300560,J. Carter,Milwaukee Bucks,1,0,5,24.4,3PT Field Goal,Above the Break 3,-225.8,93.5,0,4.11,21.5
22300733,L. Fitzgerald,New York Knicks,3,0,42,27.5,3PT Field Goal,Above the Break 3,231.8,147.4,0,0.3,13.0
22300687,M. Okafor,Boston Celtics,1,5,47,0.7,2PT Field Goal,Restricted Area,2.8,6.7,1,2.08,15.1
22300650,M. Okafor,Phoenix Suns,3,6,37,2.1,2PT Field Goal,Restricted Area,-15.4,13.9,1,5.98,16.6
22300471,A. Kowalski,Golden State Warriors,1,2,4,14.1,2PT Field Goal,Mid-Range,-96.0,103.4,0,8.38,4.0
22300138,M. Okafor,New York Knicks,3,11,23,10.8,2PT Field Goal,In The Paint (Non-RA),-52.9,94.5,0,4.98,0.2
22300088,J. Carter,New York Knicks,1,7,35,16.9,2PT Field Goal,Mid-Range,-112.8,126.1,1,3.44,7.5
22300664,B. Osei,Golden State Warriors,4,11,39,21.8,2PT Field Goal,Mid-Range,146.2,162.3,0,9.53,8.8
22300342,R. Delgado,Boston Celtics,1,7,39,25.9,3PT Field Goal,Above the Break 3,235.3,108.2,0,1.03,10.3
22300994,A. Kowalski,Golden State Warriors,3,0,42,22.9,3PT Field Goal,Above the Break 3,-39.8,225.8,0,6.55,21.0
22300327,D. Reyes,Los Angeles Lakers,2,2,44,1.1,2PT Field Goal,Restricted Area,-6.3,9.0,1,0.52,7.5
22300086,D. Reyes,Phoenix Suns,4,0,12,26.2,3PT Field Goal,Above the Break 3,-125.2,230.3,0,0.3,0.6
22300307,J. Carter,Miami Heat,2,2,9,5.4,2PT Field Goal,In The Paint (Non-RA),45.4,29.7,0,1.57,4.6
22300627,R. Delgado,New York Knicks,4,8,32,23.9,3PT Field Goal,Above the Break 3,93.5,220.0,0,6.04,0.1
22300017,B. Osei,Los Angeles Lakers,3,8,15,13.2,2PT Field Goal,In The Paint (Non-RA),110.0,72.2,1,4.71,9.9
22300780,R. Delgado,Denver Nuggets,3,9,20,1.7,2PT Field Goal,Restricted Area,9.7,13.8,0,3.66,8.4
22300408,S. Whitfield,Boston Celtics,3,9,46,25.7,3PT Field Goal,Above the Break 3,-136.6,217.3,0,5.11,8.0
22300904,R. Delgado,Phoenix Suns,3,1,59,2.4,2PT Field Goal,Restricted Area,-14.3,19.2,0,2.44,9.4
22300882,J. Carter,Denver Nuggets,1,1,42,22.8,3PT Field Goal,Above the Break 3,146.2,175.0,0,7.69,22.6
22300942,M. Okafor,Milwaukee Bucks,4,9,27,19.9,2PT Field Goal,Mid-Range,159.7,117.9,0,4.36,20.4
